match_id,raw_match_id,season_start_year,matchday,gameweek,kickoff_at,home_team_id,away_team_id,home_team,away_team,home_matches_played_before,away_matches_played_before,home_previous_season_matches,away_previous_season_matches,home_has_prior_pl_history,away_has_prior_pl_history,home_points_last_5,home_points_per_game_last_5,home_goals_for_avg_last_5,home_goals_against_avg_last_5,home_xg_for_avg_last_5,home_xg_against_avg_last_5,away_points_last_5,away_points_per_game_last_5,away_goals_for_avg_last_5,away_goals_against_avg_last_5,away_xg_for_avg_last_5,away_xg_against_avg_last_5,home_points_last_10,home_points_per_game_last_10,home_goals_for_avg_last_10,home_goals_against_avg_last_10,home_xg_for_avg_last_10,home_xg_against_avg_last_10,away_points_last_10,away_points_per_game_last_10,away_goals_for_avg_last_10,away_goals_against_avg_last_10,away_xg_for_avg_last_10,away_xg_against_avg_last_10,home_goals_for_avg_home_last_5,home_goals_against_avg_home_last_5,home_xg_for_avg_home_last_5,home_xg_against_avg_home_last_5,away_goals_for_avg_away_last_5,away_goals_against_avg_away_last_5,away_xg_for_avg_away_last_5,away_xg_against_avg_away_last_5,home_rest_days,away_rest_days,home_matches_last_14_days,away_matches_last_14_days,home_table_position,away_table_position,home_points_per_game,away_points_per_game,home_total_points_before,away_total_points_before,home_attack_strength,home_defence_strength,away_attack_strength,away_defence_strength,h2h_matches,h2h_home_team_win_rate,h2h_draw_rate,h2h_avg_total_goals,home_goals,away_goals,home_xg,away_xg,is_completed,outcome
36353c3c-9690-47e1-9541-77d90c0bb4e5,3e905cc4-23a7-4c51-9c14-b8e3eb55005f,2026,1,1,2026-08-21T19:00:00+00:00,ead1bc2e-8799-410a-a809-66a274bbab2c,d95bc61c-17e5-44b5-bdb9-ec10e55d1aea,Arsenal FC,Coventry City FC,76,0,76,0,1.0,0.0,15.0,3.0,1.6,0.2,2.2586,0.8170999999999999,0.0,0.0,0.0,0.0,0.0,0.0,24.0,2.4,1.5,0.6,2.08855,1.15458,0.0,0.0,0.0,0.0,0.0,0.0,1.6,0.4,2.20582,0.8667200000000002,0.0,0.0,0.0,0.0,89.16666666666667,7.0,0,0,0.0,0.0,0.0,0.0,0.0,0.0,1.0555555555555556,0.4222222222222222,0.9500000000000001,0.9500000000000001,0.0,0.0,0.0,0.0,3.0,0.0,1.8542,0.5583,1.0,H
c24b1201-c3ce-489b-a9bb-08955367fee5,d96c34fd-15d3-4c12-923d-d4edfc2b379b,2026,1,1,2026-08-22T11:30:00+00:00,f7968242-f357-4da3-84bc-b49a6f3af9fe,48fc005c-cbfc-4e4d-b7f1-459dce6cf940,Hull City AFC,Manchester United FC,0,76,0,76,0.0,1.0,0.0,0.0,0.0,0.0,0.0,0.0,13.0,2.6,2.2,1.0,2.3109200000000003,1.22322,0.0,0.0,0.0,0.0,0.0,0.0,20.0,2.0,1.9,1.2,1.85858,1.52921,0.0,0.0,0.0,0.0,1.4,0.8,1.37042,1.39082,7.0,89.85416666666667,0,0,0.0,0.0,0.0,0.0,0.0,0.0,0.9499306518723994,0.9499306518723994,1.336939435968562,0.844382801664355,0.0,0.0,0.0,0.0,2.0,0.0,1.4963,1.7787,1.0,H
44ffba5c-c1e2-4099-8774-67a72f14e9cf,2ae5b725-6854-4f56-8b15-5fb1ddcf877a,2026,1,1,2026-08-22T14:00:00+00:00,67d3236c-6589-4978-b178-f6dcf50166d4,076f94c9-341e-4294-a86a-076741505170,Ipswich Town FC,Sunderland AFC,38,38,38,38,1.0,1.0,1.0,0.2,0.6,2.2,0.85016,1.60012,8.0,1.6,1.2,1.6,1.2781600000000002,1.2564199999999999,5.0,0.5,1.0,2.4,0.8852499999999999,1.9835,17.0,1.7,1.3,1.4,1.38963,1.44839,0.8,2.8,0.63932,1.84372,2.0,1.4,1.4556799999999999,1.86812,453.9583333333333,89.95833333333333,0,0,0.0,0.0,0.0,0.0,0.0,0.0,0.7039260969976905,1.689422632794457,0.9151039260969976,0.9854965357967667,0.0,0.0,0.0,0.0,2.0,1.0,1.5845,1.1774,1.0,H
207d68c5-2fd5-4d91-b259-9e9000474c67,a2bd115a-e84b-4972-8354-d5ca6a80d232,2026,1,1,2026-08-22T14:00:00+00:00,5421e81a-b7dd-48b1-9982-42644e8dcf9f,fe8b4d06-9254-4fc8-a08f-90f242e51751,Nottingham Forest FC,Leeds United FC,76,38,76,38,1.0,1.0,8.0,1.6,2.4,1.2,1.84386,2.01168,8.0,1.6,1.4,1.4,1.57576,1.76048,17.0,1.7,2.2,1.0,1.51138,1.73023,16.0,1.6,1.2,0.9,1.6829100000000001,1.24079,1.4,0.8,1.32736,1.1771800000000001,1.0,1.4,1.8244599999999997,1.6052399999999998,89.95833333333333,89.95833333333333,0,0,0.0,0.0,0.0,0.0,0.0,0.0,1.5485239852398525,0.7038745387453874,0.8446494464944648,0.6334870848708487,2.0,0.5,0.0,4.0,0.0,1.0,0.6567,0.4662,1.0,A
40c0dcd6-1776-4c03-a59a-ea20c28d11d9,6ec98134-76b0-4885-bd0f-821e4b23b7f5,2026,1,1,2026-08-22T14:00:00+00:00,60cb8be0-9c1e-4019-8b60-fd9ac2aa9f2d,74bd08fa-27db-4bb0-8490-f57f6ed6b8e9,Everton FC,Crystal Palace FC,76,76,76,76,1.0,1.0,2.0,0.4,1.4,2.2,1.2986,1.84616,2.0,0.4,1.0,2.4,1.44462,2.36158,9.0,0.9,1.5,1.7,1.3324,1.68993,10.0,1.0,1.1,1.7,1.57353,1.7585799999999998,2.0,1.6,1.41792,1.23956,1.2,2.4,1.40884,1.70912,89.95833333333333,89.95833333333333,0,0,0.0,0.0,0.0,0.0,0.0,0.0,1.0567081604426003,1.197602581834947,0.774919317657907,1.197602581834947,4.0,0.75,0.25,3.25,2.0,0.0,1.4509,2.231,1.0,H
0e4211f3-cd81-4658-be3c-e46dd285f468,41edbe62-e299-4584-bdbe-cf583914eb14,2026,1,1,2026-08-22T16:30:00+00:00,66a313d1-2e21-49ad-a1c7-6f04cae6be69,c23d6b7a-dfaf-44a3-b016-1feb2dddec44,Brentford FC,Tottenham Hotspur FC,76,76,76,76,1.0,1.0,5.0,1.0,1.4,1.6,1.45078,2.3587,10.0,2.0,1.2,0.8,1.4469999999999998,0.9206200000000001,10.0,1.0,1.1,1.2,1.5624500000000001,1.8689900000000002,12.0,1.2,1.0,1.4,1.3882999999999999,1.22763,1.8,1.2,2.24288,1.3476,1.0,1.0,1.3022,1.1082800000000002,90.0625,90.0625,0,0,0.0,0.0,0.0,0.0,0.0,0.0,0.775218793182865,0.8456932289267618,0.7047443574389682,0.9866421004145554,4.0,0.0,0.25,2.0,3.0,0.0,4.0416,0.7563,1.0,H
c73446f4-9619-4519-b93f-5391e3bc5cf7,091f02bc-2abf-46b2-95fb-ad7b77d96115,2026,1,1,2026-08-23T13:00:00+00:00,33d2f100-682f-4a5e-9aa3-5cc57e1e8571,6601a105-9986-4276-89bf-143cdf03198a,Manchester City FC,AFC Bournemouth,76,76,76,76,1.0,1.0,8.0,1.6,2.2,1.2,2.07966,1.38782,9.0,1.8,1.6,0.8,1.65192,1.29306,19.0,1.9,2.0,1.0,2.35121,1.3149000000000002,18.0,1.8,1.4,0.8,1.9474900000000002,1.5336500000000002,2.2,1.0,2.61078,1.4129200000000002,1.2,0.6,1.89316,1.9507999999999999,90.91666666666667,90.91666666666667,0,0,0.0,0.0,0.0,0.0,0.0,0.0,1.4093836246550138,0.7046918123275069,0.9865685372585097,0.5637534498620056,4.0,0.5,0.25,3.25,2.0,1.0,2.4744,0.7075,1.0,H
cf9f4ccc-60f1-4d28-9041-6ff7be4b9838,1bc8ddb6-998d-429e-afc6-7cdd9bd8dfd3,2026,1,1,2026-08-23T13:00:00+00:00,db14882b-951f-4db5-860b-4ca2b8583311,f8f456e7-3e20-4803-ba4e-b1762a31812c,Brighton & Hove Albion FC,Aston Villa FC,76,76,76,76,1.0,1.0,6.0,1.2,1.4,1.4,1.9096,1.40386,7.0,1.4,1.8,1.6,1.6471,1.4013,16.0,1.6,1.4,1.1,1.7234200000000002,1.15225,14.0,1.4,1.8,1.9,1.82652,1.5244199999999999,1.6,1.0,1.95866,0.92276,1.2,1.6,1.5349,1.37252,90.91666666666667,90.91666666666667,0,0,0.0,0.0,0.0,0.0,0.0,0.0,0.9864951768488746,0.7751033532384015,1.2683509416628387,1.3388148828663298,4.0,0.0,0.25,3.75,4.0,0.0,4.0033,0.2752,1.0,H
a0d042da-26d2-41e9-95a4-52351d0a7d7f,aa777284-716d-4881-a537-6f7fb4d674d0,2026,1,1,2026-08-23T15:30:00+00:00,c4045d6d-a715-4821-a800-cd9b505ad54b,54ed0f97-ad19-421c-a5c2-9b9d3fcbc72d,Newcastle United FC,Liverpool FC,76,76,76,76,1.0,1.0,7.0,1.4,1.4,1.2,1.6049600000000002,1.33224,5.0,1.0,1.8,2.0,1.52928,1.86768,13.0,1.3,1.3,1.3,1.51755,1.93645,12.0,1.2,1.6,1.6,1.54745,1.7459,2.0,1.4,2.02162,2.13356,1.6,2.4,1.41814,2.12506,91.02083333333333,91.02083333333333,0,0,0.0,0.0,0.0,0.0,0.0,0.0,0.9155433287482806,0.9155433287482806,1.1268225584594223,1.1268225584594223,4.0,0.0,0.25,4.5,2.0,2.0,1.5947,3.1313,1.0,D
398ec41a-d7a4-465c-a8c1-0e52e19f9b55,a72785ef-82bc-4ebe-b123-585418c4c1b0,2026,1,1,2026-08-24T19:00:00+00:00,b552a1a6-4302-43ca-884c-0f91ac4f984b,1cb320b2-b42f-4131-8f5f-ef42e7f82540,Fulham FC,Chelsea FC,76,76,76,76,1.0,1.0,7.0,1.4,0.8,1.0,1.27872,1.5469199999999999,4.0,0.8,1.0,2.0,1.01598,1.98692,12.0,1.2,0.7,0.9,1.3651,1.6327000000000003,7.0,0.7,0.9,1.9,1.4047399999999999,1.6325299999999998,1.2,0.6,1.66506,1.11348,1.2,2.0,1.31124,1.59718,92.16666666666667,92.16666666666667,0,0,0.0,0.0,0.0,0.0,0.0,0.0,0.49272311212814646,0.6335011441647598,0.6335011441647598,1.337391304347826,4.0,0.5,0.0,2.75,2.0,3.0,1.4171,2.5838,1.0,A
a1bce3d0-1cc0-4551-a536-571eeb44bd6c,45e503e9-7160-48ff-b8a2-24b6ed6ccab8,2026,2,2,2026-08-28T19:00:00+00:00,74bd08fa-27db-4bb0-8490-f57f6ed6b8e9,33d2f100-682f-4a5e-9aa3-5cc57e1e8571,Crystal Palace FC,Manchester City FC,77,77,76,76,1.0,1.0,2.0,0.4,1.0,2.2,1.75516,2.1925,10.0,2.0,2.0,0.8,2.2911200000000003,1.1922000000000001,7.0,0.7,0.8,1.8,1.6051099999999998,1.7740500000000001,21.0,2.1,2.0,0.9,2.32599,1.26201,1.0,1.0,1.73822,1.80804,1.8,1.0,2.09164,1.2168800000000002,6.208333333333333,5.25,1,1,17.0,7.0,0.0,3.0,0.0,3.0,0.5625570776255708,1.2657534246575344,1.4063926940639269,0.6328767123287672,4.0,0.0,0.25,4.25,1.0,4.0,,,1.0,A
18210b5f-52a4-4088-8c22-5f4ac52c9fc3,1bb0c708-47bb-4ed0-8cc1-a0a3d6851a0e,2026,2,2,2026-08-29T11:30:00+00:00,54ed0f97-ad19-421c-a5c2-9b9d3fcbc72d,5421e81a-b7dd-48b1-9982-42644e8dcf9f,Liverpool FC,Nottingham Forest FC,77,77,76,76,1.0,1.0,3.0,0.6,1.6,2.2,1.8654,1.7468,5.0,1.0,1.4,1.4,1.66678,1.9820600000000002,13.0,1.3,1.7,1.6,1.64336,1.84177,16.0,1.6,2.0,0.9,1.45341,1.50419,1.6,0.8,1.6767600000000003,1.36674,3.0,1.2,1.6954,2.28328,5.833333333333333,6.895833333333333,1,1,10.0,15.0,1.0,0.0,1.0,0.0,1.194259681093394,1.124009111617312,1.40501138952164,0.632255125284738,4.0,0.25,0.25,1.75,2.0,2.0,,,1.0,D
5edf90fa-c857-482f-a592-efdc8c8c8f68,5e696fc9-51dc-49ab-963f-1d3aa6b1ff61,2026,2,2,2026-08-29T14:00:00+00:00,6601a105-9986-4276-89bf-143cdf03198a,60cb8be0-9c1e-4019-8b60-fd9ac2aa9f2d,AFC Bournemouth,Everton FC,77,77,76,76,1.0,1.0,8.0,1.6,1.4,0.8,1.4106999999999998,1.54474,5.0,1.0,1.6,1.8,1.3659000000000001,1.92524,17.0,1.7,1.5,1.0,1.78647,1.71376,9.0,0.9,1.5,1.7,1.36164,1.8368099999999998,1.6,1.0,2.00182,1.1165,1.0,1.8,1.24688,2.1403,6.041666666666667,7.0,1,1,15.0,5.0,0.0,3.0,0.0,3.0,1.053206002728513,0.702137335152342,1.053206002728513,1.1936334697589814,4.0,0.75,0.0,2.5,1.0,1.0,,,1.0,D
1c157e4f-3be4-499d-9a6e-83554156f713,97498ac5-63b2-4e2b-b18c-8c9f8fe51a19,2026,2,2,2026-08-29T14:00:00+00:00,d95bc61c-17e5-44b5-bdb9-ec10e55d1aea,f7968242-f357-4da3-84bc-b49a6f3af9fe,Coventry City FC,Hull City AFC,1,1,0,0,0.0,0.0,0.0,0.0,0.0,3.0,0.5583,1.8542,3.0,3.0,2.0,0.0,1.4963,1.7787,0.0,0.0,0.0,3.0,0.5583,1.8542,3.0,3.0,2.0,0.0,1.4963,1.7787,0.0,0.0,0.0,0.0,0.0,0.0,0.0,0.0,7.791666666666667,7.104166666666667,1,1,18.0,6.0,0.0,3.0,0.0,3.0,0.0,2.1072239890958655,1.404815992730577,0.0,0.0,0.0,0.0,0.0,0.0,1.0,,,1.0,A
ec9d9166-5c36-4524-8360-3962be945d42,569b5142-a1cf-4a93-9eb9-ef85a7b679d0,2026,2,2,2026-08-29T16:30:00+00:00,c23d6b7a-dfaf-44a3-b016-1feb2dddec44,c4045d6d-a715-4821-a800-cd9b505ad54b,Tottenham Hotspur FC,Newcastle United FC,77,77,76,76,1.0,1.0,7.0,1.4,1.0,1.4,1.38546,1.5764,8.0,1.6,1.8,1.4,1.7501200000000001,1.83066,12.0,1.2,0.9,1.4,1.3343099999999999,1.44027,11.0,1.1,1.3,1.4,1.48038,2.06901,1.0,1.8,1.4744,1.3469799999999998,0.6,1.2,1.01348,1.7393399999999999,7.0,6.041666666666667,1,1,17.0,11.0,0.0,1.0,0.0,1.0,0.6326975476839237,0.9841961852861034,0.9138964577656675,0.9841961852861034,4.0,0.0,0.25,3.25,0.0,2.0,,,1.0,A
ae10b13a-425a-4f7b-9230-2bbf9a2d2e6f,9fc4567b-b409-4874-8a32-0c3d9606361c,2026,2,2,2026-08-30T13:00:00+00:00,076f94c9-341e-4294-a86a-076741505170,b552a1a6-4302-43ca-884c-0f91ac4f984b,Sunderland AFC,Fulham FC,39,77,38,76,1.0,1.0,8.0,1.6,1.4,1.0,1.39078,1.2649000000000001,4.0,0.8,1.0,1.6,1.314,1.8824400000000001,14.0,1.4,1.3,1.6,1.4229800000000001,1.5180200000000001,12.0,1.2,0.9,1.1,1.444,1.7415500000000002,0.6,1.4,1.3235800000000002,1.02866,0.2,1.2,1.06514,2.15192,7.958333333333333,5.75,1,1,15.0,14.0,0.0,0.0,0.0,0.0,0.9142468239564429,1.1252268602540836,0.632940108892922,0.7735934664246825,2.0,0.0,0.0,2.5,1.0,0.0,,,1.0,H
f30c9669-8ab9-49a9-9dfb-e9529e40078d,bc30e7e3-c90a-4ac5-9096-c79589548d78,2026,2,2,2026-08-30T13:00:00+00:00,1cb320b2-b42f-4131-8f5f-ef42e7f82540,db14882b-951f-4db5-860b-4ca2b8583311,Chelsea FC,Brighton & Hove Albion FC,77,77,76,76,1.0,1.0,7.0,1.4,1.6,1.8,1.47316,1.76678,6.0,1.2,1.6,1.4,2.2067,1.39932,7.0,0.7,0.8,2.0,1.32424,1.66739,19.0,1.9,1.8,1.0,2.0318300000000002,1.12829,0.6,1.8,1.49824,1.6678799999999998,1.2,1.2,1.48818,1.3817400000000002,5.75,7.0,1,1,8.0,5.0,3.0,3.0,3.0,3.0,0.5630839002267574,1.4077097505668934,1.266938775510204,0.7038548752834467,4.0,0.25,0.0,4.0,4.0,3.0,,,1.0,H
059c77c0-39b8-4158-b59c-f63aafc30289,c08ddd88-8716-4fbf-b0bf-b07e0d8b0b72,2026,2,2,2026-08-30T13:00:00+00:00,fe8b4d06-9254-4fc8-a08f-90f242e51751,66a313d1-2e21-49ad-a1c7-6f04cae6be69,Leeds United FC,Brentford FC,39,77,38,76,1.0,1.0,10.0,2.0,1.2,1.0,1.4258,1.5090999999999999,8.0,1.6,1.8,1.2,1.99834,2.14026,19.0,1.9,1.3,0.8,1.64071,1.22207,12.0,1.2,1.4,1.2,1.8992799999999999,1.71285,1.4,0.4,1.5413599999999998,0.8763400000000001,0.4,1.2,0.88202,2.39038,7.958333333333333,7.854166666666667,1,1,10.0,7.0,3.0,3.0,3.0,3.0,0.9132911392405064,0.5620253164556963,0.9835443037974684,0.8430379746835444,2.0,0.0,1.0,1.0,1.0,1.0,,,1.0,D
84607f83-56d7-4afe-831d-419f634287c3,1e722165-89ab-4ca1-ac5d-bf25de5b4385,2026,2,2,2026-08-30T15:30:00+00:00,48fc005c-cbfc-4e4d-b7f1-459dce6cf940,67d3236c-6589-4978-b178-f6dcf50166d4,Manchester United FC,Ipswich Town FC,77,39,76,38,1.0,1.0,10.0,2.0,1.8,1.2,2.29696,1.26172,4.0,0.8,1.0,1.8,1.14162,1.0125199999999999,20.0,2.0,1.8,1.2,1.8558800000000002,1.4822000000000002,8.0,0.8,1.0,2.1,0.99162,1.97052,2.4,1.6,2.34674,1.6676000000000002,1.2,2.0,1.13118,2.1232800000000003,8.166666666666666,8.0625,1,1,16.0,10.0,0.0,3.0,0.0,3.0,1.2650406504065042,0.8433604336043361,0.7028003613369468,1.4758807588075882,2.0,0.5,0.5,3.5,5.0,2.0,,,1.0,H
e0396de8-3c19-4183-9953-c83902918a31,de74f5e3-8122-4305-ab58-f0cd14d77085,2026,2,2,2026-08-31T19:00:00+00:00,f8f456e7-3e20-4803-ba4e-b1762a31812c,ead1bc2e-8799-410a-a809-66a274bbab2c,Aston Villa FC,Arsenal FC,77,77,76,76,1.0,1.0,7.0,1.4,1.8,2.2,1.5209,1.95382,15.0,3.0,2.0,0.2,2.5016,0.75498,14.0,1.4,1.7,1.9,1.7471900000000002,1.5858700000000001,24.0,2.4,1.6,0.5,2.10237,1.07514,2.4,2.2,2.11814,1.67632,1.8,0.8,2.29148,1.24856,8.25,10.0,1,1,18.0,9.0,0.0,3.0,0.0,3.0,1.1925258892390815,1.3328230526789735,1.1223773075191357,0.35074290859972984,4.0,0.25,0.25,3.5,0.0,1.0,,,1.0,A
9d3cfa74-64da-41ac-9274-ff315bb0e87f,7809cb85-f8a1-4694-a381-204accd7a66f,2026,3,3,2026-09-04T19:00:00+00:00,67d3236c-6589-4978-b178-f6dcf50166d4,54ed0f97-ad19-421c-a5c2-9b9d3fcbc72d,Ipswich Town FC,Liverpool FC,40,78,38,76,1.0,1.0,3.0,0.6,1.0,2.4,1.18292,1.12082,4.0,0.8,1.6,2.0,1.9297799999999998,1.50558,5.0,0.5,1.0,2.5,0.98536,1.9058800000000002,13.0,1.3,1.8,1.7,1.6482800000000002,1.86113,0.8,2.2,0.85206,1.8177600000000003,1.8,2.4,1.6099599999999998,2.3167999999999997,5.145833333333333,6.3125,2,2,12.0,13.0,1.5,1.0,3.0,2.0,0.702070207020702,1.7551755175517552,1.2637263726372636,1.1935193519351934,2.0,0.0,0.0,3.5,,,,,0.0,
96164213-6a63-4c25-b1c0-3c6458beefbf,cd5537e1-5eb0-43c5-a297-674ead697ae7,2026,3,3,2026-09-05T11:30:00+00:00,c4045d6d-a715-4821-a800-cd9b505ad54b,6601a105-9986-4276-89bf-143cdf03198a,Newcastle United FC,AFC Bournemouth,78,78,76,76,1.0,1.0,8.0,1.6,1.6,1.2,1.39426,1.7264399999999998,6.0,1.2,1.0,1.0,1.22144,1.6790800000000001,11.0,1.1,1.4,1.4,1.51213,2.0315000000000003,17.0,1.7,1.6,1.1,1.6844899999999998,1.68106,2.0,1.6,1.94728,2.3986799999999997,1.4,1.0,1.5607,2.1102800000000004,6.791666666666667,6.895833333333333,2,2,6.0,15.0,2.0,0.5,4.0,1.0,0.9828982898289828,0.9828982898289828,1.1233123312331232,0.7722772277227723,4.0,0.0,0.5,2.5,,,,,0.0,
747a812b-a3b9-43ec-a598-f23ed70f2a96,17cf52f3-5c67-4174-8f83-ece495d819ca,2026,3,3,2026-09-05T14:00:00+00:00,5421e81a-b7dd-48b1-9982-42644e8dcf9f,c23d6b7a-dfaf-44a3-b016-1feb2dddec44,Nottingham Forest FC,Tottenham Hotspur FC,78,78,76,76,1.0,1.0,3.0,0.6,1.2,1.6,1.4747400000000002,1.8178,4.0,0.8,0.6,1.6,1.4309999999999998,1.7245000000000001,16.0,1.6,2.2,1.1,1.50631,1.54579,11.0,1.1,0.8,1.5,1.35367,1.44519,1.4,1.0,1.2945,1.08362,0.8,1.4,1.22218,1.65644,7.104166666666667,6.895833333333333,2,2,14.0,19.0,0.5,0.0,1.0,0.0,1.5445544554455446,0.7722772277227723,0.5616561656165616,1.053105310531053,4.0,1.0,0.0,2.5,,,,,0.0,
d2b07b70-893e-44b5-8cf6-70c9005ddff6,5efaaf55-7d7f-44ac-b309-31bf6d673159,2026,3,3,2026-09-05T14:00:00+00:00,db14882b-951f-4db5-860b-4ca2b8583311,fe8b4d06-9254-4fc8-a08f-90f242e51751,Brighton & Hove Albion FC,Leeds United FC,78,40,76,38,1.0,1.0,6.0,1.2,2.0,1.6,2.1024800000000003,1.04346,8.0,1.6,0.8,1.0,1.2767,1.69218,16.0,1.6,2.0,1.4,2.054,1.19738,19.0,1.9,1.4,0.9,1.66215,1.30455,2.4,0.8,2.5754799999999998,0.8748400000000001,1.2,1.4,1.69058,1.63154,6.041666666666667,6.041666666666667,2,2,9.0,8.0,1.5,2.0,3.0,4.0,1.404140414041404,0.9828982898289828,0.9828982898289828,0.6318631863186318,2.0,0.5,0.0,2.0,,,,,0.0,
86b7b0b0-b4ec-490f-bc5b-ab69fff9bf02,c6cc5132-26a7-47d3-bf59-c9f7642a6f39,2026,3,3,2026-09-05T14:00:00+00:00,66a313d1-2e21-49ad-a1c7-6f04cae6be69,076f94c9-341e-4294-a86a-076741505170,Brentford FC,Sunderland AFC,78,40,76,38,1.0,1.0,6.0,1.2,1.4,1.4,1.8135999999999999,2.25948,10.0,2.0,1.4,0.8,1.47598,1.14264,12.0,1.2,1.3,1.1,1.7546199999999998,1.66781,17.0,1.7,1.4,1.5,1.49207,1.5401900000000002,2.0,0.8,2.49188,1.1387800000000001,2.0,1.8,1.52238,2.00738,6.041666666666667,6.041666666666667,2,2,5.0,11.0,2.0,1.5,4.0,3.0,0.9126912691269127,0.7722772277227723,0.9828982898289828,1.053105310531053,2.0,0.5,0.0,3.0,,,,,0.0,
cc88bb4e-f0be-40db-b9f9-74e7ed7ec168,cfd379c0-f565-450f-8422-a4c6ca2db18f,2026,3,3,2026-09-05T14:00:00+00:00,b552a1a6-4302-43ca-884c-0f91ac4f984b,74bd08fa-27db-4bb0-8490-f57f6ed6b8e9,Fulham FC,Crystal Palace FC,78,78,76,76,1.0,1.0,4.0,0.8,1.0,1.2,1.44466,1.3342800000000001,1.0,0.2,0.8,2.6,1.3675,2.04196,11.0,1.1,0.9,1.2,1.4856,1.79445,6.0,0.6,0.9,2.2,1.6875900000000001,1.7954899999999998,1.6,1.0,1.82286,1.33118,0.6,2.6,1.472,1.7400600000000002,6.041666666666667,7.791666666666667,2,2,16.0,18.0,0.0,0.0,0.0,0.0,0.6318631863186318,0.8424842484248424,0.6318631863186318,1.5445544554455446,4.0,0.25,0.25,2.25,,,,,0.0,
00530327-773f-42a0-8853-53697753e6e8,a6077902-ad6d-45f0-82b6-17e47058e959,2026,3,3,2026-09-05T14:00:00+00:00,33d2f100-682f-4a5e-9aa3-5cc57e1e8571,d95bc61c-17e5-44b5-bdb9-ec10e55d1aea,Manchester City FC,Coventry City FC,78,2,76,0,1.0,0.0,10.0,2.0,2.2,1.0,1.68626,1.3282,0.0,0.0,0.0,2.0,0.95415,1.6021,23.0,2.3,2.3,0.9,2.26553,1.3481100000000001,0.0,0.0,0.0,2.0,0.95415,1.6021,2.2,0.8,2.56034,1.30714,0.0,3.0,0.5583,1.8542,7.791666666666667,7.0,2,1,1.0,17.0,3.0,0.0,6.0,0.0,1.6147614761476146,0.6318631863186318,0.0,1.404140414041404,0.0,0.0,0.0,0.0,,,,,0.0,
933d23a8-a2f7-47a0-a673-9e4c304da3e5,d54fd1d3-ae73-4535-89d2-246f9503855b,2026,3,3,2026-09-05T16:30:00+00:00,f7968242-f357-4da3-84bc-b49a6f3af9fe,f8f456e7-3e20-4803-ba4e-b1762a31812c,Hull City AFC,Aston Villa FC,2,78,0,76,0.0,1.0,6.0,3.0,1.5,0.0,1.4231500000000001,1.5643500000000001,7.0,1.4,1.6,2.0,1.669,1.99936,6.0,3.0,1.5,0.0,1.4231500000000001,1.5643500000000001,14.0,1.4,1.6,1.7,1.76112,1.55305,2.0,0.0,1.4963,1.7787,1.0,1.8,1.3477999999999999,1.83754,7.104166666666667,4.895833333333333,1,2,3.0,20.0,3.0,0.0,6.0,0.0,1.053105310531053,0.0,1.1233123312331232,1.1935193519351934,0.0,0.0,0.0,0.0,,,,,0.0,
898d9293-f07f-4109-9c68-7e394c00ab6d,3184d9a9-c965-44f9-83d7-0b0b214f7498,2026,3,3,2026-09-06T13:00:00+00:00,60cb8be0-9c1e-4019-8b60-fd9ac2aa9f2d,48fc005c-cbfc-4e4d-b7f1-459dce6cf940,Everton FC,Manchester United FC,78,78,76,76,1.0,1.0,5.0,1.0,1.2,1.4,1.29878,1.91182,10.0,2.0,2.2,1.2,2.05574,1.3261,10.0,1.0,1.6,1.6,1.37879,1.78095,20.0,2.0,2.0,1.3,1.82306,1.49613,2.0,1.6,1.4764,1.53332,1.2,0.8,1.36502,1.2968,7.958333333333333,6.895833333333333,1,1,7.0,10.0,2.0,1.5,4.0,3.0,1.1233123312331232,1.1233123312331232,1.404140414041404,0.9126912691269127,4.0,0.25,0.25,2.5,,,,,0.0,
0652f69f-f4d2-478b-8dec-aa59a54a7368,04758722-9f5d-423f-af5c-d34bb5c6bce3,2026,3,3,2026-09-06T15:30:00+00:00,ead1bc2e-8799-410a-a809-66a274bbab2c,1cb320b2-b42f-4131-8f5f-ef42e7f82540,Arsenal FC,Chelsea FC,78,78,76,76,1.0,1.0,15.0,3.0,1.6,0.2,1.95344,0.8856400000000001,10.0,2.0,2.2,1.8,1.3089,1.57474,24.0,2.4,1.6,0.5,2.1858899999999997,1.11822,10.0,1.0,1.2,2.2,1.28673,1.6991399999999999,1.8,0.4,2.19494,0.74268,1.0,2.2,1.15024,1.6669,5.854166666666667,7.104166666666667,1,2,2.0,4.0,3.0,3.0,6.0,6.0,1.1233123312331232,0.351035103510351,0.8424842484248424,1.5445544554455446,4.0,0.5,0.5,2.0,,,,,0.0,
f288b27e-ace5-49c3-9d4e-a0f947819523,758db9f1-af2f-44f4-bd52-5c7ef1084905,2026,4,4,2026-09-12T14:00:00+00:00,74bd08fa-27db-4bb0-8490-f57f6ed6b8e9,67d3236c-6589-4978-b178-f6dcf50166d4,Crystal Palace FC,Ipswich Town FC,78,40,76,38,1.0,1.0,1.0,0.2,0.8,2.6,1.3675,2.04196,3.0,0.6,1.0,2.4,1.18292,1.12082,6.0,0.6,0.9,2.2,1.6875900000000001,1.7954899999999998,5.0,0.5,1.0,2.5,0.98536,1.9058800000000002,1.2,1.8,1.90318,1.85092,1.2,2.8,1.11866,1.9940000000000002,14.791666666666666,12.9375,0,1,18.0,12.0,0.0,1.5,0.0,3.0,0.6318631863186318,1.5445544554455446,0.702070207020702,1.7551755175517552,2.0,1.0,0.0,1.0,,,,,0.0,
5bc3cd0c-813f-4861-aa60-deb0baf6d226,205cd4d4-4af6-41e6-88bf-195faec07dd5,2026,4,4,2026-09-12T14:00:00+00:00,54ed0f97-ad19-421c-a5c2-9b9d3fcbc72d,b552a1a6-4302-43ca-884c-0f91ac4f984b,Liverpool FC,Fulham FC,78,78,76,76,1.0,1.0,4.0,0.8,1.6,2.0,1.9297799999999998,1.50558,4.0,0.8,1.0,1.2,1.44466,1.3342800000000001,13.0,1.3,1.8,1.7,1.6482800000000002,1.86113,11.0,1.1,0.9,1.2,1.4856,1.79445,1.8,1.0,1.6865999999999999,1.4054600000000002,0.2,1.4,1.14834,2.25772,14.104166666666666,13.041666666666666,0,1,13.0,16.0,1.0,0.0,2.0,0.0,1.2637263726372636,1.1935193519351934,0.6318631863186318,0.8424842484248424,4.0,0.25,0.5,3.75,,,,,0.0,
83b5a44a-330a-481e-920a-ac30cc60f539,f3c54a65-6322-4753-b353-fb678b29432d,2026,4,4,2026-09-12T14:00:00+00:00,f8f456e7-3e20-4803-ba4e-b1762a31812c,5421e81a-b7dd-48b1-9982-42644e8dcf9f,Aston Villa FC,Nottingham Forest FC,78,78,76,76,1.0,1.0,7.0,1.4,1.6,2.0,1.669,1.99936,3.0,0.6,1.2,1.6,1.4747400000000002,1.8178,14.0,1.4,1.6,1.7,1.76112,1.55305,16.0,1.6,2.2,1.1,1.50631,1.54579,2.2,1.6,2.1744399999999997,1.2685600000000001,3.0,1.2,1.71812,2.0079599999999997,11.791666666666666,14.104166666666666,1,0,20.0,14.0,0.0,0.5,0.0,1.0,1.1233123312331232,1.1935193519351934,1.5445544554455446,0.7722772277227723,4.0,0.5,0.25,3.0,,,,,0.0,
e62252e4-b9ff-4985-9cd4-cbfb6e83a872,4c43d27e-d851-477f-8af2-81108e82e3fa,2026,4,4,2026-09-12T14:00:00+00:00,6601a105-9986-4276-89bf-143cdf03198a,66a313d1-2e21-49ad-a1c7-6f04cae6be69,AFC Bournemouth,Brentford FC,78,78,76,76,1.0,1.0,6.0,1.2,1.0,1.0,1.22144,1.6790800000000001,6.0,1.2,1.4,1.4,1.8135999999999999,2.25948,17.0,1.7,1.6,1.1,1.6844899999999998,1.68106,12.0,1.2,1.3,1.1,1.7546199999999998,1.66781,1.8,1.2,1.8082799999999999,1.25184,0.6,1.4,1.01736,2.19684,14.0,13.041666666666666,1,1,15.0,5.0,0.5,2.0,1.0,4.0,1.1233123312331232,0.7722772277227723,0.9126912691269127,0.7722772277227723,4.0,0.0,0.25,3.25,,,,,0.0,
fa13b610-ba7e-46ab-94cb-644fb047dc23,2066d9a7-530c-4d83-8fe6-13f71dcf1d97,2026,4,4,2026-09-12T14:00:00+00:00,1cb320b2-b42f-4131-8f5f-ef42e7f82540,f7968242-f357-4da3-84bc-b49a6f3af9fe,Chelsea FC,Hull City AFC,78,2,76,0,1.0,0.0,10.0,2.0,2.2,1.8,1.3089,1.57474,6.0,3.0,1.5,0.0,1.4231500000000001,1.5643500000000001,10.0,1.0,1.2,2.2,1.28673,1.6991399999999999,6.0,3.0,1.5,0.0,1.4231500000000001,1.5643500000000001,1.4,2.2,1.4232200000000002,1.7313800000000001,1.0,0.0,1.35,1.35,13.041666666666666,14.0,1,1,4.0,3.0,3.0,3.0,6.0,6.0,0.8424842484248424,1.5445544554455446,1.053105310531053,0.0,0.0,0.0,0.0,0.0,,,,,0.0,
347708e9-da1e-43c3-b27b-828a6f999f49,7ed60e45-d28b-42bf-ba37-6c1e049f38b0,2026,4,4,2026-09-12T16:30:00+00:00,c23d6b7a-dfaf-44a3-b016-1feb2dddec44,60cb8be0-9c1e-4019-8b60-fd9ac2aa9f2d,Tottenham Hotspur FC,Everton FC,78,78,76,76,1.0,1.0,4.0,0.8,0.6,1.6,1.4309999999999998,1.7245000000000001,5.0,1.0,1.2,1.4,1.29878,1.91182,11.0,1.1,0.8,1.5,1.35367,1.44519,10.0,1.0,1.6,1.6,1.37879,1.78095,0.8,1.6,1.48516,1.23394,1.2,1.6,1.28118,2.02858,14.0,14.104166666666666,1,0,19.0,7.0,0.0,2.0,0.0,4.0,0.5616561656165616,1.053105310531053,1.1233123312331232,1.1233123312331232,4.0,0.75,0.0,3.25,,,,,0.0,
faef399d-6d8d-4123-90c1-03c142d883ae,4265b078-8cc6-47a1-906d-35056183d7c6,2026,4,4,2026-09-12T19:00:00+00:00,076f94c9-341e-4294-a86a-076741505170,ead1bc2e-8799-410a-a809-66a274bbab2c,Sunderland AFC,Arsenal FC,40,78,38,76,1.0,1.0,10.0,2.0,1.4,0.8,1.47598,1.14264,15.0,3.0,1.6,0.2,1.95344,0.8856400000000001,17.0,1.7,1.4,1.5,1.49207,1.5401900000000002,24.0,2.4,1.6,0.5,2.1858899999999997,1.11822,0.8,1.2,1.4617600000000002,1.073,1.2,0.6,1.8980799999999998,1.4419,13.25,12.0,1,1,11.0,2.0,1.5,3.0,3.0,6.0,0.9828982898289828,1.053105310531053,1.1233123312331232,0.351035103510351,2.0,0.0,0.5,3.5,,,,,0.0,
0db54b8e-afb9-42b2-b208-08acb23afedc,045b672a-9b5f-4d27-9af9-e2137c7c09a1,2026,4,4,2026-09-13T13:00:00+00:00,d95bc61c-17e5-44b5-bdb9-ec10e55d1aea,db14882b-951f-4db5-860b-4ca2b8583311,Coventry City FC,Brighton & Hove Albion FC,2,78,0,76,0.0,1.0,0.0,0.0,0.0,2.0,0.95415,1.6021,6.0,1.2,2.0,1.6,2.1024800000000003,1.04346,0.0,0.0,0.0,2.0,0.95415,1.6021,16.0,1.6,2.0,1.4,2.054,1.19738,0.0,1.0,1.35,1.35,1.6,2.0,1.53252,1.5199200000000002,14.958333333333334,14.0,0,1,17.0,9.0,0.0,1.5,0.0,3.0,0.0,1.404140414041404,1.404140414041404,0.9828982898289828,0.0,0.0,0.0,0.0,,,,,0.0,
959f3725-63f2-4f23-9842-098c1a703132,333e0c61-325b-4bb4-a644-cc3ab0695aff,2026,4,4,2026-09-13T15:30:00+00:00,48fc005c-cbfc-4e4d-b7f1-459dce6cf940,33d2f100-682f-4a5e-9aa3-5cc57e1e8571,Manchester United FC,Manchester City FC,78,78,76,76,1.0,1.0,10.0,2.0,2.2,1.2,2.05574,1.3261,10.0,2.0,2.2,1.0,1.68626,1.3282,20.0,2.0,2.0,1.3,1.82306,1.49613,23.0,2.3,2.3,0.9,2.26553,1.3481100000000001,2.8,1.8,2.2811,1.69546,2.4,1.0,1.97072,1.38908,14.0,15.854166666666666,1,0,10.0,1.0,1.5,3.0,3.0,6.0,1.404140414041404,0.9126912691269127,1.6147614761476146,0.6318631863186318,4.0,0.5,0.25,2.0,,,,,0.0,
6bfb00df-530b-4c54-a34c-e78ae3944238,71e6ed36-bed6-48c3-ad05-7a5b63555bf5,2026,4,4,2026-09-14T19:00:00+00:00,fe8b4d06-9254-4fc8-a08f-90f242e51751,c4045d6d-a715-4821-a800-cd9b505ad54b,Leeds United FC,Newcastle United FC,40,78,38,76,1.0,1.0,8.0,1.6,0.8,1.0,1.2767,1.69218,8.0,1.6,1.6,1.2,1.39426,1.7264399999999998,19.0,1.9,1.4,0.9,1.66215,1.30455,11.0,1.1,1.4,1.4,1.51213,2.0315000000000003,1.6,0.4,1.6337199999999998,0.9775600000000001,0.8,1.2,1.07698,1.66432,15.25,16.104166666666668,0,0,8.0,6.0,2.0,2.0,4.0,4.0,0.9828982898289828,0.6318631863186318,0.9828982898289828,0.9828982898289828,2.0,0.0,0.5,3.5,,,,,0.0,
3f5b7e08-90f6-4714-8d5b-dccbce6a2f5f,72d6b7ac-92fd-44b7-b601-ab4670680b7e,2026,5,5,2026-09-18T19:00:00+00:00,66a313d1-2e21-49ad-a1c7-6f04cae6be69,1cb320b2-b42f-4131-8f5f-ef42e7f82540,Brentford FC,Chelsea FC,78,78,76,76,1.0,1.0,6.0,1.2,1.4,1.4,1.8135999999999999,2.25948,10.0,2.0,2.2,1.8,1.3089,1.57474,12.0,1.2,1.3,1.1,1.7546199999999998,1.66781,10.0,1.0,1.2,2.2,1.28673,1.6991399999999999,2.0,0.8,2.49188,1.1387800000000001,1.0,2.2,1.15024,1.6669,19.25,19.25,0,0,5.0,4.0,2.0,3.0,4.0,6.0,0.9126912691269127,0.7722772277227723,0.8424842484248424,1.5445544554455446,4.0,0.0,0.5,2.25,,,,,0.0,
ad0e7722-80d6-4338-aca2-f0d53c67bf51,19724089-5da9-4d41-bc25-a126813e7afa,2026,5,5,2026-09-19T11:30:00+00:00,c23d6b7a-dfaf-44a3-b016-1feb2dddec44,f8f456e7-3e20-4803-ba4e-b1762a31812c,Tottenham Hotspur FC,Aston Villa FC,78,78,76,76,1.0,1.0,4.0,0.8,0.6,1.6,1.4309999999999998,1.7245000000000001,7.0,1.4,1.6,2.0,1.669,1.99936,11.0,1.1,0.8,1.5,1.35367,1.44519,14.0,1.4,1.6,1.7,1.76112,1.55305,0.8,1.6,1.48516,1.23394,1.0,1.8,1.3477999999999999,1.83754,20.791666666666668,18.6875,0,0,19.0,20.0,0.0,0.0,0.0,0.0,0.5616561656165616,1.053105310531053,1.1233123312331232,1.1935193519351934,4.0,0.5,0.0,3.25,,,,,0.0,
da7a190a-5982-4da9-898a-fd1edcfcfd4f,32d8fa4e-d37e-491a-8ecf-69206a7c4863,2026,5,5,2026-09-19T14:00:00+00:00,60cb8be0-9c1e-4019-8b60-fd9ac2aa9f2d,67d3236c-6589-4978-b178-f6dcf50166d4,Everton FC,Ipswich Town FC,78,40,76,38,1.0,1.0,5.0,1.0,1.2,1.4,1.29878,1.91182,3.0,0.6,1.0,2.4,1.18292,1.12082,10.0,1.0,1.6,1.6,1.37879,1.78095,5.0,0.5,1.0,2.5,0.98536,1.9058800000000002,2.0,1.6,1.4764,1.53332,1.2,2.8,1.11866,1.9940000000000002,21.0,19.9375,0,0,7.0,12.0,2.0,1.5,4.0,3.0,1.1233123312331232,1.1233123312331232,0.702070207020702,1.7551755175517552,2.0,0.5,0.5,3.0,,,,,0.0,
bbc35d6c-dd66-4cfe-ab9d-19104b0b5a61,719cfa8f-ded5-4596-bdac-dbf6c84a3969,2026,5,5,2026-09-19T14:00:00+00:00,db14882b-951f-4db5-860b-4ca2b8583311,ead1bc2e-8799-410a-a809-66a274bbab2c,Brighton & Hove Albion FC,Arsenal FC,78,78,76,76,1.0,1.0,6.0,1.2,2.0,1.6,2.1024800000000003,1.04346,15.0,3.0,1.6,0.2,1.95344,0.8856400000000001,16.0,1.6,2.0,1.4,2.054,1.19738,24.0,2.4,1.6,0.5,2.1858899999999997,1.11822,2.4,0.8,2.5754799999999998,0.8748400000000001,1.2,0.6,1.8980799999999998,1.4419,20.041666666666668,18.791666666666668,0,0,9.0,2.0,1.5,3.0,3.0,6.0,1.404140414041404,0.9828982898289828,1.1233123312331232,0.351035103510351,4.0,0.0,0.5,2.0,,,,,0.0,
12f0013a-c674-445f-b081-0a8897c6622d,4fb3417d-c0bf-415e-b4be-36220ecc38f9,2026,5,5,2026-09-19T14:00:00+00:00,c4045d6d-a715-4821-a800-cd9b505ad54b,f7968242-f357-4da3-84bc-b49a6f3af9fe,Newcastle United FC,Hull City AFC,78,2,76,0,1.0,0.0,8.0,1.6,1.6,1.2,1.39426,1.7264399999999998,6.0,3.0,1.5,0.0,1.4231500000000001,1.5643500000000001,11.0,1.1,1.4,1.4,1.51213,2.0315000000000003,6.0,3.0,1.5,0.0,1.4231500000000001,1.5643500000000001,2.0,1.6,1.94728,2.3986799999999997,1.0,0.0,1.35,1.35,20.895833333333332,21.0,0,0,6.0,3.0,2.0,3.0,4.0,6.0,0.9828982898289828,0.9828982898289828,1.053105310531053,0.0,0.0,0.0,0.0,0.0,,,,,0.0,
277220a2-339c-49ad-a8f3-d80fc6a63ae1,90b54da6-7f09-40bd-b79f-a4742e6e32f6,2026,5,5,2026-09-19T16:30:00+00:00,5421e81a-b7dd-48b1-9982-42644e8dcf9f,d95bc61c-17e5-44b5-bdb9-ec10e55d1aea,Nottingham Forest FC,Coventry City FC,78,2,76,0,1.0,0.0,3.0,0.6,1.2,1.6,1.4747400000000002,1.8178,0.0,0.0,0.0,2.0,0.95415,1.6021,16.0,1.6,2.2,1.1,1.50631,1.54579,0.0,0.0,0.0,2.0,0.95415,1.6021,1.4,1.0,1.2945,1.08362,0.0,3.0,0.5583,1.8542,21.208333333333332,21.104166666666668,0,0,14.0,17.0,0.5,0.0,1.0,0.0,1.5445544554455446,0.7722772277227723,0.0,1.404140414041404,0.0,0.0,0.0,0.0,,,,,0.0,
5f608605-7b7e-4874-a156-82aebb9ad315,302445dc-edd7-48a0-9ea2-3e15179bc7f7,2026,5,5,2026-09-20T13:00:00+00:00,6601a105-9986-4276-89bf-143cdf03198a,54ed0f97-ad19-421c-a5c2-9b9d3fcbc72d,AFC Bournemouth,Liverpool FC,78,78,76,76,1.0,1.0,6.0,1.2,1.0,1.0,1.22144,1.6790800000000001,4.0,0.8,1.6,2.0,1.9297799999999998,1.50558,17.0,1.7,1.6,1.1,1.6844899999999998,1.68106,13.0,1.3,1.8,1.7,1.6482800000000002,1.86113,1.8,1.2,1.8082799999999999,1.25184,1.8,2.4,1.6099599999999998,2.3167999999999997,21.958333333333332,22.0625,0,0,15.0,13.0,0.5,1.0,1.0,2.0,1.1233123312331232,0.7722772277227723,1.2637263726372636,1.1935193519351934,4.0,0.25,0.0,4.0,,,,,0.0,
4e8912b2-6bc4-4bfb-befa-1149834965cb,247bbda5-2e5a-4f29-a0d1-c9d5da051523,2026,5,5,2026-09-20T13:00:00+00:00,fe8b4d06-9254-4fc8-a08f-90f242e51751,74bd08fa-27db-4bb0-8490-f57f6ed6b8e9,Leeds United FC,Crystal Palace FC,40,78,38,76,1.0,1.0,8.0,1.6,0.8,1.0,1.2767,1.69218,1.0,0.2,0.8,2.6,1.3675,2.04196,19.0,1.9,1.4,0.9,1.66215,1.30455,6.0,0.6,0.9,2.2,1.6875900000000001,1.7954899999999998,1.6,0.4,1.6337199999999998,0.9775600000000001,0.6,2.6,1.472,1.7400600000000002,21.0,22.75,0,0,8.0,18.0,2.0,0.0,4.0,0.0,0.9828982898289828,0.6318631863186318,0.6318631863186318,1.5445544554455446,2.0,0.5,0.5,2.5,,,,,0.0,
7c6a5fce-d0f2-4fe9-afa3-70057c9d0443,e2af1f2b-c570-4299-8a2a-8d1fdaea83fe,2026,5,5,2026-09-20T13:00:00+00:00,33d2f100-682f-4a5e-9aa3-5cc57e1e8571,076f94c9-341e-4294-a86a-076741505170,Manchester City FC,Sunderland AFC,78,40,76,38,1.0,1.0,10.0,2.0,2.2,1.0,1.68626,1.3282,10.0,2.0,1.4,0.8,1.47598,1.14264,23.0,2.3,2.3,0.9,2.26553,1.3481100000000001,17.0,1.7,1.4,1.5,1.49207,1.5401900000000002,2.2,0.8,2.56034,1.30714,2.0,1.8,1.52238,2.00738,22.75,21.0,0,0,1.0,11.0,3.0,1.5,6.0,3.0,1.6147614761476146,0.6318631863186318,0.9828982898289828,1.053105310531053,2.0,0.5,0.5,1.5,,,,,0.0,
25a49aab-69ee-4976-8414-c7ee209a25e8,f299d8c2-4bbb-485d-baae-a5c7c2cae9de,2026,5,5,2026-09-20T15:30:00+00:00,b552a1a6-4302-43ca-884c-0f91ac4f984b,48fc005c-cbfc-4e4d-b7f1-459dce6cf940,Fulham FC,Manchester United FC,78,78,76,76,1.0,1.0,4.0,0.8,1.0,1.2,1.44466,1.3342800000000001,10.0,2.0,2.2,1.2,2.05574,1.3261,11.0,1.1,0.9,1.2,1.4856,1.79445,20.0,2.0,2.0,1.3,1.82306,1.49613,1.6,1.0,1.82286,1.33118,1.2,0.8,1.36502,1.2968,21.104166666666668,21.0,0,0,16.0,10.0,0.0,1.5,0.0,3.0,0.6318631863186318,0.8424842484248424,1.404140414041404,0.9126912691269127,4.0,0.0,0.25,2.25,,,,,0.0,
be906615-8ff5-419b-a2cc-da94c8ad0264,850b9f55-35cf-4074-8542-b0d15de30078,2026,6,6,2026-10-10T11:30:00+00:00,ead1bc2e-8799-410a-a809-66a274bbab2c,fe8b4d06-9254-4fc8-a08f-90f242e51751,Arsenal FC,Leeds United FC,78,40,76,38,1.0,1.0,15.0,3.0,1.6,0.2,1.95344,0.8856400000000001,8.0,1.6,0.8,1.0,1.2767,1.69218,24.0,2.4,1.6,0.5,2.1858899999999997,1.11822,19.0,1.9,1.4,0.9,1.66215,1.30455,1.8,0.4,2.19494,0.74268,1.2,1.4,1.69058,1.63154,39.6875,40.9375,0,0,2.0,8.0,3.0,2.0,6.0,4.0,1.1233123312331232,0.351035103510351,0.9828982898289828,0.6318631863186318,2.0,1.0,0.0,4.5,,,,,0.0,
3d1075f8-ec37-48f5-b61e-de0f4b2ac460,b8dfea70-964c-4188-ada6-1319c4297b3e,2026,6,6,2026-10-10T14:00:00+00:00,076f94c9-341e-4294-a86a-076741505170,db14882b-951f-4db5-860b-4ca2b8583311,Sunderland AFC,Brighton & Hove Albion FC,40,78,38,76,1.0,1.0,10.0,2.0,1.4,0.8,1.47598,1.14264,6.0,1.2,2.0,1.6,2.1024800000000003,1.04346,17.0,1.7,1.4,1.5,1.49207,1.5401900000000002,16.0,1.6,2.0,1.4,2.054,1.19738,0.8,1.2,1.4617600000000002,1.073,1.6,2.0,1.53252,1.5199200000000002,41.041666666666664,41.041666666666664,0,0,11.0,9.0,1.5,1.5,3.0,3.0,0.9828982898289828,1.053105310531053,1.404140414041404,0.9828982898289828,2.0,0.0,0.5,0.5,,,,,0.0,
4914652e-e568-407d-a0e4-024b0bd0b235,9768af6d-269f-4ec2-b8d0-a50ea6326834,2026,6,6,2026-10-10T14:00:00+00:00,1cb320b2-b42f-4131-8f5f-ef42e7f82540,6601a105-9986-4276-89bf-143cdf03198a,Chelsea FC,AFC Bournemouth,78,78,76,76,1.0,1.0,10.0,2.0,2.2,1.8,1.3089,1.57474,6.0,1.2,1.0,1.0,1.22144,1.6790800000000001,10.0,1.0,1.2,2.2,1.28673,1.6991399999999999,17.0,1.7,1.6,1.1,1.6844899999999998,1.68106,1.4,2.2,1.4232200000000002,1.7313800000000001,1.4,1.0,1.5607,2.1102800000000004,41.041666666666664,42.0,0,0,4.0,15.0,3.0,0.5,6.0,1.0,0.8424842484248424,1.5445544554455446,1.1233123312331232,0.7722772277227723,4.0,0.25,0.75,2.25,,,,,0.0,
53d86cff-e104-4dd3-92f0-9035b58b9496,7729d0d3-af9c-4cb6-8a11-05d2c23a7a4d,2026,6,6,2026-10-10T14:00:00+00:00,67d3236c-6589-4978-b178-f6dcf50166d4,b552a1a6-4302-43ca-884c-0f91ac4f984b,Ipswich Town FC,Fulham FC,40,78,38,76,1.0,1.0,3.0,0.6,1.0,2.4,1.18292,1.12082,4.0,0.8,1.0,1.2,1.44466,1.3342800000000001,5.0,0.5,1.0,2.5,0.98536,1.9058800000000002,11.0,1.1,0.9,1.2,1.4856,1.79445,0.8,2.2,0.85206,1.8177600000000003,0.2,1.4,1.14834,2.25772,40.9375,41.041666666666664,0,0,12.0,16.0,1.5,0.0,3.0,0.0,0.702070207020702,1.7551755175517552,0.6318631863186318,0.8424842484248424,2.0,0.0,1.0,3.0,,,,,0.0,
7810ee40-8b2a-45f3-b994-a4cf6e8adc43,69e1ff6a-5974-4786-ac4a-84c31b0eb38b,2026,6,6,2026-10-10T14:00:00+00:00,f8f456e7-3e20-4803-ba4e-b1762a31812c,66a313d1-2e21-49ad-a1c7-6f04cae6be69,Aston Villa FC,Brentford FC,78,78,76,76,1.0,1.0,7.0,1.4,1.6,2.0,1.669,1.99936,6.0,1.2,1.4,1.4,1.8135999999999999,2.25948,14.0,1.4,1.6,1.7,1.76112,1.55305,12.0,1.2,1.3,1.1,1.7546199999999998,1.66781,2.2,1.6,2.1744399999999997,1.2685600000000001,0.6,1.4,1.01736,2.19684,39.791666666666664,41.041666666666664,0,0,20.0,5.0,0.0,2.0,0.0,4.0,1.1233123312331232,1.1935193519351934,0.9126912691269127,0.7722772277227723,4.0,0.5,0.0,1.75,,,,,0.0,
abc4f34d-43d7-4544-942f-e6d6a7f0a340,ca84a12a-cf41-470b-94f1-cfe784e824a8,2026,6,6,2026-10-10T16:30:00+00:00,48fc005c-cbfc-4e4d-b7f1-459dce6cf940,c23d6b7a-dfaf-44a3-b016-1feb2dddec44,Manchester United FC,Tottenham Hotspur FC,78,78,76,76,1.0,1.0,10.0,2.0,2.2,1.2,2.05574,1.3261,4.0,0.8,0.6,1.6,1.4309999999999998,1.7245000000000001,20.0,2.0,2.0,1.3,1.82306,1.49613,11.0,1.1,0.8,1.5,1.35367,1.44519,2.8,1.8,2.2811,1.69546,0.8,1.4,1.22218,1.65644,41.041666666666664,42.0,0,0,10.0,19.0,1.5,0.0,3.0,0.0,1.404140414041404,0.9126912691269127,0.5616561656165616,1.053105310531053,4.0,0.25,0.25,2.5,,,,,0.0,
ebd690dc-dad7-491c-b2d4-e7dfeadbf2d4,9887795e-4aa5-4439-9c76-0b0ff1212e67,2026,6,6,2026-10-11T13:00:00+00:00,74bd08fa-27db-4bb0-8490-f57f6ed6b8e9,5421e81a-b7dd-48b1-9982-42644e8dcf9f,Crystal Palace FC,Nottingham Forest FC,78,78,76,76,1.0,1.0,1.0,0.2,0.8,2.6,1.3675,2.04196,3.0,0.6,1.2,1.6,1.4747400000000002,1.8178,6.0,0.6,0.9,2.2,1.6875900000000001,1.7954899999999998,16.0,1.6,2.2,1.1,1.50631,1.54579,1.2,1.8,1.90318,1.85092,3.0,1.2,1.71812,2.0079599999999997,43.75,43.0625,0,0,18.0,14.0,0.0,0.5,0.0,1.0,0.6318631863186318,1.5445544554455446,1.5445544554455446,0.7722772277227723,4.0,0.0,0.75,1.75,,,,,0.0,
af7b9e79-fea7-4be0-9672-8d59ee950147,d234be49-3fd6-49ab-9c35-2210e7bac2b3,2026,6,6,2026-10-11T13:00:00+00:00,f7968242-f357-4da3-84bc-b49a6f3af9fe,60cb8be0-9c1e-4019-8b60-fd9ac2aa9f2d,Hull City AFC,Everton FC,2,78,0,76,0.0,1.0,6.0,3.0,1.5,0.0,1.4231500000000001,1.5643500000000001,5.0,1.0,1.2,1.4,1.29878,1.91182,6.0,3.0,1.5,0.0,1.4231500000000001,1.5643500000000001,10.0,1.0,1.6,1.6,1.37879,1.78095,2.0,0.0,1.4963,1.7787,1.2,1.6,1.28118,2.02858,42.958333333333336,42.958333333333336,0,0,3.0,7.0,3.0,2.0,6.0,4.0,1.053105310531053,0.0,1.1233123312331232,1.1233123312331232,0.0,0.0,0.0,0.0,,,,,0.0,
aecc9bfc-f29a-4c7c-a330-7d9b1e5abd56,a7231243-dec5-4170-9826-c7a3f9aaefd7,2026,6,6,2026-10-11T15:30:00+00:00,54ed0f97-ad19-421c-a5c2-9b9d3fcbc72d,33d2f100-682f-4a5e-9aa3-5cc57e1e8571,Liverpool FC,Manchester City FC,78,78,76,76,1.0,1.0,4.0,0.8,1.6,2.0,1.9297799999999998,1.50558,10.0,2.0,2.2,1.0,1.68626,1.3282,13.0,1.3,1.8,1.7,1.6482800000000002,1.86113,23.0,2.3,2.3,0.9,2.26553,1.3481100000000001,1.8,1.0,1.6865999999999999,1.4054600000000002,2.4,1.0,1.97072,1.38908,43.166666666666664,43.854166666666664,0,0,13.0,1.0,1.0,3.0,2.0,6.0,1.2637263726372636,1.1935193519351934,1.6147614761476146,0.6318631863186318,4.0,0.5,0.0,2.5,,,,,0.0,
9699e7db-7e39-40ce-b53d-79f4e887e2d5,7d1831d0-be27-44a4-a2b1-27242ed92cc0,2026,6,6,2026-10-12T19:00:00+00:00,d95bc61c-17e5-44b5-bdb9-ec10e55d1aea,c4045d6d-a715-4821-a800-cd9b505ad54b,Coventry City FC,Newcastle United FC,2,78,0,76,0.0,1.0,0.0,0.0,0.0,2.0,0.95415,1.6021,8.0,1.6,1.6,1.2,1.39426,1.7264399999999998,0.0,0.0,0.0,2.0,0.95415,1.6021,11.0,1.1,1.4,1.4,1.51213,2.0315000000000003,0.0,1.0,1.35,1.35,0.8,1.2,1.07698,1.66432,44.208333333333336,44.104166666666664,0,0,17.0,6.0,0.0,2.0,0.0,4.0,0.0,1.404140414041404,0.9828982898289828,0.9828982898289828,0.0,0.0,0.0,0.0,,,,,0.0,
14e10f0b-b3dd-4978-9a81-a6d14b49c1bc,9056fadb-aaf2-4bb6-bcfc-f9929590497e,2026,7,7,2026-10-17T11:30:00+00:00,60cb8be0-9c1e-4019-8b60-fd9ac2aa9f2d,1cb320b2-b42f-4131-8f5f-ef42e7f82540,Everton FC,Chelsea FC,78,78,76,76,1.0,1.0,5.0,1.0,1.2,1.4,1.29878,1.91182,10.0,2.0,2.2,1.8,1.3089,1.57474,10.0,1.0,1.6,1.6,1.37879,1.78095,10.0,1.0,1.2,2.2,1.28673,1.6991399999999999,2.0,1.6,1.4764,1.53332,1.0,2.2,1.15024,1.6669,48.895833333333336,47.9375,0,0,7.0,4.0,2.0,3.0,4.0,6.0,1.1233123312331232,1.1233123312331232,0.8424842484248424,1.5445544554455446,4.0,0.25,0.25,1.5,,,,,0.0,
ceb3c882-a0a8-462f-9671-1647e0defcab,374c051f-bb92-4060-9818-34d863cbc52c,2026,7,7,2026-10-17T14:00:00+00:00,66a313d1-2e21-49ad-a1c7-6f04cae6be69,54ed0f97-ad19-421c-a5c2-9b9d3fcbc72d,Brentford FC,Liverpool FC,78,78,76,76,1.0,1.0,6.0,1.2,1.4,1.4,1.8135999999999999,2.25948,4.0,0.8,1.6,2.0,1.9297799999999998,1.50558,12.0,1.2,1.3,1.1,1.7546199999999998,1.66781,13.0,1.3,1.8,1.7,1.6482800000000002,1.86113,2.0,0.8,2.49188,1.1387800000000001,1.8,2.4,1.6099599999999998,2.3167999999999997,48.041666666666664,49.104166666666664,0,0,5.0,13.0,2.0,1.0,4.0,2.0,0.9126912691269127,0.7722772277227723,1.2637263726372636,1.1935193519351934,4.0,0.25,0.25,2.75,,,,,0.0,
b29a5192-22d3-407c-aa00-b8ecd5650360,59fe5f41-957d-4377-a4fd-b5e448a33d18,2026,7,7,2026-10-17T14:00:00+00:00,33d2f100-682f-4a5e-9aa3-5cc57e1e8571,67d3236c-6589-4978-b178-f6dcf50166d4,Manchester City FC,Ipswich Town FC,78,40,76,38,1.0,1.0,10.0,2.0,2.2,1.0,1.68626,1.3282,3.0,0.6,1.0,2.4,1.18292,1.12082,23.0,2.3,2.3,0.9,2.26553,1.3481100000000001,5.0,0.5,1.0,2.5,0.98536,1.9058800000000002,2.2,0.8,2.56034,1.30714,1.2,2.8,1.11866,1.9940000000000002,49.791666666666664,47.9375,0,0,1.0,12.0,3.0,1.5,6.0,3.0,1.6147614761476146,0.6318631863186318,0.702070207020702,1.7551755175517552,2.0,1.0,0.0,5.5,,,,,0.0,
21f4f7ed-8e22-4686-8258-4df7f57e60b0,e61e542d-5cfb-4f5d-b5fe-a7ec4a4ac940,2026,7,7,2026-10-17T14:00:00+00:00,b552a1a6-4302-43ca-884c-0f91ac4f984b,f7968242-f357-4da3-84bc-b49a6f3af9fe,Fulham FC,Hull City AFC,78,2,76,0,1.0,0.0,4.0,0.8,1.0,1.2,1.44466,1.3342800000000001,6.0,3.0,1.5,0.0,1.4231500000000001,1.5643500000000001,11.0,1.1,0.9,1.2,1.4856,1.79445,6.0,3.0,1.5,0.0,1.4231500000000001,1.5643500000000001,1.6,1.0,1.82286,1.33118,1.0,0.0,1.35,1.35,48.041666666666664,49.0,0,0,16.0,3.0,0.0,3.0,0.0,6.0,0.6318631863186318,0.8424842484248424,1.053105310531053,0.0,0.0,0.0,0.0,0.0,,,,,0.0,
ceebff09-cfff-4cea-88dd-4ebfc0dc6186,8f88d3dc-abaf-4671-acf5-e05a79f274cd,2026,7,7,2026-10-17T16:30:00+00:00,c4045d6d-a715-4821-a800-cd9b505ad54b,f8f456e7-3e20-4803-ba4e-b1762a31812c,Newcastle United FC,Aston Villa FC,78,78,76,76,1.0,1.0,8.0,1.6,1.6,1.2,1.39426,1.7264399999999998,7.0,1.4,1.6,2.0,1.669,1.99936,11.0,1.1,1.4,1.4,1.51213,2.0315000000000003,14.0,1.4,1.6,1.7,1.76112,1.55305,2.0,1.6,1.94728,2.3986799999999997,1.0,1.8,1.3477999999999999,1.83754,49.0,46.895833333333336,0,0,6.0,20.0,2.0,0.0,4.0,0.0,0.9828982898289828,0.9828982898289828,1.1233123312331232,1.1935193519351934,4.0,0.25,0.25,2.5,,,,,0.0,
0bdfb75b-75b3-413b-aa98-197e4b2eadec,89cec556-1fc1-4b91-93d7-012575706414,2026,7,7,2026-10-18T13:00:00+00:00,6601a105-9986-4276-89bf-143cdf03198a,076f94c9-341e-4294-a86a-076741505170,AFC Bournemouth,Sunderland AFC,78,40,76,38,1.0,1.0,6.0,1.2,1.0,1.0,1.22144,1.6790800000000001,10.0,2.0,1.4,0.8,1.47598,1.14264,17.0,1.7,1.6,1.1,1.6844899999999998,1.68106,17.0,1.7,1.4,1.5,1.49207,1.5401900000000002,1.8,1.2,1.8082799999999999,1.25184,2.0,1.8,1.52238,2.00738,49.958333333333336,49.0,0,0,15.0,11.0,0.5,1.5,1.0,3.0,1.1233123312331232,0.7722772277227723,0.9828982898289828,1.053105310531053,2.0,0.0,0.5,3.5,,,,,0.0,
b885e61d-46dc-4869-a53b-32e90f2d2935,22403b5d-544b-430c-8377-c02f4a9e4c2b,2026,7,7,2026-10-18T13:00:00+00:00,fe8b4d06-9254-4fc8-a08f-90f242e51751,48fc005c-cbfc-4e4d-b7f1-459dce6cf940,Leeds United FC,Manchester United FC,40,78,38,76,1.0,1.0,8.0,1.6,0.8,1.0,1.2767,1.69218,10.0,2.0,2.2,1.2,2.05574,1.3261,19.0,1.9,1.4,0.9,1.66215,1.30455,20.0,2.0,2.0,1.3,1.82306,1.49613,1.6,0.4,1.6337199999999998,0.9775600000000001,1.2,0.8,1.36502,1.2968,49.0,48.895833333333336,0,0,8.0,10.0,2.0,1.5,4.0,3.0,0.9828982898289828,0.6318631863186318,1.404140414041404,0.9126912691269127,2.0,0.5,0.5,2.5,,,,,0.0,
4f2062bc-7bdc-4a4a-bbfb-f87c8d053d0d,209e4f3f-15fc-4942-ae36-e21c4968fa54,2026,7,7,2026-10-18T13:00:00+00:00,db14882b-951f-4db5-860b-4ca2b8583311,74bd08fa-27db-4bb0-8490-f57f6ed6b8e9,Brighton & Hove Albion FC,Crystal Palace FC,78,78,76,76,1.0,1.0,6.0,1.2,2.0,1.6,2.1024800000000003,1.04346,1.0,0.2,0.8,2.6,1.3675,2.04196,16.0,1.6,2.0,1.4,2.054,1.19738,6.0,0.6,0.9,2.2,1.6875900000000001,1.7954899999999998,2.4,0.8,2.5754799999999998,0.8748400000000001,0.6,2.6,1.472,1.7400600000000002,49.0,50.75,0,0,9.0,18.0,1.5,0.0,3.0,0.0,1.404140414041404,0.9828982898289828,0.6318631863186318,1.5445544554455446,4.0,0.0,0.25,2.0,,,,,0.0,
e446e449-4209-410c-b3c0-19557d1ca484,a80ebfb4-1153-43c2-b4e9-3b722bff95d3,2026,7,7,2026-10-18T15:30:00+00:00,5421e81a-b7dd-48b1-9982-42644e8dcf9f,ead1bc2e-8799-410a-a809-66a274bbab2c,Nottingham Forest FC,Arsenal FC,78,78,76,76,1.0,1.0,3.0,0.6,1.2,1.6,1.4747400000000002,1.8178,15.0,3.0,1.6,0.2,1.95344,0.8856400000000001,16.0,1.6,2.2,1.1,1.50631,1.54579,24.0,2.4,1.6,0.5,2.1858899999999997,1.11822,1.4,1.0,1.2945,1.08362,1.2,0.6,1.8980799999999998,1.4419,50.166666666666664,47.854166666666664,0,0,14.0,2.0,0.5,3.0,1.0,6.0,1.5445544554455446,0.7722772277227723,1.1233123312331232,0.351035103510351,4.0,0.0,0.5,1.5,,,,,0.0,
eab31fef-8b11-4df9-8009-ff01d1866f3d,ac3a2061-e419-421a-94bf-6425f6321992,2026,7,7,2026-10-19T19:00:00+00:00,c23d6b7a-dfaf-44a3-b016-1feb2dddec44,d95bc61c-17e5-44b5-bdb9-ec10e55d1aea,Tottenham Hotspur FC,Coventry City FC,78,2,76,0,1.0,0.0,4.0,0.8,0.6,1.6,1.4309999999999998,1.7245000000000001,0.0,0.0,0.0,2.0,0.95415,1.6021,11.0,1.1,0.8,1.5,1.35367,1.44519,0.0,0.0,0.0,2.0,0.95415,1.6021,0.8,1.6,1.48516,1.23394,0.0,3.0,0.5583,1.8542,51.104166666666664,51.208333333333336,0,0,19.0,17.0,0.0,0.0,0.0,0.0,0.5616561656165616,1.053105310531053,0.0,1.404140414041404,0.0,0.0,0.0,0.0,,,,,0.0,
fd6be6ec-259e-4ccd-8a8f-7d3b9e69d5e3,ce4318cc-b4ef-4372-a1d3-eafd85cdab3d,2026,8,8,2026-10-23T19:00:00+00:00,67d3236c-6589-4978-b178-f6dcf50166d4,5421e81a-b7dd-48b1-9982-42644e8dcf9f,Ipswich Town FC,Nottingham Forest FC,40,78,38,76,1.0,1.0,3.0,0.6,1.0,2.4,1.18292,1.12082,3.0,0.6,1.2,1.6,1.4747400000000002,1.8178,5.0,0.5,1.0,2.5,0.98536,1.9058800000000002,16.0,1.6,2.2,1.1,1.50631,1.54579,0.8,2.2,0.85206,1.8177600000000003,3.0,1.2,1.71812,2.0079599999999997,54.145833333333336,55.3125,0,0,12.0,14.0,1.5,0.5,3.0,1.0,0.702070207020702,1.7551755175517552,1.5445544554455446,0.7722772277227723,2.0,0.0,0.0,3.5,,,,,0.0,
d434f458-1e37-48c7-b450-313f7597efff,6e80d753-78fe-4a70-a387-dafb986b97ee,2026,8,8,2026-10-24T11:30:00+00:00,f8f456e7-3e20-4803-ba4e-b1762a31812c,33d2f100-682f-4a5e-9aa3-5cc57e1e8571,Aston Villa FC,Manchester City FC,78,78,76,76,1.0,1.0,7.0,1.4,1.6,2.0,1.669,1.99936,10.0,2.0,2.2,1.0,1.68626,1.3282,14.0,1.4,1.6,1.7,1.76112,1.55305,23.0,2.3,2.3,0.9,2.26553,1.3481100000000001,2.2,1.6,2.1744399999999997,1.2685600000000001,2.4,1.0,1.97072,1.38908,53.6875,56.6875,0,0,20.0,1.0,0.0,3.0,0.0,6.0,1.1233123312331232,1.1935193519351934,1.6147614761476146,0.6318631863186318,4.0,0.75,0.0,2.5,,,,,0.0,
f56bf77b-26a1-411d-b104-4740fe8c5212,4ae80742-fcc6-4e2e-b70f-c0dd3b2f6c67,2026,8,8,2026-10-24T14:00:00+00:00,54ed0f97-ad19-421c-a5c2-9b9d3fcbc72d,db14882b-951f-4db5-860b-4ca2b8583311,Liverpool FC,Brighton & Hove Albion FC,78,78,76,76,1.0,1.0,4.0,0.8,1.6,2.0,1.9297799999999998,1.50558,6.0,1.2,2.0,1.6,2.1024800000000003,1.04346,13.0,1.3,1.8,1.7,1.6482800000000002,1.86113,16.0,1.6,2.0,1.4,2.054,1.19738,1.8,1.0,1.6865999999999999,1.4054600000000002,1.6,2.0,1.53252,1.5199200000000002,56.104166666666664,55.041666666666664,0,0,13.0,9.0,1.0,1.5,2.0,3.0,1.2637263726372636,1.1935193519351934,1.404140414041404,0.9828982898289828,4.0,0.5,0.0,3.25,,,,,0.0,
18c2968d-9b03-485c-a672-b36a47f0fe2c,6cb66327-831a-4d2f-aef1-e7f719ce1b00,2026,8,8,2026-10-24T14:00:00+00:00,ead1bc2e-8799-410a-a809-66a274bbab2c,60cb8be0-9c1e-4019-8b60-fd9ac2aa9f2d,Arsenal FC,Everton FC,78,78,76,76,1.0,1.0,15.0,3.0,1.6,0.2,1.95344,0.8856400000000001,5.0,1.0,1.2,1.4,1.29878,1.91182,24.0,2.4,1.6,0.5,2.1858899999999997,1.11822,10.0,1.0,1.6,1.6,1.37879,1.78095,1.8,0.4,2.19494,0.74268,1.2,1.6,1.28118,2.02858,53.791666666666664,56.0,0,0,2.0,7.0,3.0,2.0,6.0,4.0,1.1233123312331232,0.351035103510351,1.1233123312331232,1.1233123312331232,4.0,0.5,0.5,1.25,,,,,0.0,
9eacf7c3-a329-4db9-9f9e-a2d187e98bc5,dd4a74cc-6a4f-412a-a5ce-9c2eddb9c26e,2026,8,8,2026-10-24T14:00:00+00:00,d95bc61c-17e5-44b5-bdb9-ec10e55d1aea,b552a1a6-4302-43ca-884c-0f91ac4f984b,Coventry City FC,Fulham FC,2,78,0,76,0.0,1.0,0.0,0.0,0.0,2.0,0.95415,1.6021,4.0,0.8,1.0,1.2,1.44466,1.3342800000000001,0.0,0.0,0.0,2.0,0.95415,1.6021,11.0,1.1,0.9,1.2,1.4856,1.79445,0.0,1.0,1.35,1.35,0.2,1.4,1.14834,2.25772,56.0,55.041666666666664,0,0,17.0,16.0,0.0,0.0,0.0,0.0,0.0,1.404140414041404,0.6318631863186318,0.8424842484248424,0.0,0.0,0.0,0.0,,,,,0.0,
9efe2566-8833-49dd-ae93-7e3801d55356,8c26542f-0138-48f1-b528-307cc67dbfd5,2026,8,8,2026-10-24T16:30:00+00:00,1cb320b2-b42f-4131-8f5f-ef42e7f82540,c23d6b7a-dfaf-44a3-b016-1feb2dddec44,Chelsea FC,Tottenham Hotspur FC,78,78,76,76,1.0,1.0,10.0,2.0,2.2,1.8,1.3089,1.57474,4.0,0.8,0.6,1.6,1.4309999999999998,1.7245000000000001,10.0,1.0,1.2,2.2,1.28673,1.6991399999999999,11.0,1.1,0.8,1.5,1.35367,1.44519,1.4,2.2,1.4232200000000002,1.7313800000000001,0.8,1.4,1.22218,1.65644,55.145833333333336,56.0,0,0,4.0,19.0,3.0,0.0,6.0,0.0,0.8424842484248424,1.5445544554455446,0.5616561656165616,1.053105310531053,4.0,1.0,0.0,3.0,,,,,0.0,
fe749904-ca5c-4d12-a084-bfea0403a353,09c31262-2db5-4d5a-a2b3-a5c432cbb1e5,2026,8,8,2026-10-25T14:00:00+00:00,74bd08fa-27db-4bb0-8490-f57f6ed6b8e9,c4045d6d-a715-4821-a800-cd9b505ad54b,Crystal Palace FC,Newcastle United FC,78,78,76,76,1.0,1.0,1.0,0.2,0.8,2.6,1.3675,2.04196,8.0,1.6,1.6,1.2,1.39426,1.7264399999999998,6.0,0.6,0.9,2.2,1.6875900000000001,1.7954899999999998,11.0,1.1,1.4,1.4,1.51213,2.0315000000000003,1.2,1.8,1.90318,1.85092,0.8,1.2,1.07698,1.66432,57.791666666666664,56.895833333333336,0,0,18.0,6.0,0.0,2.0,0.0,4.0,0.6318631863186318,1.5445544554455446,0.9828982898289828,0.9828982898289828,4.0,0.25,0.25,3.0,,,,,0.0,
51e2e41c-8e3e-4dea-909d-0308fefc4a0a,d9eb32ad-d4a3-42e8-8bd7-c057cb35da25,2026,8,8,2026-10-25T14:00:00+00:00,48fc005c-cbfc-4e4d-b7f1-459dce6cf940,6601a105-9986-4276-89bf-143cdf03198a,Manchester United FC,AFC Bournemouth,78,78,76,76,1.0,1.0,10.0,2.0,2.2,1.2,2.05574,1.3261,6.0,1.2,1.0,1.0,1.22144,1.6790800000000001,20.0,2.0,2.0,1.3,1.82306,1.49613,17.0,1.7,1.6,1.1,1.6844899999999998,1.68106,2.8,1.8,2.2811,1.69546,1.4,1.0,1.5607,2.1102800000000004,55.9375,57.0,0,0,10.0,15.0,1.5,0.5,3.0,1.0,1.404140414041404,0.9126912691269127,1.1233123312331232,0.7722772277227723,4.0,0.0,0.75,4.25,,,,,0.0,
5f2cf970-446f-443b-8daa-4a4ae9d08edd,55f1763f-6cd5-45ab-a821-724950469ed7,2026,8,8,2026-10-25T14:00:00+00:00,f7968242-f357-4da3-84bc-b49a6f3af9fe,66a313d1-2e21-49ad-a1c7-6f04cae6be69,Hull City AFC,Brentford FC,2,78,0,76,0.0,1.0,6.0,3.0,1.5,0.0,1.4231500000000001,1.5643500000000001,6.0,1.2,1.4,1.4,1.8135999999999999,2.25948,6.0,3.0,1.5,0.0,1.4231500000000001,1.5643500000000001,12.0,1.2,1.3,1.1,1.7546199999999998,1.66781,2.0,0.0,1.4963,1.7787,0.6,1.4,1.01736,2.19684,57.0,56.041666666666664,0,0,3.0,5.0,3.0,2.0,6.0,4.0,1.053105310531053,0.0,0.9126912691269127,0.7722772277227723,0.0,0.0,0.0,0.0,,,,,0.0,
d7e04283-299d-4882-9321-c2f619276970,2f2e9be9-8274-4e0e-91f7-f7979915aa85,2026,8,8,2026-10-25T16:30:00+00:00,076f94c9-341e-4294-a86a-076741505170,fe8b4d06-9254-4fc8-a08f-90f242e51751,Sunderland AFC,Leeds United FC,40,40,38,38,1.0,1.0,10.0,2.0,1.4,0.8,1.47598,1.14264,8.0,1.6,0.8,1.0,1.2767,1.69218,17.0,1.7,1.4,1.5,1.49207,1.5401900000000002,19.0,1.9,1.4,0.9,1.66215,1.30455,0.8,1.2,1.4617600000000002,1.073,1.2,1.4,1.69058,1.63154,56.145833333333336,56.145833333333336,0,0,11.0,8.0,1.5,2.0,3.0,4.0,0.9828982898289828,1.053105310531053,0.9828982898289828,0.6318631863186318,2.0,0.5,0.5,1.5,,,,,0.0,
0be32fbd-9a9d-48bf-bbfc-5442b808f782,91591ebc-9a7c-46c2-beca-d107d6ecb47a,2026,9,9,2026-10-31T12:30:00+00:00,1cb320b2-b42f-4131-8f5f-ef42e7f82540,48fc005c-cbfc-4e4d-b7f1-459dce6cf940,Chelsea FC,Manchester United FC,78,78,76,76,1.0,1.0,10.0,2.0,2.2,1.8,1.3089,1.57474,10.0,2.0,2.2,1.2,2.05574,1.3261,10.0,1.0,1.2,2.2,1.28673,1.6991399999999999,20.0,2.0,2.0,1.3,1.82306,1.49613,1.4,2.2,1.4232200000000002,1.7313800000000001,1.2,0.8,1.36502,1.2968,61.979166666666664,61.875,0,0,4.0,10.0,3.0,1.5,6.0,3.0,0.8424842484248424,1.5445544554455446,1.404140414041404,0.9126912691269127,4.0,0.25,0.25,1.75,,,,,0.0,
3dd5104b-6850-4285-a163-cd968c6735bf,3089735a-7a57-48f8-857e-89d9f27271ce,2026,9,9,2026-10-31T15:00:00+00:00,66a313d1-2e21-49ad-a1c7-6f04cae6be69,5421e81a-b7dd-48b1-9982-42644e8dcf9f,Brentford FC,Nottingham Forest FC,78,78,76,76,1.0,1.0,6.0,1.2,1.4,1.4,1.8135999999999999,2.25948,3.0,0.6,1.2,1.6,1.4747400000000002,1.8178,12.0,1.2,1.3,1.1,1.7546199999999998,1.66781,16.0,1.6,2.2,1.1,1.50631,1.54579,2.0,0.8,2.49188,1.1387800000000001,3.0,1.2,1.71812,2.0079599999999997,62.083333333333336,63.145833333333336,0,0,5.0,14.0,2.0,0.5,4.0,1.0,0.9126912691269127,0.7722772277227723,1.5445544554455446,0.7722772277227723,4.0,0.25,0.0,2.5,,,,,0.0,
dd7f872b-cd4b-439a-9860-21e6d8285e24,983c7e41-b3f8-4e17-8104-96511b66ba50,2026,9,9,2026-10-31T15:00:00+00:00,33d2f100-682f-4a5e-9aa3-5cc57e1e8571,db14882b-951f-4db5-860b-4ca2b8583311,Manchester City FC,Brighton & Hove Albion FC,78,78,76,76,1.0,1.0,10.0,2.0,2.2,1.0,1.68626,1.3282,6.0,1.2,2.0,1.6,2.1024800000000003,1.04346,23.0,2.3,2.3,0.9,2.26553,1.3481100000000001,16.0,1.6,2.0,1.4,2.054,1.19738,2.2,0.8,2.56034,1.30714,1.6,2.0,1.53252,1.5199200000000002,63.833333333333336,62.083333333333336,0,0,1.0,9.0,3.0,1.5,6.0,3.0,1.6147614761476146,0.6318631863186318,1.404140414041404,0.9828982898289828,4.0,0.0,0.5,3.0,,,,,0.0,
e2a2ff91-7c89-4934-a56e-e3184c621493,cd079c3d-2b94-4e0f-b837-208992d3640a,2026,9,9,2026-10-31T15:00:00+00:00,6601a105-9986-4276-89bf-143cdf03198a,fe8b4d06-9254-4fc8-a08f-90f242e51751,AFC Bournemouth,Leeds United FC,78,40,76,38,1.0,1.0,6.0,1.2,1.0,1.0,1.22144,1.6790800000000001,8.0,1.6,0.8,1.0,1.2767,1.69218,17.0,1.7,1.6,1.1,1.6844899999999998,1.68106,19.0,1.9,1.4,0.9,1.66215,1.30455,1.8,1.2,1.8082799999999999,1.25184,1.2,1.4,1.69058,1.63154,63.041666666666664,62.083333333333336,0,0,15.0,8.0,0.5,2.0,1.0,4.0,1.1233123312331232,0.7722772277227723,0.9828982898289828,0.6318631863186318,2.0,0.0,1.0,4.0,,,,,0.0,
89c8ea46-394d-4ea1-a116-68d1cbe13586,03192686-433c-4087-8cfd-66791188c2be,2026,9,9,2026-10-31T15:00:00+00:00,d95bc61c-17e5-44b5-bdb9-ec10e55d1aea,076f94c9-341e-4294-a86a-076741505170,Coventry City FC,Sunderland AFC,2,40,0,38,0.0,1.0,0.0,0.0,0.0,2.0,0.95415,1.6021,10.0,2.0,1.4,0.8,1.47598,1.14264,0.0,0.0,0.0,2.0,0.95415,1.6021,17.0,1.7,1.4,1.5,1.49207,1.5401900000000002,0.0,1.0,1.35,1.35,2.0,1.8,1.52238,2.00738,63.041666666666664,62.083333333333336,0,0,17.0,11.0,0.0,1.5,0.0,3.0,0.0,1.404140414041404,0.9828982898289828,1.053105310531053,0.0,0.0,0.0,0.0,,,,,0.0,
452238b9-cee9-4b3a-9fd7-9b4e76132c24,20f3e19a-8c1b-4630-ad18-1ac995543b3a,2026,9,9,2026-10-31T15:00:00+00:00,f7968242-f357-4da3-84bc-b49a6f3af9fe,67d3236c-6589-4978-b178-f6dcf50166d4,Hull City AFC,Ipswich Town FC,2,40,0,38,0.0,1.0,6.0,3.0,1.5,0.0,1.4231500000000001,1.5643500000000001,3.0,0.6,1.0,2.4,1.18292,1.12082,6.0,3.0,1.5,0.0,1.4231500000000001,1.5643500000000001,5.0,0.5,1.0,2.5,0.98536,1.9058800000000002,2.0,0.0,1.4963,1.7787,1.2,2.8,1.11866,1.9940000000000002,63.041666666666664,61.979166666666664,0,0,3.0,12.0,3.0,1.5,6.0,3.0,1.053105310531053,0.0,0.702070207020702,1.7551755175517552,0.0,0.0,0.0,0.0,,,,,0.0,
db87456a-68bf-40a8-b910-f1731e321f64,ef2ed723-97f5-4875-b493-24769e6dfba7,2026,9,9,2026-10-31T17:30:00+00:00,c23d6b7a-dfaf-44a3-b016-1feb2dddec44,74bd08fa-27db-4bb0-8490-f57f6ed6b8e9,Tottenham Hotspur FC,Crystal Palace FC,78,78,76,76,1.0,1.0,4.0,0.8,0.6,1.6,1.4309999999999998,1.7245000000000001,1.0,0.2,0.8,2.6,1.3675,2.04196,11.0,1.1,0.8,1.5,1.35367,1.44519,6.0,0.6,0.9,2.2,1.6875900000000001,1.7954899999999998,0.8,1.6,1.48516,1.23394,0.6,2.6,1.472,1.7400600000000002,63.041666666666664,63.9375,0,0,19.0,18.0,0.0,0.0,0.0,0.0,0.5616561656165616,1.053105310531053,0.6318631863186318,1.5445544554455446,4.0,0.25,0.0,2.0,,,,,0.0,
5d4edb01-c001-48a5-941e-d47610efbb7a,31a3b977-52e4-440c-938f-4559b97b68f1,2026,9,9,2026-11-01T14:00:00+00:00,f8f456e7-3e20-4803-ba4e-b1762a31812c,b552a1a6-4302-43ca-884c-0f91ac4f984b,Aston Villa FC,Fulham FC,78,78,76,76,1.0,1.0,7.0,1.4,1.6,2.0,1.669,1.99936,4.0,0.8,1.0,1.2,1.44466,1.3342800000000001,14.0,1.4,1.6,1.7,1.76112,1.55305,11.0,1.1,0.9,1.2,1.4856,1.79445,2.2,1.6,2.1744399999999997,1.2685600000000001,0.2,1.4,1.14834,2.25772,61.791666666666664,63.041666666666664,0,0,20.0,16.0,0.0,0.0,0.0,0.0,1.1233123312331232,1.1935193519351934,0.6318631863186318,0.8424842484248424,4.0,0.75,0.0,2.5,,,,,0.0,
1fded91b-3979-459a-a717-b52ebc415415,a926f630-ff78-4b66-96c1-cbf6b9918720,2026,9,9,2026-11-01T16:30:00+00:00,54ed0f97-ad19-421c-a5c2-9b9d3fcbc72d,ead1bc2e-8799-410a-a809-66a274bbab2c,Liverpool FC,Arsenal FC,78,78,76,76,1.0,1.0,4.0,0.8,1.6,2.0,1.9297799999999998,1.50558,15.0,3.0,1.6,0.2,1.95344,0.8856400000000001,13.0,1.3,1.8,1.7,1.6482800000000002,1.86113,24.0,2.4,1.6,0.5,2.1858899999999997,1.11822,1.8,1.0,1.6865999999999999,1.4054600000000002,1.2,0.6,1.8980799999999998,1.4419,64.20833333333333,61.895833333333336,0,0,13.0,2.0,1.0,3.0,2.0,6.0,1.2637263726372636,1.1935193519351934,1.1233123312331232,0.351035103510351,4.0,0.25,0.75,2.25,,,,,0.0,
83fa0f06-809d-4524-9f15-e0dd48de596a,a8af6fb4-90b9-4f39-8b23-4bb07eb04833,2026,9,9,2026-11-02T20:00:00+00:00,c4045d6d-a715-4821-a800-cd9b505ad54b,60cb8be0-9c1e-4019-8b60-fd9ac2aa9f2d,Newcastle United FC,Everton FC,78,78,76,76,1.0,1.0,8.0,1.6,1.6,1.2,1.39426,1.7264399999999998,5.0,1.0,1.2,1.4,1.29878,1.91182,11.0,1.1,1.4,1.4,1.51213,2.0315000000000003,10.0,1.0,1.6,1.6,1.37879,1.78095,2.0,1.6,1.94728,2.3986799999999997,1.2,1.6,1.28118,2.02858,65.14583333333333,65.25,0,0,6.0,7.0,2.0,2.0,4.0,4.0,0.9828982898289828,0.9828982898289828,1.1233123312331232,1.1233123312331232,4.0,0.25,0.25,2.75,,,,,0.0,
698c4d9a-cfc9-4ae7-9f37-839cdcd6f9b7,f65787fb-3c99-4735-8116-6513cac3620c,2026,10,10,2026-11-07T15:00:00+00:00,74bd08fa-27db-4bb0-8490-f57f6ed6b8e9,54ed0f97-ad19-421c-a5c2-9b9d3fcbc72d,Crystal Palace FC,Liverpool FC,78,78,76,76,1.0,1.0,1.0,0.2,0.8,2.6,1.3675,2.04196,4.0,0.8,1.6,2.0,1.9297799999999998,1.50558,6.0,0.6,0.9,2.2,1.6875900000000001,1.7954899999999998,13.0,1.3,1.8,1.7,1.6482800000000002,1.86113,1.2,1.8,1.90318,1.85092,1.8,2.4,1.6099599999999998,2.3167999999999997,70.83333333333333,70.14583333333333,0,0,18.0,13.0,0.0,1.0,0.0,2.0,0.6318631863186318,1.5445544554455446,1.2637263726372636,1.1935193519351934,4.0,0.25,0.25,2.5,,,,,0.0,
cc8342c3-d184-44c3-8251-f1b4b8292298,24dcd167-1e02-46ed-aedf-591b6e5ca03b,2026,10,10,2026-11-07T15:00:00+00:00,5421e81a-b7dd-48b1-9982-42644e8dcf9f,33d2f100-682f-4a5e-9aa3-5cc57e1e8571,Nottingham Forest FC,Manchester City FC,78,78,76,76,1.0,1.0,3.0,0.6,1.2,1.6,1.4747400000000002,1.8178,10.0,2.0,2.2,1.0,1.68626,1.3282,16.0,1.6,2.2,1.1,1.50631,1.54579,23.0,2.3,2.3,0.9,2.26553,1.3481100000000001,1.4,1.0,1.2945,1.08362,2.4,1.0,1.97072,1.38908,70.14583333333333,70.83333333333333,0,0,14.0,1.0,0.5,3.0,1.0,6.0,1.5445544554455446,0.7722772277227723,1.6147614761476146,0.6318631863186318,4.0,0.25,0.25,2.75,,,,,0.0,
14af3598-d9cb-40bb-aa11-699b247adbf5,5977d4a7-5742-4c75-8e36-7d4452078350,2026,10,10,2026-11-07T15:00:00+00:00,fe8b4d06-9254-4fc8-a08f-90f242e51751,c23d6b7a-dfaf-44a3-b016-1feb2dddec44,Leeds United FC,Tottenham Hotspur FC,40,78,38,76,1.0,1.0,8.0,1.6,0.8,1.0,1.2767,1.69218,4.0,0.8,0.6,1.6,1.4309999999999998,1.7245000000000001,19.0,1.9,1.4,0.9,1.66215,1.30455,11.0,1.1,0.8,1.5,1.35367,1.44519,1.6,0.4,1.6337199999999998,0.9775600000000001,0.8,1.4,1.22218,1.65644,69.08333333333333,69.9375,0,0,8.0,19.0,2.0,0.0,4.0,0.0,0.9828982898289828,0.6318631863186318,0.5616561656165616,1.053105310531053,2.0,0.0,0.5,2.5,,,,,0.0,
73ceb0d9-02da-4658-925b-d8a6f0549f93,777983c6-d76a-4bca-b10f-40ddf9136d1b,2026,10,10,2026-11-07T15:00:00+00:00,b552a1a6-4302-43ca-884c-0f91ac4f984b,c4045d6d-a715-4821-a800-cd9b505ad54b,Fulham FC,Newcastle United FC,78,78,76,76,1.0,1.0,4.0,0.8,1.0,1.2,1.44466,1.3342800000000001,8.0,1.6,1.6,1.2,1.39426,1.7264399999999998,11.0,1.1,0.9,1.2,1.4856,1.79445,11.0,1.1,1.4,1.4,1.51213,2.0315000000000003,1.6,1.0,1.82286,1.33118,0.8,1.2,1.07698,1.66432,69.08333333333333,69.9375,0,0,16.0,6.0,0.0,2.0,0.0,4.0,0.6318631863186318,0.8424842484248424,0.9828982898289828,0.9828982898289828,4.0,0.75,0.0,3.0,,,,,0.0,
1cedc1ad-9efb-49ac-a861-2b099bb63abe,0e117808-5ac5-4279-ba09-6143bbe3f5cf,2026,10,10,2026-11-07T15:00:00+00:00,076f94c9-341e-4294-a86a-076741505170,1cb320b2-b42f-4131-8f5f-ef42e7f82540,Sunderland AFC,Chelsea FC,40,78,38,76,1.0,1.0,10.0,2.0,1.4,0.8,1.47598,1.14264,10.0,2.0,2.2,1.8,1.3089,1.57474,17.0,1.7,1.4,1.5,1.49207,1.5401900000000002,10.0,1.0,1.2,2.2,1.28673,1.6991399999999999,0.8,1.2,1.4617600000000002,1.073,1.0,2.2,1.15024,1.6669,69.08333333333333,69.08333333333333,0,0,11.0,4.0,1.5,3.0,3.0,6.0,0.9828982898289828,1.053105310531053,0.8424842484248424,1.5445544554455446,2.0,1.0,0.0,3.0,,,,,0.0,
6c4521b5-8f30-4c3b-a858-d695fcd41e22,f9e96cd5-a4ac-4dfc-b190-5a5b737f9155,2026,10,10,2026-11-07T15:00:00+00:00,67d3236c-6589-4978-b178-f6dcf50166d4,6601a105-9986-4276-89bf-143cdf03198a,Ipswich Town FC,AFC Bournemouth,40,78,38,76,1.0,1.0,3.0,0.6,1.0,2.4,1.18292,1.12082,6.0,1.2,1.0,1.0,1.22144,1.6790800000000001,5.0,0.5,1.0,2.5,0.98536,1.9058800000000002,17.0,1.7,1.6,1.1,1.6844899999999998,1.68106,0.8,2.2,0.85206,1.8177600000000003,1.4,1.0,1.5607,2.1102800000000004,68.97916666666667,70.04166666666667,0,0,12.0,15.0,1.5,0.5,3.0,1.0,0.702070207020702,1.7551755175517552,1.1233123312331232,0.7722772277227723,2.0,0.5,0.0,3.0,,,,,0.0,
ebb70938-e1e2-4ec0-8544-b86c8e6ffd4a,3c3ec040-9481-4abe-9d31-d5c7f9c67bc1,2026,10,10,2026-11-07T15:00:00+00:00,db14882b-951f-4db5-860b-4ca2b8583311,66a313d1-2e21-49ad-a1c7-6f04cae6be69,Brighton & Hove Albion FC,Brentford FC,78,78,76,76,1.0,1.0,6.0,1.2,2.0,1.6,2.1024800000000003,1.04346,6.0,1.2,1.4,1.4,1.8135999999999999,2.25948,16.0,1.6,2.0,1.4,2.054,1.19738,12.0,1.2,1.3,1.1,1.7546199999999998,1.66781,2.4,0.8,2.5754799999999998,0.8748400000000001,0.6,1.4,1.01736,2.19684,69.08333333333333,69.08333333333333,0,0,9.0,5.0,1.5,2.0,3.0,4.0,1.404140414041404,0.9828982898289828,0.9126912691269127,0.7722772277227723,4.0,0.5,0.25,2.75,,,,,0.0,
07df5b4b-159e-4c67-aa66-90738c61b108,0685c3cd-63a3-4fcc-acb3-55b76d981a5e,2026,10,10,2026-11-07T15:00:00+00:00,48fc005c-cbfc-4e4d-b7f1-459dce6cf940,f8f456e7-3e20-4803-ba4e-b1762a31812c,Manchester United FC,Aston Villa FC,78,78,76,76,1.0,1.0,10.0,2.0,2.2,1.2,2.05574,1.3261,7.0,1.4,1.6,2.0,1.669,1.99936,20.0,2.0,2.0,1.3,1.82306,1.49613,14.0,1.4,1.6,1.7,1.76112,1.55305,2.8,1.8,2.2811,1.69546,1.0,1.8,1.3477999999999999,1.83754,68.97916666666667,67.83333333333333,0,0,10.0,20.0,1.5,0.0,3.0,0.0,1.404140414041404,0.9126912691269127,1.1233123312331232,1.1935193519351934,4.0,0.5,0.25,2.25,,,,,0.0,
79cd7aad-8ec4-4fad-98b2-29949ae0236d,7c3ea4ac-183f-4ae1-8f8a-5f164870c151,2026,10,10,2026-11-07T15:00:00+00:00,ead1bc2e-8799-410a-a809-66a274bbab2c,f7968242-f357-4da3-84bc-b49a6f3af9fe,Arsenal FC,Hull City AFC,78,2,76,0,1.0,0.0,15.0,3.0,1.6,0.2,1.95344,0.8856400000000001,6.0,3.0,1.5,0.0,1.4231500000000001,1.5643500000000001,24.0,2.4,1.6,0.5,2.1858899999999997,1.11822,6.0,3.0,1.5,0.0,1.4231500000000001,1.5643500000000001,1.8,0.4,2.19494,0.74268,1.0,0.0,1.35,1.35,67.83333333333333,70.04166666666667,0,0,2.0,3.0,3.0,3.0,6.0,6.0,1.1233123312331232,0.351035103510351,1.053105310531053,0.0,0.0,0.0,0.0,0.0,,,,,0.0,
686c672e-e3fb-48a6-8fff-1fb4f6d5dcd1,fd7e57d4-a8a2-4e91-9bae-6672bf71dda5,2026,10,10,2026-11-07T15:00:00+00:00,60cb8be0-9c1e-4019-8b60-fd9ac2aa9f2d,d95bc61c-17e5-44b5-bdb9-ec10e55d1aea,Everton FC,Coventry City FC,78,2,76,0,1.0,0.0,5.0,1.0,1.2,1.4,1.29878,1.91182,0.0,0.0,0.0,2.0,0.95415,1.6021,10.0,1.0,1.6,1.6,1.37879,1.78095,0.0,0.0,0.0,2.0,0.95415,1.6021,2.0,1.6,1.4764,1.53332,0.0,3.0,0.5583,1.8542,70.04166666666667,70.04166666666667,0,0,7.0,17.0,2.0,0.0,4.0,0.0,1.1233123312331232,1.1233123312331232,0.0,1.404140414041404,0.0,0.0,0.0,0.0,,,,,0.0,
bcf2e68d-1352-4986-a4e7-dedd1b10c196,113061bd-bbd0-4ee7-8065-7160253f5a53,2026,11,11,2026-11-21T15:00:00+00:00,1cb320b2-b42f-4131-8f5f-ef42e7f82540,fe8b4d06-9254-4fc8-a08f-90f242e51751,Chelsea FC,Leeds United FC,78,40,76,38,1.0,1.0,10.0,2.0,2.2,1.8,1.3089,1.57474,8.0,1.6,0.8,1.0,1.2767,1.69218,10.0,1.0,1.2,2.2,1.28673,1.6991399999999999,19.0,1.9,1.4,0.9,1.66215,1.30455,1.4,2.2,1.4232200000000002,1.7313800000000001,1.2,1.4,1.69058,1.63154,83.08333333333333,83.08333333333333,0,0,4.0,8.0,3.0,2.0,6.0,4.0,0.8424842484248424,1.5445544554455446,0.9828982898289828,0.6318631863186318,2.0,0.0,0.5,4.0,,,,,0.0,
a64ed4f0-70c2-4278-9150-01bde2d4c353,7a6227a3-5253-450c-beb9-d317d905262f,2026,11,11,2026-11-21T15:00:00+00:00,33d2f100-682f-4a5e-9aa3-5cc57e1e8571,b552a1a6-4302-43ca-884c-0f91ac4f984b,Manchester City FC,Fulham FC,78,78,76,76,1.0,1.0,10.0,2.0,2.2,1.0,1.68626,1.3282,4.0,0.8,1.0,1.2,1.44466,1.3342800000000001,23.0,2.3,2.3,0.9,2.26553,1.3481100000000001,11.0,1.1,0.9,1.2,1.4856,1.79445,2.2,0.8,2.56034,1.30714,0.2,1.4,1.14834,2.25772,84.83333333333333,83.08333333333333,0,0,1.0,16.0,3.0,0.0,6.0,0.0,1.6147614761476146,0.6318631863186318,0.6318631863186318,0.8424842484248424,4.0,1.0,0.0,4.75,,,,,0.0,
9598c8b9-ae44-4bc4-a3f3-8a12ed7a2354,0555d669-8ceb-425e-8edc-bec9fbc41504,2026,11,11,2026-11-21T15:00:00+00:00,f8f456e7-3e20-4803-ba4e-b1762a31812c,076f94c9-341e-4294-a86a-076741505170,Aston Villa FC,Sunderland AFC,78,40,76,38,1.0,1.0,7.0,1.4,1.6,2.0,1.669,1.99936,10.0,2.0,1.4,0.8,1.47598,1.14264,14.0,1.4,1.6,1.7,1.76112,1.55305,17.0,1.7,1.4,1.5,1.49207,1.5401900000000002,2.2,1.6,2.1744399999999997,1.2685600000000001,2.0,1.8,1.52238,2.00738,81.83333333333333,83.08333333333333,0,0,20.0,11.0,0.0,1.5,0.0,3.0,1.1233123312331232,1.1935193519351934,0.9828982898289828,1.053105310531053,2.0,0.5,0.5,4.5,,,,,0.0,
42bfc3ac-b5e2-44ab-96b2-a56b78dd2076,e4254642-e23b-442a-9b48-7b75c69ab7c2,2026,11,11,2026-11-21T15:00:00+00:00,6601a105-9986-4276-89bf-143cdf03198a,5421e81a-b7dd-48b1-9982-42644e8dcf9f,AFC Bournemouth,Nottingham Forest FC,78,78,76,76,1.0,1.0,6.0,1.2,1.0,1.0,1.22144,1.6790800000000001,3.0,0.6,1.2,1.6,1.4747400000000002,1.8178,17.0,1.7,1.6,1.1,1.6844899999999998,1.68106,16.0,1.6,2.2,1.1,1.50631,1.54579,1.8,1.2,1.8082799999999999,1.25184,3.0,1.2,1.71812,2.0079599999999997,84.04166666666667,84.14583333333333,0,0,15.0,14.0,0.5,0.5,1.0,1.0,1.1233123312331232,0.7722772277227723,1.5445544554455446,0.7722772277227723,4.0,0.5,0.5,2.75,,,,,0.0,
d4989b62-c595-402a-9c09-7cd61bc7c1c9,62b8e78c-ec5f-40d8-8993-1bc40f9a0e7a,2026,11,11,2026-11-21T15:00:00+00:00,c23d6b7a-dfaf-44a3-b016-1feb2dddec44,67d3236c-6589-4978-b178-f6dcf50166d4,Tottenham Hotspur FC,Ipswich Town FC,78,40,76,38,1.0,1.0,4.0,0.8,0.6,1.6,1.4309999999999998,1.7245000000000001,3.0,0.6,1.0,2.4,1.18292,1.12082,11.0,1.1,0.8,1.5,1.35367,1.44519,5.0,0.5,1.0,2.5,0.98536,1.9058800000000002,0.8,1.6,1.48516,1.23394,1.2,2.8,1.11866,1.9940000000000002,83.9375,82.97916666666667,0,0,19.0,12.0,0.0,1.5,0.0,3.0,0.5616561656165616,1.053105310531053,0.702070207020702,1.7551755175517552,2.0,0.5,0.0,4.0,,,,,0.0,
e94ec221-353b-4bb3-97b1-3adb86f86505,8c356bc7-23de-4224-818e-a234585f821b,2026,11,11,2026-11-21T15:00:00+00:00,66a313d1-2e21-49ad-a1c7-6f04cae6be69,60cb8be0-9c1e-4019-8b60-fd9ac2aa9f2d,Brentford FC,Everton FC,78,78,76,76,1.0,1.0,6.0,1.2,1.4,1.4,1.8135999999999999,2.25948,5.0,1.0,1.2,1.4,1.29878,1.91182,12.0,1.2,1.3,1.1,1.7546199999999998,1.66781,10.0,1.0,1.6,1.6,1.37879,1.78095,2.0,0.8,2.49188,1.1387800000000001,1.2,1.6,1.28118,2.02858,83.08333333333333,84.04166666666667,0,0,5.0,7.0,2.0,2.0,4.0,4.0,0.9126912691269127,0.7722772277227723,1.1233123312331232,1.1233123312331232,4.0,0.25,0.75,3.0,,,,,0.0,
ea563f1f-0c66-4a44-b2d5-e217c65e1ffd,6fad926e-246f-4df2-9e3b-e8f3c08831ef,2026,11,11,2026-11-21T15:00:00+00:00,c4045d6d-a715-4821-a800-cd9b505ad54b,ead1bc2e-8799-410a-a809-66a274bbab2c,Newcastle United FC,Arsenal FC,78,78,76,76,1.0,1.0,8.0,1.6,1.6,1.2,1.39426,1.7264399999999998,15.0,3.0,1.6,0.2,1.95344,0.8856400000000001,11.0,1.1,1.4,1.4,1.51213,2.0315000000000003,24.0,2.4,1.6,0.5,2.1858899999999997,1.11822,2.0,1.6,1.94728,2.3986799999999997,1.2,0.6,1.8980799999999998,1.4419,83.9375,81.83333333333333,0,0,6.0,2.0,2.0,3.0,4.0,6.0,0.9828982898289828,0.9828982898289828,1.1233123312331232,0.351035103510351,4.0,0.25,0.0,1.5,,,,,0.0,
c5b6fa11-07f8-4690-b9eb-638835a85072,eea8b1a8-aaf5-4de3-93eb-5344c5d2ae29,2026,11,11,2026-11-21T15:00:00+00:00,f7968242-f357-4da3-84bc-b49a6f3af9fe,db14882b-951f-4db5-860b-4ca2b8583311,Hull City AFC,Brighton & Hove Albion FC,2,78,0,76,0.0,1.0,6.0,3.0,1.5,0.0,1.4231500000000001,1.5643500000000001,6.0,1.2,2.0,1.6,2.1024800000000003,1.04346,6.0,3.0,1.5,0.0,1.4231500000000001,1.5643500000000001,16.0,1.6,2.0,1.4,2.054,1.19738,2.0,0.0,1.4963,1.7787,1.6,2.0,1.53252,1.5199200000000002,84.04166666666667,83.08333333333333,0,0,3.0,9.0,3.0,1.5,6.0,3.0,1.053105310531053,0.0,1.404140414041404,0.9828982898289828,0.0,0.0,0.0,0.0,,,,,0.0,
ab7a7242-20dd-4ad2-9014-249a9d68ab46,ac5e737d-87d4-4bcd-ab24-66d77b1ef8d4,2026,11,11,2026-11-21T15:00:00+00:00,d95bc61c-17e5-44b5-bdb9-ec10e55d1aea,74bd08fa-27db-4bb0-8490-f57f6ed6b8e9,Coventry City FC,Crystal Palace FC,2,78,0,76,0.0,1.0,0.0,0.0,0.0,2.0,0.95415,1.6021,1.0,0.2,0.8,2.6,1.3675,2.04196,0.0,0.0,0.0,2.0,0.95415,1.6021,6.0,0.6,0.9,2.2,1.6875900000000001,1.7954899999999998,0.0,1.0,1.35,1.35,0.6,2.6,1.472,1.7400600000000002,84.04166666666667,84.83333333333333,0,0,17.0,18.0,0.0,0.0,0.0,0.0,0.0,1.404140414041404,0.6318631863186318,1.5445544554455446,0.0,0.0,0.0,0.0,,,,,0.0,
9aca2285-e1db-4a8a-b861-4c9b7abeb18f,dc875e6e-8322-4bdd-8e1a-5dc5641b848e,2026,11,11,2026-11-21T15:00:00+00:00,54ed0f97-ad19-421c-a5c2-9b9d3fcbc72d,48fc005c-cbfc-4e4d-b7f1-459dce6cf940,Liverpool FC,Manchester United FC,78,78,76,76,1.0,1.0,4.0,0.8,1.6,2.0,1.9297799999999998,1.50558,10.0,2.0,2.2,1.2,2.05574,1.3261,13.0,1.3,1.8,1.7,1.6482800000000002,1.86113,20.0,2.0,2.0,1.3,1.82306,1.49613,1.8,1.0,1.6865999999999999,1.4054600000000002,1.2,0.8,1.36502,1.2968,84.14583333333333,82.97916666666667,0,0,13.0,10.0,1.0,1.5,2.0,3.0,1.2637263726372636,1.1935193519351934,1.404140414041404,0.9126912691269127,4.0,0.25,0.25,3.75,,,,,0.0,
b0a84acc-c8e9-458c-9587-9fa1b88a4820,737abd12-582b-4a8b-abbc-3273da7c6750,2026,12,12,2026-11-28T15:00:00+00:00,67d3236c-6589-4978-b178-f6dcf50166d4,f8f456e7-3e20-4803-ba4e-b1762a31812c,Ipswich Town FC,Aston Villa FC,40,78,38,76,1.0,1.0,3.0,0.6,1.0,2.4,1.18292,1.12082,7.0,1.4,1.6,2.0,1.669,1.99936,5.0,0.5,1.0,2.5,0.98536,1.9058800000000002,14.0,1.4,1.6,1.7,1.76112,1.55305,0.8,2.2,0.85206,1.8177600000000003,1.0,1.8,1.3477999999999999,1.83754,89.97916666666667,88.83333333333333,0,0,12.0,20.0,1.5,0.0,3.0,0.0,0.702070207020702,1.7551755175517552,1.1233123312331232,1.1935193519351934,2.0,0.0,1.0,3.0,,,,,0.0,
5a1b881e-5d1a-4fb5-8eef-8798a84816f9,4bccbeb1-8c75-4534-85a8-b9163a39892c,2026,12,12,2026-11-28T15:00:00+00:00,ead1bc2e-8799-410a-a809-66a274bbab2c,33d2f100-682f-4a5e-9aa3-5cc57e1e8571,Arsenal FC,Manchester City FC,78,78,76,76,1.0,1.0,15.0,3.0,1.6,0.2,1.95344,0.8856400000000001,10.0,2.0,2.2,1.0,1.68626,1.3282,24.0,2.4,1.6,0.5,2.1858899999999997,1.11822,23.0,2.3,2.3,0.9,2.26553,1.3481100000000001,1.8,0.4,2.19494,0.74268,2.4,1.0,1.97072,1.38908,88.83333333333333,91.83333333333333,0,0,2.0,1.0,3.0,3.0,6.0,6.0,1.1233123312331232,0.351035103510351,1.6147614761476146,0.6318631863186318,4.0,0.25,0.5,3.75,,,,,0.0,
5f21ec07-f479-44d7-8bf1-165134ed46cc,68ddcb9b-1429-459c-ad94-ca06084864ab,2026,12,12,2026-11-28T15:00:00+00:00,48fc005c-cbfc-4e4d-b7f1-459dce6cf940,66a313d1-2e21-49ad-a1c7-6f04cae6be69,Manchester United FC,Brentford FC,78,78,76,76,1.0,1.0,10.0,2.0,2.2,1.2,2.05574,1.3261,6.0,1.2,1.4,1.4,1.8135999999999999,2.25948,20.0,2.0,2.0,1.3,1.82306,1.49613,12.0,1.2,1.3,1.1,1.7546199999999998,1.66781,2.8,1.8,2.2811,1.69546,0.6,1.4,1.01736,2.19684,89.97916666666667,90.08333333333333,0,0,10.0,5.0,1.5,2.0,3.0,4.0,1.404140414041404,0.9126912691269127,0.9126912691269127,0.7722772277227723,4.0,0.5,0.0,4.25,,,,,0.0,
d8a5a900-b2fa-4cfa-90ee-8d63254e117f,cea1351d-2c13-4617-a8c0-a77c112271b3,2026,12,12,2026-11-28T15:00:00+00:00,60cb8be0-9c1e-4019-8b60-fd9ac2aa9f2d,54ed0f97-ad19-421c-a5c2-9b9d3fcbc72d,Everton FC,Liverpool FC,78,78,76,76,1.0,1.0,5.0,1.0,1.2,1.4,1.29878,1.91182,4.0,0.8,1.6,2.0,1.9297799999999998,1.50558,10.0,1.0,1.6,1.6,1.37879,1.78095,13.0,1.3,1.8,1.7,1.6482800000000002,1.86113,2.0,1.6,1.4764,1.53332,1.8,2.4,1.6099599999999998,2.3167999999999997,91.04166666666667,91.14583333333333,0,0,7.0,13.0,2.0,1.0,4.0,2.0,1.1233123312331232,1.1233123312331232,1.2637263726372636,1.1935193519351934,4.0,0.0,0.25,2.75,,,,,0.0,
b9eba88d-344f-4aad-af77-18fed08c32d3,325c5dab-74f6-4092-a38c-9d44748aa91b,2026,12,12,2026-11-28T15:00:00+00:00,b552a1a6-4302-43ca-884c-0f91ac4f984b,6601a105-9986-4276-89bf-143cdf03198a,Fulham FC,AFC Bournemouth,78,78,76,76,1.0,1.0,4.0,0.8,1.0,1.2,1.44466,1.3342800000000001,6.0,1.2,1.0,1.0,1.22144,1.6790800000000001,11.0,1.1,0.9,1.2,1.4856,1.79445,17.0,1.7,1.6,1.1,1.6844899999999998,1.68106,1.6,1.0,1.82286,1.33118,1.4,1.0,1.5607,2.1102800000000004,90.08333333333333,91.04166666666667,0,0,16.0,15.0,0.0,0.5,0.0,1.0,0.6318631863186318,0.8424842484248424,1.1233123312331232,0.7722772277227723,4.0,0.0,0.25,2.5,,,,,0.0,
2e7e3e82-7a37-4bf3-8a10-3deacc3664f5,d2846ced-0397-4056-b461-60b38b66161f,2026,12,12,2026-11-28T15:00:00+00:00,5421e81a-b7dd-48b1-9982-42644e8dcf9f,1cb320b2-b42f-4131-8f5f-ef42e7f82540,Nottingham Forest FC,Chelsea FC,78,78,76,76,1.0,1.0,3.0,0.6,1.2,1.6,1.4747400000000002,1.8178,10.0,2.0,2.2,1.8,1.3089,1.57474,16.0,1.6,2.2,1.1,1.50631,1.54579,10.0,1.0,1.2,2.2,1.28673,1.6991399999999999,1.4,1.0,1.2945,1.08362,1.0,2.2,1.15024,1.6669,91.14583333333333,90.08333333333333,0,0,14.0,4.0,0.5,3.0,1.0,6.0,1.5445544554455446,0.7722772277227723,0.8424842484248424,1.5445544554455446,4.0,0.25,0.25,2.5,,,,,0.0,
82deed28-d0d9-47b5-a071-8a59995c6c3b,6420d07e-bb7c-4808-9dcc-2dc5ec399d23,2026,12,12,2026-11-28T15:00:00+00:00,fe8b4d06-9254-4fc8-a08f-90f242e51751,d95bc61c-17e5-44b5-bdb9-ec10e55d1aea,Leeds United FC,Coventry City FC,40,2,38,0,1.0,0.0,8.0,1.6,0.8,1.0,1.2767,1.69218,0.0,0.0,0.0,2.0,0.95415,1.6021,19.0,1.9,1.4,0.9,1.66215,1.30455,0.0,0.0,0.0,2.0,0.95415,1.6021,1.6,0.4,1.6337199999999998,0.9775600000000001,0.0,3.0,0.5583,1.8542,90.08333333333333,91.04166666666667,0,0,8.0,17.0,2.0,0.0,4.0,0.0,0.9828982898289828,0.6318631863186318,0.0,1.404140414041404,0.0,0.0,0.0,0.0,,,,,0.0,
818eecb2-b483-4187-bdd3-167d487d36d3,062ab76b-9101-4f73-9d65-06f9c6d06cc7,2026,12,12,2026-11-28T15:00:00+00:00,076f94c9-341e-4294-a86a-076741505170,c23d6b7a-dfaf-44a3-b016-1feb2dddec44,Sunderland AFC,Tottenham Hotspur FC,40,78,38,76,1.0,1.0,10.0,2.0,1.4,0.8,1.47598,1.14264,4.0,0.8,0.6,1.6,1.4309999999999998,1.7245000000000001,17.0,1.7,1.4,1.5,1.49207,1.5401900000000002,11.0,1.1,0.8,1.5,1.35367,1.44519,0.8,1.2,1.4617600000000002,1.073,0.8,1.4,1.22218,1.65644,90.08333333333333,90.9375,0,0,11.0,19.0,1.5,0.0,3.0,0.0,0.9828982898289828,1.053105310531053,0.5616561656165616,1.053105310531053,2.0,0.5,0.5,1.5,,,,,0.0,
55a9e842-22df-44d5-9264-d83622ced253,28cd9617-78ed-43ae-ad87-c38ed9a1a8bc,2026,12,12,2026-11-28T15:00:00+00:00,74bd08fa-27db-4bb0-8490-f57f6ed6b8e9,f7968242-f357-4da3-84bc-b49a6f3af9fe,Crystal Palace FC,Hull City AFC,78,2,76,0,1.0,0.0,1.0,0.2,0.8,2.6,1.3675,2.04196,6.0,3.0,1.5,0.0,1.4231500000000001,1.5643500000000001,6.0,0.6,0.9,2.2,1.6875900000000001,1.7954899999999998,6.0,3.0,1.5,0.0,1.4231500000000001,1.5643500000000001,1.2,1.8,1.90318,1.85092,1.0,0.0,1.35,1.35,91.83333333333333,91.04166666666667,0,0,18.0,3.0,0.0,3.0,0.0,6.0,0.6318631863186318,1.5445544554455446,1.053105310531053,0.0,0.0,0.0,0.0,0.0,,,,,0.0,
b3b342d3-a5a9-4fc5-b05a-37f404ef231f,f0021712-1764-46d0-b78a-ee5dffbd5c2e,2026,12,12,2026-11-28T15:00:00+00:00,db14882b-951f-4db5-860b-4ca2b8583311,c4045d6d-a715-4821-a800-cd9b505ad54b,Brighton & Hove Albion FC,Newcastle United FC,78,78,76,76,1.0,1.0,6.0,1.2,2.0,1.6,2.1024800000000003,1.04346,8.0,1.6,1.6,1.2,1.39426,1.7264399999999998,16.0,1.6,2.0,1.4,2.054,1.19738,11.0,1.1,1.4,1.4,1.51213,2.0315000000000003,2.4,0.8,2.5754799999999998,0.8748400000000001,0.8,1.2,1.07698,1.66432,90.08333333333333,90.9375,0,0,9.0,6.0,1.5,2.0,3.0,4.0,1.404140414041404,0.9828982898289828,0.9828982898289828,0.9828982898289828,4.0,0.5,0.25,2.5,,,,,0.0,
9348c993-2629-453b-927f-f83c3eeb9253,b3fcd0f9-fbba-4c4a-abbd-3dd0dd56993c,2026,13,13,2026-12-02T20:00:00+00:00,f8f456e7-3e20-4803-ba4e-b1762a31812c,60cb8be0-9c1e-4019-8b60-fd9ac2aa9f2d,Aston Villa FC,Everton FC,78,78,76,76,1.0,1.0,7.0,1.4,1.6,2.0,1.669,1.99936,5.0,1.0,1.2,1.4,1.29878,1.91182,14.0,1.4,1.6,1.7,1.76112,1.55305,10.0,1.0,1.6,1.6,1.37879,1.78095,2.2,1.6,2.1744399999999997,1.2685600000000001,1.2,1.6,1.28118,2.02858,93.04166666666667,95.25,0,0,20.0,7.0,0.0,2.0,0.0,4.0,1.1233123312331232,1.1935193519351934,1.1233123312331232,1.1233123312331232,4.0,0.5,0.25,1.75,,,,,0.0,
f4e035ed-442c-472f-a234-df62074f5961,f165a807-c483-477a-85fd-0965e1109722,2026,13,13,2026-12-02T20:00:00+00:00,c23d6b7a-dfaf-44a3-b016-1feb2dddec44,b552a1a6-4302-43ca-884c-0f91ac4f984b,Tottenham Hotspur FC,Fulham FC,78,78,76,76,1.0,1.0,4.0,0.8,0.6,1.6,1.4309999999999998,1.7245000000000001,4.0,0.8,1.0,1.2,1.44466,1.3342800000000001,11.0,1.1,0.8,1.5,1.35367,1.44519,11.0,1.1,0.9,1.2,1.4856,1.79445,0.8,1.6,1.48516,1.23394,0.2,1.4,1.14834,2.25772,95.14583333333333,94.29166666666667,0,0,19.0,16.0,0.0,0.0,0.0,0.0,0.5616561656165616,1.053105310531053,0.6318631863186318,0.8424842484248424,4.0,0.0,0.25,2.5,,,,,0.0,
e8346b7f-0b16-4a2c-87e5-607a888282cd,23907f02-320c-46dc-aeb9-528f800b737e,2026,13,13,2026-12-02T20:00:00+00:00,54ed0f97-ad19-421c-a5c2-9b9d3fcbc72d,076f94c9-341e-4294-a86a-076741505170,Liverpool FC,Sunderland AFC,78,40,76,38,1.0,1.0,4.0,0.8,1.6,2.0,1.9297799999999998,1.50558,10.0,2.0,1.4,0.8,1.47598,1.14264,13.0,1.3,1.8,1.7,1.6482800000000002,1.86113,17.0,1.7,1.4,1.5,1.49207,1.5401900000000002,1.8,1.0,1.6865999999999999,1.4054600000000002,2.0,1.8,1.52238,2.00738,95.35416666666667,94.29166666666667,0,0,13.0,11.0,1.0,1.5,2.0,3.0,1.2637263726372636,1.1935193519351934,0.9828982898289828,1.053105310531053,2.0,0.5,0.5,1.5,,,,,0.0,
ce8547f6-9616-494c-95cb-c300e7c18e83,b7ea3403-0b56-4094-98e6-8248c279bcfb,2026,13,13,2026-12-02T20:00:00+00:00,1cb320b2-b42f-4131-8f5f-ef42e7f82540,74bd08fa-27db-4bb0-8490-f57f6ed6b8e9,Chelsea FC,Crystal Palace FC,78,78,76,76,1.0,1.0,10.0,2.0,2.2,1.8,1.3089,1.57474,1.0,0.2,0.8,2.6,1.3675,2.04196,10.0,1.0,1.2,2.2,1.28673,1.6991399999999999,6.0,0.6,0.9,2.2,1.6875900000000001,1.7954899999999998,1.4,2.2,1.4232200000000002,1.7313800000000001,0.6,2.6,1.472,1.7400600000000002,94.29166666666667,96.04166666666667,0,0,4.0,18.0,3.0,0.0,6.0,0.0,0.8424842484248424,1.5445544554455446,0.6318631863186318,1.5445544554455446,4.0,0.25,0.75,2.0,,,,,0.0,
683d01b2-64e2-43ab-afb0-1ef56b7d5ec0,3ce6d68b-e784-4b70-944c-6f254a0088c0,2026,13,13,2026-12-02T20:00:00+00:00,66a313d1-2e21-49ad-a1c7-6f04cae6be69,ead1bc2e-8799-410a-a809-66a274bbab2c,Brentford FC,Arsenal FC,78,78,76,76,1.0,1.0,6.0,1.2,1.4,1.4,1.8135999999999999,2.25948,15.0,3.0,1.6,0.2,1.95344,0.8856400000000001,12.0,1.2,1.3,1.1,1.7546199999999998,1.66781,24.0,2.4,1.6,0.5,2.1858899999999997,1.11822,2.0,0.8,2.49188,1.1387800000000001,1.2,0.6,1.8980799999999998,1.4419,94.29166666666667,93.04166666666667,0,0,5.0,2.0,2.0,3.0,4.0,6.0,0.9126912691269127,0.7722772277227723,1.1233123312331232,0.351035103510351,4.0,0.0,0.5,2.5,,,,,0.0,
fdcf7796-8d29-4089-b0a4-25098b86d7d8,5868bedd-1e61-4593-99c1-e5554c452103,2026,13,13,2026-12-02T20:00:00+00:00,c4045d6d-a715-4821-a800-cd9b505ad54b,48fc005c-cbfc-4e4d-b7f1-459dce6cf940,Newcastle United FC,Manchester United FC,78,78,76,76,1.0,1.0,8.0,1.6,1.6,1.2,1.39426,1.7264399999999998,10.0,2.0,2.2,1.2,2.05574,1.3261,11.0,1.1,1.4,1.4,1.51213,2.0315000000000003,20.0,2.0,2.0,1.3,1.82306,1.49613,2.0,1.6,1.94728,2.3986799999999997,1.2,0.8,1.36502,1.2968,95.14583333333333,94.1875,0,0,6.0,10.0,2.0,1.5,4.0,3.0,0.9828982898289828,0.9828982898289828,1.404140414041404,0.9126912691269127,4.0,0.75,0.0,2.75,,,,,0.0,
f89bcc55-bb2f-4e9f-978a-c8234dc05f35,cff9d3b7-94db-4bf5-b50f-a7af75d72811,2026,13,13,2026-12-02T20:00:00+00:00,6601a105-9986-4276-89bf-143cdf03198a,db14882b-951f-4db5-860b-4ca2b8583311,AFC Bournemouth,Brighton & Hove Albion FC,78,78,76,76,1.0,1.0,6.0,1.2,1.0,1.0,1.22144,1.6790800000000001,6.0,1.2,2.0,1.6,2.1024800000000003,1.04346,17.0,1.7,1.6,1.1,1.6844899999999998,1.68106,16.0,1.6,2.0,1.4,2.054,1.19738,1.8,1.2,1.8082799999999999,1.25184,1.6,2.0,1.53252,1.5199200000000002,95.25,94.29166666666667,0,0,15.0,9.0,0.5,1.5,1.0,3.0,1.1233123312331232,0.7722772277227723,1.404140414041404,0.9828982898289828,4.0,0.25,0.25,2.75,,,,,0.0,
611a2a55-893c-4d91-9792-ebe55d38cbd8,ad0efc6c-4bcf-4bc8-a49c-aceda3067841,2026,13,13,2026-12-02T20:00:00+00:00,f7968242-f357-4da3-84bc-b49a6f3af9fe,5421e81a-b7dd-48b1-9982-42644e8dcf9f,Hull City AFC,Nottingham Forest FC,2,78,0,76,0.0,1.0,6.0,3.0,1.5,0.0,1.4231500000000001,1.5643500000000001,3.0,0.6,1.2,1.6,1.4747400000000002,1.8178,6.0,3.0,1.5,0.0,1.4231500000000001,1.5643500000000001,16.0,1.6,2.2,1.1,1.50631,1.54579,2.0,0.0,1.4963,1.7787,3.0,1.2,1.71812,2.0079599999999997,95.25,95.35416666666667,0,0,3.0,14.0,3.0,0.5,6.0,1.0,1.053105310531053,0.0,1.5445544554455446,0.7722772277227723,0.0,0.0,0.0,0.0,,,,,0.0,
7347d33c-835b-4c2f-804d-dc5a1f47fcad,37fb77f7-e99c-452d-8207-bd31a014aca3,2026,13,13,2026-12-02T20:00:00+00:00,d95bc61c-17e5-44b5-bdb9-ec10e55d1aea,67d3236c-6589-4978-b178-f6dcf50166d4,Coventry City FC,Ipswich Town FC,2,40,0,38,0.0,1.0,0.0,0.0,0.0,2.0,0.95415,1.6021,3.0,0.6,1.0,2.4,1.18292,1.12082,0.0,0.0,0.0,2.0,0.95415,1.6021,5.0,0.5,1.0,2.5,0.98536,1.9058800000000002,0.0,1.0,1.35,1.35,1.2,2.8,1.11866,1.9940000000000002,95.25,94.1875,0,0,17.0,12.0,0.0,1.5,0.0,3.0,0.0,1.404140414041404,0.702070207020702,1.7551755175517552,0.0,0.0,0.0,0.0,,,,,0.0,
30db6b8c-204a-4922-a053-8168e48729d9,04d8f37a-836d-4751-8360-5b26377c01d2,2026,13,13,2026-12-02T20:00:00+00:00,33d2f100-682f-4a5e-9aa3-5cc57e1e8571,fe8b4d06-9254-4fc8-a08f-90f242e51751,Manchester City FC,Leeds United FC,78,40,76,38,1.0,1.0,10.0,2.0,2.2,1.0,1.68626,1.3282,8.0,1.6,0.8,1.0,1.2767,1.69218,23.0,2.3,2.3,0.9,2.26553,1.3481100000000001,19.0,1.9,1.4,0.9,1.66215,1.30455,2.2,0.8,2.56034,1.30714,1.2,1.4,1.69058,1.63154,96.04166666666667,94.29166666666667,0,0,1.0,8.0,3.0,2.0,6.0,4.0,1.6147614761476146,0.6318631863186318,0.9828982898289828,0.6318631863186318,2.0,1.0,0.0,3.0,,,,,0.0,
be967326-11d0-4c9c-a54c-113ae18da054,17691334-488f-49eb-baf8-19e50fa771ed,2026,14,14,2026-12-05T15:00:00+00:00,c23d6b7a-dfaf-44a3-b016-1feb2dddec44,ead1bc2e-8799-410a-a809-66a274bbab2c,Tottenham Hotspur FC,Arsenal FC,78,78,76,76,1.0,1.0,4.0,0.8,0.6,1.6,1.4309999999999998,1.7245000000000001,15.0,3.0,1.6,0.2,1.95344,0.8856400000000001,11.0,1.1,0.8,1.5,1.35367,1.44519,24.0,2.4,1.6,0.5,2.1858899999999997,1.11822,0.8,1.6,1.48516,1.23394,1.2,0.6,1.8980799999999998,1.4419,97.9375,95.83333333333333,0,0,19.0,2.0,0.0,3.0,0.0,6.0,0.5616561656165616,1.053105310531053,1.1233123312331232,0.351035103510351,4.0,0.0,0.0,3.5,,,,,0.0,
96bb3705-ec8c-49a1-b1c8-96e43c1f9280,7f8d1d7b-4d2b-409f-8c93-463907aa13f7,2026,14,14,2026-12-05T15:00:00+00:00,fe8b4d06-9254-4fc8-a08f-90f242e51751,67d3236c-6589-4978-b178-f6dcf50166d4,Leeds United FC,Ipswich Town FC,40,40,38,38,1.0,1.0,8.0,1.6,0.8,1.0,1.2767,1.69218,3.0,0.6,1.0,2.4,1.18292,1.12082,19.0,1.9,1.4,0.9,1.66215,1.30455,5.0,0.5,1.0,2.5,0.98536,1.9058800000000002,1.6,0.4,1.6337199999999998,0.9775600000000001,1.2,2.8,1.11866,1.9940000000000002,97.08333333333333,96.97916666666667,0,0,8.0,12.0,2.0,1.5,4.0,3.0,0.9828982898289828,0.6318631863186318,0.702070207020702,1.7551755175517552,0.0,0.0,0.0,0.0,,,,,0.0,
c9692b13-38fa-48e7-a898-e33dc1976424,330d6779-291f-48e4-8331-892bd40a234b,2026,14,14,2026-12-05T15:00:00+00:00,c4045d6d-a715-4821-a800-cd9b505ad54b,076f94c9-341e-4294-a86a-076741505170,Newcastle United FC,Sunderland AFC,78,40,76,38,1.0,1.0,8.0,1.6,1.6,1.2,1.39426,1.7264399999999998,10.0,2.0,1.4,0.8,1.47598,1.14264,11.0,1.1,1.4,1.4,1.51213,2.0315000000000003,17.0,1.7,1.4,1.5,1.49207,1.5401900000000002,2.0,1.6,1.94728,2.3986799999999997,2.0,1.8,1.52238,2.00738,97.9375,97.08333333333333,0,0,6.0,11.0,2.0,1.5,4.0,3.0,0.9828982898289828,0.9828982898289828,0.9828982898289828,1.053105310531053,2.0,0.0,0.0,2.0,,,,,0.0,
314eeaa7-6b92-48a9-8865-9fc4b3e711af,9f16871e-9255-4140-a1c7-e800229e6e1c,2026,14,14,2026-12-05T15:00:00+00:00,1cb320b2-b42f-4131-8f5f-ef42e7f82540,54ed0f97-ad19-421c-a5c2-9b9d3fcbc72d,Chelsea FC,Liverpool FC,78,78,76,76,1.0,1.0,10.0,2.0,2.2,1.8,1.3089,1.57474,4.0,0.8,1.6,2.0,1.9297799999999998,1.50558,10.0,1.0,1.2,2.2,1.28673,1.6991399999999999,13.0,1.3,1.8,1.7,1.6482800000000002,1.86113,1.4,2.2,1.4232200000000002,1.7313800000000001,1.8,2.4,1.6099599999999998,2.3167999999999997,97.08333333333333,98.14583333333333,0,0,4.0,13.0,3.0,1.0,6.0,2.0,0.8424842484248424,1.5445544554455446,1.2637263726372636,1.1935193519351934,4.0,0.5,0.25,3.0,,,,,0.0,
3bb6b85b-e1ac-4f18-8820-96af829573f8,e59b0cc9-007f-47af-bc14-62eb08ba6dd4,2026,14,14,2026-12-05T15:00:00+00:00,66a313d1-2e21-49ad-a1c7-6f04cae6be69,33d2f100-682f-4a5e-9aa3-5cc57e1e8571,Brentford FC,Manchester City FC,78,78,76,76,1.0,1.0,6.0,1.2,1.4,1.4,1.8135999999999999,2.25948,10.0,2.0,2.2,1.0,1.68626,1.3282,12.0,1.2,1.3,1.1,1.7546199999999998,1.66781,23.0,2.3,2.3,0.9,2.26553,1.3481100000000001,2.0,0.8,2.49188,1.1387800000000001,2.4,1.0,1.97072,1.38908,97.08333333333333,98.83333333333333,0,0,5.0,1.0,2.0,3.0,4.0,6.0,0.9126912691269127,0.7722772277227723,1.6147614761476146,0.6318631863186318,4.0,0.0,0.25,2.75,,,,,0.0,
7f461490-4922-42a3-95a8-beb07ca9efc7,1c53ff95-b5b7-4eb7-b0b6-9ce693617775,2026,14,14,2026-12-05T15:00:00+00:00,f8f456e7-3e20-4803-ba4e-b1762a31812c,74bd08fa-27db-4bb0-8490-f57f6ed6b8e9,Aston Villa FC,Crystal Palace FC,78,78,76,76,1.0,1.0,7.0,1.4,1.6,2.0,1.669,1.99936,1.0,0.2,0.8,2.6,1.3675,2.04196,14.0,1.4,1.6,1.7,1.76112,1.55305,6.0,0.6,0.9,2.2,1.6875900000000001,1.7954899999999998,2.2,1.6,2.1744399999999997,1.2685600000000001,0.6,2.6,1.472,1.7400600000000002,95.83333333333333,98.83333333333333,0,0,20.0,18.0,0.0,0.0,0.0,0.0,1.1233123312331232,1.1935193519351934,0.6318631863186318,1.5445544554455446,4.0,0.0,0.5,3.0,,,,,0.0,
fb686757-66e1-4065-9c29-557332cad500,eb04489a-4775-43b8-9b02-33222a1661d4,2026,14,14,2026-12-05T15:00:00+00:00,5421e81a-b7dd-48b1-9982-42644e8dcf9f,db14882b-951f-4db5-860b-4ca2b8583311,Nottingham Forest FC,Brighton & Hove Albion FC,78,78,76,76,1.0,1.0,3.0,0.6,1.2,1.6,1.4747400000000002,1.8178,6.0,1.2,2.0,1.6,2.1024800000000003,1.04346,16.0,1.6,2.2,1.1,1.50631,1.54579,16.0,1.6,2.0,1.4,2.054,1.19738,1.4,1.0,1.2945,1.08362,1.6,2.0,1.53252,1.5199200000000002,98.14583333333333,97.08333333333333,0,0,14.0,9.0,0.5,1.5,1.0,3.0,1.5445544554455446,0.7722772277227723,1.404140414041404,0.9828982898289828,4.0,0.25,0.25,4.0,,,,,0.0,
ffcf97d8-1293-4768-81fc-324b1b26fec5,698221d4-ab0a-42de-a707-b021d505e451,2026,14,14,2026-12-05T15:00:00+00:00,60cb8be0-9c1e-4019-8b60-fd9ac2aa9f2d,b552a1a6-4302-43ca-884c-0f91ac4f984b,Everton FC,Fulham FC,78,78,76,76,1.0,1.0,5.0,1.0,1.2,1.4,1.29878,1.91182,4.0,0.8,1.0,1.2,1.44466,1.3342800000000001,10.0,1.0,1.6,1.6,1.37879,1.78095,11.0,1.1,0.9,1.2,1.4856,1.79445,2.0,1.6,1.4764,1.53332,0.2,1.4,1.14834,2.25772,98.04166666666667,97.08333333333333,0,0,7.0,16.0,2.0,0.0,4.0,0.0,1.1233123312331232,1.1233123312331232,0.6318631863186318,0.8424842484248424,4.0,0.75,0.25,2.75,,,,,0.0,
c6400462-9472-45c1-a071-37d066fc49e3,197fc075-f71a-4ebd-af67-25154719a58d,2026,14,14,2026-12-05T15:00:00+00:00,48fc005c-cbfc-4e4d-b7f1-459dce6cf940,d95bc61c-17e5-44b5-bdb9-ec10e55d1aea,Manchester United FC,Coventry City FC,78,2,76,0,1.0,0.0,10.0,2.0,2.2,1.2,2.05574,1.3261,0.0,0.0,0.0,2.0,0.95415,1.6021,20.0,2.0,2.0,1.3,1.82306,1.49613,0.0,0.0,0.0,2.0,0.95415,1.6021,2.8,1.8,2.2811,1.69546,0.0,3.0,0.5583,1.8542,96.97916666666667,98.04166666666667,0,0,10.0,17.0,1.5,0.0,3.0,0.0,1.404140414041404,0.9126912691269127,0.0,1.404140414041404,0.0,0.0,0.0,0.0,,,,,0.0,
47280d2b-639b-4b3c-94e9-76719a76091a,d349e876-c43a-4ef9-aa9f-7a7127867c6e,2026,14,14,2026-12-05T15:00:00+00:00,6601a105-9986-4276-89bf-143cdf03198a,f7968242-f357-4da3-84bc-b49a6f3af9fe,AFC Bournemouth,Hull City AFC,78,2,76,0,1.0,0.0,6.0,1.2,1.0,1.0,1.22144,1.6790800000000001,6.0,3.0,1.5,0.0,1.4231500000000001,1.5643500000000001,17.0,1.7,1.6,1.1,1.6844899999999998,1.68106,6.0,3.0,1.5,0.0,1.4231500000000001,1.5643500000000001,1.8,1.2,1.8082799999999999,1.25184,1.0,0.0,1.35,1.35,98.04166666666667,98.04166666666667,0,0,15.0,3.0,0.5,3.0,1.0,6.0,1.1233123312331232,0.7722772277227723,1.053105310531053,0.0,0.0,0.0,0.0,0.0,,,,,0.0,
a5118971-8236-41dd-9100-22bda9e5ec99,337d4178-0801-4b93-b225-ff5d188c4a85,2026,15,15,2026-12-12T15:00:00+00:00,076f94c9-341e-4294-a86a-076741505170,5421e81a-b7dd-48b1-9982-42644e8dcf9f,Sunderland AFC,Nottingham Forest FC,40,78,38,76,1.0,1.0,10.0,2.0,1.4,0.8,1.47598,1.14264,3.0,0.6,1.2,1.6,1.4747400000000002,1.8178,17.0,1.7,1.4,1.5,1.49207,1.5401900000000002,16.0,1.6,2.2,1.1,1.50631,1.54579,0.8,1.2,1.4617600000000002,1.073,3.0,1.2,1.71812,2.0079599999999997,104.08333333333333,105.14583333333333,0,0,11.0,14.0,1.5,0.5,3.0,1.0,0.9828982898289828,1.053105310531053,1.5445544554455446,0.7722772277227723,2.0,0.5,0.0,3.0,,,,,0.0,
23ecccc1-3d93-49c7-839f-b8eac89f9619,c4dfa418-e430-4be9-8a06-e2bbdd7d7da2,2026,15,15,2026-12-12T15:00:00+00:00,74bd08fa-27db-4bb0-8490-f57f6ed6b8e9,48fc005c-cbfc-4e4d-b7f1-459dce6cf940,Crystal Palace FC,Manchester United FC,78,78,76,76,1.0,1.0,1.0,0.2,0.8,2.6,1.3675,2.04196,10.0,2.0,2.2,1.2,2.05574,1.3261,6.0,0.6,0.9,2.2,1.6875900000000001,1.7954899999999998,20.0,2.0,2.0,1.3,1.82306,1.49613,1.2,1.8,1.90318,1.85092,1.2,0.8,1.36502,1.2968,105.83333333333333,103.97916666666667,0,0,18.0,10.0,0.0,1.5,0.0,3.0,0.6318631863186318,1.5445544554455446,1.404140414041404,0.9126912691269127,4.0,0.25,0.25,2.0,,,,,0.0,
e7f55b30-957f-425d-aafc-5c3a3d83e937,363cfc55-9280-4e57-b95b-ffeb401bbb00,2026,15,15,2026-12-12T15:00:00+00:00,db14882b-951f-4db5-860b-4ca2b8583311,60cb8be0-9c1e-4019-8b60-fd9ac2aa9f2d,Brighton & Hove Albion FC,Everton FC,78,78,76,76,1.0,1.0,6.0,1.2,2.0,1.6,2.1024800000000003,1.04346,5.0,1.0,1.2,1.4,1.29878,1.91182,16.0,1.6,2.0,1.4,2.054,1.19738,10.0,1.0,1.6,1.6,1.37879,1.78095,2.4,0.8,2.5754799999999998,0.8748400000000001,1.2,1.6,1.28118,2.02858,104.08333333333333,105.04166666666667,0,0,9.0,7.0,1.5,2.0,3.0,4.0,1.404140414041404,0.9828982898289828,1.1233123312331232,1.1233123312331232,4.0,0.25,0.25,2.0,,,,,0.0,
b962334c-bd0c-435a-a76b-cf8150967559,2dff724e-cb52-416f-85fb-3ddeb3bbe654,2026,15,15,2026-12-12T15:00:00+00:00,67d3236c-6589-4978-b178-f6dcf50166d4,c4045d6d-a715-4821-a800-cd9b505ad54b,Ipswich Town FC,Newcastle United FC,40,78,38,76,1.0,1.0,3.0,0.6,1.0,2.4,1.18292,1.12082,8.0,1.6,1.6,1.2,1.39426,1.7264399999999998,5.0,0.5,1.0,2.5,0.98536,1.9058800000000002,11.0,1.1,1.4,1.4,1.51213,2.0315000000000003,0.8,2.2,0.85206,1.8177600000000003,0.8,1.2,1.07698,1.66432,103.97916666666667,104.9375,0,0,12.0,6.0,1.5,2.0,3.0,4.0,0.702070207020702,1.7551755175517552,0.9828982898289828,0.9828982898289828,2.0,0.0,0.0,3.5,,,,,0.0,
1e02eaf9-1ca9-46c4-9824-053fc12e3b48,54f3d52e-f5d6-48d0-9292-df7e67a29884,2026,15,15,2026-12-12T15:00:00+00:00,ead1bc2e-8799-410a-a809-66a274bbab2c,6601a105-9986-4276-89bf-143cdf03198a,Arsenal FC,AFC Bournemouth,78,78,76,76,1.0,1.0,15.0,3.0,1.6,0.2,1.95344,0.8856400000000001,6.0,1.2,1.0,1.0,1.22144,1.6790800000000001,24.0,2.4,1.6,0.5,2.1858899999999997,1.11822,17.0,1.7,1.6,1.1,1.6844899999999998,1.68106,1.8,0.4,2.19494,0.74268,1.4,1.0,1.5607,2.1102800000000004,102.83333333333333,105.04166666666667,0,0,2.0,15.0,3.0,0.5,6.0,1.0,1.1233123312331232,0.351035103510351,1.1233123312331232,0.7722772277227723,4.0,0.25,0.0,3.25,,,,,0.0,
e93444c1-f70a-4de6-bdfc-18dacc1385d4,1198cbeb-4b45-4686-a5bf-35e480feaa90,2026,15,15,2026-12-12T15:00:00+00:00,33d2f100-682f-4a5e-9aa3-5cc57e1e8571,1cb320b2-b42f-4131-8f5f-ef42e7f82540,Manchester City FC,Chelsea FC,78,78,76,76,1.0,1.0,10.0,2.0,2.2,1.0,1.68626,1.3282,10.0,2.0,2.2,1.8,1.3089,1.57474,23.0,2.3,2.3,0.9,2.26553,1.3481100000000001,10.0,1.0,1.2,2.2,1.28673,1.6991399999999999,2.2,0.8,2.56034,1.30714,1.0,2.2,1.15024,1.6669,105.83333333333333,104.08333333333333,0,0,1.0,4.0,3.0,3.0,6.0,6.0,1.6147614761476146,0.6318631863186318,0.8424842484248424,1.5445544554455446,4.0,0.75,0.25,2.75,,,,,0.0,
8e5d0d4f-b665-4535-b042-551de7aa252f,e0bb176a-e1e6-4c57-a673-75b66331ec95,2026,15,15,2026-12-12T15:00:00+00:00,54ed0f97-ad19-421c-a5c2-9b9d3fcbc72d,fe8b4d06-9254-4fc8-a08f-90f242e51751,Liverpool FC,Leeds United FC,78,40,76,38,1.0,1.0,4.0,0.8,1.6,2.0,1.9297799999999998,1.50558,8.0,1.6,0.8,1.0,1.2767,1.69218,13.0,1.3,1.8,1.7,1.6482800000000002,1.86113,19.0,1.9,1.4,0.9,1.66215,1.30455,1.8,1.0,1.6865999999999999,1.4054600000000002,1.2,1.4,1.69058,1.63154,105.14583333333333,104.08333333333333,0,0,13.0,8.0,1.0,2.0,2.0,4.0,1.2637263726372636,1.1935193519351934,0.9828982898289828,0.6318631863186318,2.0,0.0,1.0,3.0,,,,,0.0,
8c974315-6560-4197-b7f2-c292ac301f06,440103bc-bb8c-4f5c-9d07-84e4a25caef0,2026,15,15,2026-12-12T15:00:00+00:00,b552a1a6-4302-43ca-884c-0f91ac4f984b,66a313d1-2e21-49ad-a1c7-6f04cae6be69,Fulham FC,Brentford FC,78,78,76,76,1.0,1.0,4.0,0.8,1.0,1.2,1.44466,1.3342800000000001,6.0,1.2,1.4,1.4,1.8135999999999999,2.25948,11.0,1.1,0.9,1.2,1.4856,1.79445,12.0,1.2,1.3,1.1,1.7546199999999998,1.66781,1.6,1.0,1.82286,1.33118,0.6,1.4,1.01736,2.19684,104.08333333333333,104.08333333333333,0,0,16.0,5.0,0.0,2.0,0.0,4.0,0.6318631863186318,0.8424842484248424,0.9126912691269127,0.7722772277227723,4.0,0.75,0.25,3.0,,,,,0.0,
e1312899-685d-41ee-a241-ae111c8ceb93,8e7172e7-ba79-4262-990e-2d0e64e60109,2026,15,15,2026-12-12T15:00:00+00:00,f7968242-f357-4da3-84bc-b49a6f3af9fe,c23d6b7a-dfaf-44a3-b016-1feb2dddec44,Hull City AFC,Tottenham Hotspur FC,2,78,0,76,0.0,1.0,6.0,3.0,1.5,0.0,1.4231500000000001,1.5643500000000001,4.0,0.8,0.6,1.6,1.4309999999999998,1.7245000000000001,6.0,3.0,1.5,0.0,1.4231500000000001,1.5643500000000001,11.0,1.1,0.8,1.5,1.35367,1.44519,2.0,0.0,1.4963,1.7787,0.8,1.4,1.22218,1.65644,105.04166666666667,104.9375,0,0,3.0,19.0,3.0,0.0,6.0,0.0,1.053105310531053,0.0,0.5616561656165616,1.053105310531053,0.0,0.0,0.0,0.0,,,,,0.0,
74b5bc26-e181-4da4-9c5e-3a9ebe42787e,50ee486c-9b8e-416c-9ef7-d6119d6d05c6,2026,15,15,2026-12-12T15:00:00+00:00,d95bc61c-17e5-44b5-bdb9-ec10e55d1aea,f8f456e7-3e20-4803-ba4e-b1762a31812c,Coventry City FC,Aston Villa FC,2,78,0,76,0.0,1.0,0.0,0.0,0.0,2.0,0.95415,1.6021,7.0,1.4,1.6,2.0,1.669,1.99936,0.0,0.0,0.0,2.0,0.95415,1.6021,14.0,1.4,1.6,1.7,1.76112,1.55305,0.0,1.0,1.35,1.35,1.0,1.8,1.3477999999999999,1.83754,105.04166666666667,102.83333333333333,0,0,17.0,20.0,0.0,0.0,0.0,0.0,0.0,1.404140414041404,1.1233123312331232,1.1935193519351934,0.0,0.0,0.0,0.0,,,,,0.0,
70902fa8-635e-42a8-8973-6242ffa40ce0,f1c1a250-1dc8-4000-a79b-531bec0372b6,2026,16,16,2026-12-19T15:00:00+00:00,fe8b4d06-9254-4fc8-a08f-90f242e51751,b552a1a6-4302-43ca-884c-0f91ac4f984b,Leeds United FC,Fulham FC,40,78,38,76,1.0,1.0,8.0,1.6,0.8,1.0,1.2767,1.69218,4.0,0.8,1.0,1.2,1.44466,1.3342800000000001,19.0,1.9,1.4,0.9,1.66215,1.30455,11.0,1.1,0.9,1.2,1.4856,1.79445,1.6,0.4,1.6337199999999998,0.9775600000000001,0.2,1.4,1.14834,2.25772,111.08333333333333,111.08333333333333,0,0,8.0,16.0,2.0,0.0,4.0,0.0,0.9828982898289828,0.6318631863186318,0.6318631863186318,0.8424842484248424,2.0,0.5,0.0,1.0,,,,,0.0,
a2ccb96f-e2cf-4682-99f9-8c26f4e465e9,0fbad2ad-dead-41bd-9041-d1ef7743c3f6,2026,16,16,2026-12-19T15:00:00+00:00,5421e81a-b7dd-48b1-9982-42644e8dcf9f,60cb8be0-9c1e-4019-8b60-fd9ac2aa9f2d,Nottingham Forest FC,Everton FC,78,78,76,76,1.0,1.0,3.0,0.6,1.2,1.6,1.4747400000000002,1.8178,5.0,1.0,1.2,1.4,1.29878,1.91182,16.0,1.6,2.2,1.1,1.50631,1.54579,10.0,1.0,1.6,1.6,1.37879,1.78095,1.4,1.0,1.2945,1.08362,1.2,1.6,1.28118,2.02858,112.14583333333333,112.04166666666667,0,0,14.0,7.0,0.5,2.0,1.0,4.0,1.5445544554455446,0.7722772277227723,1.1233123312331232,1.1233123312331232,4.0,0.25,0.0,2.0,,,,,0.0,
3569c7e2-e735-49fb-b247-111bb1c8ee01,adc425da-a26e-4147-8fea-9e84c6d1cef4,2026,16,16,2026-12-19T15:00:00+00:00,66a313d1-2e21-49ad-a1c7-6f04cae6be69,c4045d6d-a715-4821-a800-cd9b505ad54b,Brentford FC,Newcastle United FC,78,78,76,76,1.0,1.0,6.0,1.2,1.4,1.4,1.8135999999999999,2.25948,8.0,1.6,1.6,1.2,1.39426,1.7264399999999998,12.0,1.2,1.3,1.1,1.7546199999999998,1.66781,11.0,1.1,1.4,1.4,1.51213,2.0315000000000003,2.0,0.8,2.49188,1.1387800000000001,0.8,1.2,1.07698,1.66432,111.08333333333333,111.9375,0,0,5.0,6.0,2.0,2.0,4.0,4.0,0.9126912691269127,0.7722772277227723,0.9828982898289828,0.9828982898289828,4.0,0.75,0.0,4.5,,,,,0.0,
156e0ca6-3e7c-4a4d-9e99-b13b663cdf20,46e72aa1-a5fa-45ee-b5fc-23b3152043bb,2026,16,16,2026-12-19T15:00:00+00:00,076f94c9-341e-4294-a86a-076741505170,74bd08fa-27db-4bb0-8490-f57f6ed6b8e9,Sunderland AFC,Crystal Palace FC,40,78,38,76,1.0,1.0,10.0,2.0,1.4,0.8,1.47598,1.14264,1.0,0.2,0.8,2.6,1.3675,2.04196,17.0,1.7,1.4,1.5,1.49207,1.5401900000000002,6.0,0.6,0.9,2.2,1.6875900000000001,1.7954899999999998,0.8,1.2,1.4617600000000002,1.073,0.6,2.6,1.472,1.7400600000000002,111.08333333333333,112.83333333333333,0,0,11.0,18.0,1.5,0.0,3.0,0.0,0.9828982898289828,1.053105310531053,0.6318631863186318,1.5445544554455446,2.0,0.5,0.5,1.5,,,,,0.0,
a9e40803-80c9-4e16-922e-8e556eacd14c,067ad94e-93a4-400e-9105-340bc2406080,2026,16,16,2026-12-19T15:00:00+00:00,ead1bc2e-8799-410a-a809-66a274bbab2c,48fc005c-cbfc-4e4d-b7f1-459dce6cf940,Arsenal FC,Manchester United FC,78,78,76,76,1.0,1.0,15.0,3.0,1.6,0.2,1.95344,0.8856400000000001,10.0,2.0,2.2,1.2,2.05574,1.3261,24.0,2.4,1.6,0.5,2.1858899999999997,1.11822,20.0,2.0,2.0,1.3,1.82306,1.49613,1.8,0.4,2.19494,0.74268,1.2,0.8,1.36502,1.2968,109.83333333333333,110.97916666666667,0,0,2.0,10.0,3.0,1.5,6.0,3.0,1.1233123312331232,0.351035103510351,1.404140414041404,0.9126912691269127,4.0,0.5,0.25,2.5,,,,,0.0,
17a6b699-e882-4b74-a994-67bddb9e1502,bbe21b79-25e6-4409-a38d-c34f4ce17e7b,2026,16,16,2026-12-19T15:00:00+00:00,54ed0f97-ad19-421c-a5c2-9b9d3fcbc72d,c23d6b7a-dfaf-44a3-b016-1feb2dddec44,Liverpool FC,Tottenham Hotspur FC,78,78,76,76,1.0,1.0,4.0,0.8,1.6,2.0,1.9297799999999998,1.50558,4.0,0.8,0.6,1.6,1.4309999999999998,1.7245000000000001,13.0,1.3,1.8,1.7,1.6482800000000002,1.86113,11.0,1.1,0.8,1.5,1.35367,1.44519,1.8,1.0,1.6865999999999999,1.4054600000000002,0.8,1.4,1.22218,1.65644,112.14583333333333,111.9375,0,0,13.0,19.0,1.0,0.0,2.0,0.0,1.2637263726372636,1.1935193519351934,0.5616561656165616,1.053105310531053,4.0,0.75,0.25,5.0,,,,,0.0,
b83ff06e-2b45-421a-ac07-250dbe88879b,5d0604d1-5aef-4d4c-b8a8-030c2e018ed9,2026,16,16,2026-12-19T15:00:00+00:00,1cb320b2-b42f-4131-8f5f-ef42e7f82540,f8f456e7-3e20-4803-ba4e-b1762a31812c,Chelsea FC,Aston Villa FC,78,78,76,76,1.0,1.0,10.0,2.0,2.2,1.8,1.3089,1.57474,7.0,1.4,1.6,2.0,1.669,1.99936,10.0,1.0,1.2,2.2,1.28673,1.6991399999999999,14.0,1.4,1.6,1.7,1.76112,1.55305,1.4,2.2,1.4232200000000002,1.7313800000000001,1.0,1.8,1.3477999999999999,1.83754,111.08333333333333,109.83333333333333,0,0,4.0,20.0,3.0,0.0,6.0,0.0,0.8424842484248424,1.5445544554455446,1.1233123312331232,1.1935193519351934,4.0,0.5,0.0,3.5,,,,,0.0,
2f78dea8-1416-46a8-947a-a35925dabae4,7b69227c-f370-4a03-a42e-d5bf74a09a09,2026,16,16,2026-12-19T15:00:00+00:00,33d2f100-682f-4a5e-9aa3-5cc57e1e8571,f7968242-f357-4da3-84bc-b49a6f3af9fe,Manchester City FC,Hull City AFC,78,2,76,0,1.0,0.0,10.0,2.0,2.2,1.0,1.68626,1.3282,6.0,3.0,1.5,0.0,1.4231500000000001,1.5643500000000001,23.0,2.3,2.3,0.9,2.26553,1.3481100000000001,6.0,3.0,1.5,0.0,1.4231500000000001,1.5643500000000001,2.2,0.8,2.56034,1.30714,1.0,0.0,1.35,1.35,112.83333333333333,112.04166666666667,0,0,1.0,3.0,3.0,3.0,6.0,6.0,1.6147614761476146,0.6318631863186318,1.053105310531053,0.0,0.0,0.0,0.0,0.0,,,,,0.0,
20999246-5ee3-4eb2-9b88-906a0dda16c3,6d35aedc-cc8a-456f-8b96-a278e5a806be,2026,16,16,2026-12-19T15:00:00+00:00,6601a105-9986-4276-89bf-143cdf03198a,d95bc61c-17e5-44b5-bdb9-ec10e55d1aea,AFC Bournemouth,Coventry City FC,78,2,76,0,1.0,0.0,6.0,1.2,1.0,1.0,1.22144,1.6790800000000001,0.0,0.0,0.0,2.0,0.95415,1.6021,17.0,1.7,1.6,1.1,1.6844899999999998,1.68106,0.0,0.0,0.0,2.0,0.95415,1.6021,1.8,1.2,1.8082799999999999,1.25184,0.0,3.0,0.5583,1.8542,112.04166666666667,112.04166666666667,0,0,15.0,17.0,0.5,0.0,1.0,0.0,1.1233123312331232,0.7722772277227723,0.0,1.404140414041404,0.0,0.0,0.0,0.0,,,,,0.0,
59318146-2c63-4c3e-93fd-a5088f9a7c37,99b5ff03-8609-436d-9e12-aa94e2874549,2026,16,16,2026-12-19T15:00:00+00:00,db14882b-951f-4db5-860b-4ca2b8583311,67d3236c-6589-4978-b178-f6dcf50166d4,Brighton & Hove Albion FC,Ipswich Town FC,78,40,76,38,1.0,1.0,6.0,1.2,2.0,1.6,2.1024800000000003,1.04346,3.0,0.6,1.0,2.4,1.18292,1.12082,16.0,1.6,2.0,1.4,2.054,1.19738,5.0,0.5,1.0,2.5,0.98536,1.9058800000000002,2.4,0.8,2.5754799999999998,0.8748400000000001,1.2,2.8,1.11866,1.9940000000000002,111.08333333333333,110.97916666666667,0,0,9.0,12.0,1.5,1.5,3.0,3.0,1.404140414041404,0.9828982898289828,0.702070207020702,1.7551755175517552,2.0,0.5,0.5,1.0,,,,,0.0,
14daeecc-3552-4ebd-8dbc-d750dce4b104,31244cf1-8e2e-471b-9ce9-dbedd6a37a14,2026,17,17,2026-12-26T15:00:00+00:00,60cb8be0-9c1e-4019-8b60-fd9ac2aa9f2d,076f94c9-341e-4294-a86a-076741505170,Everton FC,Sunderland AFC,78,40,76,38,1.0,1.0,5.0,1.0,1.2,1.4,1.29878,1.91182,10.0,2.0,1.4,0.8,1.47598,1.14264,10.0,1.0,1.6,1.6,1.37879,1.78095,17.0,1.7,1.4,1.5,1.49207,1.5401900000000002,2.0,1.6,1.4764,1.53332,2.0,1.8,1.52238,2.00738,119.04166666666667,118.08333333333333,0,0,7.0,11.0,2.0,1.5,4.0,3.0,1.1233123312331232,1.1233123312331232,0.9828982898289828,1.053105310531053,2.0,0.0,0.5,3.0,,,,,0.0,
1832fba3-df84-429c-83c5-c20054a272f2,efffbb98-a0f6-422b-9173-1e92133c794b,2026,17,17,2026-12-26T15:00:00+00:00,f8f456e7-3e20-4803-ba4e-b1762a31812c,fe8b4d06-9254-4fc8-a08f-90f242e51751,Aston Villa FC,Leeds United FC,78,40,76,38,1.0,1.0,7.0,1.4,1.6,2.0,1.669,1.99936,8.0,1.6,0.8,1.0,1.2767,1.69218,14.0,1.4,1.6,1.7,1.76112,1.55305,19.0,1.9,1.4,0.9,1.66215,1.30455,2.2,1.6,2.1744399999999997,1.2685600000000001,1.2,1.4,1.69058,1.63154,116.83333333333333,118.08333333333333,0,0,20.0,8.0,0.0,2.0,0.0,4.0,1.1233123312331232,1.1935193519351934,0.9828982898289828,0.6318631863186318,2.0,0.5,0.5,2.5,,,,,0.0,
276f8f1b-28a5-4f0a-b182-572164f2c9ba,5143a693-89e3-407f-b320-c5d31580f0ab,2026,17,17,2026-12-26T15:00:00+00:00,48fc005c-cbfc-4e4d-b7f1-459dce6cf940,5421e81a-b7dd-48b1-9982-42644e8dcf9f,Manchester United FC,Nottingham Forest FC,78,78,76,76,1.0,1.0,10.0,2.0,2.2,1.2,2.05574,1.3261,3.0,0.6,1.2,1.6,1.4747400000000002,1.8178,20.0,2.0,2.0,1.3,1.82306,1.49613,16.0,1.6,2.2,1.1,1.50631,1.54579,2.8,1.8,2.2811,1.69546,3.0,1.2,1.71812,2.0079599999999997,117.97916666666667,119.14583333333333,0,0,10.0,14.0,1.5,0.5,3.0,1.0,1.404140414041404,0.9126912691269127,1.5445544554455446,0.7722772277227723,4.0,0.25,0.25,3.75,,,,,0.0,
1e4255dd-0aaa-4c56-948d-f2618450d0c9,e3bc3ac6-726d-4339-b237-982486874a33,2026,17,17,2026-12-26T15:00:00+00:00,74bd08fa-27db-4bb0-8490-f57f6ed6b8e9,ead1bc2e-8799-410a-a809-66a274bbab2c,Crystal Palace FC,Arsenal FC,78,78,76,76,1.0,1.0,1.0,0.2,0.8,2.6,1.3675,2.04196,15.0,3.0,1.6,0.2,1.95344,0.8856400000000001,6.0,0.6,0.9,2.2,1.6875900000000001,1.7954899999999998,24.0,2.4,1.6,0.5,2.1858899999999997,1.11822,1.2,1.8,1.90318,1.85092,1.2,0.6,1.8980799999999998,1.4419,119.83333333333333,116.83333333333333,0,0,18.0,2.0,0.0,3.0,0.0,6.0,0.6318631863186318,1.5445544554455446,1.1233123312331232,0.351035103510351,4.0,0.0,0.25,3.5,,,,,0.0,
19a8665f-62e8-4dbc-8169-abaf6aabe015,8fffaca8-0c46-4b0b-b940-7883b59f9bf6,2026,17,17,2026-12-26T15:00:00+00:00,d95bc61c-17e5-44b5-bdb9-ec10e55d1aea,1cb320b2-b42f-4131-8f5f-ef42e7f82540,Coventry City FC,Chelsea FC,2,78,0,76,0.0,1.0,0.0,0.0,0.0,2.0,0.95415,1.6021,10.0,2.0,2.2,1.8,1.3089,1.57474,0.0,0.0,0.0,2.0,0.95415,1.6021,10.0,1.0,1.2,2.2,1.28673,1.6991399999999999,0.0,1.0,1.35,1.35,1.0,2.2,1.15024,1.6669,119.04166666666667,118.08333333333333,0,0,17.0,4.0,0.0,3.0,0.0,6.0,0.0,1.404140414041404,0.8424842484248424,1.5445544554455446,0.0,0.0,0.0,0.0,,,,,0.0,
759e5872-b2f0-4dfa-8ba5-357301fba78b,b38b2721-f1dd-49eb-9ccc-901a58af732e,2026,17,17,2026-12-26T15:00:00+00:00,b552a1a6-4302-43ca-884c-0f91ac4f984b,db14882b-951f-4db5-860b-4ca2b8583311,Fulham FC,Brighton & Hove Albion FC,78,78,76,76,1.0,1.0,4.0,0.8,1.0,1.2,1.44466,1.3342800000000001,6.0,1.2,2.0,1.6,2.1024800000000003,1.04346,11.0,1.1,0.9,1.2,1.4856,1.79445,16.0,1.6,2.0,1.4,2.054,1.19738,1.6,1.0,1.82286,1.33118,1.6,2.0,1.53252,1.5199200000000002,118.08333333333333,118.08333333333333,0,0,16.0,9.0,0.0,1.5,0.0,3.0,0.6318631863186318,0.8424842484248424,1.404140414041404,0.9828982898289828,4.0,0.5,0.25,3.0,,,,,0.0,
2775af77-25f7-4537-b26f-92ed4a2259bb,0ab31595-cbff-4bfb-8ef9-de1ae1a04fe0,2026,17,17,2026-12-26T15:00:00+00:00,c23d6b7a-dfaf-44a3-b016-1feb2dddec44,6601a105-9986-4276-89bf-143cdf03198a,Tottenham Hotspur FC,AFC Bournemouth,78,78,76,76,1.0,1.0,4.0,0.8,0.6,1.6,1.4309999999999998,1.7245000000000001,6.0,1.2,1.0,1.0,1.22144,1.6790800000000001,11.0,1.1,0.8,1.5,1.35367,1.44519,17.0,1.7,1.6,1.1,1.6844899999999998,1.68106,0.8,1.6,1.48516,1.23394,1.4,1.0,1.5607,2.1102800000000004,118.9375,119.04166666666667,0,0,19.0,15.0,0.0,0.5,0.0,1.0,0.5616561656165616,1.053105310531053,1.1233123312331232,0.7722772277227723,4.0,0.0,0.25,2.75,,,,,0.0,
3bb1cc0b-c634-492c-96b9-ef8dff019b80,962ed7f1-c6cf-49e9-a50b-2908c4d0aa90,2026,17,17,2026-12-26T15:00:00+00:00,67d3236c-6589-4978-b178-f6dcf50166d4,66a313d1-2e21-49ad-a1c7-6f04cae6be69,Ipswich Town FC,Brentford FC,40,78,38,76,1.0,1.0,3.0,0.6,1.0,2.4,1.18292,1.12082,6.0,1.2,1.4,1.4,1.8135999999999999,2.25948,5.0,0.5,1.0,2.5,0.98536,1.9058800000000002,12.0,1.2,1.3,1.1,1.7546199999999998,1.66781,0.8,2.2,0.85206,1.8177600000000003,0.6,1.4,1.01736,2.19684,117.97916666666667,118.08333333333333,0,0,12.0,5.0,1.5,2.0,3.0,4.0,0.702070207020702,1.7551755175517552,0.9126912691269127,0.7722772277227723,2.0,0.0,0.0,4.0,,,,,0.0,
a627a171-9064-4622-bed5-d5220b76b048,f447dfc9-47b1-4e39-a06f-9e10d9712e91,2026,17,17,2026-12-26T15:00:00+00:00,f7968242-f357-4da3-84bc-b49a6f3af9fe,54ed0f97-ad19-421c-a5c2-9b9d3fcbc72d,Hull City AFC,Liverpool FC,2,78,0,76,0.0,1.0,6.0,3.0,1.5,0.0,1.4231500000000001,1.5643500000000001,4.0,0.8,1.6,2.0,1.9297799999999998,1.50558,6.0,3.0,1.5,0.0,1.4231500000000001,1.5643500000000001,13.0,1.3,1.8,1.7,1.6482800000000002,1.86113,2.0,0.0,1.4963,1.7787,1.8,2.4,1.6099599999999998,2.3167999999999997,119.04166666666667,119.14583333333333,0,0,3.0,13.0,3.0,1.0,6.0,2.0,1.053105310531053,0.0,1.2637263726372636,1.1935193519351934,0.0,0.0,0.0,0.0,,,,,0.0,
2f02eab9-df61-442e-a91d-7014b2beee14,8063cd24-5297-42a9-ad5f-05abb72b5842,2026,17,17,2026-12-26T15:00:00+00:00,c4045d6d-a715-4821-a800-cd9b505ad54b,33d2f100-682f-4a5e-9aa3-5cc57e1e8571,Newcastle United FC,Manchester City FC,78,78,76,76,1.0,1.0,8.0,1.6,1.6,1.2,1.39426,1.7264399999999998,10.0,2.0,2.2,1.0,1.68626,1.3282,11.0,1.1,1.4,1.4,1.51213,2.0315000000000003,23.0,2.3,2.3,0.9,2.26553,1.3481100000000001,2.0,1.6,1.94728,2.3986799999999997,2.4,1.0,1.97072,1.38908,118.9375,119.83333333333333,0,0,6.0,1.0,2.0,3.0,4.0,6.0,0.9828982898289828,0.9828982898289828,1.6147614761476146,0.6318631863186318,4.0,0.25,0.25,3.0,,,,,0.0,
d1b9e9a2-0549-49a1-800a-a7f6b33b81d4,ca88c316-a2fd-439a-9968-2ccb4119fab7,2026,18,18,2026-12-30T20:00:00+00:00,b552a1a6-4302-43ca-884c-0f91ac4f984b,ead1bc2e-8799-410a-a809-66a274bbab2c,Fulham FC,Arsenal FC,78,78,76,76,1.0,1.0,4.0,0.8,1.0,1.2,1.44466,1.3342800000000001,15.0,3.0,1.6,0.2,1.95344,0.8856400000000001,11.0,1.1,0.9,1.2,1.4856,1.79445,24.0,2.4,1.6,0.5,2.1858899999999997,1.11822,1.6,1.0,1.82286,1.33118,1.2,0.6,1.8980799999999998,1.4419,122.29166666666667,121.04166666666667,0,0,16.0,2.0,0.0,3.0,0.0,6.0,0.6318631863186318,0.8424842484248424,1.1233123312331232,0.351035103510351,4.0,0.0,0.25,2.25,,,,,0.0,
693598bc-f623-4c95-b348-bfc63872dc14,f560bf40-6d9f-4577-8990-1906ad6816f3,2026,18,18,2026-12-30T20:00:00+00:00,f8f456e7-3e20-4803-ba4e-b1762a31812c,54ed0f97-ad19-421c-a5c2-9b9d3fcbc72d,Aston Villa FC,Liverpool FC,78,78,76,76,1.0,1.0,7.0,1.4,1.6,2.0,1.669,1.99936,4.0,0.8,1.6,2.0,1.9297799999999998,1.50558,14.0,1.4,1.6,1.7,1.76112,1.55305,13.0,1.3,1.8,1.7,1.6482800000000002,1.86113,2.2,1.6,2.1744399999999997,1.2685600000000001,1.8,2.4,1.6099599999999998,2.3167999999999997,121.04166666666667,123.35416666666667,0,0,20.0,13.0,0.0,1.0,0.0,2.0,1.1233123312331232,1.1935193519351934,1.2637263726372636,1.1935193519351934,4.0,0.25,0.25,3.5,,,,,0.0,
cee5765b-6513-4c54-8e1d-c56b69c5e626,b81510e3-6158-44ee-8078-3b14ad3f0a19,2026,18,18,2026-12-30T20:00:00+00:00,c4045d6d-a715-4821-a800-cd9b505ad54b,5421e81a-b7dd-48b1-9982-42644e8dcf9f,Newcastle United FC,Nottingham Forest FC,78,78,76,76,1.0,1.0,8.0,1.6,1.6,1.2,1.39426,1.7264399999999998,3.0,0.6,1.2,1.6,1.4747400000000002,1.8178,11.0,1.1,1.4,1.4,1.51213,2.0315000000000003,16.0,1.6,2.2,1.1,1.50631,1.54579,2.0,1.6,1.94728,2.3986799999999997,3.0,1.2,1.71812,2.0079599999999997,123.14583333333333,123.35416666666667,0,0,6.0,14.0,2.0,0.5,4.0,1.0,0.9828982898289828,0.9828982898289828,1.5445544554455446,0.7722772277227723,4.0,0.75,0.25,3.75,,,,,0.0,
74e4a16e-198f-4bb8-bac4-37a9b74ef5c3,d843f5c2-56c3-4ff9-9bca-9eae78c4c210,2026,18,18,2026-12-30T20:00:00+00:00,48fc005c-cbfc-4e4d-b7f1-459dce6cf940,076f94c9-341e-4294-a86a-076741505170,Manchester United FC,Sunderland AFC,78,40,76,38,1.0,1.0,10.0,2.0,2.2,1.2,2.05574,1.3261,10.0,2.0,1.4,0.8,1.47598,1.14264,20.0,2.0,2.0,1.3,1.82306,1.49613,17.0,1.7,1.4,1.5,1.49207,1.5401900000000002,2.8,1.8,2.2811,1.69546,2.0,1.8,1.52238,2.00738,122.1875,122.29166666666667,0,0,10.0,11.0,1.5,1.5,3.0,3.0,1.404140414041404,0.9126912691269127,0.9828982898289828,1.053105310531053,2.0,0.5,0.5,1.0,,,,,0.0,
3535db22-b896-4f8b-84fd-30418b3a718d,ed4ab1ed-4b86-4d66-9f25-bf4ab2aa27d2,2026,18,18,2026-12-30T20:00:00+00:00,67d3236c-6589-4978-b178-f6dcf50166d4,1cb320b2-b42f-4131-8f5f-ef42e7f82540,Ipswich Town FC,Chelsea FC,40,78,38,76,1.0,1.0,3.0,0.6,1.0,2.4,1.18292,1.12082,10.0,2.0,2.2,1.8,1.3089,1.57474,5.0,0.5,1.0,2.5,0.98536,1.9058800000000002,10.0,1.0,1.2,2.2,1.28673,1.6991399999999999,0.8,2.2,0.85206,1.8177600000000003,1.0,2.2,1.15024,1.6669,122.1875,122.29166666666667,0,0,12.0,4.0,1.5,3.0,3.0,6.0,0.702070207020702,1.7551755175517552,0.8424842484248424,1.5445544554455446,2.0,0.5,0.5,3.0,,,,,0.0,
35f3740c-e029-4136-9585-fc6b23138768,52a73431-4c80-46c0-8a43-586038badcd9,2026,18,18,2026-12-30T20:00:00+00:00,c23d6b7a-dfaf-44a3-b016-1feb2dddec44,db14882b-951f-4db5-860b-4ca2b8583311,Tottenham Hotspur FC,Brighton & Hove Albion FC,78,78,76,76,1.0,1.0,4.0,0.8,0.6,1.6,1.4309999999999998,1.7245000000000001,6.0,1.2,2.0,1.6,2.1024800000000003,1.04346,11.0,1.1,0.8,1.5,1.35367,1.44519,16.0,1.6,2.0,1.4,2.054,1.19738,0.8,1.6,1.48516,1.23394,1.6,2.0,1.53252,1.5199200000000002,123.14583333333333,122.29166666666667,0,0,19.0,9.0,0.0,1.5,0.0,3.0,0.5616561656165616,1.053105310531053,1.404140414041404,0.9828982898289828,4.0,0.0,0.5,4.5,,,,,0.0,
dcae7368-8e5c-43f3-b338-f5e7934a2cce,1c91dd36-2e1b-479a-83b2-f2552c715fbd,2026,18,18,2026-12-30T20:00:00+00:00,60cb8be0-9c1e-4019-8b60-fd9ac2aa9f2d,33d2f100-682f-4a5e-9aa3-5cc57e1e8571,Everton FC,Manchester City FC,78,78,76,76,1.0,1.0,5.0,1.0,1.2,1.4,1.29878,1.91182,10.0,2.0,2.2,1.0,1.68626,1.3282,10.0,1.0,1.6,1.6,1.37879,1.78095,23.0,2.3,2.3,0.9,2.26553,1.3481100000000001,2.0,1.6,1.4764,1.53332,2.4,1.0,1.97072,1.38908,123.25,124.04166666666667,0,0,7.0,1.0,2.0,3.0,4.0,6.0,1.1233123312331232,1.1233123312331232,1.6147614761476146,0.6318631863186318,4.0,0.0,0.5,3.0,,,,,0.0,
3582e425-71c9-46de-9bff-959168f7d369,34f560e8-900d-4dcf-899d-6cdcc0ea77b8,2026,18,18,2026-12-30T20:00:00+00:00,74bd08fa-27db-4bb0-8490-f57f6ed6b8e9,6601a105-9986-4276-89bf-143cdf03198a,Crystal Palace FC,AFC Bournemouth,78,78,76,76,1.0,1.0,1.0,0.2,0.8,2.6,1.3675,2.04196,6.0,1.2,1.0,1.0,1.22144,1.6790800000000001,6.0,0.6,0.9,2.2,1.6875900000000001,1.7954899999999998,17.0,1.7,1.6,1.1,1.6844899999999998,1.68106,1.2,1.8,1.90318,1.85092,1.4,1.0,1.5607,2.1102800000000004,124.04166666666667,123.25,0,0,18.0,15.0,0.0,0.5,0.0,1.0,0.6318631863186318,1.5445544554455446,1.1233123312331232,0.7722772277227723,4.0,0.0,0.75,2.25,,,,,0.0,
be24a19f-0b1e-4897-9596-9a760ed03c10,998e3cd2-0857-48e7-91ea-0f7514f393c5,2026,18,18,2026-12-30T20:00:00+00:00,d95bc61c-17e5-44b5-bdb9-ec10e55d1aea,66a313d1-2e21-49ad-a1c7-6f04cae6be69,Coventry City FC,Brentford FC,2,78,0,76,0.0,1.0,0.0,0.0,0.0,2.0,0.95415,1.6021,6.0,1.2,1.4,1.4,1.8135999999999999,2.25948,0.0,0.0,0.0,2.0,0.95415,1.6021,12.0,1.2,1.3,1.1,1.7546199999999998,1.66781,0.0,1.0,1.35,1.35,0.6,1.4,1.01736,2.19684,123.25,122.29166666666667,0,0,17.0,5.0,0.0,2.0,0.0,4.0,0.0,1.404140414041404,0.9126912691269127,0.7722772277227723,0.0,0.0,0.0,0.0,,,,,0.0,
f81a713c-af37-4528-9f53-ef4e80f453cc,4b92218b-0e05-4cbb-86e7-4900a9f05235,2026,18,18,2026-12-30T20:00:00+00:00,f7968242-f357-4da3-84bc-b49a6f3af9fe,fe8b4d06-9254-4fc8-a08f-90f242e51751,Hull City AFC,Leeds United FC,2,40,0,38,0.0,1.0,6.0,3.0,1.5,0.0,1.4231500000000001,1.5643500000000001,8.0,1.6,0.8,1.0,1.2767,1.69218,6.0,3.0,1.5,0.0,1.4231500000000001,1.5643500000000001,19.0,1.9,1.4,0.9,1.66215,1.30455,2.0,0.0,1.4963,1.7787,1.2,1.4,1.69058,1.63154,123.25,122.29166666666667,0,0,3.0,8.0,3.0,2.0,6.0,4.0,1.053105310531053,0.0,0.9828982898289828,0.6318631863186318,0.0,0.0,0.0,0.0,,,,,0.0,
2e1c83f5-7981-4c72-9ff4-cef238296a7b,8fa98150-4ea3-4d84-8feb-2dd18dc04cc0,2026,19,19,2027-01-02T15:00:00+00:00,6601a105-9986-4276-89bf-143cdf03198a,f8f456e7-3e20-4803-ba4e-b1762a31812c,AFC Bournemouth,Aston Villa FC,78,78,76,76,1.0,1.0,6.0,1.2,1.0,1.0,1.22144,1.6790800000000001,7.0,1.4,1.6,2.0,1.669,1.99936,17.0,1.7,1.6,1.1,1.6844899999999998,1.68106,14.0,1.4,1.6,1.7,1.76112,1.55305,1.8,1.2,1.8082799999999999,1.25184,1.0,1.8,1.3477999999999999,1.83754,126.04166666666667,123.83333333333333,0,0,15.0,20.0,0.5,0.0,1.0,0.0,1.1233123312331232,0.7722772277227723,1.1233123312331232,1.1935193519351934,4.0,0.0,0.5,2.25,,,,,0.0,
7b63676c-ce2b-45bc-8a06-b53e63b0a621,eb269e9c-028a-4324-9eba-b9b55633dcaa,2026,19,19,2027-01-02T15:00:00+00:00,66a313d1-2e21-49ad-a1c7-6f04cae6be69,74bd08fa-27db-4bb0-8490-f57f6ed6b8e9,Brentford FC,Crystal Palace FC,78,78,76,76,1.0,1.0,6.0,1.2,1.4,1.4,1.8135999999999999,2.25948,1.0,0.2,0.8,2.6,1.3675,2.04196,12.0,1.2,1.3,1.1,1.7546199999999998,1.66781,6.0,0.6,0.9,2.2,1.6875900000000001,1.7954899999999998,2.0,0.8,2.49188,1.1387800000000001,0.6,2.6,1.472,1.7400600000000002,125.08333333333333,126.83333333333333,0,0,5.0,18.0,2.0,0.0,4.0,0.0,0.9126912691269127,0.7722772277227723,0.6318631863186318,1.5445544554455446,4.0,0.5,0.25,3.0,,,,,0.0,
7ab06093-0d3a-4945-9d7a-dedf5d5006e9,8c1e9aac-9698-428f-a715-7e8b920025c7,2026,19,19,2027-01-02T15:00:00+00:00,fe8b4d06-9254-4fc8-a08f-90f242e51751,60cb8be0-9c1e-4019-8b60-fd9ac2aa9f2d,Leeds United FC,Everton FC,40,78,38,76,1.0,1.0,8.0,1.6,0.8,1.0,1.2767,1.69218,5.0,1.0,1.2,1.4,1.29878,1.91182,19.0,1.9,1.4,0.9,1.66215,1.30455,10.0,1.0,1.6,1.6,1.37879,1.78095,1.6,0.4,1.6337199999999998,0.9775600000000001,1.2,1.6,1.28118,2.02858,125.08333333333333,126.04166666666667,0,0,8.0,7.0,2.0,2.0,4.0,4.0,0.9828982898289828,0.6318631863186318,1.1233123312331232,1.1233123312331232,2.0,0.5,0.5,1.5,,,,,0.0,
46a76120-5acb-4fe7-81e9-d80f77898c80,5205cebf-5b17-47ea-ada3-547d52b5fa86,2026,19,19,2027-01-02T15:00:00+00:00,ead1bc2e-8799-410a-a809-66a274bbab2c,67d3236c-6589-4978-b178-f6dcf50166d4,Arsenal FC,Ipswich Town FC,78,40,76,38,1.0,1.0,15.0,3.0,1.6,0.2,1.95344,0.8856400000000001,3.0,0.6,1.0,2.4,1.18292,1.12082,24.0,2.4,1.6,0.5,2.1858899999999997,1.11822,5.0,0.5,1.0,2.5,0.98536,1.9058800000000002,1.8,0.4,2.19494,0.74268,1.2,2.8,1.11866,1.9940000000000002,123.83333333333333,124.97916666666667,0,0,2.0,12.0,3.0,1.5,6.0,3.0,1.1233123312331232,0.351035103510351,0.702070207020702,1.7551755175517552,2.0,1.0,0.0,2.5,,,,,0.0,
2fc43aab-d03b-440b-af91-f4e23568206c,35815067-9dc2-4ff2-ad85-56a06c778d7d,2026,19,19,2027-01-02T15:00:00+00:00,1cb320b2-b42f-4131-8f5f-ef42e7f82540,c4045d6d-a715-4821-a800-cd9b505ad54b,Chelsea FC,Newcastle United FC,78,78,76,76,1.0,1.0,10.0,2.0,2.2,1.8,1.3089,1.57474,8.0,1.6,1.6,1.2,1.39426,1.7264399999999998,10.0,1.0,1.2,2.2,1.28673,1.6991399999999999,11.0,1.1,1.4,1.4,1.51213,2.0315000000000003,1.4,2.2,1.4232200000000002,1.7313800000000001,0.8,1.2,1.07698,1.66432,125.08333333333333,125.9375,0,0,4.0,6.0,3.0,2.0,6.0,4.0,0.8424842484248424,1.5445544554455446,0.9828982898289828,0.9828982898289828,4.0,0.25,0.25,2.5,,,,,0.0,
38e19208-49b3-469e-89eb-becd62500819,866c38dd-48ad-49a5-b97b-f187f9ad8695,2026,19,19,2027-01-02T15:00:00+00:00,5421e81a-b7dd-48b1-9982-42644e8dcf9f,b552a1a6-4302-43ca-884c-0f91ac4f984b,Nottingham Forest FC,Fulham FC,78,78,76,76,1.0,1.0,3.0,0.6,1.2,1.6,1.4747400000000002,1.8178,4.0,0.8,1.0,1.2,1.44466,1.3342800000000001,16.0,1.6,2.2,1.1,1.50631,1.54579,11.0,1.1,0.9,1.2,1.4856,1.79445,1.4,1.0,1.2945,1.08362,0.2,1.4,1.14834,2.25772,126.14583333333333,125.08333333333333,0,0,14.0,16.0,0.5,0.0,1.0,0.0,1.5445544554455446,0.7722772277227723,0.6318631863186318,0.8424842484248424,4.0,0.0,0.25,1.25,,,,,0.0,
997af3dd-7e9d-4062-a8c9-cb711dea9a20,a030218c-c36a-41d6-9d17-326d41ef9785,2026,19,19,2027-01-02T15:00:00+00:00,db14882b-951f-4db5-860b-4ca2b8583311,48fc005c-cbfc-4e4d-b7f1-459dce6cf940,Brighton & Hove Albion FC,Manchester United FC,78,78,76,76,1.0,1.0,6.0,1.2,2.0,1.6,2.1024800000000003,1.04346,10.0,2.0,2.2,1.2,2.05574,1.3261,16.0,1.6,2.0,1.4,2.054,1.19738,20.0,2.0,2.0,1.3,1.82306,1.49613,2.4,0.8,2.5754799999999998,0.8748400000000001,1.2,0.8,1.36502,1.2968,125.08333333333333,124.97916666666667,0,0,9.0,10.0,1.5,1.5,3.0,3.0,1.404140414041404,0.9828982898289828,1.404140414041404,0.9126912691269127,4.0,0.5,0.0,4.0,,,,,0.0,
80961da3-e132-404e-bc12-804d0f13bfcc,23244297-7bdf-4bca-812a-d4fa77b75e24,2026,19,19,2027-01-02T15:00:00+00:00,33d2f100-682f-4a5e-9aa3-5cc57e1e8571,c23d6b7a-dfaf-44a3-b016-1feb2dddec44,Manchester City FC,Tottenham Hotspur FC,78,78,76,76,1.0,1.0,10.0,2.0,2.2,1.0,1.68626,1.3282,4.0,0.8,0.6,1.6,1.4309999999999998,1.7245000000000001,23.0,2.3,2.3,0.9,2.26553,1.3481100000000001,11.0,1.1,0.8,1.5,1.35367,1.44519,2.2,0.8,2.56034,1.30714,0.8,1.4,1.22218,1.65644,126.83333333333333,125.9375,0,0,1.0,19.0,3.0,0.0,6.0,0.0,1.6147614761476146,0.6318631863186318,0.5616561656165616,1.053105310531053,4.0,0.25,0.25,2.75,,,,,0.0,
458adbc8-11b3-410a-aa98-5a1bb3bcecc4,4d6acb9a-dffb-49dc-8b50-83bfb2d93691,2026,19,19,2027-01-02T15:00:00+00:00,076f94c9-341e-4294-a86a-076741505170,f7968242-f357-4da3-84bc-b49a6f3af9fe,Sunderland AFC,Hull City AFC,40,2,38,0,1.0,0.0,10.0,2.0,1.4,0.8,1.47598,1.14264,6.0,3.0,1.5,0.0,1.4231500000000001,1.5643500000000001,17.0,1.7,1.4,1.5,1.49207,1.5401900000000002,6.0,3.0,1.5,0.0,1.4231500000000001,1.5643500000000001,0.8,1.2,1.4617600000000002,1.073,1.0,0.0,1.35,1.35,125.08333333333333,126.04166666666667,0,0,11.0,3.0,1.5,3.0,3.0,6.0,0.9828982898289828,1.053105310531053,1.053105310531053,0.0,0.0,0.0,0.0,0.0,,,,,0.0,
7fbe7865-d625-4d17-bbcf-687345a2f4ca,84c240ae-c5cd-4c1b-8400-bbe6c91c583b,2026,19,19,2027-01-02T15:00:00+00:00,54ed0f97-ad19-421c-a5c2-9b9d3fcbc72d,d95bc61c-17e5-44b5-bdb9-ec10e55d1aea,Liverpool FC,Coventry City FC,78,2,76,0,1.0,0.0,4.0,0.8,1.6,2.0,1.9297799999999998,1.50558,0.0,0.0,0.0,2.0,0.95415,1.6021,13.0,1.3,1.8,1.7,1.6482800000000002,1.86113,0.0,0.0,0.0,2.0,0.95415,1.6021,1.8,1.0,1.6865999999999999,1.4054600000000002,0.0,3.0,0.5583,1.8542,126.14583333333333,126.04166666666667,0,0,13.0,17.0,1.0,0.0,2.0,0.0,1.2637263726372636,1.1935193519351934,0.0,1.404140414041404,0.0,0.0,0.0,0.0,,,,,0.0,
37a07d63-9077-49f1-8ce2-5bac46cfcc45,77c06d13-6423-428e-994e-3f8e61f8ec5a,2026,20,20,2027-01-06T20:00:00+00:00,60cb8be0-9c1e-4019-8b60-fd9ac2aa9f2d,f8f456e7-3e20-4803-ba4e-b1762a31812c,Everton FC,Aston Villa FC,78,78,76,76,1.0,1.0,5.0,1.0,1.2,1.4,1.29878,1.91182,7.0,1.4,1.6,2.0,1.669,1.99936,10.0,1.0,1.6,1.6,1.37879,1.78095,14.0,1.4,1.6,1.7,1.76112,1.55305,2.0,1.6,1.4764,1.53332,1.0,1.8,1.3477999999999999,1.83754,130.25,128.04166666666666,0,0,7.0,20.0,2.0,0.0,4.0,0.0,1.1233123312331232,1.1233123312331232,1.1233123312331232,1.1935193519351934,4.0,0.25,0.25,1.75,,,,,0.0,
cf5a7d59-da4d-4a7e-9ba6-7ea2e7e563c0,9b2f49c5-21f1-48e0-8213-e5ff14ab63bb,2026,20,20,2027-01-06T20:00:00+00:00,ead1bc2e-8799-410a-a809-66a274bbab2c,66a313d1-2e21-49ad-a1c7-6f04cae6be69,Arsenal FC,Brentford FC,78,78,76,76,1.0,1.0,15.0,3.0,1.6,0.2,1.95344,0.8856400000000001,6.0,1.2,1.4,1.4,1.8135999999999999,2.25948,24.0,2.4,1.6,0.5,2.1858899999999997,1.11822,12.0,1.2,1.3,1.1,1.7546199999999998,1.66781,1.8,0.4,2.19494,0.74268,0.6,1.4,1.01736,2.19684,128.04166666666666,129.29166666666666,0,0,2.0,5.0,3.0,2.0,6.0,4.0,1.1233123312331232,0.351035103510351,0.9126912691269127,0.7722772277227723,4.0,0.5,0.5,2.5,,,,,0.0,
49605df4-d4e6-4369-80ba-24427cdbb1b3,28a87275-9fda-459f-b245-4cc1f4104244,2026,20,20,2027-01-06T20:00:00+00:00,076f94c9-341e-4294-a86a-076741505170,54ed0f97-ad19-421c-a5c2-9b9d3fcbc72d,Sunderland AFC,Liverpool FC,40,78,38,76,1.0,1.0,10.0,2.0,1.4,0.8,1.47598,1.14264,4.0,0.8,1.6,2.0,1.9297799999999998,1.50558,17.0,1.7,1.4,1.5,1.49207,1.5401900000000002,13.0,1.3,1.8,1.7,1.6482800000000002,1.86113,0.8,1.2,1.4617600000000002,1.073,1.8,2.4,1.6099599999999998,2.3167999999999997,129.29166666666666,130.35416666666666,0,0,11.0,13.0,1.5,1.0,3.0,2.0,0.9828982898289828,1.053105310531053,1.2637263726372636,1.1935193519351934,2.0,0.0,0.5,1.5,,,,,0.0,
71861084-27e3-4789-aff8-424ff1761037,43002a37-9b30-4f76-8d3b-d90bf7d0ff21,2026,20,20,2027-01-06T20:00:00+00:00,fe8b4d06-9254-4fc8-a08f-90f242e51751,33d2f100-682f-4a5e-9aa3-5cc57e1e8571,Leeds United FC,Manchester City FC,40,78,38,76,1.0,1.0,8.0,1.6,0.8,1.0,1.2767,1.69218,10.0,2.0,2.2,1.0,1.68626,1.3282,19.0,1.9,1.4,0.9,1.66215,1.30455,23.0,2.3,2.3,0.9,2.26553,1.3481100000000001,1.6,0.4,1.6337199999999998,0.9775600000000001,2.4,1.0,1.97072,1.38908,129.29166666666666,131.04166666666666,0,0,8.0,1.0,2.0,3.0,4.0,6.0,0.9828982898289828,0.6318631863186318,1.6147614761476146,0.6318631863186318,2.0,0.0,0.0,3.0,,,,,0.0,
9999b6f1-84c9-42e1-9352-6534a8d6aee3,60c630fd-0526-4ef1-aeff-064757d2b6d4,2026,20,20,2027-01-06T20:00:00+00:00,48fc005c-cbfc-4e4d-b7f1-459dce6cf940,c4045d6d-a715-4821-a800-cd9b505ad54b,Manchester United FC,Newcastle United FC,78,78,76,76,1.0,1.0,10.0,2.0,2.2,1.2,2.05574,1.3261,8.0,1.6,1.6,1.2,1.39426,1.7264399999999998,20.0,2.0,2.0,1.3,1.82306,1.49613,11.0,1.1,1.4,1.4,1.51213,2.0315000000000003,2.8,1.8,2.2811,1.69546,0.8,1.2,1.07698,1.66432,129.1875,130.14583333333334,0,0,10.0,6.0,1.5,2.0,3.0,4.0,1.404140414041404,0.9126912691269127,0.9828982898289828,0.9828982898289828,4.0,0.25,0.0,2.75,,,,,0.0,
f7ea1fe1-e068-4b1c-a2d5-6bba2137dd61,6db1668c-9dd3-4ec4-ad50-780ca4e98584,2026,20,20,2027-01-06T20:00:00+00:00,db14882b-951f-4db5-860b-4ca2b8583311,6601a105-9986-4276-89bf-143cdf03198a,Brighton & Hove Albion FC,AFC Bournemouth,78,78,76,76,1.0,1.0,6.0,1.2,2.0,1.6,2.1024800000000003,1.04346,6.0,1.2,1.0,1.0,1.22144,1.6790800000000001,16.0,1.6,2.0,1.4,2.054,1.19738,17.0,1.7,1.6,1.1,1.6844899999999998,1.68106,2.4,0.8,2.5754799999999998,0.8748400000000001,1.4,1.0,1.5607,2.1102800000000004,129.29166666666666,130.25,0,0,9.0,15.0,1.5,0.5,3.0,1.0,1.404140414041404,0.9828982898289828,1.1233123312331232,0.7722772277227723,4.0,0.5,0.25,2.75,,,,,0.0,
a03579b2-2f2f-4a67-807b-4b465bcd2e34,1c08c84f-237a-4948-b138-a9707fe1c143,2026,20,20,2027-01-06T20:00:00+00:00,b552a1a6-4302-43ca-884c-0f91ac4f984b,c23d6b7a-dfaf-44a3-b016-1feb2dddec44,Fulham FC,Tottenham Hotspur FC,78,78,76,76,1.0,1.0,4.0,0.8,1.0,1.2,1.44466,1.3342800000000001,4.0,0.8,0.6,1.6,1.4309999999999998,1.7245000000000001,11.0,1.1,0.9,1.2,1.4856,1.79445,11.0,1.1,0.8,1.5,1.35367,1.44519,1.6,1.0,1.82286,1.33118,0.8,1.4,1.22218,1.65644,129.29166666666666,130.14583333333334,0,0,16.0,19.0,0.0,0.0,0.0,0.0,0.6318631863186318,0.8424842484248424,0.5616561656165616,1.053105310531053,4.0,0.75,0.25,2.5,,,,,0.0,
caac01e5-217a-49f8-97d9-c246e1138b5e,64e82da5-f004-4349-b30d-e21ddaac7aac,2026,20,20,2027-01-06T20:00:00+00:00,74bd08fa-27db-4bb0-8490-f57f6ed6b8e9,1cb320b2-b42f-4131-8f5f-ef42e7f82540,Crystal Palace FC,Chelsea FC,78,78,76,76,1.0,1.0,1.0,0.2,0.8,2.6,1.3675,2.04196,10.0,2.0,2.2,1.8,1.3089,1.57474,6.0,0.6,0.9,2.2,1.6875900000000001,1.7954899999999998,10.0,1.0,1.2,2.2,1.28673,1.6991399999999999,1.2,1.8,1.90318,1.85092,1.0,2.2,1.15024,1.6669,131.04166666666666,129.29166666666666,0,0,18.0,4.0,0.0,3.0,0.0,6.0,0.6318631863186318,1.5445544554455446,0.8424842484248424,1.5445544554455446,4.0,0.0,0.75,2.0,,,,,0.0,
43fc9c02-4747-462f-b4c8-b51c229fe1ab,b69b62da-a6cf-4c68-a8e8-3d8581d17c84,2026,20,20,2027-01-06T20:00:00+00:00,5421e81a-b7dd-48b1-9982-42644e8dcf9f,f7968242-f357-4da3-84bc-b49a6f3af9fe,Nottingham Forest FC,Hull City AFC,78,2,76,0,1.0,0.0,3.0,0.6,1.2,1.6,1.4747400000000002,1.8178,6.0,3.0,1.5,0.0,1.4231500000000001,1.5643500000000001,16.0,1.6,2.2,1.1,1.50631,1.54579,6.0,3.0,1.5,0.0,1.4231500000000001,1.5643500000000001,1.4,1.0,1.2945,1.08362,1.0,0.0,1.35,1.35,130.35416666666666,130.25,0,0,14.0,3.0,0.5,3.0,1.0,6.0,1.5445544554455446,0.7722772277227723,1.053105310531053,0.0,0.0,0.0,0.0,0.0,,,,,0.0,
ef2abe17-ff7e-4020-9f62-ee83d9ed3b05,3117aef7-cbe0-4296-b6cc-a4e6115679cc,2026,20,20,2027-01-06T20:00:00+00:00,67d3236c-6589-4978-b178-f6dcf50166d4,d95bc61c-17e5-44b5-bdb9-ec10e55d1aea,Ipswich Town FC,Coventry City FC,40,2,38,0,1.0,0.0,3.0,0.6,1.0,2.4,1.18292,1.12082,0.0,0.0,0.0,2.0,0.95415,1.6021,5.0,0.5,1.0,2.5,0.98536,1.9058800000000002,0.0,0.0,0.0,2.0,0.95415,1.6021,0.8,2.2,0.85206,1.8177600000000003,0.0,3.0,0.5583,1.8542,129.1875,130.25,0,0,12.0,17.0,1.5,0.0,3.0,0.0,0.702070207020702,1.7551755175517552,0.0,1.404140414041404,0.0,0.0,0.0,0.0,,,,,0.0,
d657e00a-1d44-48f0-be0c-2cbcbc5a73dd,982f8736-d377-4658-90f3-e4432be38203,2026,21,21,2027-01-16T15:00:00+00:00,6601a105-9986-4276-89bf-143cdf03198a,67d3236c-6589-4978-b178-f6dcf50166d4,AFC Bournemouth,Ipswich Town FC,78,40,76,38,1.0,1.0,6.0,1.2,1.0,1.0,1.22144,1.6790800000000001,3.0,0.6,1.0,2.4,1.18292,1.12082,17.0,1.7,1.6,1.1,1.6844899999999998,1.68106,5.0,0.5,1.0,2.5,0.98536,1.9058800000000002,1.8,1.2,1.8082799999999999,1.25184,1.2,2.8,1.11866,1.9940000000000002,140.04166666666666,138.97916666666666,0,0,15.0,12.0,0.5,1.5,1.0,3.0,1.1233123312331232,0.7722772277227723,0.702070207020702,1.7551755175517552,2.0,0.5,0.0,3.0,,,,,0.0,
e05a729f-a94e-4ec9-bb6b-cd10c4930590,078e8721-06c2-494d-9a34-1d44715754b0,2026,21,21,2027-01-16T15:00:00+00:00,33d2f100-682f-4a5e-9aa3-5cc57e1e8571,5421e81a-b7dd-48b1-9982-42644e8dcf9f,Manchester City FC,Nottingham Forest FC,78,78,76,76,1.0,1.0,10.0,2.0,2.2,1.0,1.68626,1.3282,3.0,0.6,1.2,1.6,1.4747400000000002,1.8178,23.0,2.3,2.3,0.9,2.26553,1.3481100000000001,16.0,1.6,2.2,1.1,1.50631,1.54579,2.2,0.8,2.56034,1.30714,3.0,1.2,1.71812,2.0079599999999997,140.83333333333334,140.14583333333334,0,0,1.0,14.0,3.0,0.5,6.0,1.0,1.6147614761476146,0.6318631863186318,1.5445544554455446,0.7722772277227723,4.0,0.5,0.25,2.75,,,,,0.0,
1093cd0b-ec70-4935-a7a9-4be103b8cfc1,9d8d8f45-9930-4763-b918-7866227ad3f8,2026,21,21,2027-01-16T15:00:00+00:00,1cb320b2-b42f-4131-8f5f-ef42e7f82540,076f94c9-341e-4294-a86a-076741505170,Chelsea FC,Sunderland AFC,78,40,76,38,1.0,1.0,10.0,2.0,2.2,1.8,1.3089,1.57474,10.0,2.0,1.4,0.8,1.47598,1.14264,10.0,1.0,1.2,2.2,1.28673,1.6991399999999999,17.0,1.7,1.4,1.5,1.49207,1.5401900000000002,1.4,2.2,1.4232200000000002,1.7313800000000001,2.0,1.8,1.52238,2.00738,139.08333333333334,139.08333333333334,0,0,4.0,11.0,3.0,1.5,6.0,3.0,0.8424842484248424,1.5445544554455446,0.9828982898289828,1.053105310531053,2.0,0.0,0.0,3.0,,,,,0.0,
873e38bc-3b96-4eb6-9bfa-e96c1753899b,d824dc84-3511-45c0-9542-70854f547488,2026,21,21,2027-01-16T15:00:00+00:00,66a313d1-2e21-49ad-a1c7-6f04cae6be69,db14882b-951f-4db5-860b-4ca2b8583311,Brentford FC,Brighton & Hove Albion FC,78,78,76,76,1.0,1.0,6.0,1.2,1.4,1.4,1.8135999999999999,2.25948,6.0,1.2,2.0,1.6,2.1024800000000003,1.04346,12.0,1.2,1.3,1.1,1.7546199999999998,1.66781,16.0,1.6,2.0,1.4,2.054,1.19738,2.0,0.8,2.49188,1.1387800000000001,1.6,2.0,1.53252,1.5199200000000002,139.08333333333334,139.08333333333334,0,0,5.0,9.0,2.0,1.5,4.0,3.0,0.9126912691269127,0.7722772277227723,1.404140414041404,0.9828982898289828,4.0,0.25,0.25,2.75,,,,,0.0,
ecd5798a-3d06-4be1-a163-7e7340afac71,46cc5655-ce10-4eaa-b184-347a34450368,2026,21,21,2027-01-16T15:00:00+00:00,f7968242-f357-4da3-84bc-b49a6f3af9fe,ead1bc2e-8799-410a-a809-66a274bbab2c,Hull City AFC,Arsenal FC,2,78,0,76,0.0,1.0,6.0,3.0,1.5,0.0,1.4231500000000001,1.5643500000000001,15.0,3.0,1.6,0.2,1.95344,0.8856400000000001,6.0,3.0,1.5,0.0,1.4231500000000001,1.5643500000000001,24.0,2.4,1.6,0.5,2.1858899999999997,1.11822,2.0,0.0,1.4963,1.7787,1.2,0.6,1.8980799999999998,1.4419,140.04166666666666,137.83333333333334,0,0,3.0,2.0,3.0,3.0,6.0,6.0,1.053105310531053,0.0,1.1233123312331232,0.351035103510351,0.0,0.0,0.0,0.0,,,,,0.0,
0d430c50-169a-4d5e-bfc1-16ad41202326,62b04a90-b7bb-4312-8e23-9ea135124c23,2026,21,21,2027-01-16T15:00:00+00:00,f8f456e7-3e20-4803-ba4e-b1762a31812c,48fc005c-cbfc-4e4d-b7f1-459dce6cf940,Aston Villa FC,Manchester United FC,78,78,76,76,1.0,1.0,7.0,1.4,1.6,2.0,1.669,1.99936,10.0,2.0,2.2,1.2,2.05574,1.3261,14.0,1.4,1.6,1.7,1.76112,1.55305,20.0,2.0,2.0,1.3,1.82306,1.49613,2.2,1.6,2.1744399999999997,1.2685600000000001,1.2,0.8,1.36502,1.2968,137.83333333333334,138.97916666666666,0,0,20.0,10.0,0.0,1.5,0.0,3.0,1.1233123312331232,1.1935193519351934,1.404140414041404,0.9126912691269127,4.0,0.25,0.25,2.25,,,,,0.0,
d761bd15-d2a9-45b7-8b8e-a2b982b72d7b,9e1d883c-bec1-46bf-9c08-277ab7c7f3b5,2026,21,21,2027-01-16T15:00:00+00:00,c23d6b7a-dfaf-44a3-b016-1feb2dddec44,fe8b4d06-9254-4fc8-a08f-90f242e51751,Tottenham Hotspur FC,Leeds United FC,78,40,76,38,1.0,1.0,4.0,0.8,0.6,1.6,1.4309999999999998,1.7245000000000001,8.0,1.6,0.8,1.0,1.2767,1.69218,11.0,1.1,0.8,1.5,1.35367,1.44519,19.0,1.9,1.4,0.9,1.66215,1.30455,0.8,1.6,1.48516,1.23394,1.2,1.4,1.69058,1.63154,139.9375,139.08333333333334,0,0,19.0,8.0,0.0,2.0,0.0,4.0,0.5616561656165616,1.053105310531053,0.9828982898289828,0.6318631863186318,2.0,0.5,0.5,2.5,,,,,0.0,
c7e55d37-4aba-41ee-8e2a-52eed89518f5,5b881cc0-ea5f-4fff-af5f-e3f1ecf1f9f8,2026,21,21,2027-01-16T15:00:00+00:00,d95bc61c-17e5-44b5-bdb9-ec10e55d1aea,60cb8be0-9c1e-4019-8b60-fd9ac2aa9f2d,Coventry City FC,Everton FC,2,78,0,76,0.0,1.0,0.0,0.0,0.0,2.0,0.95415,1.6021,5.0,1.0,1.2,1.4,1.29878,1.91182,0.0,0.0,0.0,2.0,0.95415,1.6021,10.0,1.0,1.6,1.6,1.37879,1.78095,0.0,1.0,1.35,1.35,1.2,1.6,1.28118,2.02858,140.04166666666666,140.04166666666666,0,0,17.0,7.0,0.0,2.0,0.0,4.0,0.0,1.404140414041404,1.1233123312331232,1.1233123312331232,0.0,0.0,0.0,0.0,,,,,0.0,
0872915c-b53c-4351-815f-d783650ab556,34ae62ac-bc5e-443e-90ad-3e6a49590322,2026,21,21,2027-01-16T15:00:00+00:00,54ed0f97-ad19-421c-a5c2-9b9d3fcbc72d,74bd08fa-27db-4bb0-8490-f57f6ed6b8e9,Liverpool FC,Crystal Palace FC,78,78,76,76,1.0,1.0,4.0,0.8,1.6,2.0,1.9297799999999998,1.50558,1.0,0.2,0.8,2.6,1.3675,2.04196,13.0,1.3,1.8,1.7,1.6482800000000002,1.86113,6.0,0.6,0.9,2.2,1.6875900000000001,1.7954899999999998,1.8,1.0,1.6865999999999999,1.4054600000000002,0.6,2.6,1.472,1.7400600000000002,140.14583333333334,140.83333333333334,0,0,13.0,18.0,1.0,0.0,2.0,0.0,1.2637263726372636,1.1935193519351934,0.6318631863186318,1.5445544554455446,4.0,0.5,0.25,2.5,,,,,0.0,
0e900566-21e5-4e63-9845-d25ec930340f,09859715-2a1a-4f14-bf24-76067f73c412,2026,21,21,2027-01-16T15:00:00+00:00,c4045d6d-a715-4821-a800-cd9b505ad54b,b552a1a6-4302-43ca-884c-0f91ac4f984b,Newcastle United FC,Fulham FC,78,78,76,76,1.0,1.0,8.0,1.6,1.6,1.2,1.39426,1.7264399999999998,4.0,0.8,1.0,1.2,1.44466,1.3342800000000001,11.0,1.1,1.4,1.4,1.51213,2.0315000000000003,11.0,1.1,0.9,1.2,1.4856,1.79445,2.0,1.6,1.94728,2.3986799999999997,0.2,1.4,1.14834,2.25772,139.9375,139.08333333333334,0,0,6.0,16.0,2.0,0.0,4.0,0.0,0.9828982898289828,0.9828982898289828,0.6318631863186318,0.8424842484248424,4.0,0.25,0.0,3.0,,,,,0.0,
5277364c-47fc-4c9c-a798-58249a577952,f83513ec-fa98-4c2a-a473-9ce78972f3b8,2026,22,22,2027-01-23T15:00:00+00:00,67d3236c-6589-4978-b178-f6dcf50166d4,f7968242-f357-4da3-84bc-b49a6f3af9fe,Ipswich Town FC,Hull City AFC,40,2,38,0,1.0,0.0,3.0,0.6,1.0,2.4,1.18292,1.12082,6.0,3.0,1.5,0.0,1.4231500000000001,1.5643500000000001,5.0,0.5,1.0,2.5,0.98536,1.9058800000000002,6.0,3.0,1.5,0.0,1.4231500000000001,1.5643500000000001,0.8,2.2,0.85206,1.8177600000000003,1.0,0.0,1.35,1.35,145.97916666666666,147.04166666666666,0,0,12.0,3.0,1.5,3.0,3.0,6.0,0.702070207020702,1.7551755175517552,1.053105310531053,0.0,0.0,0.0,0.0,0.0,,,,,0.0,
f01d6db7-ce67-4a66-b98f-6806a9d32c78,f9a8ee2c-c4b1-4126-829d-2f914b0f0ab6,2026,22,22,2027-01-23T15:00:00+00:00,60cb8be0-9c1e-4019-8b60-fd9ac2aa9f2d,66a313d1-2e21-49ad-a1c7-6f04cae6be69,Everton FC,Brentford FC,78,78,76,76,1.0,1.0,5.0,1.0,1.2,1.4,1.29878,1.91182,6.0,1.2,1.4,1.4,1.8135999999999999,2.25948,10.0,1.0,1.6,1.6,1.37879,1.78095,12.0,1.2,1.3,1.1,1.7546199999999998,1.66781,2.0,1.6,1.4764,1.53332,0.6,1.4,1.01736,2.19684,147.04166666666666,146.08333333333334,0,0,7.0,5.0,2.0,2.0,4.0,4.0,1.1233123312331232,1.1233123312331232,0.9126912691269127,0.7722772277227723,4.0,0.0,0.75,3.0,,,,,0.0,
1bb044f7-1114-41dd-be30-ad34a00698c2,7573a45f-5fd5-423d-984f-feade61f3c7f,2026,22,22,2027-01-23T15:00:00+00:00,076f94c9-341e-4294-a86a-076741505170,d95bc61c-17e5-44b5-bdb9-ec10e55d1aea,Sunderland AFC,Coventry City FC,40,2,38,0,1.0,0.0,10.0,2.0,1.4,0.8,1.47598,1.14264,0.0,0.0,0.0,2.0,0.95415,1.6021,17.0,1.7,1.4,1.5,1.49207,1.5401900000000002,0.0,0.0,0.0,2.0,0.95415,1.6021,0.8,1.2,1.4617600000000002,1.073,0.0,3.0,0.5583,1.8542,146.08333333333334,147.04166666666666,0,0,11.0,17.0,1.5,0.0,3.0,0.0,0.9828982898289828,1.053105310531053,0.0,1.404140414041404,0.0,0.0,0.0,0.0,,,,,0.0,
d5e3249c-1c31-4a96-adfa-c015b430b22a,3dd6d8cb-8f30-4229-a66f-30c1ae84743f,2026,22,22,2027-01-23T15:00:00+00:00,5421e81a-b7dd-48b1-9982-42644e8dcf9f,6601a105-9986-4276-89bf-143cdf03198a,Nottingham Forest FC,AFC Bournemouth,78,78,76,76,1.0,1.0,3.0,0.6,1.2,1.6,1.4747400000000002,1.8178,6.0,1.2,1.0,1.0,1.22144,1.6790800000000001,16.0,1.6,2.2,1.1,1.50631,1.54579,17.0,1.7,1.6,1.1,1.6844899999999998,1.68106,1.4,1.0,1.2945,1.08362,1.4,1.0,1.5607,2.1102800000000004,147.14583333333334,147.04166666666666,0,0,14.0,15.0,0.5,0.5,1.0,1.0,1.5445544554455446,0.7722772277227723,1.1233123312331232,0.7722772277227723,4.0,0.0,0.5,2.75,,,,,0.0,
6dbe2f07-ef4a-4ff2-bde3-7e0e66e7c1b1,34e74298-0cf5-41f2-a315-2831e4c87580,2026,22,22,2027-01-23T15:00:00+00:00,ead1bc2e-8799-410a-a809-66a274bbab2c,c4045d6d-a715-4821-a800-cd9b505ad54b,Arsenal FC,Newcastle United FC,78,78,76,76,1.0,1.0,15.0,3.0,1.6,0.2,1.95344,0.8856400000000001,8.0,1.6,1.6,1.2,1.39426,1.7264399999999998,24.0,2.4,1.6,0.5,2.1858899999999997,1.11822,11.0,1.1,1.4,1.4,1.51213,2.0315000000000003,1.8,0.4,2.19494,0.74268,0.8,1.2,1.07698,1.66432,144.83333333333334,146.9375,0,0,2.0,6.0,3.0,2.0,6.0,4.0,1.1233123312331232,0.351035103510351,0.9828982898289828,0.9828982898289828,4.0,0.75,0.0,1.5,,,,,0.0,
eaddef0b-1894-42e9-ac5f-15e25c73d349,e476f76e-25d2-4ffd-bd56-553f2c17b677,2026,22,22,2027-01-23T15:00:00+00:00,fe8b4d06-9254-4fc8-a08f-90f242e51751,1cb320b2-b42f-4131-8f5f-ef42e7f82540,Leeds United FC,Chelsea FC,40,78,38,76,1.0,1.0,8.0,1.6,0.8,1.0,1.2767,1.69218,10.0,2.0,2.2,1.8,1.3089,1.57474,19.0,1.9,1.4,0.9,1.66215,1.30455,10.0,1.0,1.2,2.2,1.28673,1.6991399999999999,1.6,0.4,1.6337199999999998,0.9775600000000001,1.0,2.2,1.15024,1.6669,146.08333333333334,146.08333333333334,0,0,8.0,4.0,2.0,3.0,4.0,6.0,0.9828982898289828,0.6318631863186318,0.8424842484248424,1.5445544554455446,2.0,0.5,0.5,4.0,,,,,0.0,
be60fbef-7611-488b-b4ea-b80d46fe505d,d4803113-5534-4331-ac9f-8dbe718d451b,2026,22,22,2027-01-23T15:00:00+00:00,b552a1a6-4302-43ca-884c-0f91ac4f984b,f8f456e7-3e20-4803-ba4e-b1762a31812c,Fulham FC,Aston Villa FC,78,78,76,76,1.0,1.0,4.0,0.8,1.0,1.2,1.44466,1.3342800000000001,7.0,1.4,1.6,2.0,1.669,1.99936,11.0,1.1,0.9,1.2,1.4856,1.79445,14.0,1.4,1.6,1.7,1.76112,1.55305,1.6,1.0,1.82286,1.33118,1.0,1.8,1.3477999999999999,1.83754,146.08333333333334,144.83333333333334,0,0,16.0,20.0,0.0,0.0,0.0,0.0,0.6318631863186318,0.8424842484248424,1.1233123312331232,1.1935193519351934,4.0,0.25,0.0,2.5,,,,,0.0,
bdaf2085-9c9c-46bb-b515-95869a98a75f,7d8ea5d9-9172-4118-a177-b12fb098daad,2026,22,22,2027-01-23T15:00:00+00:00,48fc005c-cbfc-4e4d-b7f1-459dce6cf940,54ed0f97-ad19-421c-a5c2-9b9d3fcbc72d,Manchester United FC,Liverpool FC,78,78,76,76,1.0,1.0,10.0,2.0,2.2,1.2,2.05574,1.3261,4.0,0.8,1.6,2.0,1.9297799999999998,1.50558,20.0,2.0,2.0,1.3,1.82306,1.49613,13.0,1.3,1.8,1.7,1.6482800000000002,1.86113,2.8,1.8,2.2811,1.69546,1.8,2.4,1.6099599999999998,2.3167999999999997,145.97916666666666,147.14583333333334,0,0,10.0,13.0,1.5,1.0,3.0,2.0,1.404140414041404,0.9126912691269127,1.2637263726372636,1.1935193519351934,4.0,0.5,0.25,3.75,,,,,0.0,
52a8d160-7639-4c28-b305-e149b8b524bb,033c5704-9f5f-44a9-899d-1bdd26aeb000,2026,22,22,2027-01-23T15:00:00+00:00,db14882b-951f-4db5-860b-4ca2b8583311,33d2f100-682f-4a5e-9aa3-5cc57e1e8571,Brighton & Hove Albion FC,Manchester City FC,78,78,76,76,1.0,1.0,6.0,1.2,2.0,1.6,2.1024800000000003,1.04346,10.0,2.0,2.2,1.0,1.68626,1.3282,16.0,1.6,2.0,1.4,2.054,1.19738,23.0,2.3,2.3,0.9,2.26553,1.3481100000000001,2.4,0.8,2.5754799999999998,0.8748400000000001,2.4,1.0,1.97072,1.38908,146.08333333333334,147.83333333333334,0,0,9.0,1.0,1.5,3.0,3.0,6.0,1.404140414041404,0.9828982898289828,1.6147614761476146,0.6318631863186318,4.0,0.5,0.5,3.0,,,,,0.0,
9272c806-7375-4062-957e-3b4f5a667ed7,4a6b65c2-99c4-4322-a4aa-3b8265d1fb9d,2026,22,22,2027-01-23T15:00:00+00:00,74bd08fa-27db-4bb0-8490-f57f6ed6b8e9,c23d6b7a-dfaf-44a3-b016-1feb2dddec44,Crystal Palace FC,Tottenham Hotspur FC,78,78,76,76,1.0,1.0,1.0,0.2,0.8,2.6,1.3675,2.04196,4.0,0.8,0.6,1.6,1.4309999999999998,1.7245000000000001,6.0,0.6,0.9,2.2,1.6875900000000001,1.7954899999999998,11.0,1.1,0.8,1.5,1.35367,1.44519,1.2,1.8,1.90318,1.85092,0.8,1.4,1.22218,1.65644,147.83333333333334,146.9375,0,0,18.0,19.0,0.0,0.0,0.0,0.0,0.6318631863186318,1.5445544554455446,0.5616561656165616,1.053105310531053,4.0,0.75,0.0,2.0,,,,,0.0,
c223cddd-5bc5-47b4-9b73-a730bee47e12,8d2966c1-a398-4fa5-8d18-9deb33b616a0,2026,23,23,2027-01-30T15:00:00+00:00,c23d6b7a-dfaf-44a3-b016-1feb2dddec44,076f94c9-341e-4294-a86a-076741505170,Tottenham Hotspur FC,Sunderland AFC,78,40,76,38,1.0,1.0,4.0,0.8,0.6,1.6,1.4309999999999998,1.7245000000000001,10.0,2.0,1.4,0.8,1.47598,1.14264,11.0,1.1,0.8,1.5,1.35367,1.44519,17.0,1.7,1.4,1.5,1.49207,1.5401900000000002,0.8,1.6,1.48516,1.23394,2.0,1.8,1.52238,2.00738,153.9375,153.08333333333334,0,0,19.0,11.0,0.0,1.5,0.0,3.0,0.5616561656165616,1.053105310531053,0.9828982898289828,1.053105310531053,2.0,0.0,0.5,1.5,,,,,0.0,
01fbc56b-7f3c-4f99-ba15-d74673dc06ea,12c8856f-75c8-4717-a13c-c2098015b0e4,2026,23,23,2027-01-30T15:00:00+00:00,c4045d6d-a715-4821-a800-cd9b505ad54b,db14882b-951f-4db5-860b-4ca2b8583311,Newcastle United FC,Brighton & Hove Albion FC,78,78,76,76,1.0,1.0,8.0,1.6,1.6,1.2,1.39426,1.7264399999999998,6.0,1.2,2.0,1.6,2.1024800000000003,1.04346,11.0,1.1,1.4,1.4,1.51213,2.0315000000000003,16.0,1.6,2.0,1.4,2.054,1.19738,2.0,1.6,1.94728,2.3986799999999997,1.6,2.0,1.53252,1.5199200000000002,153.9375,153.08333333333334,0,0,6.0,9.0,2.0,1.5,4.0,3.0,0.9828982898289828,0.9828982898289828,1.404140414041404,0.9828982898289828,4.0,0.25,0.25,2.5,,,,,0.0,
b45e4825-523c-4dfb-9346-6b2401e17cd8,810d9ea1-99e8-4afa-8a4c-70fcff9b62a8,2026,23,23,2027-01-30T15:00:00+00:00,f7968242-f357-4da3-84bc-b49a6f3af9fe,74bd08fa-27db-4bb0-8490-f57f6ed6b8e9,Hull City AFC,Crystal Palace FC,2,78,0,76,0.0,1.0,6.0,3.0,1.5,0.0,1.4231500000000001,1.5643500000000001,1.0,0.2,0.8,2.6,1.3675,2.04196,6.0,3.0,1.5,0.0,1.4231500000000001,1.5643500000000001,6.0,0.6,0.9,2.2,1.6875900000000001,1.7954899999999998,2.0,0.0,1.4963,1.7787,0.6,2.6,1.472,1.7400600000000002,154.04166666666666,154.83333333333334,0,0,3.0,18.0,3.0,0.0,6.0,0.0,1.053105310531053,0.0,0.6318631863186318,1.5445544554455446,0.0,0.0,0.0,0.0,,,,,0.0,
cb109285-fd62-47c2-b7ce-abcb02729d05,6af368c4-262f-45d7-87e3-1b6594c54806,2026,23,23,2027-01-30T15:00:00+00:00,d95bc61c-17e5-44b5-bdb9-ec10e55d1aea,fe8b4d06-9254-4fc8-a08f-90f242e51751,Coventry City FC,Leeds United FC,2,40,0,38,0.0,1.0,0.0,0.0,0.0,2.0,0.95415,1.6021,8.0,1.6,0.8,1.0,1.2767,1.69218,0.0,0.0,0.0,2.0,0.95415,1.6021,19.0,1.9,1.4,0.9,1.66215,1.30455,0.0,1.0,1.35,1.35,1.2,1.4,1.69058,1.63154,154.04166666666666,153.08333333333334,0,0,17.0,8.0,0.0,2.0,0.0,4.0,0.0,1.404140414041404,0.9828982898289828,0.6318631863186318,0.0,0.0,0.0,0.0,,,,,0.0,
7f34193f-c704-44be-81b0-1baf04008ab5,4dd8bf5f-bc6e-4cb3-8a93-cf110f9b7af4,2026,23,23,2027-01-30T15:00:00+00:00,6601a105-9986-4276-89bf-143cdf03198a,b552a1a6-4302-43ca-884c-0f91ac4f984b,AFC Bournemouth,Fulham FC,78,78,76,76,1.0,1.0,6.0,1.2,1.0,1.0,1.22144,1.6790800000000001,4.0,0.8,1.0,1.2,1.44466,1.3342800000000001,17.0,1.7,1.6,1.1,1.6844899999999998,1.68106,11.0,1.1,0.9,1.2,1.4856,1.79445,1.8,1.2,1.8082799999999999,1.25184,0.2,1.4,1.14834,2.25772,154.04166666666666,153.08333333333334,0,0,15.0,16.0,0.5,0.0,1.0,0.0,1.1233123312331232,0.7722772277227723,0.6318631863186318,0.8424842484248424,4.0,0.75,0.25,2.5,,,,,0.0,
38739f9b-190d-4611-a83c-c9bc8474a9ec,15e65a75-7bfd-493e-8514-b65ba66c3388,2026,23,23,2027-01-30T15:00:00+00:00,1cb320b2-b42f-4131-8f5f-ef42e7f82540,5421e81a-b7dd-48b1-9982-42644e8dcf9f,Chelsea FC,Nottingham Forest FC,78,78,76,76,1.0,1.0,10.0,2.0,2.2,1.8,1.3089,1.57474,3.0,0.6,1.2,1.6,1.4747400000000002,1.8178,10.0,1.0,1.2,2.2,1.28673,1.6991399999999999,16.0,1.6,2.2,1.1,1.50631,1.54579,1.4,2.2,1.4232200000000002,1.7313800000000001,3.0,1.2,1.71812,2.0079599999999997,153.08333333333334,154.14583333333334,0,0,4.0,14.0,3.0,0.5,6.0,1.0,0.8424842484248424,1.5445544554455446,1.5445544554455446,0.7722772277227723,4.0,0.5,0.25,2.5,,,,,0.0,
69ed4ac0-9bfe-4af5-a0b3-9470f125c39a,f6a72667-5521-4f32-9790-3fd4589ac5d5,2026,23,23,2027-01-30T15:00:00+00:00,54ed0f97-ad19-421c-a5c2-9b9d3fcbc72d,60cb8be0-9c1e-4019-8b60-fd9ac2aa9f2d,Liverpool FC,Everton FC,78,78,76,76,1.0,1.0,4.0,0.8,1.6,2.0,1.9297799999999998,1.50558,5.0,1.0,1.2,1.4,1.29878,1.91182,13.0,1.3,1.8,1.7,1.6482800000000002,1.86113,10.0,1.0,1.6,1.6,1.37879,1.78095,1.8,1.0,1.6865999999999999,1.4054600000000002,1.2,1.6,1.28118,2.02858,154.14583333333334,154.04166666666666,0,0,13.0,7.0,1.0,2.0,2.0,4.0,1.2637263726372636,1.1935193519351934,1.1233123312331232,1.1233123312331232,4.0,0.75,0.25,2.75,,,,,0.0,
267ff692-c029-42ed-ad27-cb2a28dc8628,5274f29c-88d9-4c0f-8243-ef4d84bf66d8,2026,23,23,2027-01-30T15:00:00+00:00,33d2f100-682f-4a5e-9aa3-5cc57e1e8571,ead1bc2e-8799-410a-a809-66a274bbab2c,Manchester City FC,Arsenal FC,78,78,76,76,1.0,1.0,10.0,2.0,2.2,1.0,1.68626,1.3282,15.0,3.0,1.6,0.2,1.95344,0.8856400000000001,23.0,2.3,2.3,0.9,2.26553,1.3481100000000001,24.0,2.4,1.6,0.5,2.1858899999999997,1.11822,2.2,0.8,2.56034,1.30714,1.2,0.6,1.8980799999999998,1.4419,154.83333333333334,151.83333333333334,0,0,1.0,2.0,3.0,3.0,6.0,6.0,1.6147614761476146,0.6318631863186318,1.1233123312331232,0.351035103510351,4.0,0.25,0.5,3.75,,,,,0.0,
9fb6f2d8-8132-4c78-ba0e-619c41019618,3d832818-5160-4270-8edc-4961b8f8dd20,2026,23,23,2027-01-30T15:00:00+00:00,f8f456e7-3e20-4803-ba4e-b1762a31812c,67d3236c-6589-4978-b178-f6dcf50166d4,Aston Villa FC,Ipswich Town FC,78,40,76,38,1.0,1.0,7.0,1.4,1.6,2.0,1.669,1.99936,3.0,0.6,1.0,2.4,1.18292,1.12082,14.0,1.4,1.6,1.7,1.76112,1.55305,5.0,0.5,1.0,2.5,0.98536,1.9058800000000002,2.2,1.6,2.1744399999999997,1.2685600000000001,1.2,2.8,1.11866,1.9940000000000002,151.83333333333334,152.97916666666666,0,0,20.0,12.0,0.0,1.5,0.0,3.0,1.1233123312331232,1.1935193519351934,0.702070207020702,1.7551755175517552,2.0,0.0,1.0,3.0,,,,,0.0,
547a9531-17c6-4339-82f7-ef43918c20ba,ba696090-e6c5-4e13-865b-1e2021e77a03,2026,23,23,2027-01-30T15:00:00+00:00,66a313d1-2e21-49ad-a1c7-6f04cae6be69,48fc005c-cbfc-4e4d-b7f1-459dce6cf940,Brentford FC,Manchester United FC,78,78,76,76,1.0,1.0,6.0,1.2,1.4,1.4,1.8135999999999999,2.25948,10.0,2.0,2.2,1.2,2.05574,1.3261,12.0,1.2,1.3,1.1,1.7546199999999998,1.66781,20.0,2.0,2.0,1.3,1.82306,1.49613,2.0,0.8,2.49188,1.1387800000000001,1.2,0.8,1.36502,1.2968,153.08333333333334,152.97916666666666,0,0,5.0,10.0,2.0,1.5,4.0,3.0,0.9126912691269127,0.7722772277227723,1.404140414041404,0.9126912691269127,4.0,0.5,0.0,4.25,,,,,0.0,
95e15059-2da0-4873-bebe-3d721df6d40e,b02ecec3-d5c5-4bde-bb59-ee8253087177,2026,24,24,2027-02-06T15:00:00+00:00,b552a1a6-4302-43ca-884c-0f91ac4f984b,33d2f100-682f-4a5e-9aa3-5cc57e1e8571,Fulham FC,Manchester City FC,78,78,76,76,1.0,1.0,4.0,0.8,1.0,1.2,1.44466,1.3342800000000001,10.0,2.0,2.2,1.0,1.68626,1.3282,11.0,1.1,0.9,1.2,1.4856,1.79445,23.0,2.3,2.3,0.9,2.26553,1.3481100000000001,1.6,1.0,1.82286,1.33118,2.4,1.0,1.97072,1.38908,160.08333333333334,161.83333333333334,0,0,16.0,1.0,0.0,3.0,0.0,6.0,0.6318631863186318,0.8424842484248424,1.6147614761476146,0.6318631863186318,4.0,0.0,0.0,4.75,,,,,0.0,
9278248c-2736-4326-b4c9-d0e2028eb288,98b639cd-8850-4114-93c7-594e0d5de82c,2026,24,24,2027-02-06T15:00:00+00:00,ead1bc2e-8799-410a-a809-66a274bbab2c,54ed0f97-ad19-421c-a5c2-9b9d3fcbc72d,Arsenal FC,Liverpool FC,78,78,76,76,1.0,1.0,15.0,3.0,1.6,0.2,1.95344,0.8856400000000001,4.0,0.8,1.6,2.0,1.9297799999999998,1.50558,24.0,2.4,1.6,0.5,2.1858899999999997,1.11822,13.0,1.3,1.8,1.7,1.6482800000000002,1.86113,1.8,0.4,2.19494,0.74268,1.8,2.4,1.6099599999999998,2.3167999999999997,158.83333333333334,161.14583333333334,0,0,2.0,13.0,3.0,1.0,6.0,2.0,1.1233123312331232,0.351035103510351,1.2637263726372636,1.1935193519351934,4.0,0.0,0.75,2.25,,,,,0.0,
a2e26ba1-5e3c-4edb-bd94-8a44596b0c1b,2c85899c-cb2a-413b-8aa5-0b77b6ea29f8,2026,24,24,2027-02-06T15:00:00+00:00,db14882b-951f-4db5-860b-4ca2b8583311,f7968242-f357-4da3-84bc-b49a6f3af9fe,Brighton & Hove Albion FC,Hull City AFC,78,2,76,0,1.0,0.0,6.0,1.2,2.0,1.6,2.1024800000000003,1.04346,6.0,3.0,1.5,0.0,1.4231500000000001,1.5643500000000001,16.0,1.6,2.0,1.4,2.054,1.19738,6.0,3.0,1.5,0.0,1.4231500000000001,1.5643500000000001,2.4,0.8,2.5754799999999998,0.8748400000000001,1.0,0.0,1.35,1.35,160.08333333333334,161.04166666666666,0,0,9.0,3.0,1.5,3.0,3.0,6.0,1.404140414041404,0.9828982898289828,1.053105310531053,0.0,0.0,0.0,0.0,0.0,,,,,0.0,
d00cb395-dfe6-4ee4-9fb8-3b8c9942d4ba,20422b63-5560-490b-a13e-ecf9bb801b7c,2026,24,24,2027-02-06T15:00:00+00:00,076f94c9-341e-4294-a86a-076741505170,f8f456e7-3e20-4803-ba4e-b1762a31812c,Sunderland AFC,Aston Villa FC,40,78,38,76,1.0,1.0,10.0,2.0,1.4,0.8,1.47598,1.14264,7.0,1.4,1.6,2.0,1.669,1.99936,17.0,1.7,1.4,1.5,1.49207,1.5401900000000002,14.0,1.4,1.6,1.7,1.76112,1.55305,0.8,1.2,1.4617600000000002,1.073,1.0,1.8,1.3477999999999999,1.83754,160.08333333333334,158.83333333333334,0,0,11.0,20.0,1.5,0.0,3.0,0.0,0.9828982898289828,1.053105310531053,1.1233123312331232,1.1935193519351934,2.0,0.0,0.5,4.5,,,,,0.0,
770781c5-ab58-4afc-87d1-039a3ec3bc45,2ec8420b-03ee-4459-b457-d0fcf8d564d9,2026,24,24,2027-02-06T15:00:00+00:00,74bd08fa-27db-4bb0-8490-f57f6ed6b8e9,d95bc61c-17e5-44b5-bdb9-ec10e55d1aea,Crystal Palace FC,Coventry City FC,78,2,76,0,1.0,0.0,1.0,0.2,0.8,2.6,1.3675,2.04196,0.0,0.0,0.0,2.0,0.95415,1.6021,6.0,0.6,0.9,2.2,1.6875900000000001,1.7954899999999998,0.0,0.0,0.0,2.0,0.95415,1.6021,1.2,1.8,1.90318,1.85092,0.0,3.0,0.5583,1.8542,161.83333333333334,161.04166666666666,0,0,18.0,17.0,0.0,0.0,0.0,0.0,0.6318631863186318,1.5445544554455446,0.0,1.404140414041404,0.0,0.0,0.0,0.0,,,,,0.0,
1106f65c-8781-4902-83bc-7fcd2e3ceeef,438e422a-773e-4ff6-b18a-f875e30a72c8,2026,24,24,2027-02-06T15:00:00+00:00,67d3236c-6589-4978-b178-f6dcf50166d4,c23d6b7a-dfaf-44a3-b016-1feb2dddec44,Ipswich Town FC,Tottenham Hotspur FC,40,78,38,76,1.0,1.0,3.0,0.6,1.0,2.4,1.18292,1.12082,4.0,0.8,0.6,1.6,1.4309999999999998,1.7245000000000001,5.0,0.5,1.0,2.5,0.98536,1.9058800000000002,11.0,1.1,0.8,1.5,1.35367,1.44519,0.8,2.2,0.85206,1.8177600000000003,0.8,1.4,1.22218,1.65644,159.97916666666666,160.9375,0,0,12.0,19.0,1.5,0.0,3.0,0.0,0.702070207020702,1.7551755175517552,0.5616561656165616,1.053105310531053,2.0,0.5,0.0,4.0,,,,,0.0,
b006e038-32ea-4ae2-8495-993a133007fb,fc42602b-81b8-43cf-9933-6e993eb2e47d,2026,24,24,2027-02-06T15:00:00+00:00,60cb8be0-9c1e-4019-8b60-fd9ac2aa9f2d,c4045d6d-a715-4821-a800-cd9b505ad54b,Everton FC,Newcastle United FC,78,78,76,76,1.0,1.0,5.0,1.0,1.2,1.4,1.29878,1.91182,8.0,1.6,1.6,1.2,1.39426,1.7264399999999998,10.0,1.0,1.6,1.6,1.37879,1.78095,11.0,1.1,1.4,1.4,1.51213,2.0315000000000003,2.0,1.6,1.4764,1.53332,0.8,1.2,1.07698,1.66432,161.04166666666666,160.9375,0,0,7.0,6.0,2.0,2.0,4.0,4.0,1.1233123312331232,1.1233123312331232,0.9828982898289828,0.9828982898289828,4.0,0.5,0.25,2.75,,,,,0.0,
ba4093fc-ad70-4efb-a9a3-62ea6bb90847,e827e54d-443d-409f-9007-a4070810cfc0,2026,24,24,2027-02-06T15:00:00+00:00,fe8b4d06-9254-4fc8-a08f-90f242e51751,6601a105-9986-4276-89bf-143cdf03198a,Leeds United FC,AFC Bournemouth,40,78,38,76,1.0,1.0,8.0,1.6,0.8,1.0,1.2767,1.69218,6.0,1.2,1.0,1.0,1.22144,1.6790800000000001,19.0,1.9,1.4,0.9,1.66215,1.30455,17.0,1.7,1.6,1.1,1.6844899999999998,1.68106,1.6,0.4,1.6337199999999998,0.9775600000000001,1.4,1.0,1.5607,2.1102800000000004,160.08333333333334,161.04166666666666,0,0,8.0,15.0,2.0,0.5,4.0,1.0,0.9828982898289828,0.6318631863186318,1.1233123312331232,0.7722772277227723,2.0,0.0,1.0,4.0,,,,,0.0,
6a39e4f4-cdfc-4782-9feb-196f85a17e25,2411d53f-8c02-4ac4-b148-2fd436cfe096,2026,24,24,2027-02-06T15:00:00+00:00,48fc005c-cbfc-4e4d-b7f1-459dce6cf940,1cb320b2-b42f-4131-8f5f-ef42e7f82540,Manchester United FC,Chelsea FC,78,78,76,76,1.0,1.0,10.0,2.0,2.2,1.2,2.05574,1.3261,10.0,2.0,2.2,1.8,1.3089,1.57474,20.0,2.0,2.0,1.3,1.82306,1.49613,10.0,1.0,1.2,2.2,1.28673,1.6991399999999999,2.8,1.8,2.2811,1.69546,1.0,2.2,1.15024,1.6669,159.97916666666666,160.08333333333334,0,0,10.0,4.0,1.5,3.0,3.0,6.0,1.404140414041404,0.9126912691269127,0.8424842484248424,1.5445544554455446,4.0,0.5,0.25,1.75,,,,,0.0,
e1eb66e1-e99e-4277-8789-4e5a9597a72e,6f9e539d-b68a-4a0d-923c-91364aaee4ef,2026,24,24,2027-02-06T15:00:00+00:00,5421e81a-b7dd-48b1-9982-42644e8dcf9f,66a313d1-2e21-49ad-a1c7-6f04cae6be69,Nottingham Forest FC,Brentford FC,78,78,76,76,1.0,1.0,3.0,0.6,1.2,1.6,1.4747400000000002,1.8178,6.0,1.2,1.4,1.4,1.8135999999999999,2.25948,16.0,1.6,2.2,1.1,1.50631,1.54579,12.0,1.2,1.3,1.1,1.7546199999999998,1.66781,1.4,1.0,1.2945,1.08362,0.6,1.4,1.01736,2.19684,161.14583333333334,160.08333333333334,0,0,14.0,5.0,0.5,2.0,1.0,4.0,1.5445544554455446,0.7722772277227723,0.9126912691269127,0.7722772277227723,4.0,0.75,0.0,2.5,,,,,0.0,
ffaaaf21-79c2-4fe7-aee3-2d6b9d92e727,2fcc2e99-95a8-4d18-848f-55017d96756d,2026,25,25,2027-02-10T20:00:00+00:00,60cb8be0-9c1e-4019-8b60-fd9ac2aa9f2d,fe8b4d06-9254-4fc8-a08f-90f242e51751,Everton FC,Leeds United FC,78,40,76,38,1.0,1.0,5.0,1.0,1.2,1.4,1.29878,1.91182,8.0,1.6,0.8,1.0,1.2767,1.69218,10.0,1.0,1.6,1.6,1.37879,1.78095,19.0,1.9,1.4,0.9,1.66215,1.30455,2.0,1.6,1.4764,1.53332,1.2,1.4,1.69058,1.63154,165.25,164.29166666666666,0,0,7.0,8.0,2.0,2.0,4.0,4.0,1.1233123312331232,1.1233123312331232,0.9828982898289828,0.6318631863186318,2.0,0.0,0.5,1.5,,,,,0.0,
e06b48f9-9c44-41eb-adca-d402c15b8b2a,545e9b77-806d-4ecb-82fa-4bf3432414b5,2026,25,25,2027-02-10T20:00:00+00:00,d95bc61c-17e5-44b5-bdb9-ec10e55d1aea,54ed0f97-ad19-421c-a5c2-9b9d3fcbc72d,Coventry City FC,Liverpool FC,2,78,0,76,0.0,1.0,0.0,0.0,0.0,2.0,0.95415,1.6021,4.0,0.8,1.6,2.0,1.9297799999999998,1.50558,0.0,0.0,0.0,2.0,0.95415,1.6021,13.0,1.3,1.8,1.7,1.6482800000000002,1.86113,0.0,1.0,1.35,1.35,1.8,2.4,1.6099599999999998,2.3167999999999997,165.25,165.35416666666666,0,0,17.0,13.0,0.0,1.0,0.0,2.0,0.0,1.404140414041404,1.2637263726372636,1.1935193519351934,0.0,0.0,0.0,0.0,,,,,0.0,
4697fdd9-88a3-4dee-b9d5-182eb9ceecaa,c2a8bee1-449e-4a0d-8e62-768b68a49031,2026,25,25,2027-02-10T20:00:00+00:00,f7968242-f357-4da3-84bc-b49a6f3af9fe,076f94c9-341e-4294-a86a-076741505170,Hull City AFC,Sunderland AFC,2,40,0,38,0.0,1.0,6.0,3.0,1.5,0.0,1.4231500000000001,1.5643500000000001,10.0,2.0,1.4,0.8,1.47598,1.14264,6.0,3.0,1.5,0.0,1.4231500000000001,1.5643500000000001,17.0,1.7,1.4,1.5,1.49207,1.5401900000000002,2.0,0.0,1.4963,1.7787,2.0,1.8,1.52238,2.00738,165.25,164.29166666666666,0,0,3.0,11.0,3.0,1.5,6.0,3.0,1.053105310531053,0.0,0.9828982898289828,1.053105310531053,0.0,0.0,0.0,0.0,,,,,0.0,
20a65644-4790-437f-8014-b90e061b72ac,28e49cb6-5775-456f-a819-d59f434ff967,2026,25,25,2027-02-10T20:00:00+00:00,f8f456e7-3e20-4803-ba4e-b1762a31812c,6601a105-9986-4276-89bf-143cdf03198a,Aston Villa FC,AFC Bournemouth,78,78,76,76,1.0,1.0,7.0,1.4,1.6,2.0,1.669,1.99936,6.0,1.2,1.0,1.0,1.22144,1.6790800000000001,14.0,1.4,1.6,1.7,1.76112,1.55305,17.0,1.7,1.6,1.1,1.6844899999999998,1.68106,2.2,1.6,2.1744399999999997,1.2685600000000001,1.4,1.0,1.5607,2.1102800000000004,163.04166666666666,165.25,0,0,20.0,15.0,0.0,0.5,0.0,1.0,1.1233123312331232,1.1935193519351934,1.1233123312331232,0.7722772277227723,4.0,0.5,0.5,2.25,,,,,0.0,
ba80860d-c581-4166-a48c-a6e2793ed71c,2d009732-23c0-48d0-93e5-f3fcd18b8ea1,2026,25,25,2027-02-10T20:00:00+00:00,74bd08fa-27db-4bb0-8490-f57f6ed6b8e9,66a313d1-2e21-49ad-a1c7-6f04cae6be69,Crystal Palace FC,Brentford FC,78,78,76,76,1.0,1.0,1.0,0.2,0.8,2.6,1.3675,2.04196,6.0,1.2,1.4,1.4,1.8135999999999999,2.25948,6.0,0.6,0.9,2.2,1.6875900000000001,1.7954899999999998,12.0,1.2,1.3,1.1,1.7546199999999998,1.66781,1.2,1.8,1.90318,1.85092,0.6,1.4,1.01736,2.19684,166.04166666666666,164.29166666666666,0,0,18.0,5.0,0.0,2.0,0.0,4.0,0.6318631863186318,1.5445544554455446,0.9126912691269127,0.7722772277227723,4.0,0.25,0.25,3.0,,,,,0.0,
79b7b728-bd8d-4ed6-b2e3-22ea39536a66,d5d29c79-3d21-421f-a18f-8ceaff790840,2026,25,25,2027-02-10T20:00:00+00:00,c4045d6d-a715-4821-a800-cd9b505ad54b,1cb320b2-b42f-4131-8f5f-ef42e7f82540,Newcastle United FC,Chelsea FC,78,78,76,76,1.0,1.0,8.0,1.6,1.6,1.2,1.39426,1.7264399999999998,10.0,2.0,2.2,1.8,1.3089,1.57474,11.0,1.1,1.4,1.4,1.51213,2.0315000000000003,10.0,1.0,1.2,2.2,1.28673,1.6991399999999999,2.0,1.6,1.94728,2.3986799999999997,1.0,2.2,1.15024,1.6669,165.14583333333334,164.29166666666666,0,0,6.0,4.0,2.0,3.0,4.0,6.0,0.9828982898289828,0.9828982898289828,0.8424842484248424,1.5445544554455446,4.0,0.5,0.25,2.5,,,,,0.0,
f5c664f8-c66c-4d85-8ce7-300a2da1e303,e4a311f3-2a15-474a-9cff-7687ab8c1ec3,2026,25,25,2027-02-10T20:00:00+00:00,b552a1a6-4302-43ca-884c-0f91ac4f984b,5421e81a-b7dd-48b1-9982-42644e8dcf9f,Fulham FC,Nottingham Forest FC,78,78,76,76,1.0,1.0,4.0,0.8,1.0,1.2,1.44466,1.3342800000000001,3.0,0.6,1.2,1.6,1.4747400000000002,1.8178,11.0,1.1,0.9,1.2,1.4856,1.79445,16.0,1.6,2.2,1.1,1.50631,1.54579,1.6,1.0,1.82286,1.33118,3.0,1.2,1.71812,2.0079599999999997,164.29166666666666,165.35416666666666,0,0,16.0,14.0,0.0,0.5,0.0,1.0,0.6318631863186318,0.8424842484248424,1.5445544554455446,0.7722772277227723,4.0,0.75,0.25,1.25,,,,,0.0,
fae018d5-888f-4258-b063-961b58d93379,19f5e359-445b-49ea-89e3-2d6d772f3d80,2026,25,25,2027-02-10T20:00:00+00:00,c23d6b7a-dfaf-44a3-b016-1feb2dddec44,33d2f100-682f-4a5e-9aa3-5cc57e1e8571,Tottenham Hotspur FC,Manchester City FC,78,78,76,76,1.0,1.0,4.0,0.8,0.6,1.6,1.4309999999999998,1.7245000000000001,10.0,2.0,2.2,1.0,1.68626,1.3282,11.0,1.1,0.8,1.5,1.35367,1.44519,23.0,2.3,2.3,0.9,2.26553,1.3481100000000001,0.8,1.6,1.48516,1.23394,2.4,1.0,1.97072,1.38908,165.14583333333334,166.04166666666666,0,0,19.0,1.0,0.0,3.0,0.0,6.0,0.5616561656165616,1.053105310531053,1.6147614761476146,0.6318631863186318,4.0,0.5,0.25,2.75,,,,,0.0,
b8d3ddcc-2de2-4bb1-a9ae-730463507491,795ef23b-99df-4e87-847b-f269900eb224,2026,25,25,2027-02-10T20:00:00+00:00,67d3236c-6589-4978-b178-f6dcf50166d4,ead1bc2e-8799-410a-a809-66a274bbab2c,Ipswich Town FC,Arsenal FC,40,78,38,76,1.0,1.0,3.0,0.6,1.0,2.4,1.18292,1.12082,15.0,3.0,1.6,0.2,1.95344,0.8856400000000001,5.0,0.5,1.0,2.5,0.98536,1.9058800000000002,24.0,2.4,1.6,0.5,2.1858899999999997,1.11822,0.8,2.2,0.85206,1.8177600000000003,1.2,0.6,1.8980799999999998,1.4419,164.1875,163.04166666666666,0,0,12.0,2.0,1.5,3.0,3.0,6.0,0.702070207020702,1.7551755175517552,1.1233123312331232,0.351035103510351,2.0,0.0,0.0,2.5,,,,,0.0,
f770e4fa-32ac-4471-bc70-d49c67396864,9159c481-0ab8-49c1-bccf-8b4c9fa8db7f,2026,25,25,2027-02-10T20:00:00+00:00,48fc005c-cbfc-4e4d-b7f1-459dce6cf940,db14882b-951f-4db5-860b-4ca2b8583311,Manchester United FC,Brighton & Hove Albion FC,78,78,76,76,1.0,1.0,10.0,2.0,2.2,1.2,2.05574,1.3261,6.0,1.2,2.0,1.6,2.1024800000000003,1.04346,20.0,2.0,2.0,1.3,1.82306,1.49613,16.0,1.6,2.0,1.4,2.054,1.19738,2.8,1.8,2.2811,1.69546,1.6,2.0,1.53252,1.5199200000000002,164.1875,164.29166666666666,0,0,10.0,9.0,1.5,1.5,3.0,3.0,1.404140414041404,0.9126912691269127,1.404140414041404,0.9828982898289828,4.0,0.5,0.0,4.0,,,,,0.0,
7fb34e10-05d1-419f-9b3b-297a521ca7e1,206ffa99-087e-4fa7-9c8b-8e1d4d8f2834,2026,26,26,2027-02-20T15:00:00+00:00,1cb320b2-b42f-4131-8f5f-ef42e7f82540,67d3236c-6589-4978-b178-f6dcf50166d4,Chelsea FC,Ipswich Town FC,78,40,76,38,1.0,1.0,10.0,2.0,2.2,1.8,1.3089,1.57474,3.0,0.6,1.0,2.4,1.18292,1.12082,10.0,1.0,1.2,2.2,1.28673,1.6991399999999999,5.0,0.5,1.0,2.5,0.98536,1.9058800000000002,1.4,2.2,1.4232200000000002,1.7313800000000001,1.2,2.8,1.11866,1.9940000000000002,174.08333333333334,173.97916666666666,0,0,4.0,12.0,3.0,1.5,6.0,3.0,0.8424842484248424,1.5445544554455446,0.702070207020702,1.7551755175517552,2.0,0.0,0.5,3.0,,,,,0.0,
ee072bdc-3818-4783-b0b6-05f2632550b3,2a2f4474-0ce4-489f-b456-87c26ea2753a,2026,26,26,2027-02-20T15:00:00+00:00,33d2f100-682f-4a5e-9aa3-5cc57e1e8571,c4045d6d-a715-4821-a800-cd9b505ad54b,Manchester City FC,Newcastle United FC,78,78,76,76,1.0,1.0,10.0,2.0,2.2,1.0,1.68626,1.3282,8.0,1.6,1.6,1.2,1.39426,1.7264399999999998,23.0,2.3,2.3,0.9,2.26553,1.3481100000000001,11.0,1.1,1.4,1.4,1.51213,2.0315000000000003,2.2,0.8,2.56034,1.30714,0.8,1.2,1.07698,1.66432,175.83333333333334,174.9375,0,0,1.0,6.0,3.0,2.0,6.0,4.0,1.6147614761476146,0.6318631863186318,0.9828982898289828,0.9828982898289828,4.0,0.5,0.25,3.0,,,,,0.0,
3b969d09-4cd1-4b97-a602-f61d94aedad4,f7834ff2-815d-4f3a-950e-869f7e667987,2026,26,26,2027-02-20T15:00:00+00:00,6601a105-9986-4276-89bf-143cdf03198a,74bd08fa-27db-4bb0-8490-f57f6ed6b8e9,AFC Bournemouth,Crystal Palace FC,78,78,76,76,1.0,1.0,6.0,1.2,1.0,1.0,1.22144,1.6790800000000001,1.0,0.2,0.8,2.6,1.3675,2.04196,17.0,1.7,1.6,1.1,1.6844899999999998,1.68106,6.0,0.6,0.9,2.2,1.6875900000000001,1.7954899999999998,1.8,1.2,1.8082799999999999,1.25184,0.6,2.6,1.472,1.7400600000000002,175.04166666666666,175.83333333333334,0,0,15.0,18.0,0.5,0.0,1.0,0.0,1.1233123312331232,0.7722772277227723,0.6318631863186318,1.5445544554455446,4.0,0.25,0.75,2.25,,,,,0.0,
1d307978-ca67-46a4-8a67-99b44a2ea8fd,d3442eff-821f-4136-9f22-0009f4850bd0,2026,26,26,2027-02-20T15:00:00+00:00,66a313d1-2e21-49ad-a1c7-6f04cae6be69,d95bc61c-17e5-44b5-bdb9-ec10e55d1aea,Brentford FC,Coventry City FC,78,2,76,0,1.0,0.0,6.0,1.2,1.4,1.4,1.8135999999999999,2.25948,0.0,0.0,0.0,2.0,0.95415,1.6021,12.0,1.2,1.3,1.1,1.7546199999999998,1.66781,0.0,0.0,0.0,2.0,0.95415,1.6021,2.0,0.8,2.49188,1.1387800000000001,0.0,3.0,0.5583,1.8542,174.08333333333334,175.04166666666666,0,0,5.0,17.0,2.0,0.0,4.0,0.0,0.9126912691269127,0.7722772277227723,0.0,1.404140414041404,0.0,0.0,0.0,0.0,,,,,0.0,
5b3047a5-e576-444a-ad0e-fe48f14e5b37,b36567a8-a9d3-477d-83e6-ee6632f3d95b,2026,26,26,2027-02-20T15:00:00+00:00,54ed0f97-ad19-421c-a5c2-9b9d3fcbc72d,f7968242-f357-4da3-84bc-b49a6f3af9fe,Liverpool FC,Hull City AFC,78,2,76,0,1.0,0.0,4.0,0.8,1.6,2.0,1.9297799999999998,1.50558,6.0,3.0,1.5,0.0,1.4231500000000001,1.5643500000000001,13.0,1.3,1.8,1.7,1.6482800000000002,1.86113,6.0,3.0,1.5,0.0,1.4231500000000001,1.5643500000000001,1.8,1.0,1.6865999999999999,1.4054600000000002,1.0,0.0,1.35,1.35,175.14583333333334,175.04166666666666,0,0,13.0,3.0,1.0,3.0,2.0,6.0,1.2637263726372636,1.1935193519351934,1.053105310531053,0.0,0.0,0.0,0.0,0.0,,,,,0.0,
1c77dcff-3bf3-45a2-8933-01a7f92e3c72,e392f9dd-3f36-4a2a-a87e-de1ee8ce4ac6,2026,26,26,2027-02-20T15:00:00+00:00,ead1bc2e-8799-410a-a809-66a274bbab2c,b552a1a6-4302-43ca-884c-0f91ac4f984b,Arsenal FC,Fulham FC,78,78,76,76,1.0,1.0,15.0,3.0,1.6,0.2,1.95344,0.8856400000000001,4.0,0.8,1.0,1.2,1.44466,1.3342800000000001,24.0,2.4,1.6,0.5,2.1858899999999997,1.11822,11.0,1.1,0.9,1.2,1.4856,1.79445,1.8,0.4,2.19494,0.74268,0.2,1.4,1.14834,2.25772,172.83333333333334,174.08333333333334,0,0,2.0,16.0,3.0,0.0,6.0,0.0,1.1233123312331232,0.351035103510351,0.6318631863186318,0.8424842484248424,4.0,0.75,0.25,2.25,,,,,0.0,
2b2402c2-4bf9-49d4-9af1-f9a0f59c144c,62672c1a-6cb1-4c7c-aaa8-f80f97c3e987,2026,26,26,2027-02-20T15:00:00+00:00,5421e81a-b7dd-48b1-9982-42644e8dcf9f,48fc005c-cbfc-4e4d-b7f1-459dce6cf940,Nottingham Forest FC,Manchester United FC,78,78,76,76,1.0,1.0,3.0,0.6,1.2,1.6,1.4747400000000002,1.8178,10.0,2.0,2.2,1.2,2.05574,1.3261,16.0,1.6,2.2,1.1,1.50631,1.54579,20.0,2.0,2.0,1.3,1.82306,1.49613,1.4,1.0,1.2945,1.08362,1.2,0.8,1.36502,1.2968,175.14583333333334,173.97916666666666,0,0,14.0,10.0,0.5,1.5,1.0,3.0,1.5445544554455446,0.7722772277227723,1.404140414041404,0.9126912691269127,4.0,0.5,0.25,3.75,,,,,0.0,
b3f0b55c-1b08-49ba-b348-85b4c4da33dc,2e474c4b-9e85-42dd-9b96-d87f257ae6bc,2026,26,26,2027-02-20T15:00:00+00:00,db14882b-951f-4db5-860b-4ca2b8583311,c23d6b7a-dfaf-44a3-b016-1feb2dddec44,Brighton & Hove Albion FC,Tottenham Hotspur FC,78,78,76,76,1.0,1.0,6.0,1.2,2.0,1.6,2.1024800000000003,1.04346,4.0,0.8,0.6,1.6,1.4309999999999998,1.7245000000000001,16.0,1.6,2.0,1.4,2.054,1.19738,11.0,1.1,0.8,1.5,1.35367,1.44519,2.4,0.8,2.5754799999999998,0.8748400000000001,0.8,1.4,1.22218,1.65644,174.08333333333334,174.9375,0,0,9.0,19.0,1.5,0.0,3.0,0.0,1.404140414041404,0.9828982898289828,0.5616561656165616,1.053105310531053,4.0,0.5,0.5,4.5,,,,,0.0,
c0bd82ab-3d01-4c07-8965-6627e11972f2,790a7f40-a61e-45db-9546-1e2fb73cd9d3,2026,26,26,2027-02-20T15:00:00+00:00,076f94c9-341e-4294-a86a-076741505170,60cb8be0-9c1e-4019-8b60-fd9ac2aa9f2d,Sunderland AFC,Everton FC,40,78,38,76,1.0,1.0,10.0,2.0,1.4,0.8,1.47598,1.14264,5.0,1.0,1.2,1.4,1.29878,1.91182,17.0,1.7,1.4,1.5,1.49207,1.5401900000000002,10.0,1.0,1.6,1.6,1.37879,1.78095,0.8,1.2,1.4617600000000002,1.073,1.2,1.6,1.28118,2.02858,174.08333333333334,175.04166666666666,0,0,11.0,7.0,1.5,2.0,3.0,4.0,0.9828982898289828,1.053105310531053,1.1233123312331232,1.1233123312331232,2.0,0.5,0.5,3.0,,,,,0.0,
68d70e5c-62e9-4ec1-b7b1-eb468b02ee84,60e5fa83-07b7-4671-9ad2-a39aa5634dcc,2026,26,26,2027-02-20T15:00:00+00:00,fe8b4d06-9254-4fc8-a08f-90f242e51751,f8f456e7-3e20-4803-ba4e-b1762a31812c,Leeds United FC,Aston Villa FC,40,78,38,76,1.0,1.0,8.0,1.6,0.8,1.0,1.2767,1.69218,7.0,1.4,1.6,2.0,1.669,1.99936,19.0,1.9,1.4,0.9,1.66215,1.30455,14.0,1.4,1.6,1.7,1.76112,1.55305,1.6,0.4,1.6337199999999998,0.9775600000000001,1.0,1.8,1.3477999999999999,1.83754,174.08333333333334,172.83333333333334,0,0,8.0,20.0,2.0,0.0,4.0,0.0,0.9828982898289828,0.6318631863186318,1.1233123312331232,1.1935193519351934,2.0,0.0,0.5,2.5,,,,,0.0,
180ef542-a97b-4b93-b0a8-92b9b56fb873,5641fbcf-1e07-4b28-b870-d21c4a385865,2026,27,27,2027-02-27T15:00:00+00:00,74bd08fa-27db-4bb0-8490-f57f6ed6b8e9,076f94c9-341e-4294-a86a-076741505170,Crystal Palace FC,Sunderland AFC,78,40,76,38,1.0,1.0,1.0,0.2,0.8,2.6,1.3675,2.04196,10.0,2.0,1.4,0.8,1.47598,1.14264,6.0,0.6,0.9,2.2,1.6875900000000001,1.7954899999999998,17.0,1.7,1.4,1.5,1.49207,1.5401900000000002,1.2,1.8,1.90318,1.85092,2.0,1.8,1.52238,2.00738,182.83333333333334,181.08333333333334,0,0,18.0,11.0,0.0,1.5,0.0,3.0,0.6318631863186318,1.5445544554455446,0.9828982898289828,1.053105310531053,2.0,0.0,0.5,1.5,,,,,0.0,
ca668656-75ef-4413-8aa7-220c70f25959,9709d749-9feb-4e04-a2db-62e15ceea4cd,2026,27,27,2027-02-27T15:00:00+00:00,48fc005c-cbfc-4e4d-b7f1-459dce6cf940,ead1bc2e-8799-410a-a809-66a274bbab2c,Manchester United FC,Arsenal FC,78,78,76,76,1.0,1.0,10.0,2.0,2.2,1.2,2.05574,1.3261,15.0,3.0,1.6,0.2,1.95344,0.8856400000000001,20.0,2.0,2.0,1.3,1.82306,1.49613,24.0,2.4,1.6,0.5,2.1858899999999997,1.11822,2.8,1.8,2.2811,1.69546,1.2,0.6,1.8980799999999998,1.4419,180.97916666666666,179.83333333333334,0,0,10.0,2.0,1.5,3.0,3.0,6.0,1.404140414041404,0.9126912691269127,1.1233123312331232,0.351035103510351,4.0,0.25,0.25,2.5,,,,,0.0,
a96c7fc9-4863-49fa-9232-4d420ec6754d,b223c2a4-e431-48cb-93d0-1d218fee8dac,2026,27,27,2027-02-27T15:00:00+00:00,67d3236c-6589-4978-b178-f6dcf50166d4,db14882b-951f-4db5-860b-4ca2b8583311,Ipswich Town FC,Brighton & Hove Albion FC,40,78,38,76,1.0,1.0,3.0,0.6,1.0,2.4,1.18292,1.12082,6.0,1.2,2.0,1.6,2.1024800000000003,1.04346,5.0,0.5,1.0,2.5,0.98536,1.9058800000000002,16.0,1.6,2.0,1.4,2.054,1.19738,0.8,2.2,0.85206,1.8177600000000003,1.6,2.0,1.53252,1.5199200000000002,180.97916666666666,181.08333333333334,0,0,12.0,9.0,1.5,1.5,3.0,3.0,0.702070207020702,1.7551755175517552,1.404140414041404,0.9828982898289828,2.0,0.0,0.5,1.0,,,,,0.0,
7d81425c-b630-4f52-bb1d-95885dd59c9f,b70e7773-47eb-424f-bf02-c11a024f2199,2026,27,27,2027-02-27T15:00:00+00:00,d95bc61c-17e5-44b5-bdb9-ec10e55d1aea,6601a105-9986-4276-89bf-143cdf03198a,Coventry City FC,AFC Bournemouth,2,78,0,76,0.0,1.0,0.0,0.0,0.0,2.0,0.95415,1.6021,6.0,1.2,1.0,1.0,1.22144,1.6790800000000001,0.0,0.0,0.0,2.0,0.95415,1.6021,17.0,1.7,1.6,1.1,1.6844899999999998,1.68106,0.0,1.0,1.35,1.35,1.4,1.0,1.5607,2.1102800000000004,182.04166666666666,182.04166666666666,0,0,17.0,15.0,0.0,0.5,0.0,1.0,0.0,1.404140414041404,1.1233123312331232,0.7722772277227723,0.0,0.0,0.0,0.0,,,,,0.0,
6d2cf31e-ea9f-4f99-855c-ccec1edb1508,51e2166f-4acd-4332-adef-bf13065dae4f,2026,27,27,2027-02-27T15:00:00+00:00,60cb8be0-9c1e-4019-8b60-fd9ac2aa9f2d,5421e81a-b7dd-48b1-9982-42644e8dcf9f,Everton FC,Nottingham Forest FC,78,78,76,76,1.0,1.0,5.0,1.0,1.2,1.4,1.29878,1.91182,3.0,0.6,1.2,1.6,1.4747400000000002,1.8178,10.0,1.0,1.6,1.6,1.37879,1.78095,16.0,1.6,2.2,1.1,1.50631,1.54579,2.0,1.6,1.4764,1.53332,3.0,1.2,1.71812,2.0079599999999997,182.04166666666666,182.14583333333334,0,0,7.0,14.0,2.0,0.5,4.0,1.0,1.1233123312331232,1.1233123312331232,1.5445544554455446,0.7722772277227723,4.0,0.75,0.0,2.0,,,,,0.0,
e531ccd0-16da-493a-a188-5cf8b9951d20,44c3f2a4-66a0-4853-b77c-f416e6b480c9,2026,27,27,2027-02-27T15:00:00+00:00,b552a1a6-4302-43ca-884c-0f91ac4f984b,fe8b4d06-9254-4fc8-a08f-90f242e51751,Fulham FC,Leeds United FC,78,40,76,38,1.0,1.0,4.0,0.8,1.0,1.2,1.44466,1.3342800000000001,8.0,1.6,0.8,1.0,1.2767,1.69218,11.0,1.1,0.9,1.2,1.4856,1.79445,19.0,1.9,1.4,0.9,1.66215,1.30455,1.6,1.0,1.82286,1.33118,1.2,1.4,1.69058,1.63154,181.08333333333334,181.08333333333334,0,0,16.0,8.0,0.0,2.0,0.0,4.0,0.6318631863186318,0.8424842484248424,0.9828982898289828,0.6318631863186318,2.0,0.5,0.0,1.0,,,,,0.0,
d55f38a1-c53e-49b0-b4a6-68b33b111eba,835d074e-222c-4b8e-946c-ee62699f11f9,2026,27,27,2027-02-27T15:00:00+00:00,f8f456e7-3e20-4803-ba4e-b1762a31812c,1cb320b2-b42f-4131-8f5f-ef42e7f82540,Aston Villa FC,Chelsea FC,78,78,76,76,1.0,1.0,7.0,1.4,1.6,2.0,1.669,1.99936,10.0,2.0,2.2,1.8,1.3089,1.57474,14.0,1.4,1.6,1.7,1.76112,1.55305,10.0,1.0,1.2,2.2,1.28673,1.6991399999999999,2.2,1.6,2.1744399999999997,1.2685600000000001,1.0,2.2,1.15024,1.6669,179.83333333333334,181.08333333333334,0,0,20.0,4.0,0.0,3.0,0.0,6.0,1.1233123312331232,1.1935193519351934,0.8424842484248424,1.5445544554455446,4.0,0.5,0.0,3.5,,,,,0.0,
6cd5f20a-329a-4761-b764-20080fbd217d,70019529-2a8c-44f8-ae45-907df6d8dcbc,2026,27,27,2027-02-27T15:00:00+00:00,c23d6b7a-dfaf-44a3-b016-1feb2dddec44,54ed0f97-ad19-421c-a5c2-9b9d3fcbc72d,Tottenham Hotspur FC,Liverpool FC,78,78,76,76,1.0,1.0,4.0,0.8,0.6,1.6,1.4309999999999998,1.7245000000000001,4.0,0.8,1.6,2.0,1.9297799999999998,1.50558,11.0,1.1,0.8,1.5,1.35367,1.44519,13.0,1.3,1.8,1.7,1.6482800000000002,1.86113,0.8,1.6,1.48516,1.23394,1.8,2.4,1.6099599999999998,2.3167999999999997,181.9375,182.14583333333334,0,0,19.0,13.0,0.0,1.0,0.0,2.0,0.5616561656165616,1.053105310531053,1.2637263726372636,1.1935193519351934,4.0,0.0,0.25,5.0,,,,,0.0,
0d6ea212-eddc-4988-9daf-b7abaeb219b9,93a465f7-845e-4dcd-be9a-5f4f168859e2,2026,27,27,2027-02-27T15:00:00+00:00,f7968242-f357-4da3-84bc-b49a6f3af9fe,33d2f100-682f-4a5e-9aa3-5cc57e1e8571,Hull City AFC,Manchester City FC,2,78,0,76,0.0,1.0,6.0,3.0,1.5,0.0,1.4231500000000001,1.5643500000000001,10.0,2.0,2.2,1.0,1.68626,1.3282,6.0,3.0,1.5,0.0,1.4231500000000001,1.5643500000000001,23.0,2.3,2.3,0.9,2.26553,1.3481100000000001,2.0,0.0,1.4963,1.7787,2.4,1.0,1.97072,1.38908,182.04166666666666,182.83333333333334,0,0,3.0,1.0,3.0,3.0,6.0,6.0,1.053105310531053,0.0,1.6147614761476146,0.6318631863186318,0.0,0.0,0.0,0.0,,,,,0.0,
0e5eaf64-e4b9-4a25-8a10-6a414265b17e,fb4f33c5-507c-492c-af16-92ee60c490be,2026,27,27,2027-02-27T15:00:00+00:00,c4045d6d-a715-4821-a800-cd9b505ad54b,66a313d1-2e21-49ad-a1c7-6f04cae6be69,Newcastle United FC,Brentford FC,78,78,76,76,1.0,1.0,8.0,1.6,1.6,1.2,1.39426,1.7264399999999998,6.0,1.2,1.4,1.4,1.8135999999999999,2.25948,11.0,1.1,1.4,1.4,1.51213,2.0315000000000003,12.0,1.2,1.3,1.1,1.7546199999999998,1.66781,2.0,1.6,1.94728,2.3986799999999997,0.6,1.4,1.01736,2.19684,181.9375,181.08333333333334,0,0,6.0,5.0,2.0,2.0,4.0,4.0,0.9828982898289828,0.9828982898289828,0.9126912691269127,0.7722772277227723,4.0,0.25,0.0,4.5,,,,,0.0,
eb88b3d6-d84d-4fc0-a673-fd8e0ee96a5c,4dbf70e1-77bc-4492-91f7-492ed1e105bc,2026,28,28,2027-03-03T20:00:00+00:00,5421e81a-b7dd-48b1-9982-42644e8dcf9f,c4045d6d-a715-4821-a800-cd9b505ad54b,Nottingham Forest FC,Newcastle United FC,78,78,76,76,1.0,1.0,3.0,0.6,1.2,1.6,1.4747400000000002,1.8178,8.0,1.6,1.6,1.2,1.39426,1.7264399999999998,16.0,1.6,2.2,1.1,1.50631,1.54579,11.0,1.1,1.4,1.4,1.51213,2.0315000000000003,1.4,1.0,1.2945,1.08362,0.8,1.2,1.07698,1.66432,186.35416666666666,186.14583333333334,0,0,14.0,6.0,0.5,2.0,1.0,4.0,1.5445544554455446,0.7722772277227723,0.9828982898289828,0.9828982898289828,4.0,0.0,0.25,3.75,,,,,0.0,
2bf97341-ebaa-4234-b5c3-55ced01379ac,e11975c4-c732-4083-b50f-b7db6c4a20a8,2026,28,28,2027-03-03T20:00:00+00:00,6601a105-9986-4276-89bf-143cdf03198a,c23d6b7a-dfaf-44a3-b016-1feb2dddec44,AFC Bournemouth,Tottenham Hotspur FC,78,78,76,76,1.0,1.0,6.0,1.2,1.0,1.0,1.22144,1.6790800000000001,4.0,0.8,0.6,1.6,1.4309999999999998,1.7245000000000001,17.0,1.7,1.6,1.1,1.6844899999999998,1.68106,11.0,1.1,0.8,1.5,1.35367,1.44519,1.8,1.2,1.8082799999999999,1.25184,0.8,1.4,1.22218,1.65644,186.25,186.14583333333334,0,0,15.0,19.0,0.5,0.0,1.0,0.0,1.1233123312331232,0.7722772277227723,0.5616561656165616,1.053105310531053,4.0,0.75,0.25,2.75,,,,,0.0,
51e8bfc6-91c9-4fa9-be71-08a16734f40e,3c5b5249-0ef1-48e9-94cd-439452fe4a58,2026,28,28,2027-03-03T20:00:00+00:00,33d2f100-682f-4a5e-9aa3-5cc57e1e8571,60cb8be0-9c1e-4019-8b60-fd9ac2aa9f2d,Manchester City FC,Everton FC,78,78,76,76,1.0,1.0,10.0,2.0,2.2,1.0,1.68626,1.3282,5.0,1.0,1.2,1.4,1.29878,1.91182,23.0,2.3,2.3,0.9,2.26553,1.3481100000000001,10.0,1.0,1.6,1.6,1.37879,1.78095,2.2,0.8,2.56034,1.30714,1.2,1.6,1.28118,2.02858,187.04166666666666,186.25,0,0,1.0,7.0,3.0,2.0,6.0,4.0,1.6147614761476146,0.6318631863186318,1.1233123312331232,1.1233123312331232,4.0,0.5,0.5,3.0,,,,,0.0,
2fe0f2da-877b-45eb-be8e-af596a6b9206,c9808675-4121-4f17-a3b9-26bdf8f5a089,2026,28,28,2027-03-03T20:00:00+00:00,ead1bc2e-8799-410a-a809-66a274bbab2c,74bd08fa-27db-4bb0-8490-f57f6ed6b8e9,Arsenal FC,Crystal Palace FC,78,78,76,76,1.0,1.0,15.0,3.0,1.6,0.2,1.95344,0.8856400000000001,1.0,0.2,0.8,2.6,1.3675,2.04196,24.0,2.4,1.6,0.5,2.1858899999999997,1.11822,6.0,0.6,0.9,2.2,1.6875900000000001,1.7954899999999998,1.8,0.4,2.19494,0.74268,0.6,2.6,1.472,1.7400600000000002,184.04166666666666,187.04166666666666,0,0,2.0,18.0,3.0,0.0,6.0,0.0,1.1233123312331232,0.351035103510351,0.6318631863186318,1.5445544554455446,4.0,0.75,0.25,3.5,,,,,0.0,
bb16d13e-e3c1-4cbf-8d8a-7f087046ca92,5b7f5d67-da06-4452-b19f-78db95318e7b,2026,28,28,2027-03-03T20:00:00+00:00,fe8b4d06-9254-4fc8-a08f-90f242e51751,f7968242-f357-4da3-84bc-b49a6f3af9fe,Leeds United FC,Hull City AFC,40,2,38,0,1.0,0.0,8.0,1.6,0.8,1.0,1.2767,1.69218,6.0,3.0,1.5,0.0,1.4231500000000001,1.5643500000000001,19.0,1.9,1.4,0.9,1.66215,1.30455,6.0,3.0,1.5,0.0,1.4231500000000001,1.5643500000000001,1.6,0.4,1.6337199999999998,0.9775600000000001,1.0,0.0,1.35,1.35,185.29166666666666,186.25,0,0,8.0,3.0,2.0,3.0,4.0,6.0,0.9828982898289828,0.6318631863186318,1.053105310531053,0.0,0.0,0.0,0.0,0.0,,,,,0.0,
c2c6db7d-843f-4c38-85ec-bb8cb709b3b8,815a5b64-5cbd-4031-a90e-5d3824ba566d,2026,28,28,2027-03-03T20:00:00+00:00,076f94c9-341e-4294-a86a-076741505170,48fc005c-cbfc-4e4d-b7f1-459dce6cf940,Sunderland AFC,Manchester United FC,40,78,38,76,1.0,1.0,10.0,2.0,1.4,0.8,1.47598,1.14264,10.0,2.0,2.2,1.2,2.05574,1.3261,17.0,1.7,1.4,1.5,1.49207,1.5401900000000002,20.0,2.0,2.0,1.3,1.82306,1.49613,0.8,1.2,1.4617600000000002,1.073,1.2,0.8,1.36502,1.2968,185.29166666666666,185.1875,0,0,11.0,10.0,1.5,1.5,3.0,3.0,0.9828982898289828,1.053105310531053,1.404140414041404,0.9126912691269127,2.0,0.0,0.5,1.0,,,,,0.0,
d1471999-2ad6-4115-b952-ffc0527a0472,9bc4fc22-cbd9-4209-a5c7-c341325eee75,2026,28,28,2027-03-03T20:00:00+00:00,54ed0f97-ad19-421c-a5c2-9b9d3fcbc72d,f8f456e7-3e20-4803-ba4e-b1762a31812c,Liverpool FC,Aston Villa FC,78,78,76,76,1.0,1.0,4.0,0.8,1.6,2.0,1.9297799999999998,1.50558,7.0,1.4,1.6,2.0,1.669,1.99936,13.0,1.3,1.8,1.7,1.6482800000000002,1.86113,14.0,1.4,1.6,1.7,1.76112,1.55305,1.8,1.0,1.6865999999999999,1.4054600000000002,1.0,1.8,1.3477999999999999,1.83754,186.35416666666666,184.04166666666666,0,0,13.0,20.0,1.0,0.0,2.0,0.0,1.2637263726372636,1.1935193519351934,1.1233123312331232,1.1935193519351934,4.0,0.5,0.25,3.5,,,,,0.0,
d1617eef-85d9-4386-a4da-f75133bf6302,66827a04-c4b9-46d1-b91c-f8e4096f044e,2026,28,28,2027-03-03T20:00:00+00:00,db14882b-951f-4db5-860b-4ca2b8583311,b552a1a6-4302-43ca-884c-0f91ac4f984b,Brighton & Hove Albion FC,Fulham FC,78,78,76,76,1.0,1.0,6.0,1.2,2.0,1.6,2.1024800000000003,1.04346,4.0,0.8,1.0,1.2,1.44466,1.3342800000000001,16.0,1.6,2.0,1.4,2.054,1.19738,11.0,1.1,0.9,1.2,1.4856,1.79445,2.4,0.8,2.5754799999999998,0.8748400000000001,0.2,1.4,1.14834,2.25772,185.29166666666666,185.29166666666666,0,0,9.0,16.0,1.5,0.0,3.0,0.0,1.404140414041404,0.9828982898289828,0.6318631863186318,0.8424842484248424,4.0,0.25,0.25,3.0,,,,,0.0,
30278aa3-94f4-49d2-9083-4da17d2625cf,18b074b1-aec3-428a-9518-b6b6ba79e93e,2026,28,28,2027-03-03T20:00:00+00:00,66a313d1-2e21-49ad-a1c7-6f04cae6be69,67d3236c-6589-4978-b178-f6dcf50166d4,Brentford FC,Ipswich Town FC,78,40,76,38,1.0,1.0,6.0,1.2,1.4,1.4,1.8135999999999999,2.25948,3.0,0.6,1.0,2.4,1.18292,1.12082,12.0,1.2,1.3,1.1,1.7546199999999998,1.66781,5.0,0.5,1.0,2.5,0.98536,1.9058800000000002,2.0,0.8,2.49188,1.1387800000000001,1.2,2.8,1.11866,1.9940000000000002,185.29166666666666,185.1875,0,0,5.0,12.0,2.0,1.5,4.0,3.0,0.9126912691269127,0.7722772277227723,0.702070207020702,1.7551755175517552,2.0,1.0,0.0,4.0,,,,,0.0,
89ec9bde-4426-4edf-95b6-fc8cf65d490d,245e1194-d0e7-4286-97e8-7d85bbde9c59,2026,28,28,2027-03-03T20:00:00+00:00,1cb320b2-b42f-4131-8f5f-ef42e7f82540,d95bc61c-17e5-44b5-bdb9-ec10e55d1aea,Chelsea FC,Coventry City FC,78,2,76,0,1.0,0.0,10.0,2.0,2.2,1.8,1.3089,1.57474,0.0,0.0,0.0,2.0,0.95415,1.6021,10.0,1.0,1.2,2.2,1.28673,1.6991399999999999,0.0,0.0,0.0,2.0,0.95415,1.6021,1.4,2.2,1.4232200000000002,1.7313800000000001,0.0,3.0,0.5583,1.8542,185.29166666666666,186.25,0,0,4.0,17.0,3.0,0.0,6.0,0.0,0.8424842484248424,1.5445544554455446,0.0,1.404140414041404,0.0,0.0,0.0,0.0,,,,,0.0,
0fdee116-5c79-480a-9f63-58cf6efd38ee,42917ec9-b02c-47a8-84b7-17ae2f374670,2026,29,29,2027-03-13T15:00:00+00:00,fe8b4d06-9254-4fc8-a08f-90f242e51751,db14882b-951f-4db5-860b-4ca2b8583311,Leeds United FC,Brighton & Hove Albion FC,40,78,38,76,1.0,1.0,8.0,1.6,0.8,1.0,1.2767,1.69218,6.0,1.2,2.0,1.6,2.1024800000000003,1.04346,19.0,1.9,1.4,0.9,1.66215,1.30455,16.0,1.6,2.0,1.4,2.054,1.19738,1.6,0.4,1.6337199999999998,0.9775600000000001,1.6,2.0,1.53252,1.5199200000000002,195.08333333333334,195.08333333333334,0,0,8.0,9.0,2.0,1.5,4.0,3.0,0.9828982898289828,0.6318631863186318,1.404140414041404,0.9828982898289828,2.0,0.5,0.0,2.0,,,,,0.0,
9c9c32a7-6055-493e-aa92-2d79bf1f4ad4,ae5ed228-03df-4f4f-92c9-9b5ef855ad15,2026,29,29,2027-03-13T15:00:00+00:00,c23d6b7a-dfaf-44a3-b016-1feb2dddec44,5421e81a-b7dd-48b1-9982-42644e8dcf9f,Tottenham Hotspur FC,Nottingham Forest FC,78,78,76,76,1.0,1.0,4.0,0.8,0.6,1.6,1.4309999999999998,1.7245000000000001,3.0,0.6,1.2,1.6,1.4747400000000002,1.8178,11.0,1.1,0.8,1.5,1.35367,1.44519,16.0,1.6,2.2,1.1,1.50631,1.54579,0.8,1.6,1.48516,1.23394,3.0,1.2,1.71812,2.0079599999999997,195.9375,196.14583333333334,0,0,19.0,14.0,0.0,0.5,0.0,1.0,0.5616561656165616,1.053105310531053,1.5445544554455446,0.7722772277227723,4.0,0.0,0.0,2.5,,,,,0.0,
3e3e4252-2f78-469b-a721-b95f5477174a,284ed7d1-6700-4af8-9af5-8ab1eeb39f51,2026,29,29,2027-03-13T15:00:00+00:00,74bd08fa-27db-4bb0-8490-f57f6ed6b8e9,b552a1a6-4302-43ca-884c-0f91ac4f984b,Crystal Palace FC,Fulham FC,78,78,76,76,1.0,1.0,1.0,0.2,0.8,2.6,1.3675,2.04196,4.0,0.8,1.0,1.2,1.44466,1.3342800000000001,6.0,0.6,0.9,2.2,1.6875900000000001,1.7954899999999998,11.0,1.1,0.9,1.2,1.4856,1.79445,1.2,1.8,1.90318,1.85092,0.2,1.4,1.14834,2.25772,196.83333333333334,195.08333333333334,0,0,18.0,16.0,0.0,0.0,0.0,0.0,0.6318631863186318,1.5445544554455446,0.6318631863186318,0.8424842484248424,4.0,0.5,0.25,2.25,,,,,0.0,
e713cd76-3256-4577-8f78-ce08306f40ad,0ca978ff-9aac-45d1-a2f9-bdd23c9d257d,2026,29,29,2027-03-13T15:00:00+00:00,54ed0f97-ad19-421c-a5c2-9b9d3fcbc72d,67d3236c-6589-4978-b178-f6dcf50166d4,Liverpool FC,Ipswich Town FC,78,40,76,38,1.0,1.0,4.0,0.8,1.6,2.0,1.9297799999999998,1.50558,3.0,0.6,1.0,2.4,1.18292,1.12082,13.0,1.3,1.8,1.7,1.6482800000000002,1.86113,5.0,0.5,1.0,2.5,0.98536,1.9058800000000002,1.8,1.0,1.6865999999999999,1.4054600000000002,1.2,2.8,1.11866,1.9940000000000002,196.14583333333334,194.97916666666666,0,0,13.0,12.0,1.0,1.5,2.0,3.0,1.2637263726372636,1.1935193519351934,0.702070207020702,1.7551755175517552,2.0,1.0,0.0,3.5,,,,,0.0,
3b00b361-66ae-494b-b02e-dae8b9d20d81,ceee2bee-a063-433b-b6f9-a5046294501c,2026,29,29,2027-03-13T15:00:00+00:00,d95bc61c-17e5-44b5-bdb9-ec10e55d1aea,33d2f100-682f-4a5e-9aa3-5cc57e1e8571,Coventry City FC,Manchester City FC,2,78,0,76,0.0,1.0,0.0,0.0,0.0,2.0,0.95415,1.6021,10.0,2.0,2.2,1.0,1.68626,1.3282,0.0,0.0,0.0,2.0,0.95415,1.6021,23.0,2.3,2.3,0.9,2.26553,1.3481100000000001,0.0,1.0,1.35,1.35,2.4,1.0,1.97072,1.38908,196.04166666666666,196.83333333333334,0,0,17.0,1.0,0.0,3.0,0.0,6.0,0.0,1.404140414041404,1.6147614761476146,0.6318631863186318,0.0,0.0,0.0,0.0,,,,,0.0,
12635a2b-434b-46d3-87a6-6e9b23dd4016,337f54f0-7f5b-4031-9f0d-39b33e39b703,2026,29,29,2027-03-13T15:00:00+00:00,6601a105-9986-4276-89bf-143cdf03198a,c4045d6d-a715-4821-a800-cd9b505ad54b,AFC Bournemouth,Newcastle United FC,78,78,76,76,1.0,1.0,6.0,1.2,1.0,1.0,1.22144,1.6790800000000001,8.0,1.6,1.6,1.2,1.39426,1.7264399999999998,17.0,1.7,1.6,1.1,1.6844899999999998,1.68106,11.0,1.1,1.4,1.4,1.51213,2.0315000000000003,1.8,1.2,1.8082799999999999,1.25184,0.8,1.2,1.07698,1.66432,196.04166666666666,195.9375,0,0,15.0,6.0,0.5,2.0,1.0,4.0,1.1233123312331232,0.7722772277227723,0.9828982898289828,0.9828982898289828,4.0,0.5,0.5,2.5,,,,,0.0,
545e8ed5-8ebf-44c0-b054-56468756dd1f,3e3b28af-ccbd-4540-b62d-845cc1b596dc,2026,29,29,2027-03-13T15:00:00+00:00,1cb320b2-b42f-4131-8f5f-ef42e7f82540,ead1bc2e-8799-410a-a809-66a274bbab2c,Chelsea FC,Arsenal FC,78,78,76,76,1.0,1.0,10.0,2.0,2.2,1.8,1.3089,1.57474,15.0,3.0,1.6,0.2,1.95344,0.8856400000000001,10.0,1.0,1.2,2.2,1.28673,1.6991399999999999,24.0,2.4,1.6,0.5,2.1858899999999997,1.11822,1.4,2.2,1.4232200000000002,1.7313800000000001,1.2,0.6,1.8980799999999998,1.4419,195.08333333333334,193.83333333333334,0,0,4.0,2.0,3.0,3.0,6.0,6.0,0.8424842484248424,1.5445544554455446,1.1233123312331232,0.351035103510351,4.0,0.0,0.5,2.0,,,,,0.0,
ae39f811-cf56-42ce-b121-b2e3552db471,4ee09881-0295-4d22-bc40-7905d2dbe5db,2026,29,29,2027-03-13T15:00:00+00:00,f8f456e7-3e20-4803-ba4e-b1762a31812c,f7968242-f357-4da3-84bc-b49a6f3af9fe,Aston Villa FC,Hull City AFC,78,2,76,0,1.0,0.0,7.0,1.4,1.6,2.0,1.669,1.99936,6.0,3.0,1.5,0.0,1.4231500000000001,1.5643500000000001,14.0,1.4,1.6,1.7,1.76112,1.55305,6.0,3.0,1.5,0.0,1.4231500000000001,1.5643500000000001,2.2,1.6,2.1744399999999997,1.2685600000000001,1.0,0.0,1.35,1.35,193.83333333333334,196.04166666666666,0,0,20.0,3.0,0.0,3.0,0.0,6.0,1.1233123312331232,1.1935193519351934,1.053105310531053,0.0,0.0,0.0,0.0,0.0,,,,,0.0,
bd558257-1503-4d55-8d79-b6320a7a6854,fec8691e-c0e4-4953-9a1b-f1fa85701b41,2026,29,29,2027-03-13T15:00:00+00:00,48fc005c-cbfc-4e4d-b7f1-459dce6cf940,60cb8be0-9c1e-4019-8b60-fd9ac2aa9f2d,Manchester United FC,Everton FC,78,78,76,76,1.0,1.0,10.0,2.0,2.2,1.2,2.05574,1.3261,5.0,1.0,1.2,1.4,1.29878,1.91182,20.0,2.0,2.0,1.3,1.82306,1.49613,10.0,1.0,1.6,1.6,1.37879,1.78095,2.8,1.8,2.2811,1.69546,1.2,1.6,1.28118,2.02858,194.97916666666666,196.04166666666666,0,0,10.0,7.0,1.5,2.0,3.0,4.0,1.404140414041404,0.9126912691269127,1.1233123312331232,1.1233123312331232,4.0,0.5,0.25,2.5,,,,,0.0,
53260081-507f-46d8-bd53-378ade8953a1,37372f98-93ea-4493-8256-2e3d9e0e9871,2026,29,29,2027-03-13T15:00:00+00:00,076f94c9-341e-4294-a86a-076741505170,66a313d1-2e21-49ad-a1c7-6f04cae6be69,Sunderland AFC,Brentford FC,40,78,38,76,1.0,1.0,10.0,2.0,1.4,0.8,1.47598,1.14264,6.0,1.2,1.4,1.4,1.8135999999999999,2.25948,17.0,1.7,1.4,1.5,1.49207,1.5401900000000002,12.0,1.2,1.3,1.1,1.7546199999999998,1.66781,0.8,1.2,1.4617600000000002,1.073,0.6,1.4,1.01736,2.19684,195.08333333333334,195.08333333333334,0,0,11.0,5.0,1.5,2.0,3.0,4.0,0.9828982898289828,1.053105310531053,0.9126912691269127,0.7722772277227723,2.0,0.5,0.0,3.0,,,,,0.0,
c6e494ae-5af1-442d-b0fb-84804981930d,c360b12a-d913-4e3b-8cfa-27ad3d091f2d,2026,30,30,2027-03-20T15:00:00+00:00,66a313d1-2e21-49ad-a1c7-6f04cae6be69,6601a105-9986-4276-89bf-143cdf03198a,Brentford FC,AFC Bournemouth,78,78,76,76,1.0,1.0,6.0,1.2,1.4,1.4,1.8135999999999999,2.25948,6.0,1.2,1.0,1.0,1.22144,1.6790800000000001,12.0,1.2,1.3,1.1,1.7546199999999998,1.66781,17.0,1.7,1.6,1.1,1.6844899999999998,1.68106,2.0,0.8,2.49188,1.1387800000000001,1.4,1.0,1.5607,2.1102800000000004,202.08333333333334,203.04166666666666,0,0,5.0,15.0,2.0,0.5,4.0,1.0,0.9126912691269127,0.7722772277227723,1.1233123312331232,0.7722772277227723,4.0,0.75,0.25,3.25,,,,,0.0,
25cc2145-a4e4-4a7e-b845-bd7d48015a38,2a5e690f-f3ac-48a2-bf06-311a4a5d18f9,2026,30,30,2027-03-20T15:00:00+00:00,db14882b-951f-4db5-860b-4ca2b8583311,d95bc61c-17e5-44b5-bdb9-ec10e55d1aea,Brighton & Hove Albion FC,Coventry City FC,78,2,76,0,1.0,0.0,6.0,1.2,2.0,1.6,2.1024800000000003,1.04346,0.0,0.0,0.0,2.0,0.95415,1.6021,16.0,1.6,2.0,1.4,2.054,1.19738,0.0,0.0,0.0,2.0,0.95415,1.6021,2.4,0.8,2.5754799999999998,0.8748400000000001,0.0,3.0,0.5583,1.8542,202.08333333333334,203.04166666666666,0,0,9.0,17.0,1.5,0.0,3.0,0.0,1.404140414041404,0.9828982898289828,0.0,1.404140414041404,0.0,0.0,0.0,0.0,,,,,0.0,
0d1b9b2c-d949-486b-8794-496383833d41,82dbec41-fe85-446e-8af5-770715a18ebe,2026,30,30,2027-03-20T15:00:00+00:00,33d2f100-682f-4a5e-9aa3-5cc57e1e8571,48fc005c-cbfc-4e4d-b7f1-459dce6cf940,Manchester City FC,Manchester United FC,78,78,76,76,1.0,1.0,10.0,2.0,2.2,1.0,1.68626,1.3282,10.0,2.0,2.2,1.2,2.05574,1.3261,23.0,2.3,2.3,0.9,2.26553,1.3481100000000001,20.0,2.0,2.0,1.3,1.82306,1.49613,2.2,0.8,2.56034,1.30714,1.2,0.8,1.36502,1.2968,203.83333333333334,201.97916666666666,0,0,1.0,10.0,3.0,1.5,6.0,3.0,1.6147614761476146,0.6318631863186318,1.404140414041404,0.9126912691269127,4.0,0.25,0.25,2.0,,,,,0.0,
bae9ac94-3f35-4474-8d9a-277c0a103cbe,0199a578-6b8f-40ff-85d6-9d82f80091b2,2026,30,30,2027-03-20T15:00:00+00:00,ead1bc2e-8799-410a-a809-66a274bbab2c,076f94c9-341e-4294-a86a-076741505170,Arsenal FC,Sunderland AFC,78,40,76,38,1.0,1.0,15.0,3.0,1.6,0.2,1.95344,0.8856400000000001,10.0,2.0,1.4,0.8,1.47598,1.14264,24.0,2.4,1.6,0.5,2.1858899999999997,1.11822,17.0,1.7,1.4,1.5,1.49207,1.5401900000000002,1.8,0.4,2.19494,0.74268,2.0,1.8,1.52238,2.00738,200.83333333333334,202.08333333333334,0,0,2.0,11.0,3.0,1.5,6.0,3.0,1.1233123312331232,0.351035103510351,0.9828982898289828,1.053105310531053,2.0,0.5,0.5,3.5,,,,,0.0,
c21f4ffa-e2f5-4cc8-a537-965dc785a00f,597678f4-37d2-47ff-89bc-735fd0f146c7,2026,30,30,2027-03-20T15:00:00+00:00,b552a1a6-4302-43ca-884c-0f91ac4f984b,54ed0f97-ad19-421c-a5c2-9b9d3fcbc72d,Fulham FC,Liverpool FC,78,78,76,76,1.0,1.0,4.0,0.8,1.0,1.2,1.44466,1.3342800000000001,4.0,0.8,1.6,2.0,1.9297799999999998,1.50558,11.0,1.1,0.9,1.2,1.4856,1.79445,13.0,1.3,1.8,1.7,1.6482800000000002,1.86113,1.6,1.0,1.82286,1.33118,1.8,2.4,1.6099599999999998,2.3167999999999997,202.08333333333334,203.14583333333334,0,0,16.0,13.0,0.0,1.0,0.0,2.0,0.6318631863186318,0.8424842484248424,1.2637263726372636,1.1935193519351934,4.0,0.25,0.5,3.75,,,,,0.0,
4208566d-9286-44b3-90e7-ed5c928b1e47,fa736f46-4bf8-4a11-b3aa-fd2c1c812b45,2026,30,30,2027-03-20T15:00:00+00:00,f7968242-f357-4da3-84bc-b49a6f3af9fe,1cb320b2-b42f-4131-8f5f-ef42e7f82540,Hull City AFC,Chelsea FC,2,78,0,76,0.0,1.0,6.0,3.0,1.5,0.0,1.4231500000000001,1.5643500000000001,10.0,2.0,2.2,1.8,1.3089,1.57474,6.0,3.0,1.5,0.0,1.4231500000000001,1.5643500000000001,10.0,1.0,1.2,2.2,1.28673,1.6991399999999999,2.0,0.0,1.4963,1.7787,1.0,2.2,1.15024,1.6669,203.04166666666666,202.08333333333334,0,0,3.0,4.0,3.0,3.0,6.0,6.0,1.053105310531053,0.0,0.8424842484248424,1.5445544554455446,0.0,0.0,0.0,0.0,,,,,0.0,
e9fde721-b9b3-4598-bcdd-5945d80756b7,f1efa9e2-d621-4a9d-a319-eb8e55ef0dbc,2026,30,30,2027-03-20T15:00:00+00:00,5421e81a-b7dd-48b1-9982-42644e8dcf9f,f8f456e7-3e20-4803-ba4e-b1762a31812c,Nottingham Forest FC,Aston Villa FC,78,78,76,76,1.0,1.0,3.0,0.6,1.2,1.6,1.4747400000000002,1.8178,7.0,1.4,1.6,2.0,1.669,1.99936,16.0,1.6,2.2,1.1,1.50631,1.54579,14.0,1.4,1.6,1.7,1.76112,1.55305,1.4,1.0,1.2945,1.08362,1.0,1.8,1.3477999999999999,1.83754,203.14583333333334,200.83333333333334,0,0,14.0,20.0,0.5,0.0,1.0,0.0,1.5445544554455446,0.7722772277227723,1.1233123312331232,1.1935193519351934,4.0,0.25,0.25,3.0,,,,,0.0,
57c1a673-b34e-4b22-b433-aa2e9d470624,c00a324a-4660-4be6-94f2-df8938c6ec00,2026,30,30,2027-03-20T15:00:00+00:00,60cb8be0-9c1e-4019-8b60-fd9ac2aa9f2d,c23d6b7a-dfaf-44a3-b016-1feb2dddec44,Everton FC,Tottenham Hotspur FC,78,78,76,76,1.0,1.0,5.0,1.0,1.2,1.4,1.29878,1.91182,4.0,0.8,0.6,1.6,1.4309999999999998,1.7245000000000001,10.0,1.0,1.6,1.6,1.37879,1.78095,11.0,1.1,0.8,1.5,1.35367,1.44519,2.0,1.6,1.4764,1.53332,0.8,1.4,1.22218,1.65644,203.04166666666666,202.9375,0,0,7.0,19.0,2.0,0.0,4.0,0.0,1.1233123312331232,1.1233123312331232,0.5616561656165616,1.053105310531053,4.0,0.25,0.0,3.25,,,,,0.0,
e76c624a-6b7e-46c3-a67c-2228f135b1c7,5018531a-cb95-4855-a6cc-4a07e0741dde,2026,30,30,2027-03-20T15:00:00+00:00,c4045d6d-a715-4821-a800-cd9b505ad54b,fe8b4d06-9254-4fc8-a08f-90f242e51751,Newcastle United FC,Leeds United FC,78,40,76,38,1.0,1.0,8.0,1.6,1.6,1.2,1.39426,1.7264399999999998,8.0,1.6,0.8,1.0,1.2767,1.69218,11.0,1.1,1.4,1.4,1.51213,2.0315000000000003,19.0,1.9,1.4,0.9,1.66215,1.30455,2.0,1.6,1.94728,2.3986799999999997,1.2,1.4,1.69058,1.63154,202.9375,202.08333333333334,0,0,6.0,8.0,2.0,2.0,4.0,4.0,0.9828982898289828,0.9828982898289828,0.9828982898289828,0.6318631863186318,2.0,0.5,0.5,3.5,,,,,0.0,
85c04a96-041b-4fa6-8cb9-1a286bc23181,e95591dc-63e6-49d7-a8ae-7b8db6e63259,2026,30,30,2027-03-20T15:00:00+00:00,67d3236c-6589-4978-b178-f6dcf50166d4,74bd08fa-27db-4bb0-8490-f57f6ed6b8e9,Ipswich Town FC,Crystal Palace FC,40,78,38,76,1.0,1.0,3.0,0.6,1.0,2.4,1.18292,1.12082,1.0,0.2,0.8,2.6,1.3675,2.04196,5.0,0.5,1.0,2.5,0.98536,1.9058800000000002,6.0,0.6,0.9,2.2,1.6875900000000001,1.7954899999999998,0.8,2.2,0.85206,1.8177600000000003,0.6,2.6,1.472,1.7400600000000002,201.97916666666666,203.83333333333334,0,0,12.0,18.0,1.5,0.0,3.0,0.0,0.702070207020702,1.7551755175517552,0.6318631863186318,1.5445544554455446,2.0,0.0,0.0,1.0,,,,,0.0,
98b0a3eb-316d-40b1-b68d-e86c1998575d,a054cf38-6457-480b-8a2b-0300057870d2,2026,31,31,2027-04-10T14:00:00+00:00,076f94c9-341e-4294-a86a-076741505170,67d3236c-6589-4978-b178-f6dcf50166d4,Sunderland AFC,Ipswich Town FC,40,40,38,38,1.0,1.0,10.0,2.0,1.4,0.8,1.47598,1.14264,3.0,0.6,1.0,2.4,1.18292,1.12082,17.0,1.7,1.4,1.5,1.49207,1.5401900000000002,5.0,0.5,1.0,2.5,0.98536,1.9058800000000002,0.8,1.2,1.4617600000000002,1.073,1.2,2.8,1.11866,1.9940000000000002,223.04166666666666,222.9375,0,0,11.0,12.0,1.5,1.5,3.0,3.0,0.9828982898289828,1.053105310531053,0.702070207020702,1.7551755175517552,1.0,0.0,0.0,3.0,,,,,0.0,
da5945ce-cef3-42a3-a7b0-358f49c11cf4,1579ba5c-ca73-48dc-91e8-262c45d51394,2026,31,31,2027-04-10T14:00:00+00:00,fe8b4d06-9254-4fc8-a08f-90f242e51751,5421e81a-b7dd-48b1-9982-42644e8dcf9f,Leeds United FC,Nottingham Forest FC,40,78,38,76,1.0,1.0,8.0,1.6,0.8,1.0,1.2767,1.69218,3.0,0.6,1.2,1.6,1.4747400000000002,1.8178,19.0,1.9,1.4,0.9,1.66215,1.30455,16.0,1.6,2.2,1.1,1.50631,1.54579,1.6,0.4,1.6337199999999998,0.9775600000000001,3.0,1.2,1.71812,2.0079599999999997,223.04166666666666,224.10416666666666,0,0,8.0,14.0,2.0,0.5,4.0,1.0,0.9828982898289828,0.6318631863186318,1.5445544554455446,0.7722772277227723,3.0,0.6666666666666666,0.0,3.0,,,,,0.0,
1d2f9035-4c33-4694-b912-ba012d3b29a3,5fa13dc1-8a8b-4b7f-93c4-36ffa3f34baf,2026,31,31,2027-04-10T14:00:00+00:00,48fc005c-cbfc-4e4d-b7f1-459dce6cf940,f7968242-f357-4da3-84bc-b49a6f3af9fe,Manchester United FC,Hull City AFC,78,2,76,0,1.0,0.0,10.0,2.0,2.2,1.2,2.05574,1.3261,6.0,3.0,1.5,0.0,1.4231500000000001,1.5643500000000001,20.0,2.0,2.0,1.3,1.82306,1.49613,6.0,3.0,1.5,0.0,1.4231500000000001,1.5643500000000001,2.8,1.8,2.2811,1.69546,1.0,0.0,1.35,1.35,222.9375,224.0,0,0,10.0,3.0,1.5,3.0,3.0,6.0,1.404140414041404,0.9126912691269127,1.053105310531053,0.0,1.0,0.0,0.0,2.0,,,,,0.0,
859dd92c-bfc7-4250-baa2-d29c475b0d9e,87a0fd17-6339-458d-badf-7b5290da66b3,2026,31,31,2027-04-10T14:00:00+00:00,1cb320b2-b42f-4131-8f5f-ef42e7f82540,b552a1a6-4302-43ca-884c-0f91ac4f984b,Chelsea FC,Fulham FC,78,78,76,76,1.0,1.0,10.0,2.0,2.2,1.8,1.3089,1.57474,4.0,0.8,1.0,1.2,1.44466,1.3342800000000001,10.0,1.0,1.2,2.2,1.28673,1.6991399999999999,11.0,1.1,0.9,1.2,1.4856,1.79445,1.4,2.2,1.4232200000000002,1.7313800000000001,0.2,1.4,1.14834,2.25772,223.04166666666666,223.04166666666666,0,0,4.0,16.0,3.0,0.0,6.0,0.0,0.8424842484248424,1.5445544554455446,0.6318631863186318,0.8424842484248424,5.0,0.6,0.0,3.2,,,,,0.0,
cb9d89d7-4a0d-431b-b16e-669a02b3dfaf,13a57e38-941c-4d85-85f0-a2fabc8aa448,2026,31,31,2027-04-10T14:00:00+00:00,54ed0f97-ad19-421c-a5c2-9b9d3fcbc72d,c4045d6d-a715-4821-a800-cd9b505ad54b,Liverpool FC,Newcastle United FC,78,78,76,76,1.0,1.0,4.0,0.8,1.6,2.0,1.9297799999999998,1.50558,8.0,1.6,1.6,1.2,1.39426,1.7264399999999998,13.0,1.3,1.8,1.7,1.6482800000000002,1.86113,11.0,1.1,1.4,1.4,1.51213,2.0315000000000003,1.8,1.0,1.6865999999999999,1.4054600000000002,0.8,1.2,1.07698,1.66432,224.10416666666666,223.89583333333334,0,0,13.0,6.0,1.0,2.0,2.0,4.0,1.2637263726372636,1.1935193519351934,0.9828982898289828,0.9828982898289828,5.0,0.6,0.4,4.4,,,,,0.0,
683bddc1-1ebe-4ef9-bdf6-d07dec6c8b9e,7b5737ed-4306-4ba5-9882-33949d9288f0,2026,31,31,2027-04-10T14:00:00+00:00,d95bc61c-17e5-44b5-bdb9-ec10e55d1aea,ead1bc2e-8799-410a-a809-66a274bbab2c,Coventry City FC,Arsenal FC,2,78,0,76,0.0,1.0,0.0,0.0,0.0,2.0,0.95415,1.6021,15.0,3.0,1.6,0.2,1.95344,0.8856400000000001,0.0,0.0,0.0,2.0,0.95415,1.6021,24.0,2.4,1.6,0.5,2.1858899999999997,1.11822,0.0,1.0,1.35,1.35,1.2,0.6,1.8980799999999998,1.4419,224.0,221.79166666666666,0,0,17.0,2.0,0.0,3.0,0.0,6.0,0.0,1.404140414041404,1.1233123312331232,0.351035103510351,1.0,0.0,0.0,3.0,,,,,0.0,
afea0265-e0cf-410e-9bc6-14ee1c0739f6,fb5a66f5-6b83-4820-a367-529609f6f7ea,2026,31,31,2027-04-10T14:00:00+00:00,6601a105-9986-4276-89bf-143cdf03198a,33d2f100-682f-4a5e-9aa3-5cc57e1e8571,AFC Bournemouth,Manchester City FC,78,78,76,76,1.0,1.0,6.0,1.2,1.0,1.0,1.22144,1.6790800000000001,10.0,2.0,2.2,1.0,1.68626,1.3282,17.0,1.7,1.6,1.1,1.6844899999999998,1.68106,23.0,2.3,2.3,0.9,2.26553,1.3481100000000001,1.8,1.2,1.8082799999999999,1.25184,2.4,1.0,1.97072,1.38908,224.0,224.79166666666666,0,0,15.0,1.0,0.5,3.0,1.0,6.0,1.1233123312331232,0.7722772277227723,1.6147614761476146,0.6318631863186318,5.0,0.2,0.2,3.2,,,,,0.0,
ace6359b-74ac-4293-bd18-079b4a15fe34,5805cf5e-58a9-45f0-86a0-401f033839a7,2026,31,31,2027-04-10T14:00:00+00:00,74bd08fa-27db-4bb0-8490-f57f6ed6b8e9,60cb8be0-9c1e-4019-8b60-fd9ac2aa9f2d,Crystal Palace FC,Everton FC,78,78,76,76,1.0,1.0,1.0,0.2,0.8,2.6,1.3675,2.04196,5.0,1.0,1.2,1.4,1.29878,1.91182,6.0,0.6,0.9,2.2,1.6875900000000001,1.7954899999999998,10.0,1.0,1.6,1.6,1.37879,1.78095,1.2,1.8,1.90318,1.85092,1.2,1.6,1.28118,2.02858,224.79166666666666,224.0,0,0,18.0,7.0,0.0,2.0,0.0,4.0,0.6318631863186318,1.5445544554455446,1.1233123312331232,1.1233123312331232,5.0,0.0,0.2,3.0,,,,,0.0,
3b909148-b7fb-468e-8fd5-475fbd21d791,ef0f5ca0-0e60-49b0-a363-fc28f656de2b,2026,31,31,2027-04-10T14:00:00+00:00,c23d6b7a-dfaf-44a3-b016-1feb2dddec44,66a313d1-2e21-49ad-a1c7-6f04cae6be69,Tottenham Hotspur FC,Brentford FC,78,78,76,76,1.0,1.0,4.0,0.8,0.6,1.6,1.4309999999999998,1.7245000000000001,6.0,1.2,1.4,1.4,1.8135999999999999,2.25948,11.0,1.1,0.8,1.5,1.35367,1.44519,12.0,1.2,1.3,1.1,1.7546199999999998,1.66781,0.8,1.6,1.48516,1.23394,0.6,1.4,1.01736,2.19684,223.89583333333334,223.04166666666666,0,0,19.0,5.0,0.0,2.0,0.0,4.0,0.5616561656165616,1.053105310531053,0.9126912691269127,0.7722772277227723,5.0,0.6,0.2,2.2,,,,,0.0,
4545ded1-25af-4e04-aa91-2181b9d7cfd0,50df97fc-4aaa-4222-8c60-008eac2c85a8,2026,31,31,2027-04-10T14:00:00+00:00,f8f456e7-3e20-4803-ba4e-b1762a31812c,db14882b-951f-4db5-860b-4ca2b8583311,Aston Villa FC,Brighton & Hove Albion FC,78,78,76,76,1.0,1.0,7.0,1.4,1.6,2.0,1.669,1.99936,6.0,1.2,2.0,1.6,2.1024800000000003,1.04346,14.0,1.4,1.6,1.7,1.76112,1.55305,16.0,1.6,2.0,1.4,2.054,1.19738,2.2,1.6,2.1744399999999997,1.2685600000000001,1.6,2.0,1.53252,1.5199200000000002,221.79166666666666,223.04166666666666,0,0,20.0,9.0,0.0,1.5,0.0,3.0,1.1233123312331232,1.1935193519351934,1.404140414041404,0.9828982898289828,5.0,0.6,0.2,3.8,,,,,0.0,
a41ef757-d35d-4f48-a0d0-3e349772985a,145b7f42-4ab9-4959-9beb-73ca2cd6c1ef,2026,32,32,2027-04-17T14:00:00+00:00,db14882b-951f-4db5-860b-4ca2b8583311,1cb320b2-b42f-4131-8f5f-ef42e7f82540,Brighton & Hove Albion FC,Chelsea FC,78,78,76,76,1.0,1.0,6.0,1.2,2.0,1.6,2.1024800000000003,1.04346,10.0,2.0,2.2,1.8,1.3089,1.57474,16.0,1.6,2.0,1.4,2.054,1.19738,10.0,1.0,1.2,2.2,1.28673,1.6991399999999999,2.4,0.8,2.5754799999999998,0.8748400000000001,1.0,2.2,1.15024,1.6669,230.04166666666666,230.04166666666666,0,0,9.0,4.0,1.5,3.0,3.0,6.0,1.404140414041404,0.9828982898289828,0.8424842484248424,1.5445544554455446,5.0,0.6,0.0,4.6,,,,,0.0,
0ce29566-9287-4107-8beb-8106b5d1616e,92be672d-4030-441b-8223-9ab5b444d1d9,2026,32,32,2027-04-17T14:00:00+00:00,b552a1a6-4302-43ca-884c-0f91ac4f984b,076f94c9-341e-4294-a86a-076741505170,Fulham FC,Sunderland AFC,78,40,76,38,1.0,1.0,4.0,0.8,1.0,1.2,1.44466,1.3342800000000001,10.0,2.0,1.4,0.8,1.47598,1.14264,11.0,1.1,0.9,1.2,1.4856,1.79445,17.0,1.7,1.4,1.5,1.49207,1.5401900000000002,1.6,1.0,1.82286,1.33118,2.0,1.8,1.52238,2.00738,230.04166666666666,230.04166666666666,0,0,16.0,11.0,0.0,1.5,0.0,3.0,0.6318631863186318,0.8424842484248424,0.9828982898289828,1.053105310531053,3.0,0.6666666666666666,0.0,2.0,,,,,0.0,
31125aad-290b-4457-ad0d-b7e1c59b082f,94977c5a-ff93-4951-bc46-c85fcbabd742,2026,32,32,2027-04-17T14:00:00+00:00,66a313d1-2e21-49ad-a1c7-6f04cae6be69,fe8b4d06-9254-4fc8-a08f-90f242e51751,Brentford FC,Leeds United FC,78,40,76,38,1.0,1.0,6.0,1.2,1.4,1.4,1.8135999999999999,2.25948,8.0,1.6,0.8,1.0,1.2767,1.69218,12.0,1.2,1.3,1.1,1.7546199999999998,1.66781,19.0,1.9,1.4,0.9,1.66215,1.30455,2.0,0.8,2.49188,1.1387800000000001,1.2,1.4,1.69058,1.63154,230.04166666666666,230.04166666666666,0,0,5.0,8.0,2.0,2.0,4.0,4.0,0.9126912691269127,0.7722772277227723,0.9828982898289828,0.6318631863186318,3.0,0.0,1.0,1.3333333333333333,,,,,0.0,
2e3c4f20-4881-47cf-9d47-75d11e5038c7,cfdabd37-abeb-457e-b151-566f0ad9e9cb,2026,32,32,2027-04-17T14:00:00+00:00,5421e81a-b7dd-48b1-9982-42644e8dcf9f,54ed0f97-ad19-421c-a5c2-9b9d3fcbc72d,Nottingham Forest FC,Liverpool FC,78,78,76,76,1.0,1.0,3.0,0.6,1.2,1.6,1.4747400000000002,1.8178,4.0,0.8,1.6,2.0,1.9297799999999998,1.50558,16.0,1.6,2.2,1.1,1.50631,1.54579,13.0,1.3,1.8,1.7,1.6482800000000002,1.86113,1.4,1.0,1.2945,1.08362,1.8,2.4,1.6099599999999998,2.3167999999999997,231.10416666666666,231.10416666666666,0,0,14.0,13.0,0.5,1.0,1.0,2.0,1.5445544554455446,0.7722772277227723,1.2637263726372636,1.1935193519351934,5.0,0.4,0.4,2.2,,,,,0.0,
3cf957c5-6c3f-4ea4-9e51-9843c7853eb2,0cc1deaf-11a5-4a05-af58-07224fdda6e7,2026,32,32,2027-04-17T14:00:00+00:00,ead1bc2e-8799-410a-a809-66a274bbab2c,f8f456e7-3e20-4803-ba4e-b1762a31812c,Arsenal FC,Aston Villa FC,78,78,76,76,1.0,1.0,15.0,3.0,1.6,0.2,1.95344,0.8856400000000001,7.0,1.4,1.6,2.0,1.669,1.99936,24.0,2.4,1.6,0.5,2.1858899999999997,1.11822,14.0,1.4,1.6,1.7,1.76112,1.55305,1.8,0.4,2.19494,0.74268,1.0,1.8,1.3477999999999999,1.83754,228.79166666666666,228.79166666666666,0,0,2.0,20.0,3.0,0.0,6.0,0.0,1.1233123312331232,0.351035103510351,1.1233123312331232,1.1935193519351934,5.0,0.6,0.2,3.0,,,,,0.0,
a1cc4f05-0891-45cb-bcf2-108fb5e1db95,11802096-212f-40e3-900e-53e4bafc54c8,2026,32,32,2027-04-17T14:00:00+00:00,67d3236c-6589-4978-b178-f6dcf50166d4,48fc005c-cbfc-4e4d-b7f1-459dce6cf940,Ipswich Town FC,Manchester United FC,40,78,38,76,1.0,1.0,3.0,0.6,1.0,2.4,1.18292,1.12082,10.0,2.0,2.2,1.2,2.05574,1.3261,5.0,0.5,1.0,2.5,0.98536,1.9058800000000002,20.0,2.0,2.0,1.3,1.82306,1.49613,0.8,2.2,0.85206,1.8177600000000003,1.2,0.8,1.36502,1.2968,229.9375,229.9375,0,0,12.0,10.0,1.5,1.5,3.0,3.0,0.702070207020702,1.7551755175517552,1.404140414041404,0.9126912691269127,3.0,0.0,0.3333333333333333,4.666666666666667,,,,,0.0,
ab932f98-0703-4624-9592-000149d6fb26,29198d49-cb15-41e0-975f-78e342c7fae5,2026,32,32,2027-04-17T14:00:00+00:00,33d2f100-682f-4a5e-9aa3-5cc57e1e8571,74bd08fa-27db-4bb0-8490-f57f6ed6b8e9,Manchester City FC,Crystal Palace FC,78,78,76,76,1.0,1.0,10.0,2.0,2.2,1.0,1.68626,1.3282,1.0,0.2,0.8,2.6,1.3675,2.04196,23.0,2.3,2.3,0.9,2.26553,1.3481100000000001,6.0,0.6,0.9,2.2,1.6875900000000001,1.7954899999999998,2.2,0.8,2.56034,1.30714,0.6,2.6,1.472,1.7400600000000002,231.79166666666666,231.79166666666666,0,0,1.0,18.0,3.0,0.0,6.0,0.0,1.6147614761476146,0.6318631863186318,0.6318631863186318,1.5445544554455446,5.0,0.8,0.2,4.4,,,,,0.0,
fd515157-d37a-458a-bfbd-71eaca98b6bd,325da44d-4757-45ee-bbba-75fd65cab1a1,2026,32,32,2027-04-17T14:00:00+00:00,c4045d6d-a715-4821-a800-cd9b505ad54b,c23d6b7a-dfaf-44a3-b016-1feb2dddec44,Newcastle United FC,Tottenham Hotspur FC,78,78,76,76,1.0,1.0,8.0,1.6,1.6,1.2,1.39426,1.7264399999999998,4.0,0.8,0.6,1.6,1.4309999999999998,1.7245000000000001,11.0,1.1,1.4,1.4,1.51213,2.0315000000000003,11.0,1.1,0.8,1.5,1.35367,1.44519,2.0,1.6,1.94728,2.3986799999999997,0.8,1.4,1.22218,1.65644,230.89583333333334,230.89583333333334,0,0,6.0,19.0,2.0,0.0,4.0,0.0,0.9828982898289828,0.9828982898289828,0.5616561656165616,1.053105310531053,5.0,0.8,0.2,3.0,,,,,0.0,
e353fd92-d6f4-4a3b-9e7c-9ffac1643059,459a990c-e703-43ff-80fa-490f0769641c,2026,32,32,2027-04-17T14:00:00+00:00,60cb8be0-9c1e-4019-8b60-fd9ac2aa9f2d,6601a105-9986-4276-89bf-143cdf03198a,Everton FC,AFC Bournemouth,78,78,76,76,1.0,1.0,5.0,1.0,1.2,1.4,1.29878,1.91182,6.0,1.2,1.0,1.0,1.22144,1.6790800000000001,10.0,1.0,1.6,1.6,1.37879,1.78095,17.0,1.7,1.6,1.1,1.6844899999999998,1.68106,2.0,1.6,1.4764,1.53332,1.4,1.0,1.5607,2.1102800000000004,231.0,231.0,0,0,7.0,15.0,2.0,0.5,4.0,1.0,1.1233123312331232,1.1233123312331232,1.1233123312331232,0.7722772277227723,5.0,0.2,0.2,2.4,,,,,0.0,
5dc3a145-8818-4235-bdc7-d05abfffb1da,03d8d19a-74bd-4ac5-8f38-164087aca54a,2026,32,32,2027-04-17T14:00:00+00:00,f7968242-f357-4da3-84bc-b49a6f3af9fe,d95bc61c-17e5-44b5-bdb9-ec10e55d1aea,Hull City AFC,Coventry City FC,2,2,0,0,0.0,0.0,6.0,3.0,1.5,0.0,1.4231500000000001,1.5643500000000001,0.0,0.0,0.0,2.0,0.95415,1.6021,6.0,3.0,1.5,0.0,1.4231500000000001,1.5643500000000001,0.0,0.0,0.0,2.0,0.95415,1.6021,2.0,0.0,1.4963,1.7787,0.0,3.0,0.5583,1.8542,231.0,231.0,0,0,3.0,17.0,3.0,0.0,6.0,0.0,1.053105310531053,0.0,0.0,1.404140414041404,1.0,1.0,0.0,1.0,,,,,0.0,
fe29a9a5-7715-49cf-8227-a461ac994d72,91b8b2af-5928-421a-b2d3-5c940d368ba8,2026,33,33,2027-04-24T14:00:00+00:00,1cb320b2-b42f-4131-8f5f-ef42e7f82540,33d2f100-682f-4a5e-9aa3-5cc57e1e8571,Chelsea FC,Manchester City FC,78,78,76,76,1.0,1.0,10.0,2.0,2.2,1.8,1.3089,1.57474,10.0,2.0,2.2,1.0,1.68626,1.3282,10.0,1.0,1.2,2.2,1.28673,1.6991399999999999,23.0,2.3,2.3,0.9,2.26553,1.3481100000000001,1.4,2.2,1.4232200000000002,1.7313800000000001,2.4,1.0,1.97072,1.38908,237.04166666666666,238.79166666666666,0,0,4.0,1.0,3.0,3.0,6.0,6.0,0.8424842484248424,1.5445544554455446,1.6147614761476146,0.6318631863186318,4.0,0.0,0.25,2.75,,,,,0.0,
7180694e-2663-4b11-8aa2-e79fd42d8fa9,c1dcda44-cdc9-4c6d-acb1-d8cc8481390c,2026,33,33,2027-04-24T14:00:00+00:00,6601a105-9986-4276-89bf-143cdf03198a,ead1bc2e-8799-410a-a809-66a274bbab2c,AFC Bournemouth,Arsenal FC,78,78,76,76,1.0,1.0,6.0,1.2,1.0,1.0,1.22144,1.6790800000000001,15.0,3.0,1.6,0.2,1.95344,0.8856400000000001,17.0,1.7,1.6,1.1,1.6844899999999998,1.68106,24.0,2.4,1.6,0.5,2.1858899999999997,1.11822,1.8,1.2,1.8082799999999999,1.25184,1.2,0.6,1.8980799999999998,1.4419,238.0,235.79166666666666,0,0,15.0,2.0,0.5,3.0,1.0,6.0,1.1233123312331232,0.7722772277227723,1.1233123312331232,0.351035103510351,4.0,0.75,0.0,3.25,,,,,0.0,
224c1d50-76b1-4a24-9032-b51b9199f544,194c3866-0cc7-45f0-8b47-1d82f6bf1821,2026,33,33,2027-04-24T14:00:00+00:00,c23d6b7a-dfaf-44a3-b016-1feb2dddec44,f7968242-f357-4da3-84bc-b49a6f3af9fe,Tottenham Hotspur FC,Hull City AFC,78,2,76,0,1.0,0.0,4.0,0.8,0.6,1.6,1.4309999999999998,1.7245000000000001,6.0,3.0,1.5,0.0,1.4231500000000001,1.5643500000000001,11.0,1.1,0.8,1.5,1.35367,1.44519,6.0,3.0,1.5,0.0,1.4231500000000001,1.5643500000000001,0.8,1.6,1.48516,1.23394,1.0,0.0,1.35,1.35,237.89583333333334,238.0,0,0,19.0,3.0,0.0,3.0,0.0,6.0,0.5616561656165616,1.053105310531053,1.053105310531053,0.0,0.0,0.0,0.0,0.0,,,,,0.0,
971ecbcb-cc03-4a4f-a297-b706dbd3f18c,b2e1e935-9f2b-43d0-8ba7-c240c6f01dcb,2026,33,33,2027-04-24T14:00:00+00:00,48fc005c-cbfc-4e4d-b7f1-459dce6cf940,74bd08fa-27db-4bb0-8490-f57f6ed6b8e9,Manchester United FC,Crystal Palace FC,78,78,76,76,1.0,1.0,10.0,2.0,2.2,1.2,2.05574,1.3261,1.0,0.2,0.8,2.6,1.3675,2.04196,20.0,2.0,2.0,1.3,1.82306,1.49613,6.0,0.6,0.9,2.2,1.6875900000000001,1.7954899999999998,2.8,1.8,2.2811,1.69546,0.6,2.6,1.472,1.7400600000000002,236.9375,238.79166666666666,0,0,10.0,18.0,1.5,0.0,3.0,0.0,1.404140414041404,0.9126912691269127,0.6318631863186318,1.5445544554455446,4.0,0.5,0.25,2.0,,,,,0.0,
f07739bf-5920-40fe-8ac9-0d216d5592a1,4aa6067c-3a88-44ac-8450-1ef059e1a52d,2026,33,33,2027-04-24T14:00:00+00:00,60cb8be0-9c1e-4019-8b60-fd9ac2aa9f2d,db14882b-951f-4db5-860b-4ca2b8583311,Everton FC,Brighton & Hove Albion FC,78,78,76,76,1.0,1.0,5.0,1.0,1.2,1.4,1.29878,1.91182,6.0,1.2,2.0,1.6,2.1024800000000003,1.04346,10.0,1.0,1.6,1.6,1.37879,1.78095,16.0,1.6,2.0,1.4,2.054,1.19738,2.0,1.6,1.4764,1.53332,1.6,2.0,1.53252,1.5199200000000002,238.0,237.04166666666666,0,0,7.0,9.0,2.0,1.5,4.0,3.0,1.1233123312331232,1.1233123312331232,1.404140414041404,0.9828982898289828,4.0,0.5,0.25,2.0,,,,,0.0,
27d899d0-ffa6-4995-b73e-7407838a68ed,357c01dd-df25-4b48-954a-002cc2eeb905,2026,33,33,2027-04-24T14:00:00+00:00,5421e81a-b7dd-48b1-9982-42644e8dcf9f,076f94c9-341e-4294-a86a-076741505170,Nottingham Forest FC,Sunderland AFC,78,40,76,38,1.0,1.0,3.0,0.6,1.2,1.6,1.4747400000000002,1.8178,10.0,2.0,1.4,0.8,1.47598,1.14264,16.0,1.6,2.2,1.1,1.50631,1.54579,17.0,1.7,1.4,1.5,1.49207,1.5401900000000002,1.4,1.0,1.2945,1.08362,2.0,1.8,1.52238,2.00738,238.10416666666666,237.04166666666666,0,0,14.0,11.0,0.5,1.5,1.0,3.0,1.5445544554455446,0.7722772277227723,0.9828982898289828,1.053105310531053,2.0,0.5,0.0,3.0,,,,,0.0,
f5fa6426-d1f2-4d7f-bff1-1e635b4f874b,9276af54-957f-4b54-a3ab-9bfaff4972fc,2026,33,33,2027-04-24T14:00:00+00:00,c4045d6d-a715-4821-a800-cd9b505ad54b,67d3236c-6589-4978-b178-f6dcf50166d4,Newcastle United FC,Ipswich Town FC,78,40,76,38,1.0,1.0,8.0,1.6,1.6,1.2,1.39426,1.7264399999999998,3.0,0.6,1.0,2.4,1.18292,1.12082,11.0,1.1,1.4,1.4,1.51213,2.0315000000000003,5.0,0.5,1.0,2.5,0.98536,1.9058800000000002,2.0,1.6,1.94728,2.3986799999999997,1.2,2.8,1.11866,1.9940000000000002,237.89583333333334,236.9375,0,0,6.0,12.0,2.0,1.5,4.0,3.0,0.9828982898289828,0.9828982898289828,0.702070207020702,1.7551755175517552,2.0,1.0,0.0,3.5,,,,,0.0,
3513e0a0-e0a2-4c90-bbff-3eb385896fcd,050d3e02-ca27-4e56-b489-ae3bea9b50c4,2026,33,33,2027-04-24T14:00:00+00:00,f8f456e7-3e20-4803-ba4e-b1762a31812c,d95bc61c-17e5-44b5-bdb9-ec10e55d1aea,Aston Villa FC,Coventry City FC,78,2,76,0,1.0,0.0,7.0,1.4,1.6,2.0,1.669,1.99936,0.0,0.0,0.0,2.0,0.95415,1.6021,14.0,1.4,1.6,1.7,1.76112,1.55305,0.0,0.0,0.0,2.0,0.95415,1.6021,2.2,1.6,2.1744399999999997,1.2685600000000001,0.0,3.0,0.5583,1.8542,235.79166666666666,238.0,0,0,20.0,17.0,0.0,0.0,0.0,0.0,1.1233123312331232,1.1935193519351934,0.0,1.404140414041404,0.0,0.0,0.0,0.0,,,,,0.0,
7ea3b9ef-ae34-487c-b529-a4610e43538f,5c93756d-4a21-4152-b9f4-0b6a658f6048,2026,33,33,2027-04-24T14:00:00+00:00,66a313d1-2e21-49ad-a1c7-6f04cae6be69,b552a1a6-4302-43ca-884c-0f91ac4f984b,Brentford FC,Fulham FC,78,78,76,76,1.0,1.0,6.0,1.2,1.4,1.4,1.8135999999999999,2.25948,4.0,0.8,1.0,1.2,1.44466,1.3342800000000001,12.0,1.2,1.3,1.1,1.7546199999999998,1.66781,11.0,1.1,0.9,1.2,1.4856,1.79445,2.0,0.8,2.49188,1.1387800000000001,0.2,1.4,1.14834,2.25772,237.04166666666666,237.04166666666666,0,0,5.0,16.0,2.0,0.0,4.0,0.0,0.9126912691269127,0.7722772277227723,0.6318631863186318,0.8424842484248424,4.0,0.0,0.25,3.0,,,,,0.0,
ef8c55c0-250f-43ef-84f9-696d3741b5fa,6cd0b545-4498-40ef-93c2-faffc78406d8,2026,33,33,2027-04-24T14:00:00+00:00,fe8b4d06-9254-4fc8-a08f-90f242e51751,54ed0f97-ad19-421c-a5c2-9b9d3fcbc72d,Leeds United FC,Liverpool FC,40,78,38,76,1.0,1.0,8.0,1.6,0.8,1.0,1.2767,1.69218,4.0,0.8,1.6,2.0,1.9297799999999998,1.50558,19.0,1.9,1.4,0.9,1.66215,1.30455,13.0,1.3,1.8,1.7,1.6482800000000002,1.86113,1.6,0.4,1.6337199999999998,0.9775600000000001,1.8,2.4,1.6099599999999998,2.3167999999999997,237.04166666666666,238.10416666666666,0,0,8.0,13.0,2.0,1.0,4.0,2.0,0.9828982898289828,0.6318631863186318,1.2637263726372636,1.1935193519351934,2.0,0.0,1.0,3.0,,,,,0.0,
80dbbf88-5cb2-4b28-8fbe-4c69bdb94e76,71aa13be-9f3f-46fc-8cff-ae8ebb9188c2,2026,34,34,2027-05-01T14:00:00+00:00,54ed0f97-ad19-421c-a5c2-9b9d3fcbc72d,1cb320b2-b42f-4131-8f5f-ef42e7f82540,Liverpool FC,Chelsea FC,78,78,76,76,1.0,1.0,4.0,0.8,1.6,2.0,1.9297799999999998,1.50558,10.0,2.0,2.2,1.8,1.3089,1.57474,13.0,1.3,1.8,1.7,1.6482800000000002,1.86113,10.0,1.0,1.2,2.2,1.28673,1.6991399999999999,1.8,1.0,1.6865999999999999,1.4054600000000002,1.0,2.2,1.15024,1.6669,245.10416666666666,244.04166666666666,0,0,13.0,4.0,1.0,3.0,2.0,6.0,1.2637263726372636,1.1935193519351934,0.8424842484248424,1.5445544554455446,4.0,0.25,0.25,3.0,,,,,0.0,
cbb07d2e-cd37-4827-b4c2-5e49fec136e1,e8df9026-0b58-4249-ae66-967e8b822480,2026,34,34,2027-05-01T14:00:00+00:00,076f94c9-341e-4294-a86a-076741505170,c4045d6d-a715-4821-a800-cd9b505ad54b,Sunderland AFC,Newcastle United FC,40,78,38,76,1.0,1.0,10.0,2.0,1.4,0.8,1.47598,1.14264,8.0,1.6,1.6,1.2,1.39426,1.7264399999999998,17.0,1.7,1.4,1.5,1.49207,1.5401900000000002,11.0,1.1,1.4,1.4,1.51213,2.0315000000000003,0.8,1.2,1.4617600000000002,1.073,0.8,1.2,1.07698,1.66432,244.04166666666666,244.89583333333334,0,0,11.0,6.0,1.5,2.0,3.0,4.0,0.9828982898289828,1.053105310531053,0.9828982898289828,0.9828982898289828,2.0,1.0,0.0,2.0,,,,,0.0,
6ea298d8-0961-4c65-87c3-4a71ee29e7f6,0100fd14-6190-470e-a207-10cb87159daa,2026,34,34,2027-05-01T14:00:00+00:00,db14882b-951f-4db5-860b-4ca2b8583311,5421e81a-b7dd-48b1-9982-42644e8dcf9f,Brighton & Hove Albion FC,Nottingham Forest FC,78,78,76,76,1.0,1.0,6.0,1.2,2.0,1.6,2.1024800000000003,1.04346,3.0,0.6,1.2,1.6,1.4747400000000002,1.8178,16.0,1.6,2.0,1.4,2.054,1.19738,16.0,1.6,2.2,1.1,1.50631,1.54579,2.4,0.8,2.5754799999999998,0.8748400000000001,3.0,1.2,1.71812,2.0079599999999997,244.04166666666666,245.10416666666666,0,0,9.0,14.0,1.5,0.5,3.0,1.0,1.404140414041404,0.9828982898289828,1.5445544554455446,0.7722772277227723,4.0,0.5,0.25,4.0,,,,,0.0,
456a2f47-0ed0-40bc-a1a2-79cb881c53f4,f0f7f9f1-0ce5-4144-9350-dc8f90718630,2026,34,34,2027-05-01T14:00:00+00:00,d95bc61c-17e5-44b5-bdb9-ec10e55d1aea,48fc005c-cbfc-4e4d-b7f1-459dce6cf940,Coventry City FC,Manchester United FC,2,78,0,76,0.0,1.0,0.0,0.0,0.0,2.0,0.95415,1.6021,10.0,2.0,2.2,1.2,2.05574,1.3261,0.0,0.0,0.0,2.0,0.95415,1.6021,20.0,2.0,2.0,1.3,1.82306,1.49613,0.0,1.0,1.35,1.35,1.2,0.8,1.36502,1.2968,245.0,243.9375,0,0,17.0,10.0,0.0,1.5,0.0,3.0,0.0,1.404140414041404,1.404140414041404,0.9126912691269127,0.0,0.0,0.0,0.0,,,,,0.0,
b3ed1f2a-67d1-478d-902b-2dfdcfc0b4ef,64f8f0f3-80e3-48ee-9c09-c1d852a87897,2026,34,34,2027-05-01T14:00:00+00:00,f7968242-f357-4da3-84bc-b49a6f3af9fe,6601a105-9986-4276-89bf-143cdf03198a,Hull City AFC,AFC Bournemouth,2,78,0,76,0.0,1.0,6.0,3.0,1.5,0.0,1.4231500000000001,1.5643500000000001,6.0,1.2,1.0,1.0,1.22144,1.6790800000000001,6.0,3.0,1.5,0.0,1.4231500000000001,1.5643500000000001,17.0,1.7,1.6,1.1,1.6844899999999998,1.68106,2.0,0.0,1.4963,1.7787,1.4,1.0,1.5607,2.1102800000000004,245.0,245.0,0,0,3.0,15.0,3.0,0.5,6.0,1.0,1.053105310531053,0.0,1.1233123312331232,0.7722772277227723,0.0,0.0,0.0,0.0,,,,,0.0,
fc156878-d801-46d7-8c31-d816d660e639,a296ab5d-0224-42f7-be43-b185a4b3a46a,2026,34,34,2027-05-01T14:00:00+00:00,33d2f100-682f-4a5e-9aa3-5cc57e1e8571,66a313d1-2e21-49ad-a1c7-6f04cae6be69,Manchester City FC,Brentford FC,78,78,76,76,1.0,1.0,10.0,2.0,2.2,1.0,1.68626,1.3282,6.0,1.2,1.4,1.4,1.8135999999999999,2.25948,23.0,2.3,2.3,0.9,2.26553,1.3481100000000001,12.0,1.2,1.3,1.1,1.7546199999999998,1.66781,2.2,0.8,2.56034,1.30714,0.6,1.4,1.01736,2.19684,245.79166666666666,244.04166666666666,0,0,1.0,5.0,3.0,2.0,6.0,4.0,1.6147614761476146,0.6318631863186318,0.9126912691269127,0.7722772277227723,4.0,0.75,0.25,2.75,,,,,0.0,
dd4205e6-f905-4559-92c1-cc30c20578a0,acaa317b-d8cb-4731-aec7-f8c8dbac4284,2026,34,34,2027-05-01T14:00:00+00:00,b552a1a6-4302-43ca-884c-0f91ac4f984b,60cb8be0-9c1e-4019-8b60-fd9ac2aa9f2d,Fulham FC,Everton FC,78,78,76,76,1.0,1.0,4.0,0.8,1.0,1.2,1.44466,1.3342800000000001,5.0,1.0,1.2,1.4,1.29878,1.91182,11.0,1.1,0.9,1.2,1.4856,1.79445,10.0,1.0,1.6,1.6,1.37879,1.78095,1.6,1.0,1.82286,1.33118,1.2,1.6,1.28118,2.02858,244.04166666666666,245.0,0,0,16.0,7.0,0.0,2.0,0.0,4.0,0.6318631863186318,0.8424842484248424,1.1233123312331232,1.1233123312331232,4.0,0.0,0.25,2.75,,,,,0.0,
b18762c4-194e-4d9e-8d4e-b3f3235c56d1,4a97cfdb-68db-4a58-bb7a-e66ed8b01f0c,2026,34,34,2027-05-01T14:00:00+00:00,ead1bc2e-8799-410a-a809-66a274bbab2c,c23d6b7a-dfaf-44a3-b016-1feb2dddec44,Arsenal FC,Tottenham Hotspur FC,78,78,76,76,1.0,1.0,15.0,3.0,1.6,0.2,1.95344,0.8856400000000001,4.0,0.8,0.6,1.6,1.4309999999999998,1.7245000000000001,24.0,2.4,1.6,0.5,2.1858899999999997,1.11822,11.0,1.1,0.8,1.5,1.35367,1.44519,1.8,0.4,2.19494,0.74268,0.8,1.4,1.22218,1.65644,242.79166666666666,244.89583333333334,0,0,2.0,19.0,3.0,0.0,6.0,0.0,1.1233123312331232,0.351035103510351,0.5616561656165616,1.053105310531053,4.0,1.0,0.0,3.5,,,,,0.0,
04588c71-28bf-4c2d-9765-374d1b899e0b,4855d3dc-2da8-4825-a59d-4ee35b2cbee3,2026,34,34,2027-05-01T14:00:00+00:00,74bd08fa-27db-4bb0-8490-f57f6ed6b8e9,f8f456e7-3e20-4803-ba4e-b1762a31812c,Crystal Palace FC,Aston Villa FC,78,78,76,76,1.0,1.0,1.0,0.2,0.8,2.6,1.3675,2.04196,7.0,1.4,1.6,2.0,1.669,1.99936,6.0,0.6,0.9,2.2,1.6875900000000001,1.7954899999999998,14.0,1.4,1.6,1.7,1.76112,1.55305,1.2,1.8,1.90318,1.85092,1.0,1.8,1.3477999999999999,1.83754,245.79166666666666,242.79166666666666,0,0,18.0,20.0,0.0,0.0,0.0,0.0,0.6318631863186318,1.5445544554455446,1.1233123312331232,1.1935193519351934,4.0,0.5,0.5,3.0,,,,,0.0,
ebc86eb4-53c0-4e48-8c95-aab13fe4f054,12713f5a-c1d1-434a-a905-a8ded54a6497,2026,34,34,2027-05-01T14:00:00+00:00,67d3236c-6589-4978-b178-f6dcf50166d4,fe8b4d06-9254-4fc8-a08f-90f242e51751,Ipswich Town FC,Leeds United FC,40,40,38,38,1.0,1.0,3.0,0.6,1.0,2.4,1.18292,1.12082,8.0,1.6,0.8,1.0,1.2767,1.69218,5.0,0.5,1.0,2.5,0.98536,1.9058800000000002,19.0,1.9,1.4,0.9,1.66215,1.30455,0.8,2.2,0.85206,1.8177600000000003,1.2,1.4,1.69058,1.63154,243.9375,244.04166666666666,0,0,12.0,8.0,1.5,2.0,3.0,4.0,0.702070207020702,1.7551755175517552,0.9828982898289828,0.6318631863186318,0.0,0.0,0.0,0.0,,,,,0.0,
99b480ec-db29-40c1-adae-0480b8d87224,a20c116f-0a3b-4bdb-8121-03c634aa4207,2026,35,35,2027-05-08T14:00:00+00:00,60cb8be0-9c1e-4019-8b60-fd9ac2aa9f2d,f7968242-f357-4da3-84bc-b49a6f3af9fe,Everton FC,Hull City AFC,78,2,76,0,1.0,0.0,5.0,1.0,1.2,1.4,1.29878,1.91182,6.0,3.0,1.5,0.0,1.4231500000000001,1.5643500000000001,10.0,1.0,1.6,1.6,1.37879,1.78095,6.0,3.0,1.5,0.0,1.4231500000000001,1.5643500000000001,2.0,1.6,1.4764,1.53332,1.0,0.0,1.35,1.35,252.0,252.0,0,0,7.0,3.0,2.0,3.0,4.0,6.0,1.1233123312331232,1.1233123312331232,1.053105310531053,0.0,0.0,0.0,0.0,0.0,,,,,0.0,
1ace9666-9f17-4abc-9f88-44b1d1438a62,cd574ff8-2178-457e-8ab6-a20a31531a1f,2026,35,35,2027-05-08T14:00:00+00:00,33d2f100-682f-4a5e-9aa3-5cc57e1e8571,54ed0f97-ad19-421c-a5c2-9b9d3fcbc72d,Manchester City FC,Liverpool FC,78,78,76,76,1.0,1.0,10.0,2.0,2.2,1.0,1.68626,1.3282,4.0,0.8,1.6,2.0,1.9297799999999998,1.50558,23.0,2.3,2.3,0.9,2.26553,1.3481100000000001,13.0,1.3,1.8,1.7,1.6482800000000002,1.86113,2.2,0.8,2.56034,1.30714,1.8,2.4,1.6099599999999998,2.3167999999999997,252.79166666666666,252.10416666666666,0,0,1.0,13.0,3.0,1.0,6.0,2.0,1.6147614761476146,0.6318631863186318,1.2637263726372636,1.1935193519351934,4.0,0.5,0.0,2.5,,,,,0.0,
6d08701e-4c54-408c-80fc-373e5d1d772f,f0e30cfa-e121-4593-b51d-e631c454da32,2026,35,35,2027-05-08T14:00:00+00:00,fe8b4d06-9254-4fc8-a08f-90f242e51751,ead1bc2e-8799-410a-a809-66a274bbab2c,Leeds United FC,Arsenal FC,40,78,38,76,1.0,1.0,8.0,1.6,0.8,1.0,1.2767,1.69218,15.0,3.0,1.6,0.2,1.95344,0.8856400000000001,19.0,1.9,1.4,0.9,1.66215,1.30455,24.0,2.4,1.6,0.5,2.1858899999999997,1.11822,1.6,0.4,1.6337199999999998,0.9775600000000001,1.2,0.6,1.8980799999999998,1.4419,251.04166666666666,249.79166666666666,0,0,8.0,2.0,2.0,3.0,4.0,6.0,0.9828982898289828,0.6318631863186318,1.1233123312331232,0.351035103510351,2.0,0.0,0.0,4.5,,,,,0.0,
1ed83ad5-7679-4563-9fec-b921c6876223,accd3eab-f230-4920-8064-a10490c39855,2026,35,35,2027-05-08T14:00:00+00:00,b552a1a6-4302-43ca-884c-0f91ac4f984b,67d3236c-6589-4978-b178-f6dcf50166d4,Fulham FC,Ipswich Town FC,78,40,76,38,1.0,1.0,4.0,0.8,1.0,1.2,1.44466,1.3342800000000001,3.0,0.6,1.0,2.4,1.18292,1.12082,11.0,1.1,0.9,1.2,1.4856,1.79445,5.0,0.5,1.0,2.5,0.98536,1.9058800000000002,1.6,1.0,1.82286,1.33118,1.2,2.8,1.11866,1.9940000000000002,251.04166666666666,250.9375,0,0,16.0,12.0,0.0,1.5,0.0,3.0,0.6318631863186318,0.8424842484248424,0.702070207020702,1.7551755175517552,2.0,0.0,1.0,3.0,,,,,0.0,
dfdb6453-1678-4697-9915-1f660257eb82,c722d186-1ad5-44e8-8000-e1bde697af4f,2026,35,35,2027-05-08T14:00:00+00:00,5421e81a-b7dd-48b1-9982-42644e8dcf9f,74bd08fa-27db-4bb0-8490-f57f6ed6b8e9,Nottingham Forest FC,Crystal Palace FC,78,78,76,76,1.0,1.0,3.0,0.6,1.2,1.6,1.4747400000000002,1.8178,1.0,0.2,0.8,2.6,1.3675,2.04196,16.0,1.6,2.2,1.1,1.50631,1.54579,6.0,0.6,0.9,2.2,1.6875900000000001,1.7954899999999998,1.4,1.0,1.2945,1.08362,0.6,2.6,1.472,1.7400600000000002,252.10416666666666,252.79166666666666,0,0,14.0,18.0,0.5,0.0,1.0,0.0,1.5445544554455446,0.7722772277227723,0.6318631863186318,1.5445544554455446,4.0,0.25,0.75,1.75,,,,,0.0,
2df5821c-fb75-42ec-b0fb-e330a8febea9,4eaca538-9e73-498d-8e7c-9e62d07ed8c2,2026,35,35,2027-05-08T14:00:00+00:00,66a313d1-2e21-49ad-a1c7-6f04cae6be69,f8f456e7-3e20-4803-ba4e-b1762a31812c,Brentford FC,Aston Villa FC,78,78,76,76,1.0,1.0,6.0,1.2,1.4,1.4,1.8135999999999999,2.25948,7.0,1.4,1.6,2.0,1.669,1.99936,12.0,1.2,1.3,1.1,1.7546199999999998,1.66781,14.0,1.4,1.6,1.7,1.76112,1.55305,2.0,0.8,2.49188,1.1387800000000001,1.0,1.8,1.3477999999999999,1.83754,251.04166666666666,249.79166666666666,0,0,5.0,20.0,2.0,0.0,4.0,0.0,0.9126912691269127,0.7722772277227723,1.1233123312331232,1.1935193519351934,4.0,0.5,0.0,1.75,,,,,0.0,
905667c1-045b-464c-af70-12b395cb8c95,37b43fb7-b77a-4306-9220-82ff4795d870,2026,35,35,2027-05-08T14:00:00+00:00,c4045d6d-a715-4821-a800-cd9b505ad54b,d95bc61c-17e5-44b5-bdb9-ec10e55d1aea,Newcastle United FC,Coventry City FC,78,2,76,0,1.0,0.0,8.0,1.6,1.6,1.2,1.39426,1.7264399999999998,0.0,0.0,0.0,2.0,0.95415,1.6021,11.0,1.1,1.4,1.4,1.51213,2.0315000000000003,0.0,0.0,0.0,2.0,0.95415,1.6021,2.0,1.6,1.94728,2.3986799999999997,0.0,3.0,0.5583,1.8542,251.89583333333334,252.0,0,0,6.0,17.0,2.0,0.0,4.0,0.0,0.9828982898289828,0.9828982898289828,0.0,1.404140414041404,0.0,0.0,0.0,0.0,,,,,0.0,
56292329-8f74-4e6a-b6a9-e537ee17c313,e2680dd3-cc1e-4056-9974-52b76ae29ab4,2026,35,35,2027-05-08T14:00:00+00:00,c23d6b7a-dfaf-44a3-b016-1feb2dddec44,1cb320b2-b42f-4131-8f5f-ef42e7f82540,Tottenham Hotspur FC,Chelsea FC,78,78,76,76,1.0,1.0,4.0,0.8,0.6,1.6,1.4309999999999998,1.7245000000000001,10.0,2.0,2.2,1.8,1.3089,1.57474,11.0,1.1,0.8,1.5,1.35367,1.44519,10.0,1.0,1.2,2.2,1.28673,1.6991399999999999,0.8,1.6,1.48516,1.23394,1.0,2.2,1.15024,1.6669,251.89583333333334,251.04166666666666,0,0,19.0,4.0,0.0,3.0,0.0,6.0,0.5616561656165616,1.053105310531053,0.8424842484248424,1.5445544554455446,4.0,0.0,0.0,3.0,,,,,0.0,
ed844683-9207-4505-8fdd-5daa74d9d914,d9ac81ee-67a4-4f73-a710-d1d6ca66a317,2026,35,35,2027-05-08T14:00:00+00:00,6601a105-9986-4276-89bf-143cdf03198a,48fc005c-cbfc-4e4d-b7f1-459dce6cf940,AFC Bournemouth,Manchester United FC,78,78,76,76,1.0,1.0,6.0,1.2,1.0,1.0,1.22144,1.6790800000000001,10.0,2.0,2.2,1.2,2.05574,1.3261,17.0,1.7,1.6,1.1,1.6844899999999998,1.68106,20.0,2.0,2.0,1.3,1.82306,1.49613,1.8,1.2,1.8082799999999999,1.25184,1.2,0.8,1.36502,1.2968,252.0,250.9375,0,0,15.0,10.0,0.5,1.5,1.0,3.0,1.1233123312331232,0.7722772277227723,1.404140414041404,0.9126912691269127,4.0,0.25,0.75,4.25,,,,,0.0,
2f7202bd-7141-49f9-aee6-f3a7daa328ea,9e685aaa-95ee-4383-b491-114758e65da8,2026,35,35,2027-05-08T14:00:00+00:00,db14882b-951f-4db5-860b-4ca2b8583311,076f94c9-341e-4294-a86a-076741505170,Brighton & Hove Albion FC,Sunderland AFC,78,40,76,38,1.0,1.0,6.0,1.2,2.0,1.6,2.1024800000000003,1.04346,10.0,2.0,1.4,0.8,1.47598,1.14264,16.0,1.6,2.0,1.4,2.054,1.19738,17.0,1.7,1.4,1.5,1.49207,1.5401900000000002,2.4,0.8,2.5754799999999998,0.8748400000000001,2.0,1.8,1.52238,2.00738,251.04166666666666,251.04166666666666,0,0,9.0,11.0,1.5,1.5,3.0,3.0,1.404140414041404,0.9828982898289828,0.9828982898289828,1.053105310531053,2.0,0.5,0.5,0.5,,,,,0.0,
19bc8da7-ca9b-4e5f-85d5-8723ce51327c,0556a3f2-acb6-4efb-a50b-2a1778febddf,2026,36,36,2027-05-15T14:00:00+00:00,f7968242-f357-4da3-84bc-b49a6f3af9fe,b552a1a6-4302-43ca-884c-0f91ac4f984b,Hull City AFC,Fulham FC,2,78,0,76,0.0,1.0,6.0,3.0,1.5,0.0,1.4231500000000001,1.5643500000000001,4.0,0.8,1.0,1.2,1.44466,1.3342800000000001,6.0,3.0,1.5,0.0,1.4231500000000001,1.5643500000000001,11.0,1.1,0.9,1.2,1.4856,1.79445,2.0,0.0,1.4963,1.7787,0.2,1.4,1.14834,2.25772,259.0,258.0416666666667,0,0,3.0,16.0,3.0,0.0,6.0,0.0,1.053105310531053,0.0,0.6318631863186318,0.8424842484248424,0.0,0.0,0.0,0.0,,,,,0.0,
c36c4048-7191-48bc-be8e-13a3495c3435,1a3e012b-6d7f-419f-a807-81e55239616a,2026,36,36,2027-05-15T14:00:00+00:00,74bd08fa-27db-4bb0-8490-f57f6ed6b8e9,db14882b-951f-4db5-860b-4ca2b8583311,Crystal Palace FC,Brighton & Hove Albion FC,78,78,76,76,1.0,1.0,1.0,0.2,0.8,2.6,1.3675,2.04196,6.0,1.2,2.0,1.6,2.1024800000000003,1.04346,6.0,0.6,0.9,2.2,1.6875900000000001,1.7954899999999998,16.0,1.6,2.0,1.4,2.054,1.19738,1.2,1.8,1.90318,1.85092,1.6,2.0,1.53252,1.5199200000000002,259.7916666666667,258.0416666666667,0,0,18.0,9.0,0.0,1.5,0.0,3.0,0.6318631863186318,1.5445544554455446,1.404140414041404,0.9828982898289828,4.0,0.75,0.25,2.0,,,,,0.0,
e1908a4d-65c3-4a0e-808f-ab35f30c0508,c33e103b-cd46-4d06-8798-db02a9f40a4f,2026,36,36,2027-05-15T14:00:00+00:00,f8f456e7-3e20-4803-ba4e-b1762a31812c,c4045d6d-a715-4821-a800-cd9b505ad54b,Aston Villa FC,Newcastle United FC,78,78,76,76,1.0,1.0,7.0,1.4,1.6,2.0,1.669,1.99936,8.0,1.6,1.6,1.2,1.39426,1.7264399999999998,14.0,1.4,1.6,1.7,1.76112,1.55305,11.0,1.1,1.4,1.4,1.51213,2.0315000000000003,2.2,1.6,2.1744399999999997,1.2685600000000001,0.8,1.2,1.07698,1.66432,256.7916666666667,258.8958333333333,0,0,20.0,6.0,0.0,2.0,0.0,4.0,1.1233123312331232,1.1935193519351934,0.9828982898289828,0.9828982898289828,4.0,0.5,0.25,2.5,,,,,0.0,
08045b5a-489e-4641-bad0-a16ca3839730,26cd940b-84f7-4d5b-9a45-8c5d98d343b0,2026,36,36,2027-05-15T14:00:00+00:00,1cb320b2-b42f-4131-8f5f-ef42e7f82540,60cb8be0-9c1e-4019-8b60-fd9ac2aa9f2d,Chelsea FC,Everton FC,78,78,76,76,1.0,1.0,10.0,2.0,2.2,1.8,1.3089,1.57474,5.0,1.0,1.2,1.4,1.29878,1.91182,10.0,1.0,1.2,2.2,1.28673,1.6991399999999999,10.0,1.0,1.6,1.6,1.37879,1.78095,1.4,2.2,1.4232200000000002,1.7313800000000001,1.2,1.6,1.28118,2.02858,258.0416666666667,259.0,0,0,4.0,7.0,3.0,2.0,6.0,4.0,0.8424842484248424,1.5445544554455446,1.1233123312331232,1.1233123312331232,4.0,0.5,0.25,1.5,,,,,0.0,
4a70a08c-9b86-401b-a8d6-1ec3ab498bac,c87e751f-5cb4-4649-8f7c-4f9503838588,2026,36,36,2027-05-15T14:00:00+00:00,d95bc61c-17e5-44b5-bdb9-ec10e55d1aea,c23d6b7a-dfaf-44a3-b016-1feb2dddec44,Coventry City FC,Tottenham Hotspur FC,2,78,0,76,0.0,1.0,0.0,0.0,0.0,2.0,0.95415,1.6021,4.0,0.8,0.6,1.6,1.4309999999999998,1.7245000000000001,0.0,0.0,0.0,2.0,0.95415,1.6021,11.0,1.1,0.8,1.5,1.35367,1.44519,0.0,1.0,1.35,1.35,0.8,1.4,1.22218,1.65644,259.0,258.8958333333333,0,0,17.0,19.0,0.0,0.0,0.0,0.0,0.0,1.404140414041404,0.5616561656165616,1.053105310531053,0.0,0.0,0.0,0.0,,,,,0.0,
b4a80570-90c5-4411-8ad9-233a6dfe294d,6e948e96-adc1-4fae-81f7-e6b3e7e873b1,2026,36,36,2027-05-15T14:00:00+00:00,076f94c9-341e-4294-a86a-076741505170,6601a105-9986-4276-89bf-143cdf03198a,Sunderland AFC,AFC Bournemouth,40,78,38,76,1.0,1.0,10.0,2.0,1.4,0.8,1.47598,1.14264,6.0,1.2,1.0,1.0,1.22144,1.6790800000000001,17.0,1.7,1.4,1.5,1.49207,1.5401900000000002,17.0,1.7,1.6,1.1,1.6844899999999998,1.68106,0.8,1.2,1.4617600000000002,1.073,1.4,1.0,1.5607,2.1102800000000004,258.0416666666667,259.0,0,0,11.0,15.0,1.5,0.5,3.0,1.0,0.9828982898289828,1.053105310531053,1.1233123312331232,0.7722772277227723,2.0,0.5,0.5,3.5,,,,,0.0,
7624e462-f3f3-4ad3-bcf4-0dd8847cd8d1,b0208a34-e7f2-45c1-b9e2-7fe0602399a5,2026,36,36,2027-05-15T14:00:00+00:00,54ed0f97-ad19-421c-a5c2-9b9d3fcbc72d,66a313d1-2e21-49ad-a1c7-6f04cae6be69,Liverpool FC,Brentford FC,78,78,76,76,1.0,1.0,4.0,0.8,1.6,2.0,1.9297799999999998,1.50558,6.0,1.2,1.4,1.4,1.8135999999999999,2.25948,13.0,1.3,1.8,1.7,1.6482800000000002,1.86113,12.0,1.2,1.3,1.1,1.7546199999999998,1.66781,1.8,1.0,1.6865999999999999,1.4054600000000002,0.6,1.4,1.01736,2.19684,259.1041666666667,258.0416666666667,0,0,13.0,5.0,1.0,2.0,2.0,4.0,1.2637263726372636,1.1935193519351934,0.9126912691269127,0.7722772277227723,4.0,0.5,0.25,2.75,,,,,0.0,
f0317469-19d8-4950-876a-9dea0b168436,5c9ff25a-8f4d-4088-a7bc-f9143f1d72d1,2026,36,36,2027-05-15T14:00:00+00:00,67d3236c-6589-4978-b178-f6dcf50166d4,33d2f100-682f-4a5e-9aa3-5cc57e1e8571,Ipswich Town FC,Manchester City FC,40,78,38,76,1.0,1.0,3.0,0.6,1.0,2.4,1.18292,1.12082,10.0,2.0,2.2,1.0,1.68626,1.3282,5.0,0.5,1.0,2.5,0.98536,1.9058800000000002,23.0,2.3,2.3,0.9,2.26553,1.3481100000000001,0.8,2.2,0.85206,1.8177600000000003,2.4,1.0,1.97072,1.38908,257.9375,259.7916666666667,0,0,12.0,1.0,1.5,3.0,3.0,6.0,0.702070207020702,1.7551755175517552,1.6147614761476146,0.6318631863186318,2.0,0.0,0.0,5.5,,,,,0.0,
5931f120-e684-4661-bb0a-5b38e3d1bf11,f7b839d1-2682-4019-bd29-b224a74635c3,2026,36,36,2027-05-15T14:00:00+00:00,ead1bc2e-8799-410a-a809-66a274bbab2c,5421e81a-b7dd-48b1-9982-42644e8dcf9f,Arsenal FC,Nottingham Forest FC,78,78,76,76,1.0,1.0,15.0,3.0,1.6,0.2,1.95344,0.8856400000000001,3.0,0.6,1.2,1.6,1.4747400000000002,1.8178,24.0,2.4,1.6,0.5,2.1858899999999997,1.11822,16.0,1.6,2.2,1.1,1.50631,1.54579,1.8,0.4,2.19494,0.74268,3.0,1.2,1.71812,2.0079599999999997,256.7916666666667,259.1041666666667,0,0,2.0,14.0,3.0,0.5,6.0,1.0,1.1233123312331232,0.351035103510351,1.5445544554455446,0.7722772277227723,4.0,0.5,0.5,1.5,,,,,0.0,
8ad6e752-11b0-4754-8735-dfcb847ec04c,5719ef57-f81c-4aec-8487-1e3aea529bb9,2026,36,36,2027-05-15T14:00:00+00:00,48fc005c-cbfc-4e4d-b7f1-459dce6cf940,fe8b4d06-9254-4fc8-a08f-90f242e51751,Manchester United FC,Leeds United FC,78,40,76,38,1.0,1.0,10.0,2.0,2.2,1.2,2.05574,1.3261,8.0,1.6,0.8,1.0,1.2767,1.69218,20.0,2.0,2.0,1.3,1.82306,1.49613,19.0,1.9,1.4,0.9,1.66215,1.30455,2.8,1.8,2.2811,1.69546,1.2,1.4,1.69058,1.63154,257.9375,258.0416666666667,0,0,10.0,8.0,1.5,2.0,3.0,4.0,1.404140414041404,0.9126912691269127,0.9828982898289828,0.6318631863186318,2.0,0.0,0.5,2.5,,,,,0.0,
79b7f66c-f21a-4bf4-8b1f-55d95ba0adb5,c9764351-8a1b-46d9-a3ad-49a2c99b52c2,2026,37,37,2027-05-23T14:00:00+00:00,66a313d1-2e21-49ad-a1c7-6f04cae6be69,f7968242-f357-4da3-84bc-b49a6f3af9fe,Brentford FC,Hull City AFC,78,2,76,0,1.0,0.0,6.0,1.2,1.4,1.4,1.8135999999999999,2.25948,6.0,3.0,1.5,0.0,1.4231500000000001,1.5643500000000001,12.0,1.2,1.3,1.1,1.7546199999999998,1.66781,6.0,3.0,1.5,0.0,1.4231500000000001,1.5643500000000001,2.0,0.8,2.49188,1.1387800000000001,1.0,0.0,1.35,1.35,266.0416666666667,267.0,0,0,5.0,3.0,2.0,3.0,4.0,6.0,0.9126912691269127,0.7722772277227723,1.053105310531053,0.0,0.0,0.0,0.0,0.0,,,,,0.0,
4dde31db-ca51-476d-b4df-89f26c5d9889,5e83536c-b876-429f-9fa4-a6bd1170821f,2026,37,37,2027-05-23T14:00:00+00:00,c4045d6d-a715-4821-a800-cd9b505ad54b,74bd08fa-27db-4bb0-8490-f57f6ed6b8e9,Newcastle United FC,Crystal Palace FC,78,78,76,76,1.0,1.0,8.0,1.6,1.6,1.2,1.39426,1.7264399999999998,1.0,0.2,0.8,2.6,1.3675,2.04196,11.0,1.1,1.4,1.4,1.51213,2.0315000000000003,6.0,0.6,0.9,2.2,1.6875900000000001,1.7954899999999998,2.0,1.6,1.94728,2.3986799999999997,0.6,2.6,1.472,1.7400600000000002,266.8958333333333,267.7916666666667,0,0,6.0,18.0,2.0,0.0,4.0,0.0,0.9828982898289828,0.9828982898289828,0.6318631863186318,1.5445544554455446,4.0,0.5,0.25,3.0,,,,,0.0,
e9bf852a-01e8-4825-aae1-66ee38871466,2fc784ac-19e8-498d-a5a7-be94ee5e953b,2026,37,37,2027-05-23T14:00:00+00:00,c23d6b7a-dfaf-44a3-b016-1feb2dddec44,48fc005c-cbfc-4e4d-b7f1-459dce6cf940,Tottenham Hotspur FC,Manchester United FC,78,78,76,76,1.0,1.0,4.0,0.8,0.6,1.6,1.4309999999999998,1.7245000000000001,10.0,2.0,2.2,1.2,2.05574,1.3261,11.0,1.1,0.8,1.5,1.35367,1.44519,20.0,2.0,2.0,1.3,1.82306,1.49613,0.8,1.6,1.48516,1.23394,1.2,0.8,1.36502,1.2968,266.8958333333333,265.9375,0,0,19.0,10.0,0.0,1.5,0.0,3.0,0.5616561656165616,1.053105310531053,1.404140414041404,0.9126912691269127,4.0,0.5,0.25,2.5,,,,,0.0,
92d963fd-a9f0-483e-8709-96a12795955e,2d84db59-05b6-4734-8b6c-722ffe9375c9,2026,37,37,2027-05-23T14:00:00+00:00,fe8b4d06-9254-4fc8-a08f-90f242e51751,076f94c9-341e-4294-a86a-076741505170,Leeds United FC,Sunderland AFC,40,40,38,38,1.0,1.0,8.0,1.6,0.8,1.0,1.2767,1.69218,10.0,2.0,1.4,0.8,1.47598,1.14264,19.0,1.9,1.4,0.9,1.66215,1.30455,17.0,1.7,1.4,1.5,1.49207,1.5401900000000002,1.6,0.4,1.6337199999999998,0.9775600000000001,2.0,1.8,1.52238,2.00738,266.0416666666667,266.0416666666667,0,0,8.0,11.0,2.0,1.5,4.0,3.0,0.9828982898289828,0.6318631863186318,0.9828982898289828,1.053105310531053,2.0,0.0,0.5,1.5,,,,,0.0,
62e590e3-c944-4900-a02d-120c02a5fbd5,4c71418f-33f4-499e-a882-3c7b696aaf48,2026,37,37,2027-05-23T14:00:00+00:00,db14882b-951f-4db5-860b-4ca2b8583311,54ed0f97-ad19-421c-a5c2-9b9d3fcbc72d,Brighton & Hove Albion FC,Liverpool FC,78,78,76,76,1.0,1.0,6.0,1.2,2.0,1.6,2.1024800000000003,1.04346,4.0,0.8,1.6,2.0,1.9297799999999998,1.50558,16.0,1.6,2.0,1.4,2.054,1.19738,13.0,1.3,1.8,1.7,1.6482800000000002,1.86113,2.4,0.8,2.5754799999999998,0.8748400000000001,1.8,2.4,1.6099599999999998,2.3167999999999997,266.0416666666667,267.1041666666667,0,0,9.0,13.0,1.5,1.0,3.0,2.0,1.404140414041404,0.9828982898289828,1.2637263726372636,1.1935193519351934,4.0,0.5,0.0,3.25,,,,,0.0,
a9dfd3aa-781e-471f-95dd-a1308769f4cd,464c85e8-3078-4579-a1c4-43f56d2c01d3,2026,37,37,2027-05-23T14:00:00+00:00,5421e81a-b7dd-48b1-9982-42644e8dcf9f,67d3236c-6589-4978-b178-f6dcf50166d4,Nottingham Forest FC,Ipswich Town FC,78,40,76,38,1.0,1.0,3.0,0.6,1.2,1.6,1.4747400000000002,1.8178,3.0,0.6,1.0,2.4,1.18292,1.12082,16.0,1.6,2.2,1.1,1.50631,1.54579,5.0,0.5,1.0,2.5,0.98536,1.9058800000000002,1.4,1.0,1.2945,1.08362,1.2,2.8,1.11866,1.9940000000000002,267.1041666666667,265.9375,0,0,14.0,12.0,0.5,1.5,1.0,3.0,1.5445544554455446,0.7722772277227723,0.702070207020702,1.7551755175517552,2.0,1.0,0.0,3.5,,,,,0.0,
9ae72ad2-c228-424f-a87b-660426618014,93350aa7-7f72-441a-a645-ed7f8930a992,2026,37,37,2027-05-23T14:00:00+00:00,6601a105-9986-4276-89bf-143cdf03198a,1cb320b2-b42f-4131-8f5f-ef42e7f82540,AFC Bournemouth,Chelsea FC,78,78,76,76,1.0,1.0,6.0,1.2,1.0,1.0,1.22144,1.6790800000000001,10.0,2.0,2.2,1.8,1.3089,1.57474,17.0,1.7,1.6,1.1,1.6844899999999998,1.68106,10.0,1.0,1.2,2.2,1.28673,1.6991399999999999,1.8,1.2,1.8082799999999999,1.25184,1.0,2.2,1.15024,1.6669,267.0,266.0416666666667,0,0,15.0,4.0,0.5,3.0,1.0,6.0,1.1233123312331232,0.7722772277227723,0.8424842484248424,1.5445544554455446,4.0,0.0,0.75,2.25,,,,,0.0,
ee3d39a2-2341-4c97-ab4c-1dd6500a2a26,752bd50a-8020-48bd-b96f-66910c43db48,2026,37,37,2027-05-23T14:00:00+00:00,b552a1a6-4302-43ca-884c-0f91ac4f984b,d95bc61c-17e5-44b5-bdb9-ec10e55d1aea,Fulham FC,Coventry City FC,78,2,76,0,1.0,0.0,4.0,0.8,1.0,1.2,1.44466,1.3342800000000001,0.0,0.0,0.0,2.0,0.95415,1.6021,11.0,1.1,0.9,1.2,1.4856,1.79445,0.0,0.0,0.0,2.0,0.95415,1.6021,1.6,1.0,1.82286,1.33118,0.0,3.0,0.5583,1.8542,266.0416666666667,267.0,0,0,16.0,17.0,0.0,0.0,0.0,0.0,0.6318631863186318,0.8424842484248424,0.0,1.404140414041404,0.0,0.0,0.0,0.0,,,,,0.0,
fcf9d6f3-aab2-43c2-b5f4-5c87f14b79d8,b55e7fe6-821b-426d-a425-6b3c417dbb71,2026,37,37,2027-05-23T14:00:00+00:00,60cb8be0-9c1e-4019-8b60-fd9ac2aa9f2d,ead1bc2e-8799-410a-a809-66a274bbab2c,Everton FC,Arsenal FC,78,78,76,76,1.0,1.0,5.0,1.0,1.2,1.4,1.29878,1.91182,15.0,3.0,1.6,0.2,1.95344,0.8856400000000001,10.0,1.0,1.6,1.6,1.37879,1.78095,24.0,2.4,1.6,0.5,2.1858899999999997,1.11822,2.0,1.6,1.4764,1.53332,1.2,0.6,1.8980799999999998,1.4419,267.0,264.7916666666667,0,0,7.0,2.0,2.0,3.0,4.0,6.0,1.1233123312331232,1.1233123312331232,1.1233123312331232,0.351035103510351,4.0,0.0,0.5,1.25,,,,,0.0,
9d7ebda3-4cb3-493d-920f-3c0616690568,a609fc7f-33ac-41a5-b2ee-32c89c2fef5c,2026,37,37,2027-05-23T14:00:00+00:00,33d2f100-682f-4a5e-9aa3-5cc57e1e8571,f8f456e7-3e20-4803-ba4e-b1762a31812c,Manchester City FC,Aston Villa FC,78,78,76,76,1.0,1.0,10.0,2.0,2.2,1.0,1.68626,1.3282,7.0,1.4,1.6,2.0,1.669,1.99936,23.0,2.3,2.3,0.9,2.26553,1.3481100000000001,14.0,1.4,1.6,1.7,1.76112,1.55305,2.2,0.8,2.56034,1.30714,1.0,1.8,1.3477999999999999,1.83754,267.7916666666667,264.7916666666667,0,0,1.0,20.0,3.0,0.0,6.0,0.0,1.6147614761476146,0.6318631863186318,1.1233123312331232,1.1935193519351934,4.0,0.25,0.0,2.5,,,,,0.0,
43874066-0cd1-41e6-87f2-0a2db8b64c44,07b37987-89ed-426f-9181-0dcfbde0ac92,2026,38,38,2027-05-30T15:00:00+00:00,67d3236c-6589-4978-b178-f6dcf50166d4,60cb8be0-9c1e-4019-8b60-fd9ac2aa9f2d,Ipswich Town FC,Everton FC,40,78,38,76,1.0,1.0,3.0,0.6,1.0,2.4,1.18292,1.12082,5.0,1.0,1.2,1.4,1.29878,1.91182,5.0,0.5,1.0,2.5,0.98536,1.9058800000000002,10.0,1.0,1.6,1.6,1.37879,1.78095,0.8,2.2,0.85206,1.8177600000000003,1.2,1.6,1.28118,2.02858,272.9791666666667,274.0416666666667,0,0,12.0,7.0,1.5,2.0,3.0,4.0,0.702070207020702,1.7551755175517552,1.1233123312331232,1.1233123312331232,2.0,0.0,0.5,3.0,,,,,0.0,
d19fb298-7a0f-4ab2-b3b8-18d523a136cd,4475535e-25d8-44b4-80e6-a29d9a74fb42,2026,38,38,2027-05-30T15:00:00+00:00,ead1bc2e-8799-410a-a809-66a274bbab2c,db14882b-951f-4db5-860b-4ca2b8583311,Arsenal FC,Brighton & Hove Albion FC,78,78,76,76,1.0,1.0,15.0,3.0,1.6,0.2,1.95344,0.8856400000000001,6.0,1.2,2.0,1.6,2.1024800000000003,1.04346,24.0,2.4,1.6,0.5,2.1858899999999997,1.11822,16.0,1.6,2.0,1.4,2.054,1.19738,1.8,0.4,2.19494,0.74268,1.6,2.0,1.53252,1.5199200000000002,271.8333333333333,273.0833333333333,0,0,2.0,9.0,3.0,1.5,6.0,3.0,1.1233123312331232,0.351035103510351,1.404140414041404,0.9828982898289828,4.0,0.5,0.5,2.0,,,,,0.0,
6cef0ff1-c097-4b32-aeab-221289879df7,380f297f-877e-497e-89e3-2bffe722c866,2026,38,38,2027-05-30T15:00:00+00:00,54ed0f97-ad19-421c-a5c2-9b9d3fcbc72d,6601a105-9986-4276-89bf-143cdf03198a,Liverpool FC,AFC Bournemouth,78,78,76,76,1.0,1.0,4.0,0.8,1.6,2.0,1.9297799999999998,1.50558,6.0,1.2,1.0,1.0,1.22144,1.6790800000000001,13.0,1.3,1.8,1.7,1.6482800000000002,1.86113,17.0,1.7,1.6,1.1,1.6844899999999998,1.68106,1.8,1.0,1.6865999999999999,1.4054600000000002,1.4,1.0,1.5607,2.1102800000000004,274.1458333333333,274.0416666666667,0,0,13.0,15.0,1.0,0.5,2.0,1.0,1.2637263726372636,1.1935193519351934,1.1233123312331232,0.7722772277227723,4.0,0.75,0.0,4.0,,,,,0.0,
82003b1e-af09-4a34-b096-0648a92d8590,22f6923d-85bf-4901-a142-7805e6f36400,2026,38,38,2027-05-30T15:00:00+00:00,d95bc61c-17e5-44b5-bdb9-ec10e55d1aea,5421e81a-b7dd-48b1-9982-42644e8dcf9f,Coventry City FC,Nottingham Forest FC,2,78,0,76,0.0,1.0,0.0,0.0,0.0,2.0,0.95415,1.6021,3.0,0.6,1.2,1.6,1.4747400000000002,1.8178,0.0,0.0,0.0,2.0,0.95415,1.6021,16.0,1.6,2.2,1.1,1.50631,1.54579,0.0,1.0,1.35,1.35,3.0,1.2,1.71812,2.0079599999999997,274.0416666666667,274.1458333333333,0,0,17.0,14.0,0.0,0.5,0.0,1.0,0.0,1.404140414041404,1.5445544554455446,0.7722772277227723,0.0,0.0,0.0,0.0,,,,,0.0,
77fc46a5-d944-4269-a4cd-803cceeb0df5,df9e659d-2b5b-4365-9a61-ad36d6a532e6,2026,38,38,2027-05-30T15:00:00+00:00,f8f456e7-3e20-4803-ba4e-b1762a31812c,c23d6b7a-dfaf-44a3-b016-1feb2dddec44,Aston Villa FC,Tottenham Hotspur FC,78,78,76,76,1.0,1.0,7.0,1.4,1.6,2.0,1.669,1.99936,4.0,0.8,0.6,1.6,1.4309999999999998,1.7245000000000001,14.0,1.4,1.6,1.7,1.76112,1.55305,11.0,1.1,0.8,1.5,1.35367,1.44519,2.2,1.6,2.1744399999999997,1.2685600000000001,0.8,1.4,1.22218,1.65644,271.8333333333333,273.9375,0,0,20.0,19.0,0.0,0.0,0.0,0.0,1.1233123312331232,1.1935193519351934,0.5616561656165616,1.053105310531053,4.0,0.5,0.0,3.25,,,,,0.0,
b032f512-cd9d-4972-8337-b4142f2533dc,321f3d19-2bb2-4f31-a1d3-a33c4ea7b9f8,2026,38,38,2027-05-30T15:00:00+00:00,f7968242-f357-4da3-84bc-b49a6f3af9fe,c4045d6d-a715-4821-a800-cd9b505ad54b,Hull City AFC,Newcastle United FC,2,78,0,76,0.0,1.0,6.0,3.0,1.5,0.0,1.4231500000000001,1.5643500000000001,8.0,1.6,1.6,1.2,1.39426,1.7264399999999998,6.0,3.0,1.5,0.0,1.4231500000000001,1.5643500000000001,11.0,1.1,1.4,1.4,1.51213,2.0315000000000003,2.0,0.0,1.4963,1.7787,0.8,1.2,1.07698,1.66432,274.0416666666667,273.9375,0,0,3.0,6.0,3.0,2.0,6.0,4.0,1.053105310531053,0.0,0.9828982898289828,0.9828982898289828,0.0,0.0,0.0,0.0,,,,,0.0,
d63c64e7-b24d-4f7c-b3df-9caee8de92c6,f0b66a85-f4f1-4c91-bfe4-32090faa839f,2026,38,38,2027-05-30T15:00:00+00:00,48fc005c-cbfc-4e4d-b7f1-459dce6cf940,b552a1a6-4302-43ca-884c-0f91ac4f984b,Manchester United FC,Fulham FC,78,78,76,76,1.0,1.0,10.0,2.0,2.2,1.2,2.05574,1.3261,4.0,0.8,1.0,1.2,1.44466,1.3342800000000001,20.0,2.0,2.0,1.3,1.82306,1.49613,11.0,1.1,0.9,1.2,1.4856,1.79445,2.8,1.8,2.2811,1.69546,0.2,1.4,1.14834,2.25772,272.9791666666667,273.0833333333333,0,0,10.0,16.0,1.5,0.0,3.0,0.0,1.404140414041404,0.9126912691269127,0.6318631863186318,0.8424842484248424,4.0,0.75,0.25,2.25,,,,,0.0,
d8bba570-880c-4bc8-a649-8d1aa92d9e52,24521be3-c2bb-453b-805c-9201cabe8b7b,2026,38,38,2027-05-30T15:00:00+00:00,076f94c9-341e-4294-a86a-076741505170,33d2f100-682f-4a5e-9aa3-5cc57e1e8571,Sunderland AFC,Manchester City FC,40,78,38,76,1.0,1.0,10.0,2.0,1.4,0.8,1.47598,1.14264,10.0,2.0,2.2,1.0,1.68626,1.3282,17.0,1.7,1.4,1.5,1.49207,1.5401900000000002,23.0,2.3,2.3,0.9,2.26553,1.3481100000000001,0.8,1.2,1.4617600000000002,1.073,2.4,1.0,1.97072,1.38908,273.0833333333333,274.8333333333333,0,0,11.0,1.0,1.5,3.0,3.0,6.0,0.9828982898289828,1.053105310531053,1.6147614761476146,0.6318631863186318,2.0,0.0,0.5,1.5,,,,,0.0,
85a06876-9e57-482c-a1cf-cc8e903fcf13,45f4f230-61d3-44fa-9135-dd6ebfbdf9dd,2026,38,38,2027-05-30T15:00:00+00:00,1cb320b2-b42f-4131-8f5f-ef42e7f82540,66a313d1-2e21-49ad-a1c7-6f04cae6be69,Chelsea FC,Brentford FC,78,78,76,76,1.0,1.0,10.0,2.0,2.2,1.8,1.3089,1.57474,6.0,1.2,1.4,1.4,1.8135999999999999,2.25948,10.0,1.0,1.2,2.2,1.28673,1.6991399999999999,12.0,1.2,1.3,1.1,1.7546199999999998,1.66781,1.4,2.2,1.4232200000000002,1.7313800000000001,0.6,1.4,1.01736,2.19684,273.0833333333333,273.0833333333333,0,0,4.0,5.0,3.0,2.0,6.0,4.0,0.8424842484248424,1.5445544554455446,0.9126912691269127,0.7722772277227723,4.0,0.5,0.5,2.25,,,,,0.0,
88667ebe-e7fd-4a31-bd35-f75afb4fef08,b7068058-b9bb-48dc-b138-bdc4d7f7c936,2026,38,38,2027-05-30T15:00:00+00:00,74bd08fa-27db-4bb0-8490-f57f6ed6b8e9,fe8b4d06-9254-4fc8-a08f-90f242e51751,Crystal Palace FC,Leeds United FC,78,40,76,38,1.0,1.0,1.0,0.2,0.8,2.6,1.3675,2.04196,8.0,1.6,0.8,1.0,1.2767,1.69218,6.0,0.6,0.9,2.2,1.6875900000000001,1.7954899999999998,19.0,1.9,1.4,0.9,1.66215,1.30455,1.2,1.8,1.90318,1.85092,1.2,1.4,1.69058,1.63154,274.8333333333333,273.0833333333333,0,0,18.0,8.0,0.0,2.0,0.0,4.0,0.6318631863186318,1.5445544554455446,0.9828982898289828,0.6318631863186318,2.0,0.0,0.5,2.5,,,,,0.0,
