match_id,raw_match_id,season_start_year,matchday,gameweek,kickoff_at,home_team_id,away_team_id,home_team,away_team,home_matches_played_before,away_matches_played_before,home_previous_season_matches,away_previous_season_matches,home_has_prior_pl_history,away_has_prior_pl_history,home_points_last_5,home_points_per_game_last_5,home_goals_for_avg_last_5,home_goals_against_avg_last_5,home_xg_for_avg_last_5,home_xg_against_avg_last_5,away_points_last_5,away_points_per_game_last_5,away_goals_for_avg_last_5,away_goals_against_avg_last_5,away_xg_for_avg_last_5,away_xg_against_avg_last_5,home_points_last_10,home_points_per_game_last_10,home_goals_for_avg_last_10,home_goals_against_avg_last_10,home_xg_for_avg_last_10,home_xg_against_avg_last_10,away_points_last_10,away_points_per_game_last_10,away_goals_for_avg_last_10,away_goals_against_avg_last_10,away_xg_for_avg_last_10,away_xg_against_avg_last_10,home_goals_for_avg_home_last_5,home_goals_against_avg_home_last_5,home_xg_for_avg_home_last_5,home_xg_against_avg_home_last_5,away_goals_for_avg_away_last_5,away_goals_against_avg_away_last_5,away_xg_for_avg_away_last_5,away_xg_against_avg_away_last_5,home_rest_days,away_rest_days,home_matches_last_14_days,away_matches_last_14_days,home_table_position,away_table_position,home_points_per_game,away_points_per_game,home_total_points_before,away_total_points_before,home_attack_strength,home_defence_strength,away_attack_strength,away_defence_strength,h2h_matches,h2h_home_team_win_rate,h2h_draw_rate,h2h_avg_total_goals,home_goals,away_goals,home_xg,away_xg,is_completed,outcome
f3bb1868-4778-49db-a0c4-5c6119b4ec33,93c3ba23-3edf-4022-893f-e3bce3e5f6e4,2025,1,1,2025-08-15T19:00:00+00:00,54ed0f97-ad19-421c-a5c2-9b9d3fcbc72d,6601a105-9986-4276-89bf-143cdf03198a,Liverpool FC,AFC Bournemouth,38,38,38,38,1.0,1.0,5.0,1.0,2.2,2.0,2.33414,1.9625,7.0,1.4,1.2,1.2,1.3474,1.3687,17.0,1.7,2.0,1.5,2.53204,1.4573,12.0,1.2,1.1,1.2,1.5231,1.21769,2.2,1.0,1.9810400000000001,1.28086,1.4,1.6,1.4436,1.24974,82.16666666666667,82.16666666666667,0,0,0.0,0.0,0.0,0.0,0.0,0.0,1.3632286995515694,1.0224215246636772,0.7497757847533633,0.8179372197309417,2.0,1.0,0.0,2.5,4,2,2.3301,1.573,1.0,H
75167322-3b6c-41e1-8471-0563242d6f90,b740c732-8f70-443a-b74f-e1c6eed1a454,2025,1,1,2025-08-16T11:30:00+00:00,f8f456e7-3e20-4803-ba4e-b1762a31812c,c4045d6d-a715-4821-a800-cd9b505ad54b,Aston Villa FC,Newcastle United FC,38,38,38,38,1.0,1.0,9.0,1.8,1.0,0.8,1.25976,1.31468,7.0,1.4,1.2,0.6,2.1657800000000003,0.73878,24.0,2.4,1.8,0.6,1.74889,1.04209,19.0,1.9,2.1,0.9,2.27754,1.17963,2.2,0.6,2.2724,1.1279,1.2,1.2,2.04536,1.21596,82.85416666666667,82.85416666666667,0,0,0.0,0.0,0.0,0.0,0.0,0.0,1.223550401427297,0.407850133809099,1.4274754683318467,0.6117752007136485,2.0,0.5,0.0,4.0,0,0,0.3186,1.401,1.0,D
37b6e477-d0c8-4a85-afd3-015181d694b2,943b3e79-6887-43a4-b904-80d12632a83f,2025,1,1,2025-08-16T14:00:00+00:00,db14882b-951f-4db5-860b-4ca2b8583311,b552a1a6-4302-43ca-884c-0f91ac4f984b,Brighton & Hove Albion FC,Fulham FC,38,38,38,38,1.0,1.0,13.0,2.6,2.6,1.2,1.7377600000000002,1.70616,6.0,1.2,1.2,1.8,1.5485,1.68828,15.0,1.5,2.0,1.9,1.7569200000000003,1.7147999999999999,12.0,1.2,1.3,1.6,1.333,1.6167799999999999,1.8,2.0,1.6831800000000001,1.82714,1.2,1.4,1.36598,1.7631599999999998,82.95833333333333,82.95833333333333,0,0,0.0,0.0,0.0,0.0,0.0,0.0,1.3630686886708296,1.2949152542372881,0.8859946476360393,1.0904549509366637,2.0,0.5,0.0,3.5,1,1,1.4401,0.9029,1.0,D
fc1944f1-e50e-4224-800d-6454f4fa81c1,a65d12c5-6a14-4256-a365-c44d06424b70,2025,1,1,2025-08-16T14:00:00+00:00,076f94c9-341e-4294-a86a-076741505170,21ec0474-e758-4563-97a9-912aab00b4f5,Sunderland AFC,West Ham United FC,0,38,0,38,0.0,1.0,0.0,0.0,0.0,0.0,0.0,0.0,7.0,1.4,1.8,1.4,1.27416,1.49898,0.0,0.0,0.0,0.0,0.0,0.0,10.0,1.0,1.4,1.4,1.19754,1.4088100000000001,0.0,0.0,0.0,0.0,1.6,1.4,1.51304,1.40658,7.0,82.95833333333333,0,0,0.0,0.0,0.0,0.0,0.0,0.0,0.9208370436331257,0.9208370436331257,0.9549421193232412,0.9549421193232412,0.0,0.0,0.0,0.0,3,0,0.7244,0.5589,1.0,H
120ea4b5-0c0a-4854-9152-080424cfa230,db4342ca-6004-4900-a8f1-ca51ada350c8,2025,1,1,2025-08-16T14:00:00+00:00,c23d6b7a-dfaf-44a3-b016-1feb2dddec44,2d3435a0-e4e8-4097-a60c-2a0f92c3fede,Tottenham Hotspur FC,Burnley FC,38,0,38,0,1.0,0.0,1.0,0.2,0.6,2.8,0.90846,2.491,0.0,0.0,0.0,0.0,0.0,0.0,4.0,0.4,0.9,2.4,1.4033000000000002,1.8367,0.0,0.0,0.0,0.0,0.0,0.0,1.4,2.2,1.81208,2.1330400000000003,0.0,0.0,0.0,0.0,82.95833333333333,7.0,0,0,0.0,0.0,0.0,0.0,0.0,0.0,0.613854351687389,1.6369449378330374,0.9207815275310836,0.9207815275310836,0.0,0.0,0.0,0.0,3,0,1.9786,0.7341,1.0,H
5ad00edb-84c5-4df6-926d-1a015acc84c8,a89c1c0a-7c6c-4652-ac20-b2849f50ef1b,2025,1,1,2025-08-16T16:30:00+00:00,fbffa344-2426-4b4b-9886-b8cd56ec69a1,33d2f100-682f-4a5e-9aa3-5cc57e1e8571,Wolverhampton Wanderers FC,Manchester City FC,38,38,38,38,1.0,1.0,4.0,0.8,1.2,1.6,1.2942,1.39566,13.0,2.6,1.6,0.4,1.57268,1.15972,19.0,1.9,1.6,1.2,1.3342500000000002,1.3632,24.0,2.4,1.9,0.6,1.91265,1.14026,1.8,1.0,1.5506,1.55876,0.8,0.2,1.4665599999999999,0.9813000000000001,83.0625,83.0625,0,0,0.0,0.0,0.0,0.0,0.0,0.0,1.091231178033658,0.8184233835252435,1.2958370239149688,0.40921169176262173,2.0,0.0,0.0,2.0,0,4,0.5194,2.299,1.0,A
fd114dc4-c410-454b-b1d2-d1a7add97f8b,d42b61ca-130b-4e7c-a264-b2f8049f7289,2025,1,1,2025-08-17T13:00:00+00:00,5421e81a-b7dd-48b1-9982-42644e8dcf9f,66a313d1-2e21-49ad-a1c7-6f04cae6be69,Nottingham Forest FC,Brentford FC,38,38,38,38,1.0,1.0,5.0,1.0,1.0,1.4,1.36084,1.44992,10.0,2.0,2.0,1.4,2.1662399999999997,1.0496599999999998,14.0,1.4,1.3,1.3,1.05728,1.59336,18.0,1.8,1.8,1.3,1.88714,1.3028,0.6,1.2,0.99116,1.4372,1.2,0.8,1.38678,1.10602,83.91666666666667,83.91666666666667,0,0,0.0,0.0,0.0,0.0,0.0,0.0,0.8857899382171226,0.8857899382171226,1.226478375992939,0.8857899382171226,2.0,0.5,0.0,2.0,3,1,1.7555,1.3252,1.0,H
2b65058e-8934-4c15-88e3-ad08b2a6900a,f42cc2d0-1e5c-44af-90c4-f751c9a26e5d,2025,1,1,2025-08-17T13:00:00+00:00,1cb320b2-b42f-4131-8f5f-ef42e7f82540,74bd08fa-27db-4bb0-8490-f57f6ed6b8e9,Chelsea FC,Crystal Palace FC,38,38,38,38,1.0,1.0,12.0,2.4,1.2,0.6,1.5077,1.1863,9.0,1.8,2.0,1.2,2.386,1.34304,20.0,2.0,1.1,0.7,1.42665,1.13002,14.0,1.4,1.5,1.8,1.7363199999999999,1.62656,1.6,0.6,1.9590800000000002,1.13736,1.4,2.6,2.32374,2.31524,83.91666666666667,83.91666666666667,0,0,0.0,0.0,0.0,0.0,0.0,0.0,0.7488126649076517,0.47651715039577835,1.0211081794195251,1.2253298153034302,2.0,0.0,1.0,2.0,0,0,1.3679,1.0341,1.0,D
a8982215-74f8-4f42-85bd-f4cf0d919817,cd096c37-accd-4a6a-90e8-8acd3952d32b,2025,1,1,2025-08-17T15:30:00+00:00,48fc005c-cbfc-4e4d-b7f1-459dce6cf940,ead1bc2e-8799-410a-a809-66a274bbab2c,Manchester United FC,Arsenal FC,38,38,38,38,1.0,1.0,4.0,0.8,1.2,1.6,1.7315,1.59764,8.0,1.6,1.6,1.4,1.9462,1.90284,8.0,0.8,1.0,1.4,1.48228,1.33189,19.0,1.9,1.7,1.0,1.7712700000000001,1.3252599999999999,0.6,0.8,1.7919,1.04016,2.0,1.0,2.12836,1.21554,84.02083333333333,84.02083333333333,0,0,0.0,0.0,0.0,0.0,0.0,0.0,0.6824978012313105,0.9554969217238346,1.160246262093228,0.6824978012313105,2.0,0.0,0.5,2.0,0,1,1.3765,1.3304,1.0,A
25f27865-00a4-4c94-94cb-666ceaab441f,af9a2d7c-7c3d-48bc-8d20-e331b3de1f18,2025,1,1,2025-08-18T19:00:00+00:00,fe8b4d06-9254-4fc8-a08f-90f242e51751,60cb8be0-9c1e-4019-8b60-fd9ac2aa9f2d,Leeds United FC,Everton FC,0,38,0,38,0.0,1.0,0.0,0.0,0.0,0.0,0.0,0.0,10.0,2.0,1.6,0.8,1.3604,1.0659800000000001,0.0,0.0,0.0,0.0,0.0,0.0,15.0,1.5,1.1,0.9,1.21201,1.085,0.0,0.0,0.0,0.0,1.0,0.6,1.07982,0.97144,7.0,85.16666666666667,0,0,0.0,0.0,0.0,0.0,0.0,0.0,0.9229349736379615,0.9229349736379615,0.7520210896309316,0.6152899824253076,0.0,0.0,0.0,0.0,1,0,2.3812,0.6743,1.0,H
3f22d77d-c5cb-4a5f-ae49-cdd3730bee59,74fd6b67-2eec-4e99-84a5-a93dcdfd7db5,2025,2,2,2025-08-22T19:00:00+00:00,21ec0474-e758-4563-97a9-912aab00b4f5,1cb320b2-b42f-4131-8f5f-ef42e7f82540,West Ham United FC,Chelsea FC,39,39,38,38,1.0,1.0,7.0,1.4,1.4,1.4,1.13768,1.385,10.0,2.0,1.0,0.6,1.6276199999999998,1.20976,9.0,0.9,1.3,1.6,1.20183,1.36235,21.0,2.1,1.1,0.6,1.53484,1.1638600000000001,1.0,1.4,0.9436399999999999,1.4992,0.6,0.8,0.89422,1.12268,6.208333333333333,5.25,1,1,18.0,10.0,0.0,1.0,0.0,1.0,0.8902546093064092,1.0956979806848113,0.7532923617208078,0.4108867427568042,2.0,0.0,0.0,3.0,1,5,0.9786,3.95,1.0,A
5fe9279c-0db1-48bd-8772-f4800827d33c,2277fc66-dc83-4504-9562-e8b563386272,2025,2,2,2025-08-23T11:30:00+00:00,33d2f100-682f-4a5e-9aa3-5cc57e1e8571,c23d6b7a-dfaf-44a3-b016-1feb2dddec44,Manchester City FC,Tottenham Hotspur FC,39,39,38,38,1.0,1.0,13.0,2.6,2.0,0.2,1.7600200000000001,0.89178,4.0,0.8,1.0,1.8,1.20162,2.1356200000000003,26.0,2.6,2.1,0.4,1.93991,0.9810800000000001,7.0,0.7,1.2,2.2,1.46029,1.8061399999999999,2.6,0.8,2.0977,0.97728,0.8,2.6,0.9828800000000001,1.7774999999999999,6.791666666666667,6.895833333333333,1,1,2.0,4.0,3.0,3.0,3.0,3.0,1.434235807860262,0.2731877729257642,0.8195633187772925,1.502532751091703,2.0,0.5,0.0,2.5,0,2,1.2475,1.2802,1.0,A
bfcdfc27-1754-4153-bccc-ae51dac8a8f8,64879825-5623-411f-9c47-5b38a35b4a4e,2025,2,2,2025-08-23T14:00:00+00:00,6601a105-9986-4276-89bf-143cdf03198a,fbffa344-2426-4b4b-9886-b8cd56ec69a1,AFC Bournemouth,Wolverhampton Wanderers FC,39,39,38,38,1.0,1.0,6.0,1.2,1.4,1.8,1.5399999999999998,1.4526400000000002,1.0,0.2,0.6,2.4,0.8827400000000001,1.6455000000000002,12.0,1.2,1.2,1.4,1.47769,1.29038,16.0,1.6,1.4,1.5,1.3321200000000002,1.46489,1.0,0.8,1.6422599999999998,1.1351,1.4,1.4,1.1179000000000001,1.16764,7.791666666666667,6.895833333333333,1,1,16.0,19.0,0.0,0.0,0.0,0.0,0.8202266782911944,0.9569311246730601,0.9569311246730601,1.025283347863993,2.0,0.5,0.0,3.5,1,0,1.7846,0.3734,1.0,H
ab80a865-73f7-44ae-96d7-ae023d33ac12,a99d7e69-416f-4018-920a-ee302150b1bb,2025,2,2,2025-08-23T14:00:00+00:00,66a313d1-2e21-49ad-a1c7-6f04cae6be69,f8f456e7-3e20-4803-ba4e-b1762a31812c,Brentford FC,Aston Villa FC,39,39,38,38,1.0,1.0,7.0,1.4,1.8,2.0,2.12718,1.26664,10.0,2.0,0.8,0.4,0.9516600000000001,1.32242,15.0,1.5,1.7,1.5,1.85934,1.2756399999999999,22.0,2.2,1.7,0.6,1.6511099999999999,1.11842,2.0,1.8,2.1944,1.35344,1.6,0.8,1.5049199999999998,1.26358,6.041666666666667,7.104166666666667,1,1,17.0,14.0,0.0,1.0,0.0,1.0,1.1639372822299652,1.0270034843205575,1.1639372822299652,0.41080139372822294,2.0,0.0,0.0,2.5,1,0,1.1296,0.9769,1.0,H
4c553059-ba52-4740-b516-d594334b4981,ce662aae-0ea8-42d5-9145-d108491c4ab0,2025,2,2,2025-08-23T14:00:00+00:00,2d3435a0-e4e8-4097-a60c-2a0f92c3fede,076f94c9-341e-4294-a86a-076741505170,Burnley FC,Sunderland AFC,1,1,0,0,0.0,0.0,0.0,0.0,0.0,3.0,0.7341,1.9786,3.0,3.0,3.0,0.0,0.7244,0.5589,0.0,0.0,0.0,3.0,0.7341,1.9786,3.0,3.0,3.0,0.0,0.7244,0.5589,0.0,0.0,0.0,0.0,0.0,0.0,0.0,0.0,7.0,7.0,1,1,18.0,3.0,0.0,3.0,0.0,3.0,0.0,2.0574412532637076,2.0574412532637076,0.0,0.0,0.0,0.0,0.0,2,0,1.0038,1.1213,1.0,H
0227c1ea-753e-43b9-9910-e130803181c1,bde153fa-c6b5-4878-9ea5-ef411159e7ac,2025,2,2,2025-08-23T16:30:00+00:00,ead1bc2e-8799-410a-a809-66a274bbab2c,fe8b4d06-9254-4fc8-a08f-90f242e51751,Arsenal FC,Leeds United FC,39,1,38,0,1.0,0.0,10.0,2.0,1.4,1.0,1.8279800000000002,1.6771,3.0,3.0,1.0,0.0,2.3812,0.6743,19.0,1.9,1.7,1.0,1.83474,1.43431,3.0,3.0,1.0,0.0,2.3812,0.6743,1.4,1.2,1.6410399999999998,1.64,0.0,0.0,0.0,0.0,6.041666666666667,4.895833333333333,1,1,7.0,8.0,3.0,3.0,3.0,3.0,1.1668114682884447,0.6863596872284969,0.6863596872284969,0.0,0.0,0.0,0.0,0.0,5,0,2.7376,0.1568,1.0,H
2c9148f6-2f1b-4f1e-87a3-f369f7eb2ec8,2fc04ef3-5ec3-41b1-9679-677d8f1434f7,2025,2,2,2025-08-24T13:00:00+00:00,74bd08fa-27db-4bb0-8490-f57f6ed6b8e9,5421e81a-b7dd-48b1-9982-42644e8dcf9f,Crystal Palace FC,Nottingham Forest FC,39,39,38,38,1.0,1.0,9.0,1.8,1.6,0.8,2.09178,1.23232,8.0,1.6,1.6,1.2,1.57782,1.41086,14.0,1.4,1.4,1.7,1.74595,1.69462,14.0,1.4,1.2,1.2,1.1021100000000001,1.6738,1.6,0.8,1.5891,1.12698,2.0,1.4,1.1234,1.74952,7.0,7.0,1,1,14.0,6.0,1.0,3.0,1.0,3.0,0.9591695501730103,1.1647058823529413,0.8221453287197231,0.8221453287197231,2.0,0.0,0.5,1.5,1,1,1.1019,1.3299,1.0,D
7e4db815-8a6b-4efe-97f2-1f2225e9e1f7,9d742307-ca9f-4ff5-80ea-cec3fc207a6c,2025,2,2,2025-08-24T13:00:00+00:00,60cb8be0-9c1e-4019-8b60-fd9ac2aa9f2d,db14882b-951f-4db5-860b-4ca2b8583311,Everton FC,Brighton & Hove Albion FC,39,39,38,38,1.0,1.0,10.0,2.0,1.6,0.8,1.3119,1.38856,11.0,2.2,2.2,1.0,1.76692,1.63848,14.0,1.4,1.0,0.9,1.16054,1.27152,15.0,1.5,1.9,1.8,1.68981,1.60245,1.2,1.2,1.3442,1.19856,2.2,1.8,1.83066,1.60246,5.75,7.958333333333333,1,1,18.0,14.0,0.0,1.0,0.0,1.0,0.68566493955095,0.6170984455958549,1.3027633851468048,1.2341968911917098,2.0,0.5,0.0,2.0,2,0,1.8012,2.0849,1.0,H
9f793030-dbba-4da8-9673-b000fe43b6d3,99778466-c984-4904-8bf7-b20f888c3809,2025,2,2,2025-08-24T15:30:00+00:00,b552a1a6-4302-43ca-884c-0f91ac4f984b,48fc005c-cbfc-4e4d-b7f1-459dce6cf940,Fulham FC,Manchester United FC,39,39,38,38,1.0,1.0,4.0,0.8,1.0,1.8,1.32996,1.78918,3.0,0.6,1.0,1.6,1.62472,1.7417200000000002,10.0,1.0,1.2,1.7,1.31932,1.61992,5.0,0.5,0.7,1.5,1.50604,1.33447,1.4,1.8,1.30002,1.4704000000000002,1.0,2.2,1.2071,1.7287,8.0625,7.0,1,1,14.0,18.0,1.0,0.0,1.0,0.0,0.8234482758620689,1.1665517241379308,0.48034482758620684,1.0293103448275862,2.0,0.0,0.0,1.0,1,1,1.6533,1.546,1.0,D
098718f2-4d6b-4c01-bcf7-ce7051482661,60bac556-106c-4df6-8ac2-8d63d7085d09,2025,2,2,2025-08-25T19:00:00+00:00,c4045d6d-a715-4821-a800-cd9b505ad54b,54ed0f97-ad19-421c-a5c2-9b9d3fcbc72d,Newcastle United FC,Liverpool FC,39,39,38,38,1.0,1.0,5.0,1.0,0.6,0.6,1.6229,0.77706,5.0,1.0,2.0,2.2,2.29796,2.17454,17.0,1.7,1.9,0.8,2.19106,1.05829,17.0,1.7,2.1,1.6,2.26605,1.5634400000000002,2.8,0.4,2.38252,1.0017,1.6,1.8,2.24646,1.6479200000000003,9.3125,10.0,1,1,15.0,6.0,1.0,3.0,1.0,3.0,1.3048192771084337,0.5493975903614458,1.4421686746987952,1.0987951807228915,2.0,0.0,0.5,4.0,2,3,1.9634,0.6466,1.0,A
71d12150-6b57-4dc9-8708-87be0e465071,90ea7173-644a-4a05-b462-79b06ed02e31,2025,3,3,2025-08-30T11:30:00+00:00,1cb320b2-b42f-4131-8f5f-ef42e7f82540,b552a1a6-4302-43ca-884c-0f91ac4f984b,Chelsea FC,Fulham FC,40,40,38,38,1.0,1.0,10.0,2.0,1.4,0.6,1.71374,1.12014,5.0,1.0,1.2,1.8,1.52006,1.84036,21.0,2.1,1.5,0.7,1.7993999999999999,1.1214499999999998,11.0,1.1,1.2,1.6,1.34044,1.54433,1.4,0.6,1.97178,1.06364,1.2,1.2,1.25814,1.5908,7.6875,5.833333333333333,2,2,4.0,13.0,2.0,1.0,4.0,2.0,1.0282776349614395,0.47986289631533846,0.8226221079691517,1.0968294772922023,2.0,0.5,0.0,3.0,2,0,2.4324,0.7362,1.0,H
47cbdbeb-336d-45ec-9705-f6997e0004e1,77bdbdba-9db2-40c0-b055-3465b34ba0fb,2025,3,3,2025-08-30T14:00:00+00:00,076f94c9-341e-4294-a86a-076741505170,66a313d1-2e21-49ad-a1c7-6f04cae6be69,Sunderland AFC,Brentford FC,2,40,0,38,0.0,1.0,3.0,1.5,1.5,1.0,0.92285,0.78135,7.0,1.4,1.2,1.4,1.63562,1.23522,3.0,1.5,1.5,1.0,0.92285,0.78135,18.0,1.8,1.7,1.3,1.8191,1.14675,3.0,0.0,0.7244,0.5589,1.2,1.0,1.34542,1.00396,7.0,7.0,2,2,7.0,11.0,1.5,1.5,3.0,3.0,1.0290846877673225,0.6860564585115483,1.1662959794696321,0.8918733960650128,0.0,0.0,0.0,0.0,2,1,1.5713,1.446,1.0,H
9ef925e5-7ea8-4656-8441-dd910ba5fd76,47facabe-0684-4aa9-b717-9239f34a6fd8,2025,3,3,2025-08-30T14:00:00+00:00,48fc005c-cbfc-4e4d-b7f1-459dce6cf940,2d3435a0-e4e8-4097-a60c-2a0f92c3fede,Manchester United FC,Burnley FC,40,2,38,0,1.0,0.0,4.0,0.8,0.6,1.0,1.7071200000000002,1.3549,3.0,1.5,1.0,1.5,0.86895,1.54995,6.0,0.6,0.8,1.5,1.4739499999999999,1.44859,3.0,1.5,1.0,1.5,0.86895,1.54995,0.4,0.8,1.80498,0.94024,0.0,3.0,0.7341,1.9786,5.9375,7.0,2,2,16.0,10.0,0.5,1.5,1.0,3.0,0.5488054607508533,1.02901023890785,0.6860068259385665,1.02901023890785,0.0,0.0,0.0,0.0,3,2,4.0224,1.3262,1.0,H
d124d8e2-e857-4967-ad85-3f3ec79d6020,0efae387-2e86-4d50-865b-afb08b5cbb44,2025,3,3,2025-08-30T14:00:00+00:00,c23d6b7a-dfaf-44a3-b016-1feb2dddec44,6601a105-9986-4276-89bf-143cdf03198a,Tottenham Hotspur FC,AFC Bournemouth,40,40,38,38,1.0,1.0,6.0,1.2,1.2,1.6,1.28826,2.15478,6.0,1.2,1.2,1.6,1.6133600000000001,1.1163599999999998,10.0,1.0,1.4,2.1,1.44804,1.80045,15.0,1.5,1.2,1.2,1.45651,1.1864599999999998,1.6,1.8,1.9377,1.8347799999999999,1.4,2.0,1.31312,1.44566,7.104166666666667,7.0,2,1,3.0,10.0,3.0,1.5,6.0,3.0,0.9587085811384876,1.4380628717077315,0.8217502124044179,0.8217502124044179,2.0,0.0,0.5,2.5,0,1,0.1707,2.1201,1.0,A
7e5501e3-13ea-4d79-901c-9d1c3872b8c8,cd2a20f9-c882-45a1-9a18-bda8750967c7,2025,3,3,2025-08-30T14:00:00+00:00,fbffa344-2426-4b4b-9886-b8cd56ec69a1,60cb8be0-9c1e-4019-8b60-fd9ac2aa9f2d,Wolverhampton Wanderers FC,Everton FC,40,40,38,38,1.0,1.0,1.0,0.2,0.6,2.4,0.83292,1.83052,12.0,2.4,1.6,0.4,1.51044,1.5768400000000002,13.0,1.3,1.3,1.6,1.2591,1.4702899999999999,17.0,1.7,1.2,0.8,1.25835,1.35029,1.6,1.8,1.43376,1.67244,1.0,0.6,1.05006,1.18824,7.0,6.041666666666667,2,2,19.0,10.0,0.0,1.5,0.0,3.0,0.8916808149405773,1.097453310696095,0.8230899830220713,0.5487266553480475,2.0,0.0,0.5,3.0,2,3,0.9433,2.0379,1.0,A
09f41aab-a3d5-4158-8b48-9374bf5ab1f5,298c173c-18e1-4709-9c04-881dd4e74f6d,2025,3,3,2025-08-30T16:30:00+00:00,fe8b4d06-9254-4fc8-a08f-90f242e51751,c4045d6d-a715-4821-a800-cd9b505ad54b,Leeds United FC,Newcastle United FC,2,40,0,38,0.0,1.0,3.0,1.5,0.5,2.5,1.2690000000000001,1.70595,4.0,0.8,0.8,1.0,1.6880200000000003,0.7687999999999999,3.0,1.5,0.5,2.5,1.2690000000000001,1.70595,14.0,1.4,1.8,1.1,2.04329,1.08749,1.0,0.0,2.3812,0.6743,1.0,1.2,1.9996000000000003,1.1148799999999999,7.0,4.895833333333333,2,1,13.0,16.0,1.5,0.5,3.0,1.0,0.3423499577345731,1.7117497886728654,1.2324598478444633,0.7531699070160609,0.0,0.0,0.0,0.0,0,0,0.6773,0.3036,1.0,D
d60f8773-f576-42b8-8bb6-234a8d6318e3,753fc931-9a01-4f6d-93c0-2ded4c55b1fa,2025,3,3,2025-08-31T13:00:00+00:00,db14882b-951f-4db5-860b-4ca2b8583311,33d2f100-682f-4a5e-9aa3-5cc57e1e8571,Brighton & Hove Albion FC,Manchester City FC,40,40,38,38,1.0,1.0,10.0,2.0,2.0,1.2,2.04632,1.67116,10.0,2.0,1.8,0.6,1.83762,1.02332,15.0,1.5,1.9,1.7,1.8425,1.66185,23.0,2.3,1.9,0.6,1.8574899999999999,1.09863,2.0,1.6,1.8596,1.76628,1.6,0.0,1.7821200000000001,0.9848800000000001,7.0,8.0625,1,1,18.0,11.0,0.5,1.5,1.0,3.0,1.3041420118343194,1.1668639053254437,1.3041420118343194,0.4118343195266272,2.0,0.5,0.5,3.5,2,1,2.2086,2.1342,1.0,H
133ddc33-620e-494f-af15-4342fb1dca1c,1519aa2b-42ed-4962-9520-aecc6e6b7086,2025,3,3,2025-08-31T13:00:00+00:00,5421e81a-b7dd-48b1-9982-42644e8dcf9f,21ec0474-e758-4563-97a9-912aab00b4f5,Nottingham Forest FC,West Ham United FC,40,40,38,38,1.0,1.0,8.0,1.6,1.6,1.2,1.71644,1.16316,6.0,1.2,1.4,2.2,1.10306,2.0056000000000003,12.0,1.2,1.2,1.3,1.18389,1.5973000000000002,9.0,0.9,1.4,2.0,1.12663,1.64699,1.0,1.4,1.23984,1.32886,1.6,1.8,1.2787,1.33074,7.0,8.75,2,1,8.0,20.0,2.0,0.0,4.0,0.0,0.8236087689713323,0.8922428330522767,0.9608768971332209,1.3726812816188871,2.0,1.0,0.0,3.0,0,3,0.716,2.236,1.0,A
2f1328ff-121a-4ea2-a723-1f24abce7706,b886a409-4a7c-4704-b8f8-f20218f398d3,2025,3,3,2025-08-31T15:30:00+00:00,54ed0f97-ad19-421c-a5c2-9b9d3fcbc72d,ead1bc2e-8799-410a-a809-66a274bbab2c,Liverpool FC,Arsenal FC,40,40,38,38,1.0,1.0,8.0,1.6,2.4,2.0,2.14194,1.8633400000000002,13.0,2.6,2.2,0.6,1.96454,1.4249,17.0,1.7,2.3,1.8,2.20099,1.67747,19.0,1.9,2.0,0.9,1.8783100000000001,1.30578,2.8,1.4,2.18762,1.4308400000000001,2.0,0.8,2.0284400000000002,1.2286199999999998,5.854166666666667,7.958333333333333,1,2,4.0,2.0,3.0,3.0,6.0,6.0,1.5784693019343987,1.2353238015138772,1.3725820016820858,0.6176619007569386,2.0,0.0,1.0,4.0,1,0,0.4814,0.4857,1.0,H
b350826c-9335-4a54-a7fd-01ce2399c982,a3600042-d8eb-4dcb-9d06-7756727bfefc,2025,3,3,2025-08-31T18:00:00+00:00,f8f456e7-3e20-4803-ba4e-b1762a31812c,74bd08fa-27db-4bb0-8490-f57f6ed6b8e9,Aston Villa FC,Crystal Palace FC,40,40,38,38,1.0,1.0,7.0,1.4,0.6,0.6,0.88902,1.40778,9.0,1.8,1.6,0.8,1.84408,1.37094,19.0,1.9,1.4,0.7,1.62808,1.17558,12.0,1.2,1.3,1.7,1.81174,1.7003799999999998,1.8,0.4,1.7973,0.97326,1.0,1.6,2.26294,1.6693799999999999,8.166666666666666,7.208333333333333,1,1,19.0,16.0,0.5,1.0,1.0,2.0,0.9623529411764705,0.48117647058823526,0.8936134453781513,1.1685714285714286,2.0,0.0,0.5,4.5,0,3,1.2059,2.5971,1.0,A
cd33141f-84d4-4575-8156-5cf27bcf1e40,42af79d3-42d3-41d4-a795-8a7c363d2931,2025,4,4,2025-09-13T11:30:00+00:00,ead1bc2e-8799-410a-a809-66a274bbab2c,5421e81a-b7dd-48b1-9982-42644e8dcf9f,Arsenal FC,Nottingham Forest FC,41,41,38,38,1.0,1.0,12.0,2.4,1.8,0.4,1.62408,0.9718199999999999,7.0,1.4,1.2,1.4,1.5058200000000002,1.36446,18.0,1.8,1.9,0.9,1.78657,1.23104,12.0,1.2,1.1,1.4,1.1587200000000002,1.55755,2.0,1.0,1.72818,1.38294,1.4,1.2,1.1279400000000002,1.86574,12.833333333333334,12.9375,1,1,3.0,10.0,2.0,1.3333333333333333,6.0,4.0,1.305951383067896,0.6186085498742666,0.7560771165129926,0.9622799664710813,2.0,0.5,0.5,1.5,3,0,2.8817,0.2937,1.0,H
8e6542b4-fb38-4689-bd51-45cca79df61a,5cdfaceb-9991-4703-9268-51c49daa308c,2025,4,4,2025-09-13T14:00:00+00:00,6601a105-9986-4276-89bf-143cdf03198a,db14882b-951f-4db5-860b-4ca2b8583311,AFC Bournemouth,Brighton & Hove Albion FC,41,41,38,38,1.0,1.0,9.0,1.8,1.4,1.4,1.8328399999999998,0.92574,10.0,2.0,2.0,1.4,2.20554,1.9512,17.0,1.7,1.1,1.0,1.47365,1.11275,18.0,1.8,2.0,1.6,1.93613,1.8308699999999998,1.0,0.4,1.5998999999999999,0.9272600000000001,1.8,1.8,1.8254000000000001,1.55742,14.0,13.041666666666666,1,1,7.0,10.0,2.0,1.3333333333333333,6.0,4.0,0.7560200668896322,0.6872909698996655,1.374581939799331,1.099665551839465,2.0,0.0,0.0,3.0,2,1,1.4419,0.6249,1.0,H
b996a0a8-67ae-428a-ba78-cc481accd845,47182016-a2c6-4995-b5db-b7537fb9ea49,2025,4,4,2025-09-13T14:00:00+00:00,74bd08fa-27db-4bb0-8490-f57f6ed6b8e9,076f94c9-341e-4294-a86a-076741505170,Crystal Palace FC,Sunderland AFC,41,3,38,0,1.0,0.0,9.0,1.8,1.8,0.8,1.5664000000000002,1.45076,6.0,2.0,1.6666666666666667,1.0,1.139,1.0029000000000001,15.0,1.5,1.4,1.2,1.93764,1.36125,6.0,2.0,1.6666666666666667,1.0,1.139,1.0029000000000001,1.6,1.0,1.1817199999999999,1.0664,0.0,2.0,1.1213,1.0038,12.833333333333334,14.0,1,1,8.0,6.0,1.6666666666666667,2.0,5.0,6.0,0.9621351125938281,0.8246872393661384,1.1453989435640812,0.6872393661384487,0.0,0.0,0.0,0.0,0,0,1.7581,0.3541,1.0,D
385b1e48-5c58-4be3-9a1d-51993ddb5133,9ae6ecb8-8720-44dd-bc49-b82512de7f88,2025,4,4,2025-09-13T14:00:00+00:00,60cb8be0-9c1e-4019-8b60-fd9ac2aa9f2d,f8f456e7-3e20-4803-ba4e-b1762a31812c,Everton FC,Aston Villa FC,41,41,38,38,1.0,1.0,12.0,2.4,1.6,0.6,1.6528200000000002,1.52376,4.0,0.8,0.4,1.2,0.9054399999999999,1.72266,19.0,1.9,1.4,0.9,1.33926,1.30431,16.0,1.6,1.2,0.9,1.48532,1.3385200000000002,1.4,1.0,1.46664,1.51234,1.0,1.0,1.45886,1.3779,14.0,12.833333333333334,1,1,8.0,19.0,2.0,0.3333333333333333,6.0,1.0,0.9644703919933277,0.6200166805671393,0.8266889074228524,0.6200166805671393,2.0,0.0,0.0,3.0,0,0,1.8927,0.3543,1.0,D
7084dd59-14a7-4a7c-885b-310d2907bf4d,28186c1f-ae7f-4642-b23e-65e823ab4c8a,2025,4,4,2025-09-13T14:00:00+00:00,b552a1a6-4302-43ca-884c-0f91ac4f984b,fe8b4d06-9254-4fc8-a08f-90f242e51751,Fulham FC,Leeds United FC,41,3,38,0,1.0,0.0,5.0,1.0,1.0,1.6,1.42556,2.0616399999999997,4.0,1.3333333333333333,0.3333333333333333,1.6666666666666667,1.0717666666666668,1.2385,8.0,0.8,0.9,1.6,1.2413,1.64693,4.0,1.3333333333333333,0.3333333333333333,1.6666666666666667,1.0717666666666668,1.2385,1.2,2.0,1.42274,1.49786,0.0,5.0,0.1568,2.7376,14.104166666666666,13.895833333333334,0,1,18.0,12.0,0.6666666666666666,1.3333333333333333,2.0,4.0,0.6215179316096747,1.1049207673060886,0.23019182652210174,1.1509591326105089,0.0,0.0,0.0,0.0,1,0,1.1398,0.8304,1.0,H
95e4153a-7eed-4ef5-97e1-8adf1d498e04,d40b427e-c27e-44fe-ae4b-085735d2793a,2025,4,4,2025-09-13T14:00:00+00:00,c4045d6d-a715-4821-a800-cd9b505ad54b,fbffa344-2426-4b4b-9886-b8cd56ec69a1,Newcastle United FC,Wolverhampton Wanderers FC,41,41,38,38,1.0,1.0,2.0,0.4,0.4,1.0,1.4146800000000002,0.77498,1.0,0.2,1.0,2.6,0.87478,1.9556,12.0,1.2,1.4,1.0,1.8098199999999998,1.0765600000000002,10.0,1.0,1.3,1.8,1.07247,1.58684,2.4,0.8,2.24754,0.9737,1.0,1.4,1.08444,1.26814,13.895833333333334,14.0,1,1,18.0,20.0,0.6666666666666666,0.0,2.0,0.0,0.9683333333333333,0.6916666666666667,0.8991666666666667,1.245,2.0,1.0,0.0,3.0,1,0,1.1919,0.3759,1.0,H
8685d8d1-e517-4540-ad43-6ecce9b01529,8c56ae49-9e15-43d2-9db2-96cd5a7e6688,2025,4,4,2025-09-13T16:30:00+00:00,21ec0474-e758-4563-97a9-912aab00b4f5,c23d6b7a-dfaf-44a3-b016-1feb2dddec44,West Ham United FC,Tottenham Hotspur FC,41,41,38,38,1.0,1.0,6.0,1.2,1.6,2.2,1.11828,1.68622,6.0,1.2,1.2,1.4,1.16104,1.7817,11.0,1.1,1.5,1.8,1.25945,1.52372,7.0,0.7,1.1,2.1,1.20031,1.93442,1.2,2.2,0.97456,1.96324,1.2,2.4,0.95838,1.7661200000000001,13.145833333333334,14.104166666666666,1,0,18.0,7.0,1.0,2.0,3.0,6.0,1.0391340549542047,1.2469608659450457,0.7620316402997502,1.4547876769358867,2.0,0.0,0.5,3.5,0,3,0.7932,1.514,1.0,A
20e536ab-dc95-4a21-9996-9404cdf68c25,1884328f-cda9-4fcf-8aea-ef842bae6dd3,2025,4,4,2025-09-13T19:00:00+00:00,66a313d1-2e21-49ad-a1c7-6f04cae6be69,1cb320b2-b42f-4131-8f5f-ef42e7f82540,Brentford FC,Chelsea FC,41,41,38,38,1.0,1.0,4.0,0.8,1.2,1.8,1.66066,1.4060000000000001,13.0,2.6,1.8,0.2,2.07094,0.9333199999999999,17.0,1.7,1.8,1.5,1.82758,1.15605,23.0,2.3,1.7,0.7,1.89481,1.0589499999999998,2.2,1.6,2.29278,1.2895400000000001,1.6,0.8,1.62702,1.17926,14.208333333333334,14.3125,0,0,17.0,5.0,1.0,2.3333333333333335,3.0,7.0,1.2468438538205981,1.0390365448504983,1.1775747508305647,0.4848837209302326,2.0,0.0,0.5,1.5,2,2,1.1753,0.756,1.0,D
17b0cebd-2a78-4cef-9478-147e8b521d6a,8f65de9f-cdc5-4808-a392-0f9143db9b37,2025,4,4,2025-09-14T13:00:00+00:00,2d3435a0-e4e8-4097-a60c-2a0f92c3fede,54ed0f97-ad19-421c-a5c2-9b9d3fcbc72d,Burnley FC,Liverpool FC,3,41,0,38,0.0,1.0,3.0,1.0,1.3333333333333333,2.0,1.0213666666666665,2.3741,10.0,2.0,2.2,1.6,1.68886,1.52288,3.0,1.0,1.3333333333333333,2.0,1.0213666666666665,2.3741,20.0,2.0,2.2,1.5,2.10849,1.55328,2.0,0.0,1.0038,1.1213,1.8,2.2,2.21436,1.9241,14.958333333333334,13.895833333333334,0,1,17.0,3.0,1.0,3.0,3.0,9.0,0.922737306843267,1.3841059602649006,1.522516556291391,1.0380794701986755,0.0,0.0,0.0,0.0,0,1,0.168,2.7949,1.0,A
2e116a51-8cef-4bf5-a23a-5dc1b00532a8,811e523d-c3e7-4d0e-9b59-4ecbaadb61d1,2025,4,4,2025-09-14T15:30:00+00:00,33d2f100-682f-4a5e-9aa3-5cc57e1e8571,48fc005c-cbfc-4e4d-b7f1-459dce6cf940,Manchester City FC,Manchester United FC,41,41,38,38,1.0,1.0,9.0,1.8,2.0,1.0,1.94754,1.43764,7.0,1.4,1.2,1.0,2.04902,1.18816,22.0,2.2,2.0,0.8,2.00212,1.19617,8.0,0.8,1.1,1.7,1.7528700000000002,1.51242,2.2,1.2,1.9328600000000002,1.21238,1.2,2.2,1.14292,1.9569400000000001,14.104166666666666,15.0625,0,0,16.0,11.0,1.0,1.3333333333333333,3.0,4.0,1.3862696443341604,0.5545078577336643,0.7624483043837884,1.1783291976840364,2.0,0.0,0.5,1.5,3,0,1.9973,1.5192,1.0,H
ed8184cc-b35a-45ca-b080-de5b048ce446,2abed589-c4c5-4268-aea7-0c8add69c3c0,2025,5,5,2025-09-20T11:30:00+00:00,54ed0f97-ad19-421c-a5c2-9b9d3fcbc72d,60cb8be0-9c1e-4019-8b60-fd9ac2aa9f2d,Liverpool FC,Everton FC,42,42,38,38,1.0,1.0,13.0,2.6,2.0,1.0,1.63484,1.1209,10.0,2.0,1.2,0.6,1.49578,1.38456,20.0,2.0,2.1,1.4,2.24508,1.42348,17.0,1.7,1.3,0.9,1.40249,1.29735,2.6,1.2,1.9980999999999998,1.2347800000000002,1.4,1.0,1.20556,1.2921200000000002,5.9375,6.895833333333333,1,1,1.0,7.0,3.0,1.75,12.0,7.0,1.4554455445544556,0.9702970297029703,0.900990099009901,0.6237623762376238,2.0,0.5,0.5,2.5,2,1,1.0617,0.7214,1.0,H
637f2479-0262-4837-8c9a-d6ba216d50a1,0fd91135-b432-4bdc-a25d-cde0e76d5622,2025,5,5,2025-09-20T14:00:00+00:00,db14882b-951f-4db5-860b-4ca2b8583311,c23d6b7a-dfaf-44a3-b016-1feb2dddec44,Brighton & Hove Albion FC,Tottenham Hotspur FC,42,42,38,38,1.0,1.0,7.0,1.4,1.6,1.4,1.89494,1.62658,9.0,1.8,1.8,1.0,1.35924,1.6022200000000002,17.0,1.7,1.9,1.6,1.6288399999999998,1.77662,10.0,1.0,1.2,1.7,1.18882,1.79076,2.0,1.4,1.56176,1.7962399999999998,1.4,1.6,0.9353999999999999,1.4788000000000001,7.0,6.895833333333333,1,1,13.0,3.0,1.0,2.25,4.0,9.0,1.316707818930041,1.10880658436214,0.8316049382716049,1.1781069958847736,2.0,1.0,0.0,5.0,2,2,1.4047,1.1918,1.0,D
9a6e5098-d250-40d2-84f0-ee3221bd4698,dd063eca-6dcb-4f5a-b103-2a42a4277a1f,2025,5,5,2025-09-20T14:00:00+00:00,2d3435a0-e4e8-4097-a60c-2a0f92c3fede,5421e81a-b7dd-48b1-9982-42644e8dcf9f,Burnley FC,Nottingham Forest FC,4,42,0,38,0.0,1.0,3.0,0.75,1.0,1.75,0.808025,2.4793000000000003,4.0,0.8,0.8,1.8,1.13504,1.7707000000000002,3.0,0.75,1.0,1.75,0.808025,2.4793000000000003,12.0,1.2,1.1,1.6,1.1457000000000002,1.7196799999999999,1.0,0.5,0.5859,1.9581,1.2,1.4,0.99314,1.91538,6.041666666666667,7.104166666666667,1,1,17.0,15.0,0.75,1.0,3.0,4.0,0.6923707957342085,1.2116488925348647,0.7616078753076293,1.1077932731747335,0.0,0.0,0.0,0.0,1,1,1.1416,0.8308,1.0,D
34af18a2-8ca3-4b3d-a8ee-543e0d99f93d,753669d2-9c40-498a-a712-1d57c84048fe,2025,5,5,2025-09-20T14:00:00+00:00,fbffa344-2426-4b4b-9886-b8cd56ec69a1,fe8b4d06-9254-4fc8-a08f-90f242e51751,Wolverhampton Wanderers FC,Leeds United FC,42,4,38,0,1.0,0.0,1.0,0.2,0.6,2.0,0.66418,1.8570799999999998,4.0,1.0,0.25,1.5,1.011425,1.213825,7.0,0.7,0.9,1.7,0.8870800000000001,1.54314,4.0,1.0,0.25,1.5,1.011425,1.213825,1.2,2.0,1.17646,1.75424,0.0,3.0,0.49360000000000004,1.9386999999999999,7.0,7.0,1,1,20.0,17.0,0.0,1.0,0.0,4.0,0.6235872235872236,1.1778869778869778,0.17321867321867324,1.0393120393120394,0.0,0.0,0.0,0.0,1,3,1.5661,0.457,1.0,A
ef1e3974-b4b4-4899-bd98-c35bc0b717bd,14f7e425-be6e-41db-995f-252cf84a043a,2025,5,5,2025-09-20T14:00:00+00:00,21ec0474-e758-4563-97a9-912aab00b4f5,74bd08fa-27db-4bb0-8490-f57f6ed6b8e9,West Ham United FC,Crystal Palace FC,42,42,38,38,1.0,1.0,6.0,1.2,1.4,2.4,1.1068200000000001,1.5595,7.0,1.4,1.0,0.4,1.58112,1.2358,11.0,1.1,1.4,1.9,1.19217,1.5322200000000001,16.0,1.6,1.4,0.7,1.8759000000000001,1.16371,0.8,2.4,0.95164,1.8763,1.6,0.6,2.3072600000000003,1.44466,6.895833333333333,7.0,1,1,18.0,10.0,0.75,1.5,3.0,6.0,0.9691428571428571,1.3152653061224489,0.9691428571428571,0.48457142857142854,2.0,0.5,0.0,2.0,1,2,0.4664,2.3357,1.0,A
5e17b2f9-3fde-441d-b508-c6cb75666a9a,a00a73a4-50be-4eff-be21-5a5c1283e80b,2025,5,5,2025-09-20T16:30:00+00:00,48fc005c-cbfc-4e4d-b7f1-459dce6cf940,1cb320b2-b42f-4131-8f5f-ef42e7f82540,Manchester United FC,Chelsea FC,42,42,38,38,1.0,1.0,7.0,1.4,1.2,1.4,2.28534,1.32848,11.0,2.2,2.0,0.6,1.9629999999999999,1.10086,8.0,0.8,1.0,1.6,1.8261300000000003,1.44832,23.0,2.3,1.7,0.7,1.67965,1.0161799999999999,1.0,1.2,2.36282,1.0679,2.0,1.2,1.4825599999999999,1.14208,6.041666666666667,6.895833333333333,1,1,17.0,6.0,1.0,2.0,4.0,8.0,0.6921824104234527,1.1074918566775245,1.1767100977198697,0.4845276872964169,2.0,0.0,0.5,1.5,2,1,1.3446,0.4698,1.0,H
260c16de-97ad-4a33-8d57-0911add67407,77861cda-9a29-49c0-9ed4-b82463e7f926,2025,5,5,2025-09-20T19:00:00+00:00,b552a1a6-4302-43ca-884c-0f91ac4f984b,66a313d1-2e21-49ad-a1c7-6f04cae6be69,Fulham FC,Brentford FC,42,42,38,38,1.0,1.0,5.0,1.0,0.6,1.2,1.33004,1.74162,5.0,1.0,1.2,1.6,1.4096199999999999,1.23372,11.0,1.1,1.0,1.5,1.24808,1.5442,17.0,1.7,1.9,1.6,1.88625,1.1549099999999999,0.8,1.6,1.30518,1.38266,1.2,1.2,1.5169000000000001,1.1647399999999999,7.208333333333333,7.0,1,1,13.0,16.0,1.25,1.0,5.0,4.0,0.6921202274573517,1.0381803411860275,1.3150284321689683,1.1073923639317629,2.0,1.0,0.0,4.0,3,1,1.5243,0.8266,1.0,H
25b0fa4b-1ab6-4bc7-b345-31b5ebea66fa,719b5a32-d012-4a78-bf12-0f9745f82f0a,2025,5,5,2025-09-21T13:00:00+00:00,6601a105-9986-4276-89bf-143cdf03198a,c4045d6d-a715-4821-a800-cd9b505ad54b,AFC Bournemouth,Newcastle United FC,42,42,38,38,1.0,1.0,12.0,2.4,1.6,1.0,1.92882,0.7311599999999999,5.0,1.0,0.6,0.8,1.2038,0.6182399999999999,17.0,1.7,1.2,1.1,1.43207,1.06804,12.0,1.2,1.0,1.0,1.69606,0.8766,1.2,0.6,1.51674,0.8378399999999999,0.4,1.2,1.3721,1.17942,7.958333333333333,7.958333333333333,1,1,5.0,13.0,2.25,1.25,9.0,5.0,0.8297975708502024,0.7606477732793523,0.691497975708502,0.691497975708502,2.0,0.5,0.5,3.5,0,0,0.5507,0.1536,1.0,D
8e18e53b-7e49-49d7-8195-a3b1c638600d,bd332e42-3b62-4165-baaf-e37bfd5efdf2,2025,5,5,2025-09-21T13:00:00+00:00,076f94c9-341e-4294-a86a-076741505170,f8f456e7-3e20-4803-ba4e-b1762a31812c,Sunderland AFC,Aston Villa FC,4,42,0,38,0.0,1.0,7.0,1.75,1.25,0.75,0.942775,1.1917,2.0,0.4,0.0,1.2,0.63818,1.9966000000000002,7.0,1.75,1.25,0.75,0.942775,1.1917,14.0,1.4,0.9,0.9,1.22082,1.48656,2.5,0.5,1.14785,1.00245,0.4,1.0,0.92986,1.6739799999999998,7.958333333333333,7.958333333333333,1,1,8.0,19.0,1.75,0.5,7.0,2.0,0.8663967611336032,0.5198380566801619,0.6238056680161943,0.6238056680161943,0.0,0.0,0.0,0.0,1,1,0.9383,0.9394,1.0,D
e0c3311b-2c43-4ab8-9609-17baebd33741,52945b1c-ee61-4d7c-9ab2-740561132b5c,2025,5,5,2025-09-21T15:30:00+00:00,ead1bc2e-8799-410a-a809-66a274bbab2c,33d2f100-682f-4a5e-9aa3-5cc57e1e8571,Arsenal FC,Manchester City FC,42,42,38,38,1.0,1.0,12.0,2.4,2.2,0.4,1.9685,0.5812999999999999,9.0,1.8,2.0,0.8,2.02744,1.54908,20.0,2.0,2.1,0.8,1.998,1.20155,22.0,2.2,1.8,0.6,1.74213,1.21428,2.4,0.8,2.15104,1.32396,1.8,0.4,2.07138,1.17996,8.166666666666666,7.0,1,1,4.0,12.0,2.25,1.5,9.0,6.0,1.4565885206143896,0.554890864995958,1.2485044462409054,0.41616814874696845,2.0,0.5,0.5,5.0,1,1,0.7186,1.1227,1.0,D
196fbef6-94e4-46af-9630-12d501dbcf7a,799f6cc5-aee8-4726-ab8e-095786c08f6c,2025,6,6,2025-09-27T11:30:00+00:00,66a313d1-2e21-49ad-a1c7-6f04cae6be69,48fc005c-cbfc-4e4d-b7f1-459dce6cf940,Brentford FC,Manchester United FC,43,43,38,38,1.0,1.0,4.0,0.8,1.2,2.0,1.18054,1.3168,7.0,1.4,1.2,1.6,1.96174,1.3554,14.0,1.4,1.6,1.7,1.67339,1.18323,11.0,1.1,1.2,1.6,1.8466200000000002,1.47652,2.6,2.0,2.2556000000000003,1.1450799999999999,1.0,2.0,1.2894400000000001,1.8287400000000003,6.6875,6.791666666666667,2,2,17.0,11.0,0.8,1.4,4.0,7.0,1.1105730427764327,1.1799838579499595,0.8329297820823245,1.1105730427764327,2.0,0.5,0.0,5.0,3,1,2.7873,2.2361,1.0,H
5f2c35b4-1fd1-4df2-8733-bd6552e456e5,a346f9f8-9027-4b85-b96e-0104062090d7,2025,6,6,2025-09-27T14:00:00+00:00,74bd08fa-27db-4bb0-8490-f57f6ed6b8e9,54ed0f97-ad19-421c-a5c2-9b9d3fcbc72d,Crystal Palace FC,Liverpool FC,43,43,38,38,1.0,1.0,9.0,1.8,1.2,0.4,1.76538,0.9448399999999999,15.0,3.0,2.2,1.0,1.4629400000000001,0.9823000000000001,18.0,1.8,1.6,0.8,2.0756900000000003,1.14394,20.0,2.0,2.2,1.5,1.89854,1.4724,1.2,0.8,1.44454,0.88276,1.6,1.6,2.49206,1.61218,7.0,7.104166666666667,2,2,5.0,1.0,1.8,3.0,9.0,15.0,1.1095736122284796,0.5547868061142398,1.5256637168141596,1.0402252614641996,2.0,0.0,0.5,1.5,2,1,3.5332,3.1018,1.0,H
b08cb4da-334e-488c-92cc-9997d773c440,01775327-8ade-4d67-ab57-ff246c6f9ab0,2025,6,6,2025-09-27T14:00:00+00:00,1cb320b2-b42f-4131-8f5f-ef42e7f82540,db14882b-951f-4db5-860b-4ca2b8583311,Chelsea FC,Brighton & Hove Albion FC,43,43,38,38,1.0,1.0,8.0,1.6,2.0,1.0,1.79522,1.05376,5.0,1.0,1.2,1.6,1.55264,1.4944,20.0,2.0,1.6,0.8,1.6514600000000002,1.12003,18.0,1.8,1.9,1.4,1.6452000000000002,1.6002800000000001,1.4,0.2,1.8767399999999999,0.89028,1.8,1.8,1.6959200000000003,1.7570000000000001,6.895833333333333,7.0,2,2,6.0,15.0,1.6,1.0,8.0,5.0,1.1094703049759231,0.5547351524879616,1.3174959871589085,0.9707865168539326,2.0,0.5,0.0,4.5,1,3,2.0265,2.4751,1.0,A
d83c8d47-5242-4279-a93e-2ebe012666f8,47fef256-3307-48bf-b378-51af95d18edd,2025,6,6,2025-09-27T14:00:00+00:00,fe8b4d06-9254-4fc8-a08f-90f242e51751,6601a105-9986-4276-89bf-143cdf03198a,Leeds United FC,AFC Bournemouth,5,43,0,38,0.0,1.0,7.0,1.4,0.8,1.4,0.90054,1.28428,10.0,2.0,1.2,1.0,1.49406,0.73054,7.0,1.4,0.8,1.4,0.90054,1.28428,17.0,1.7,1.2,1.1,1.42073,1.04962,0.5,0.0,1.5292500000000002,0.48895,1.2,1.6,1.3474,1.29824,7.0,6.041666666666667,2,2,13.0,5.0,1.4,2.0,7.0,10.0,0.5542400000000001,0.96992,0.83136,0.7620800000000001,0.0,0.0,0.0,0.0,2,2,2.0473,1.0603,1.0,D
6b33a49b-1913-4e1e-9106-486f557abb88,1c119c63-e86c-4f5e-a510-1f6f28c5710d,2025,6,6,2025-09-27T14:00:00+00:00,33d2f100-682f-4a5e-9aa3-5cc57e1e8571,2d3435a0-e4e8-4097-a60c-2a0f92c3fede,Manchester City FC,Burnley FC,43,5,38,0,1.0,0.0,7.0,1.4,1.8,1.0,1.7601399999999998,1.2492,4.0,0.8,1.0,1.6,0.8747400000000001,2.1496000000000004,20.0,2.0,1.7,0.7,1.6664100000000002,1.20446,4.0,0.8,1.0,1.6,0.8747400000000001,2.1496000000000004,1.8,0.8,1.41288,1.2486000000000002,1.0,3.0,1.03015,3.0005,5.9375,7.0,2,2,11.0,17.0,1.4,0.8,7.0,4.0,1.1767145135566188,0.48452950558213714,0.6921850079744817,1.1074960127591706,0.0,0.0,0.0,0.0,5,1,3.2213,0.5095,1.0,H
18160102-1c73-4efb-87a5-3c7b0568b848,acc95380-a415-4a3d-b7f8-e8018172f420,2025,6,6,2025-09-27T16:30:00+00:00,5421e81a-b7dd-48b1-9982-42644e8dcf9f,076f94c9-341e-4294-a86a-076741505170,Nottingham Forest FC,Sunderland AFC,43,5,38,0,1.0,0.0,5.0,1.0,1.0,1.8,0.9851800000000001,1.7372800000000002,8.0,1.6,1.2,0.8,0.9418799999999999,1.14124,10.0,1.0,1.0,1.6,1.17301,1.5936,8.0,1.6,1.2,0.8,0.9418799999999999,1.14124,1.0,1.8,1.29826,1.5239800000000001,0.0,1.0,0.7377,1.38095,7.104166666666667,6.145833333333333,1,1,16.0,8.0,1.0,1.6,5.0,8.0,0.6904761904761905,1.1047619047619048,0.8285714285714285,0.5523809523809524,0.0,0.0,0.0,0.0,0,1,1.4203,1.9415,1.0,A
c90dd261-158a-4487-873c-a59e86b15f2c,f8955ed9-5428-49d2-85f4-e2ed082bf3a9,2025,6,6,2025-09-27T19:00:00+00:00,c23d6b7a-dfaf-44a3-b016-1feb2dddec44,fbffa344-2426-4b4b-9886-b8cd56ec69a1,Tottenham Hotspur FC,Wolverhampton Wanderers FC,43,43,38,38,1.0,1.0,10.0,2.0,2.0,0.6,1.22706,1.25992,0.0,0.0,0.6,2.4,0.7556200000000001,1.55408,11.0,1.1,1.3,1.7,1.06776,1.87546,4.0,0.4,0.9,2.0,1.02491,1.47487,1.0,1.8,1.44224,2.10272,0.6,1.4,0.5977,1.33204,7.208333333333333,7.208333333333333,1,1,7.0,20.0,2.0,0.0,10.0,0.0,0.8989690721649485,1.175574940523394,0.6223632038065028,1.3830293417922284,2.0,0.0,0.5,5.0,1,1,0.8187,1.1595,1.0,D
326ad23e-2aa0-471b-bab9-29fcdf7d7ee5,c0aeb292-fcd1-4d48-8793-34981922db82,2025,6,6,2025-09-28T13:00:00+00:00,f8f456e7-3e20-4803-ba4e-b1762a31812c,b552a1a6-4302-43ca-884c-0f91ac4f984b,Aston Villa FC,Fulham FC,43,43,38,38,1.0,1.0,3.0,0.6,0.2,1.0,0.75902,1.5917400000000002,8.0,1.6,1.2,1.0,1.1913,1.4151,12.0,1.2,0.6,0.9,1.00939,1.45321,14.0,1.4,1.2,1.4,1.3699,1.55169,1.4,0.8,1.5117800000000001,1.29914,1.2,1.4,1.1909800000000001,1.70574,7.0,7.75,1,1,18.0,9.0,0.6,1.6,3.0,8.0,0.4152019002375297,0.6228028503562946,0.8304038004750594,0.9688044338875692,2.0,1.0,0.0,2.5,3,1,1.3658,0.9526,1.0,H
05c025c7-7740-42ee-802d-063e4a4e4d37,c9773aef-ec90-40b1-a42a-9f65e5132ee6,2025,6,6,2025-09-28T15:30:00+00:00,c4045d6d-a715-4821-a800-cd9b505ad54b,ead1bc2e-8799-410a-a809-66a274bbab2c,Newcastle United FC,Arsenal FC,43,43,38,38,1.0,1.0,6.0,1.2,0.6,0.6,1.0027,0.5138199999999999,10.0,2.0,2.0,0.4,1.6308,0.68622,13.0,1.3,0.9,0.6,1.5842399999999999,0.6263,18.0,1.8,1.8,0.9,1.7885000000000002,1.29453,1.6,0.8,2.0200199999999997,0.57378,1.8,0.8,1.84496,1.07914,7.104166666666667,7.0,1,1,15.0,7.0,1.2,2.0,6.0,10.0,0.6222573007103394,0.41483820047355957,1.2445146014206787,0.6222573007103394,2.0,0.5,0.0,1.0,1,2,0.7399,2.0705,1.0,A
313936d7-70ca-46ff-8c5f-5fd0c7954586,3f085add-65f8-4dc2-98b6-93e8be2c6317,2025,6,6,2025-09-29T19:00:00+00:00,60cb8be0-9c1e-4019-8b60-fd9ac2aa9f2d,21ec0474-e758-4563-97a9-912aab00b4f5,Everton FC,West Ham United FC,43,43,38,38,1.0,1.0,7.0,1.4,1.2,1.0,1.4255,1.36508,3.0,0.6,1.0,2.6,1.00662,1.84802,17.0,1.7,1.4,0.9,1.3929500000000001,1.21553,10.0,1.0,1.4,2.0,1.14039,1.6735,1.2,0.8,1.5994199999999998,1.30258,2.0,1.4,1.4327,1.18814,9.3125,9.208333333333334,1,1,12.0,19.0,1.4,0.6,7.0,3.0,0.9678740157480314,0.6222047244094489,0.9678740157480314,1.3826771653543306,2.0,0.0,1.0,1.0,1,1,0.9097,0.7758,1.0,D
7d0f454c-1e3c-42c7-bb78-92963e6b0beb,83a5a3c8-794e-43b1-890a-5e9a6a4cdefa,2025,7,7,2025-10-03T19:00:00+00:00,6601a105-9986-4276-89bf-143cdf03198a,b552a1a6-4302-43ca-884c-0f91ac4f984b,AFC Bournemouth,Fulham FC,44,44,38,38,1.0,1.0,11.0,2.2,1.2,0.6,1.3915199999999999,0.67398,7.0,1.4,1.2,1.4,1.2012399999999999,1.40024,17.0,1.7,1.3,1.2,1.46576,1.06331,11.0,1.1,1.1,1.6,1.2656,1.5947099999999998,1.0,0.4,1.50488,0.48647999999999997,1.0,1.8,0.98238,1.79178,6.208333333333333,5.25,2,2,6.0,11.0,1.8333333333333333,1.3333333333333333,11.0,8.0,0.89937106918239,0.830188679245283,0.7610062893081762,1.1069182389937107,2.0,0.5,0.5,2.5,3,1,1.3346,0.8434,1.0,H
aaa67f13-a0f5-48a6-b519-ad0137e3be80,57cc6b73-ab1f-4639-88d9-11077dfd7f1c,2025,7,7,2025-10-04T11:30:00+00:00,fe8b4d06-9254-4fc8-a08f-90f242e51751,c23d6b7a-dfaf-44a3-b016-1feb2dddec44,Leeds United FC,Tottenham Hotspur FC,6,44,0,38,0.0,1.0,5.0,1.0,1.0,1.8,0.8337600000000001,1.36148,8.0,1.6,1.6,0.8,0.99508,1.345,8.0,1.3333333333333333,1.0,1.5,1.0916666666666666,1.24695,12.0,1.2,1.3,1.3,1.09835,1.7403099999999998,1.0,0.6666666666666666,1.7019333333333335,0.6793999999999999,1.6,1.0,1.0712,1.25754,6.895833333333333,6.6875,2,2,12.0,5.0,1.3333333333333333,1.8333333333333333,8.0,11.0,0.6912225705329154,1.036833855799373,0.89858934169279,0.89858934169279,0.0,0.0,0.0,0.0,1,2,1.4805,0.6882,1.0,A
a3b55d5e-1992-4001-be4e-0399dc757cbb,fc328e44-b8ff-4f2b-b08a-b7c70e097444,2025,7,7,2025-10-04T14:00:00+00:00,ead1bc2e-8799-410a-a809-66a274bbab2c,21ec0474-e758-4563-97a9-912aab00b4f5,Arsenal FC,West Ham United FC,44,44,38,38,1.0,1.0,10.0,2.0,2.2,0.6,1.77882,0.5589000000000001,4.0,0.8,1.2,2.2,1.05,1.8850799999999999,20.0,2.0,1.8,0.8,1.8034,1.1179999999999999,11.0,1.1,1.3,1.8,1.09384,1.63504,2.2,0.6,1.91046,1.04746,1.8,1.0,1.3396000000000001,1.1112199999999999,5.9375,4.791666666666667,2,2,4.0,19.0,2.1666666666666665,0.6666666666666666,13.0,4.0,1.244096950742768,0.5529319781078968,0.8985144644253323,1.244096950742768,2.0,0.5,0.0,4.0,2,0,3.0585,0.8645,1.0,H
7a823d58-9ba6-42ae-84d5-dd3dd741b3c9,5fa4b36f-d71c-4920-a7c4-12e2c164e15d,2025,7,7,2025-10-04T14:00:00+00:00,48fc005c-cbfc-4e4d-b7f1-459dce6cf940,076f94c9-341e-4294-a86a-076741505170,Manchester United FC,Sunderland AFC,44,6,38,0,1.0,0.0,7.0,1.4,1.4,2.0,2.13366,1.6467800000000001,8.0,1.6,0.8,0.8,1.1853,1.31352,10.0,1.0,1.2,1.8,1.8791900000000001,1.6942499999999998,11.0,1.8333333333333333,1.1666666666666667,0.6666666666666666,1.1084833333333333,1.18775,1.4,1.2,2.4038,1.1243,0.3333333333333333,0.6666666666666666,1.1389666666666667,1.3940666666666666,7.104166666666667,6.895833333333333,2,2,14.0,6.0,1.1666666666666667,1.8333333333333333,7.0,11.0,0.8299765807962529,1.2449648711943795,0.8069216757741349,0.4610981004423627,0.0,0.0,0.0,0.0,2,0,1.9298,0.8071,1.0,H
f9811229-beee-47e8-b9eb-4cc6526be261,c860fd81-c46a-46aa-a2e6-dfda16db11d1,2025,7,7,2025-10-04T16:30:00+00:00,1cb320b2-b42f-4131-8f5f-ef42e7f82540,54ed0f97-ad19-421c-a5c2-9b9d3fcbc72d,Chelsea FC,Liverpool FC,44,44,38,38,1.0,1.0,7.0,1.4,2.2,1.6,1.92694,1.3419599999999998,12.0,2.4,1.6,1.0,1.6172799999999998,1.37434,17.0,1.7,1.6,1.1,1.77728,1.27586,17.0,1.7,1.8,1.6,1.95762,1.7744399999999998,1.4,0.8,2.12838,1.20194,1.6,2.0,2.207,2.27238,7.104166666666667,7.104166666666667,2,1,9.0,2.0,1.3333333333333333,2.5,8.0,15.0,1.1074045206547156,0.7613406079501169,1.245830085736555,1.1074045206547156,2.0,0.5,0.0,3.5,2,1,1.2372,2.0598,1.0,H
2c18aaa0-0e25-4899-a829-8ac9cfc0797f,f98dd4e8-01d3-49d4-91ab-348da2176f07,2025,7,7,2025-10-05T13:00:00+00:00,60cb8be0-9c1e-4019-8b60-fd9ac2aa9f2d,74bd08fa-27db-4bb0-8490-f57f6ed6b8e9,Everton FC,Crystal Palace FC,44,44,38,38,1.0,1.0,8.0,1.6,1.4,1.0,1.47258,1.044,11.0,2.2,1.6,0.6,2.2652,1.29162,18.0,1.8,1.5,0.9,1.39224,1.21628,20.0,2.0,1.6,0.7,2.17849,1.26197,1.4,0.6,1.6179999999999999,1.08176,1.6,0.4,2.2733600000000003,1.15364,5.75,7.958333333333333,1,1,10.0,5.0,1.3333333333333333,2.0,8.0,12.0,1.0381026438569207,0.6228615863141524,1.1073094867807154,0.48444790046656294,2.0,1.0,0.0,3.0,2,1,2.1388,2.1779,1.0,H
1261e14e-cb0a-4cdd-b3b4-823f1fdc5c22,aeb5b53e-80e9-462c-bd27-889c7bbca140,2025,7,7,2025-10-05T13:00:00+00:00,c4045d6d-a715-4821-a800-cd9b505ad54b,5421e81a-b7dd-48b1-9982-42644e8dcf9f,Newcastle United FC,Nottingham Forest FC,44,44,38,38,1.0,1.0,5.0,1.0,0.8,1.0,0.87048,0.8642,2.0,0.4,0.4,1.8,0.91814,1.8605399999999999,10.0,1.0,0.7,0.8,1.24669,0.8206300000000001,10.0,1.0,1.0,1.5,1.24798,1.6357,1.2,1.2,1.34492,0.96244,1.0,1.4,1.04776,1.6632200000000001,6.895833333333333,7.854166666666667,2,1,15.0,17.0,1.0,0.8333333333333334,6.0,5.0,0.48440651667959655,0.5536074476338247,0.6920093095422808,1.0380139643134212,2.0,1.0,0.0,5.5,2,0,3.8166,0.3377,1.0,H
0514d037-4571-40a2-bae4-0a320766764e,43c62854-001e-4c7f-864f-289e50f89c2b,2025,7,7,2025-10-05T13:00:00+00:00,fbffa344-2426-4b4b-9886-b8cd56ec69a1,db14882b-951f-4db5-860b-4ca2b8583311,Wolverhampton Wanderers FC,Brighton & Hove Albion FC,44,44,38,38,1.0,1.0,1.0,0.2,0.8,1.8,0.88364,1.25802,7.0,1.4,1.6,1.6,1.7596399999999999,1.7191199999999998,2.0,0.2,0.7,2.1,0.8831900000000001,1.45176,18.0,1.8,1.9,1.3,1.76328,1.6788,0.8,2.6,0.97434,1.63568,2.0,1.2,1.94272,1.57126,7.75,7.958333333333333,1,1,20.0,12.0,0.16666666666666666,1.3333333333333333,1.0,8.0,0.4847405112316034,1.4542215336948103,1.315724244771495,0.9002323780015492,2.0,0.0,0.5,3.0,1,1,0.3694,1.3916,1.0,D
186063c3-5893-4986-9788-a6f0348c5064,243aac0a-5bf1-45f8-9376-5bf95073b006,2025,7,7,2025-10-05T13:00:00+00:00,f8f456e7-3e20-4803-ba4e-b1762a31812c,2d3435a0-e4e8-4097-a60c-2a0f92c3fede,Aston Villa FC,Burnley FC,44,6,38,0,1.0,0.0,5.0,1.0,0.8,1.2,0.96846,1.50206,4.0,0.8,1.2,2.0,0.82982,2.39814,15.0,1.5,0.8,0.8,0.96006,1.4122400000000002,4.0,0.6666666666666666,1.0,2.1666666666666665,0.8138666666666666,2.3282166666666666,1.2,0.8,1.1742000000000001,1.2353,1.0,3.6666666666666665,0.8565999999999999,3.0741,7.0,7.958333333333333,2,1,16.0,18.0,1.0,0.6666666666666666,6.0,4.0,0.554369682907966,0.554369682907966,0.6929621036349575,1.5014178912090743,0.0,0.0,0.0,0.0,2,1,1.7357,0.5023,1.0,H
cd6f2cea-394e-44c7-b5b6-0f4023a2bec4,9dbb5db2-48bd-461a-8cef-07a1344477e7,2025,7,7,2025-10-05T15:30:00+00:00,66a313d1-2e21-49ad-a1c7-6f04cae6be69,33d2f100-682f-4a5e-9aa3-5cc57e1e8571,Brentford FC,Manchester City FC,44,44,38,38,1.0,1.0,7.0,1.4,1.6,1.6,1.47296,1.41292,7.0,1.4,2.0,1.2,1.9445999999999999,1.24722,14.0,1.4,1.7,1.8,1.8000699999999998,1.33978,20.0,2.0,2.0,0.7,1.85231,1.0695000000000001,2.4,1.8,2.2220199999999997,1.34408,1.6,0.6,1.91994,1.16032,8.166666666666666,8.0625,1,2,16.0,9.0,1.1666666666666667,1.6666666666666667,7.0,10.0,1.1779320987654323,1.2472222222222222,1.3858024691358026,0.4850308641975309,2.0,0.0,0.5,3.5,0,1,0.6938,1.0965,1.0,A
8a2d2321-b935-4916-9a34-f5e1f3bb01ba,8533b354-5791-4fcd-ae32-c6e26a8745e2,2025,8,8,2025-10-18T11:30:00+00:00,5421e81a-b7dd-48b1-9982-42644e8dcf9f,1cb320b2-b42f-4131-8f5f-ef42e7f82540,Nottingham Forest FC,Chelsea FC,45,45,38,38,1.0,1.0,1.0,0.2,0.2,2.0,0.7197,2.40348,7.0,1.4,1.6,1.6,1.38438,1.5582,9.0,0.9,0.9,1.6,1.21807,1.7833200000000002,17.0,1.7,1.5,1.1,1.54906,1.33917,1.0,1.6,1.4482,1.6081800000000002,1.8,1.4,1.42618,1.34978,12.9375,13.791666666666666,1,1,17.0,7.0,0.7142857142857143,1.5714285714285714,5.0,11.0,0.6245181187355436,1.1102544333076332,1.040863531225906,0.7632999228989978,2.0,0.0,0.5,1.5,0,3,2.0555,2.5583,1.0,A
3dc38246-63c1-4bb6-8906-3a948be760f0,5e5a77b7-b7b0-4dd5-834f-830693867584,2025,8,8,2025-10-18T14:00:00+00:00,db14882b-951f-4db5-860b-4ca2b8583311,c4045d6d-a715-4821-a800-cd9b505ad54b,Brighton & Hove Albion FC,Newcastle United FC,45,45,38,38,1.0,1.0,8.0,1.6,1.8,1.4,1.62098,1.43276,8.0,1.6,0.8,0.4,1.24112,0.80242,18.0,1.8,1.9,1.3,1.83365,1.55196,12.0,1.2,0.8,0.7,1.46457,0.7856099999999999,1.8,1.4,1.58384,1.7863399999999998,0.2,0.4,1.14846,0.67882,13.041666666666666,13.041666666666666,1,1,12.0,11.0,1.2857142857142858,1.2857142857142858,9.0,9.0,1.3183076923076924,0.902,0.5550769230769231,0.4856923076923077,2.0,0.5,0.5,1.5,2,1,0.8571,1.2831,1.0,H
a91323bb-bbff-4c46-bd22-94d3f4cbfd12,5cfb18fe-f26c-4754-bf8c-1cb1536e9a7a,2025,8,8,2025-10-18T14:00:00+00:00,74bd08fa-27db-4bb0-8490-f57f6ed6b8e9,6601a105-9986-4276-89bf-143cdf03198a,Crystal Palace FC,AFC Bournemouth,45,45,38,38,1.0,1.0,10.0,2.0,1.6,0.8,2.4804000000000004,1.4533999999999998,11.0,2.2,1.6,0.8,1.30152,0.76798,19.0,1.9,1.6,0.8,2.1622399999999997,1.4121700000000001,17.0,1.7,1.4,1.2,1.4574399999999998,0.94217,1.6,1.0,2.08362,1.3702999999999999,1.6,2.0,1.42664,1.64014,13.041666666666666,14.791666666666666,1,0,7.0,5.0,1.7142857142857142,2.0,12.0,14.0,1.1100537221795856,0.5550268610897928,0.9712970069071373,0.8325402916346891,2.0,0.0,1.0,0.0,3,3,4.5628,2.0471,1.0,D
d2479f9d-18aa-445c-a05b-82fb0842000d,4f33fec0-42be-4a52-b5a9-c5ddd0d168dd,2025,8,8,2025-10-18T14:00:00+00:00,2d3435a0-e4e8-4097-a60c-2a0f92c3fede,fe8b4d06-9254-4fc8-a08f-90f242e51751,Burnley FC,Leeds United FC,7,7,0,0,0.0,0.0,1.0,0.2,1.0,2.4,0.72952,2.52102,5.0,1.0,1.2,1.2,1.0985,0.9516,4.0,0.5714285714285714,1.0,2.142857142857143,0.7693571428571427,2.2435714285714288,8.0,1.1428571428571428,1.0,1.5714285714285714,1.1472142857142857,1.1671285714285715,1.0,0.6666666666666666,0.7711333333333333,1.5823333333333334,1.0,2.3333333333333335,0.4814,1.8145,13.041666666666666,14.104166666666666,1,0,18.0,15.0,0.5714285714285714,1.1428571428571428,4.0,8.0,0.692131398013751,1.4831387100294664,0.692131398013751,1.0876350540216086,0.0,0.0,0.0,0.0,2,0,0.5096,2.3315,1.0,H
e28d5512-c458-428b-9fde-a28b26f71372,423186cc-3b06-47cd-a02f-e53ce9aa20b0,2025,8,8,2025-10-18T14:00:00+00:00,33d2f100-682f-4a5e-9aa3-5cc57e1e8571,60cb8be0-9c1e-4019-8b60-fd9ac2aa9f2d,Manchester City FC,Everton FC,45,45,38,38,1.0,1.0,10.0,2.0,2.2,0.8,1.9143999999999999,1.12994,8.0,1.6,1.4,1.2,1.5401,1.0626000000000002,20.0,2.0,2.0,0.7,1.8760100000000002,1.07663,20.0,2.0,1.5,0.8,1.5252700000000001,1.31972,2.4,0.8,1.7846800000000003,0.97868,1.6,1.2,1.16648,1.3508,12.9375,13.041666666666666,1,1,6.0,9.0,1.8571428571428572,1.5714285714285714,13.0,11.0,1.3852021357742181,0.4848207475209763,1.0389016018306636,0.5540808543096873,2.0,0.5,0.5,2.0,2,0,2.4799,0.7946,1.0,H
66486479-e7f2-45b9-9758-a10176a03ee0,7c5a99c6-5443-443a-b52d-a0217255eead,2025,8,8,2025-10-18T14:00:00+00:00,076f94c9-341e-4294-a86a-076741505170,fbffa344-2426-4b4b-9886-b8cd56ec69a1,Sunderland AFC,Wolverhampton Wanderers FC,7,45,0,38,0.0,1.0,8.0,1.6,0.8,0.8,1.12246,1.49872,2.0,0.4,1.0,1.8,0.8828400000000001,1.17942,11.0,1.5714285714285714,1.0,0.8571428571428571,1.0654285714285714,1.2937571428571428,3.0,0.3,0.8,2.1,0.85788,1.50497,2.0,0.6666666666666666,1.078,0.9814333333333334,0.6,1.6,0.79204,1.26784,14.0,13.041666666666666,1,1,9.0,20.0,1.5714285714285714,0.2857142857142857,11.0,2.0,0.6930693069306931,0.594059405940594,0.5544554455445545,1.4554455445544556,0.0,0.0,0.0,0.0,2,0,1.0248,0.6763,1.0,H
872c3d56-a36a-4874-989d-af0eecd0529b,84decd9b-9fec-407b-babb-eb91874cc747,2025,8,8,2025-10-18T16:30:00+00:00,b552a1a6-4302-43ca-884c-0f91ac4f984b,ead1bc2e-8799-410a-a809-66a274bbab2c,Fulham FC,Arsenal FC,45,45,38,38,1.0,1.0,6.0,1.2,1.2,1.8,1.03926,1.3579599999999998,10.0,2.0,1.6,0.6,1.843,0.7004400000000001,11.0,1.1,1.2,1.8,1.27966,1.59916,23.0,2.3,1.9,0.6,1.9037700000000002,1.06267,1.2,1.4,1.5488199999999999,1.39764,1.4,1.0,1.69634,1.1885400000000002,14.895833333333334,14.104166666666666,0,0,14.0,2.0,1.1428571428571428,2.2857142857142856,8.0,16.0,0.8322433460076046,1.248365019011407,1.3177186311787072,0.4161216730038023,2.0,0.0,0.5,2.5,0,1,0.5023,2.0782,1.0,A
c7c8455b-fc66-4aaa-b06e-a105e74bdf21,38bed38e-a175-4ace-a23b-2a7292c3c3da,2025,8,8,2025-10-19T13:00:00+00:00,c23d6b7a-dfaf-44a3-b016-1feb2dddec44,f8f456e7-3e20-4803-ba4e-b1762a31812c,Tottenham Hotspur FC,Aston Villa FC,45,45,38,38,1.0,1.0,8.0,1.6,1.6,1.0,0.87668,1.3916,8.0,1.6,1.2,1.2,1.12022,1.3766,14.0,1.4,1.4,1.3,1.08247,1.77319,15.0,1.5,0.9,0.9,1.00462,1.39219,1.0,1.6,1.1255,2.22308,0.4,0.8,0.74592,1.58918,15.0625,14.0,0,1,5.0,13.0,2.0,1.2857142857142858,14.0,9.0,0.9723404255319148,0.902887537993921,0.6250759878419453,0.6250759878419453,2.0,0.5,0.0,3.5,1,2,1.5146,0.3522,1.0,A
5a951674-a2d4-47da-af0a-ab564c03feb6,493e062c-e4be-490d-be48-f0f869d8cb23,2025,8,8,2025-10-19T15:30:00+00:00,54ed0f97-ad19-421c-a5c2-9b9d3fcbc72d,48fc005c-cbfc-4e4d-b7f1-459dce6cf940,Liverpool FC,Manchester United FC,45,45,38,38,1.0,1.0,9.0,1.8,1.2,1.0,1.8999200000000003,1.2291,9.0,1.8,1.6,1.8,2.21042,1.47754,17.0,1.7,1.8,1.5,2.02093,1.5462200000000001,13.0,1.3,1.1,1.4,1.9587700000000001,1.41622,2.0,1.2,1.70824,1.2765,1.0,2.4,1.35458,2.2641999999999998,14.958333333333334,15.0625,0,0,3.0,12.0,2.142857142857143,1.4285714285714286,15.0,10.0,1.2500379075056862,1.0416982562547383,0.7639120545868082,0.9722517058377558,2.0,0.5,0.5,3.5,1,2,2.6097,2.5312,1.0,A
a1c75d24-0cc6-478f-b030-0e9e45a275e5,c8afea93-cb6b-4e32-b744-d89b24db7efb,2025,8,8,2025-10-20T19:00:00+00:00,21ec0474-e758-4563-97a9-912aab00b4f5,66a313d1-2e21-49ad-a1c7-6f04cae6be69,West Ham United FC,Brentford FC,45,45,38,38,1.0,1.0,4.0,0.8,1.0,1.6,1.02718,1.7067799999999997,4.0,0.8,1.4,1.8,1.3858000000000001,1.43684,10.0,1.0,1.2,1.9,1.06512,1.8561900000000002,11.0,1.1,1.3,1.6,1.51071,1.33603,0.8,2.6,0.8480800000000001,2.15886,1.0,1.8,1.37812,1.33548,16.208333333333332,15.145833333333334,0,0,19.0,16.0,0.5714285714285714,1.0,4.0,7.0,0.8332829046898639,1.3193645990922844,0.9027231467473525,1.1110438729198187,2.0,0.0,0.5,1.5,0,2,0.2603,3.4664,1.0,A
f4b77422-a15d-436b-823c-7a56c4d23f0d,b8a7d000-ccf7-4f6d-80ad-93a1f6c6e158,2025,9,9,2025-10-24T19:00:00+00:00,fe8b4d06-9254-4fc8-a08f-90f242e51751,21ec0474-e758-4563-97a9-912aab00b4f5,Leeds United FC,West Ham United FC,8,46,0,38,0.0,1.0,4.0,0.8,1.2,1.6,1.42934,0.9928000000000001,1.0,0.2,0.4,2.0,0.63204,2.25686,8.0,1.0,0.875,1.625,1.29525,1.0849375,7.0,0.7,1.0,2.1,0.8751599999999999,1.9715399999999998,1.0,1.0,1.646575,0.6816,1.4,1.4,1.0805200000000001,1.26034,6.208333333333333,4.0,1,1,16.0,19.0,1.0,0.5,8.0,4.0,0.6080060422960726,1.129154078549849,0.6948640483383687,1.4592145015105742,0.0,0.0,0.0,0.0,2,1,2.2214,0.4987,1.0,H
58be41c3-b83d-4a67-a955-e147fb755872,f58d370c-eaac-4e49-a28e-885e9aa634ee,2025,9,9,2025-10-25T14:00:00+00:00,1cb320b2-b42f-4131-8f5f-ef42e7f82540,076f94c9-341e-4294-a86a-076741505170,Chelsea FC,Sunderland AFC,46,8,38,0,1.0,0.0,7.0,1.4,1.8,1.6,1.4095600000000001,1.82206,8.0,1.6,0.8,0.6,1.01316,1.3447799999999999,20.0,2.0,1.8,0.9,1.74025,1.3776899999999999,14.0,1.75,1.125,0.75,1.06035,1.216575,1.2,0.8,1.67194,1.32856,0.25,1.0,1.056,1.528,7.104166666666667,7.0,1,1,5.0,7.0,1.75,1.75,14.0,14.0,1.250640542577242,0.625320271288621,0.7816503391107762,0.5211002260738508,0.0,0.0,0.0,0.0,1,2,1.2133,1.5506,1.0,A
64481c18-3d1d-4b83-966a-bfd3624d60a9,79dc44f6-9f1e-4397-a0cf-3fa18952b226,2025,9,9,2025-10-25T14:00:00+00:00,c4045d6d-a715-4821-a800-cd9b505ad54b,b552a1a6-4302-43ca-884c-0f91ac4f984b,Newcastle United FC,Fulham FC,46,46,38,38,1.0,1.0,7.0,1.4,1.0,0.8,1.43702,0.8383800000000001,6.0,1.2,1.2,1.6,0.9924799999999999,1.28712,9.0,0.9,0.7,0.9,1.42585,0.8066800000000001,11.0,1.1,1.1,1.6,1.20902,1.67438,1.2,1.2,1.77418,0.9007,1.2,2.2,1.0105,1.8006799999999998,7.0,6.895833333333333,1,1,15.0,16.0,1.125,1.0,9.0,8.0,0.48631578947368415,0.6252631578947369,0.7642105263157896,1.111578947368421,2.0,0.0,0.0,3.5,2,1,2.7681,1.52,1.0,H
b3ee5dfe-7a23-4a14-a12f-73d56c6a6fc5,5c0a1dec-7f15-4e84-94a0-4463a66636e4,2025,9,9,2025-10-25T16:30:00+00:00,48fc005c-cbfc-4e4d-b7f1-459dce6cf940,db14882b-951f-4db5-860b-4ca2b8583311,Manchester United FC,Brighton & Hove Albion FC,46,46,38,38,1.0,1.0,9.0,1.8,1.4,1.6,1.91218,1.7342400000000002,8.0,1.6,1.8,1.4,1.35068,1.26254,16.0,1.6,1.3,1.3,1.9806000000000001,1.4612,18.0,1.8,1.9,1.4,1.7781100000000003,1.60687,1.8,0.8,2.32718,0.8537399999999999,1.8,1.4,1.9385400000000002,1.49834,6.041666666666667,7.104166666666667,1,1,9.0,10.0,1.625,1.5,13.0,12.0,0.9030757689422355,0.9030757689422355,1.319879969992498,0.9725431357839459,2.0,0.0,0.0,3.5,4,2,1.9623,0.9472,1.0,H
cd3e4db1-c8fe-410a-a8f5-04f797d09a31,b78d664c-e5ee-4847-a0e1-6625dde0b046,2025,9,9,2025-10-25T19:00:00+00:00,66a313d1-2e21-49ad-a1c7-6f04cae6be69,54ed0f97-ad19-421c-a5c2-9b9d3fcbc72d,Brentford FC,Liverpool FC,46,46,38,38,1.0,1.0,7.0,1.4,1.6,1.4,1.7898800000000001,1.17464,6.0,1.2,1.2,1.4,2.32558,1.6382,11.0,1.1,1.4,1.6,1.72527,1.29032,16.0,1.6,1.7,1.5,2.00722,1.58054,1.6,1.4,1.6433,1.33658,1.6,1.8,2.3336200000000002,1.81594,5.0,6.145833333333333,1,1,15.0,5.0,1.25,1.875,10.0,15.0,0.9702763256161314,1.108887229275579,1.1781926811053025,1.0395817774458551,2.0,0.0,0.0,2.0,3,2,3.2713,2.1184,1.0,H
244c39ff-d9f4-4cf7-8600-305df18ad326,1f4e1baf-2959-4710-8b7e-7913769c25fe,2025,9,9,2025-10-26T14:00:00+00:00,f8f456e7-3e20-4803-ba4e-b1762a31812c,33d2f100-682f-4a5e-9aa3-5cc57e1e8571,Aston Villa FC,Manchester City FC,46,46,38,38,1.0,1.0,11.0,2.2,1.6,0.8,0.94948,1.1601,13.0,2.6,2.4,0.4,1.98354,0.8471399999999999,15.0,1.5,1.0,1.0,0.92746,1.44138,22.0,2.2,2.2,0.7,1.96554,1.14239,1.4,1.0,1.26332,1.1952,1.8,0.6,1.82232,1.27168,7.041666666666667,8.0,1,1,12.0,3.0,1.5,2.0,12.0,16.0,0.6919642857142858,0.6919642857142858,1.5223214285714288,0.484375,2.0,0.5,0.0,3.0,1,0,0.8439,1.3691,1.0,H
6c684f52-0e9e-4191-9855-f5a93c0b07a3,25b2b1b2-5bee-4996-9b9a-20038f17346d,2025,9,9,2025-10-26T14:00:00+00:00,ead1bc2e-8799-410a-a809-66a274bbab2c,74bd08fa-27db-4bb0-8490-f57f6ed6b8e9,Arsenal FC,Crystal Palace FC,46,46,38,38,1.0,1.0,13.0,2.6,1.8,0.4,2.1614999999999998,0.70462,8.0,1.6,1.6,1.4,2.87354,1.62164,25.0,2.5,1.8,0.4,1.8927900000000002,0.8382200000000001,17.0,1.7,1.7,1.1,2.21997,1.5362,2.4,0.2,2.1111999999999997,0.9368000000000001,1.4,0.8,1.9118400000000002,1.42004,7.895833333333333,8.0,1,1,1.0,10.0,2.375,1.625,19.0,13.0,1.24728624535316,0.27717472118959113,1.177992565055762,0.7622304832713755,2.0,0.5,0.5,5.0,1,0,0.8562,0.3505,1.0,H
11d9ed10-8239-4c54-9548-950de9f78373,0af07426-fba8-4dc7-b241-d0d6af5cb906,2025,9,9,2025-10-26T14:00:00+00:00,fbffa344-2426-4b4b-9886-b8cd56ec69a1,2d3435a0-e4e8-4097-a60c-2a0f92c3fede,Wolverhampton Wanderers FC,Burnley FC,46,8,38,0,1.0,0.0,2.0,0.4,0.6,1.6,0.82944,0.9767999999999999,4.0,0.8,1.0,1.8,0.5662,2.18284,3.0,0.3,0.8,2.1,0.85211,1.4662,7.0,0.875,1.125,1.875,0.7368875,2.2545625,1.0,2.4,0.9014200000000001,1.6315000000000002,1.0,3.25,0.768025,2.7395,8.0,8.0,1,1,20.0,17.0,0.25,0.875,2.0,7.0,0.5551263001485884,1.4572065378900447,0.7806463595839525,1.3010772659732541,0.0,0.0,0.0,0.0,2,3,2.5813,1.5454,1.0,A
25d775e1-866e-4a85-8222-d5240d429a00,e811eeae-118c-4131-a8b9-178635ad8c6d,2025,9,9,2025-10-26T14:00:00+00:00,6601a105-9986-4276-89bf-143cdf03198a,5421e81a-b7dd-48b1-9982-42644e8dcf9f,AFC Bournemouth,Nottingham Forest FC,46,46,38,38,1.0,1.0,9.0,1.8,2.0,1.4,1.2869199999999998,1.6463999999999999,1.0,0.2,0.2,2.0,0.9875999999999999,2.46794,18.0,1.8,1.7,1.4,1.55988,1.28607,8.0,0.8,0.7,1.7,1.24671,1.9162,1.6,0.4,1.5672599999999999,0.4304,0.8,1.6,0.98794,1.95846,8.0,8.104166666666666,1,1,5.0,18.0,1.875,0.625,15.0,5.0,1.1777942264988897,0.9699481865284973,0.4849740932642487,1.1777942264988897,2.0,0.5,0.5,3.5,2,0,0.6566,0.3055,1.0,H
9b026664-2731-4fea-b5cb-70ba2e50a49f,0c3454d5-15c7-4cd4-a6cb-55c266544971,2025,9,9,2025-10-26T16:30:00+00:00,60cb8be0-9c1e-4019-8b60-fd9ac2aa9f2d,c23d6b7a-dfaf-44a3-b016-1feb2dddec44,Everton FC,Tottenham Hotspur FC,46,46,38,38,1.0,1.0,5.0,1.0,0.8,1.2,1.2914400000000001,1.36992,8.0,1.6,1.8,1.2,1.14546,1.03802,17.0,1.7,1.2,0.9,1.47213,1.4468400000000001,14.0,1.4,1.5,1.3,1.15325,1.40986,1.4,0.4,1.8840599999999998,1.28864,1.8,1.0,1.0394400000000001,1.3233000000000001,8.104166666666666,7.145833333333333,1,1,14.0,8.0,1.375,1.75,11.0,14.0,0.8319290465631929,0.6239467849223947,1.0399113082039912,0.9012564671101256,2.0,0.5,0.0,4.5,0,3,1.4032,2.0933,1.0,A
a4098ba7-ec0b-4383-9e8b-865e6042a4ad,66f32d60-cda7-4be6-97e9-ff870e9b0276,2025,10,10,2025-11-01T15:00:00+00:00,74bd08fa-27db-4bb0-8490-f57f6ed6b8e9,66a313d1-2e21-49ad-a1c7-6f04cae6be69,Crystal Palace FC,Brentford FC,47,47,38,38,1.0,1.0,7.0,1.4,1.6,1.6,2.59202,1.7220599999999997,9.0,1.8,1.8,1.4,2.20908,1.44712,14.0,1.4,1.3,1.0,2.08657,1.4789299999999999,14.0,1.4,1.5,1.5,1.8093499999999998,1.34042,2.0,1.4,2.5281,1.6523599999999998,1.2,1.8,1.8072400000000002,1.24406,6.041666666666667,6.833333333333333,1,2,10.0,11.0,1.4444444444444444,1.4444444444444444,13.0,13.0,0.9011799410029498,0.6932153392330384,1.0398230088495575,1.0398230088495575,2.0,0.0,0.0,3.0,2,0,0.7346,0.8205,1.0,H
eb1ef229-a892-4d2a-8f91-2c1a42fb27b3,97b2dd7e-38c3-4efa-8737-c86b6f4b828a,2025,10,10,2025-11-01T15:00:00+00:00,2d3435a0-e4e8-4097-a60c-2a0f92c3fede,ead1bc2e-8799-410a-a809-66a274bbab2c,Burnley FC,Arsenal FC,9,47,0,38,0.0,1.0,7.0,1.4,1.6,2.0,0.84168,2.14012,13.0,2.6,1.4,0.4,1.7564,0.71598,10.0,1.1111111111111112,1.3333333333333333,1.8888888888888888,0.8267222222222222,2.2908666666666666,25.0,2.5,1.8,0.4,1.8624500000000002,0.64864,1.25,0.5,0.70575,1.769625,1.2,0.6,1.67438,0.73964,6.041666666666667,6.041666666666667,1,2,16.0,1.0,1.1111111111111112,2.4444444444444446,10.0,22.0,0.9248895434462445,1.3102601865488464,1.24860088365243,0.27746686303387336,0.0,0.0,0.0,0.0,0,2,0.6792,2.5165,1.0,A
58803772-87fd-46ef-9ab5-d4e9ad317d99,4a69c3d8-725f-4e6d-8159-78368ca1998d,2025,10,10,2025-11-01T15:00:00+00:00,b552a1a6-4302-43ca-884c-0f91ac4f984b,fbffa344-2426-4b4b-9886-b8cd56ec69a1,Fulham FC,Wolverhampton Wanderers FC,47,47,38,38,1.0,1.0,3.0,0.6,1.2,2.0,1.06852,1.67466,2.0,0.4,1.0,2.0,1.2705199999999999,1.0474999999999999,8.0,0.8,0.9,1.6,1.19928,1.7081399999999998,3.0,0.3,0.8,2.0,0.96735,1.45229,1.0,1.0,1.40754,1.5480800000000001,0.6,1.8,0.8028000000000001,1.3009,7.041666666666667,6.041666666666667,2,1,17.0,20.0,0.8888888888888888,0.2222222222222222,8.0,2.0,0.6247058823529412,1.1105882352941177,0.5552941176470588,1.388235294117647,2.0,0.5,0.0,4.0,3,0,1.9121,0.2099,1.0,H
9ec136e3-2ec8-4e4c-a287-0d0ec7f07480,ac4e9930-aa98-4a74-9f88-fd8f54a9c708,2025,10,10,2025-11-01T15:00:00+00:00,5421e81a-b7dd-48b1-9982-42644e8dcf9f,48fc005c-cbfc-4e4d-b7f1-459dce6cf940,Nottingham Forest FC,Manchester United FC,47,47,38,38,1.0,1.0,1.0,0.2,0.2,1.8,0.98996,2.02292,12.0,2.4,2.2,1.4,2.0008,1.5242200000000001,5.0,0.5,0.5,1.8,1.0625,1.8968099999999999,19.0,1.9,1.7,1.4,2.1430700000000003,1.42635,0.6,1.8,1.50548,1.87394,0.8,1.8,1.63402,2.0686600000000004,6.041666666666667,6.9375,1,2,18.0,7.0,0.5555555555555556,1.7777777777777777,5.0,16.0,0.34702861335289803,1.2493030080704328,1.1798972853998533,0.9716801173881144,2.0,1.0,0.0,3.0,2,2,1.5507,0.9162,1.0,D
fa1305d7-fd3b-4931-8d29-31375f535545,ce63006f-4e08-48dc-af2e-4549ff31f8cf,2025,10,10,2025-11-01T15:00:00+00:00,db14882b-951f-4db5-860b-4ca2b8583311,fe8b4d06-9254-4fc8-a08f-90f242e51751,Brighton & Hove Albion FC,Leeds United FC,47,9,38,0,1.0,0.0,8.0,1.6,2.0,1.8,1.4151399999999998,1.36662,7.0,1.4,1.6,1.6,1.7075399999999998,0.8645799999999999,15.0,1.5,1.8,1.6,1.65504,1.4966,11.0,1.2222222222222223,1.0,1.5555555555555556,1.3981555555555556,1.0198,2.0,1.4,1.61768,1.7154,0.75,2.25,0.943925,1.488275,6.9375,7.833333333333333,1,1,13.0,16.0,1.3333333333333333,1.2222222222222223,12.0,11.0,1.2482809070958303,1.109583028529627,0.6934893928310168,1.0787612777371374,0.0,0.0,0.0,0.0,3,0,2.6413,0.3592,1.0,H
0fe66e7b-3881-4e63-bb87-ad22c0d6efba,ac2b2e65-af86-43aa-947d-011ce025abf3,2025,10,10,2025-11-01T17:30:00+00:00,c23d6b7a-dfaf-44a3-b016-1feb2dddec44,1cb320b2-b42f-4131-8f5f-ef42e7f82540,Tottenham Hotspur FC,Chelsea FC,47,47,38,38,1.0,1.0,8.0,1.6,1.8,1.2,1.26132,1.1600199999999998,6.0,1.2,1.6,1.6,1.50102,1.89712,17.0,1.7,1.8,1.1,1.3102800000000001,1.38112,17.0,1.7,1.8,1.1,1.73201,1.49899,1.2,1.6,1.26706,1.49642,2.4,1.0,1.80856,1.42682,6.041666666666667,7.145833333333333,2,1,3.0,11.0,1.8888888888888888,1.5555555555555556,17.0,14.0,1.2481751824817517,0.7627737226277372,1.2481751824817517,0.7627737226277372,2.0,0.0,0.0,4.0,0,1,0.147,3.3425,1.0,A
ddc4fddc-abb0-45e5-8325-9a764c760ca7,150605d6-87ee-4a22-8b39-bf20bc4fa3e5,2025,10,10,2025-11-01T20:00:00+00:00,54ed0f97-ad19-421c-a5c2-9b9d3fcbc72d,f8f456e7-3e20-4803-ba4e-b1762a31812c,Liverpool FC,Aston Villa FC,47,47,38,38,1.0,1.0,3.0,0.6,1.4,2.0,2.19028,2.25886,13.0,2.6,1.8,0.8,1.0474,1.05538,16.0,1.6,1.7,1.5,1.9125599999999998,1.68988,15.0,1.5,0.9,1.0,0.8427899999999999,1.52599,1.8,1.2,1.68082,1.34514,0.6,1.0,0.5916,1.68756,7.041666666666667,6.25,2,2,10.0,11.0,1.6666666666666667,1.6666666666666667,15.0,15.0,1.1804522246535376,1.0415754923413567,0.624945295404814,0.6943836615609045,2.0,0.5,0.5,3.0,2,0,1.4702,0.435,1.0,H
c7958784-9005-4b52-8445-c599fdb1d0f0,3c31b96b-72bb-42ec-9d01-e8293fe7271c,2025,10,10,2025-11-02T14:00:00+00:00,21ec0474-e758-4563-97a9-912aab00b4f5,c4045d6d-a715-4821-a800-cd9b505ad54b,West Ham United FC,Newcastle United FC,47,47,38,38,1.0,1.0,1.0,0.2,0.6,1.8,0.57314,2.39834,7.0,1.4,1.2,1.0,1.7522600000000002,1.0672000000000001,7.0,0.7,1.0,2.1,0.8399800000000001,1.97892,12.0,1.2,0.9,0.9,1.47803,0.8427199999999999,0.6,2.8,0.6698000000000001,2.68274,0.2,0.6,1.07752,0.71266,8.791666666666666,8.0,2,1,19.0,13.0,0.4444444444444444,1.3333333333333333,4.0,12.0,0.6948288419519301,1.4591405680990532,0.6253459577567371,0.6253459577567371,2.0,0.5,0.0,1.5,3,1,1.4138,0.5236,1.0,H
c7e1bd69-9d42-41bd-a988-0741432c2ffa,c0228801-c51b-413b-89fb-ef4c51891970,2025,10,10,2025-11-02T16:30:00+00:00,33d2f100-682f-4a5e-9aa3-5cc57e1e8571,6601a105-9986-4276-89bf-143cdf03198a,Manchester City FC,AFC Bournemouth,47,47,38,38,1.0,1.0,10.0,2.0,1.8,0.6,1.8579,0.71208,9.0,1.8,2.0,1.2,1.12986,1.5825200000000001,19.0,1.9,1.9,0.7,1.9426700000000001,1.13058,21.0,2.1,1.8,1.1,1.52934,1.15684,2.6,0.8,2.10876,1.0131000000000001,1.8,2.4,1.5524999999999998,2.14174,7.104166666666667,7.104166666666667,1,1,8.0,2.0,1.7777777777777777,2.0,16.0,18.0,1.3190994916485113,0.4859840232389252,1.249673202614379,0.763689179375454,2.0,0.5,0.0,3.5,3,1,2.49,0.8998,1.0,H
0597a3a6-86a1-43e5-a26b-82e2421cacae,2aa613a7-21d6-40c4-8e8a-d49f240899ee,2025,10,10,2025-11-03T20:00:00+00:00,076f94c9-341e-4294-a86a-076741505170,60cb8be0-9c1e-4019-8b60-fd9ac2aa9f2d,Sunderland AFC,Everton FC,9,47,0,38,0.0,1.0,10.0,2.0,1.2,0.8,1.25246,1.23582,4.0,0.8,0.8,1.8,1.19354,1.7177200000000004,17.0,1.8888888888888888,1.2222222222222223,0.7777777777777778,1.1148222222222222,1.2162111111111111,14.0,1.4,1.0,1.2,1.34466,1.5511400000000002,2.0,0.5,1.0647,0.90515,1.0,1.4,1.0602,1.60504,9.25,8.145833333333334,1,1,7.0,15.0,1.8888888888888888,1.2222222222222223,17.0,11.0,0.8478558210636415,0.5395446134041355,0.6937002172338885,0.8324402606806661,0.0,0.0,0.0,0.0,1,1,1.1807,1.0074,1.0,D
e284e53a-879a-4540-85bc-5ed9cf06f2ce,0af5e49d-029f-4bf8-b126-a695c6a906a4,2025,11,11,2025-11-08T12:30:00+00:00,c23d6b7a-dfaf-44a3-b016-1feb2dddec44,48fc005c-cbfc-4e4d-b7f1-459dce6cf940,Tottenham Hotspur FC,Manchester United FC,48,48,38,38,1.0,1.0,7.0,1.4,1.4,1.0,1.05236,1.54758,10.0,2.0,2.2,1.6,1.91512,1.7404,17.0,1.7,1.7,0.8,1.13971,1.40375,17.0,1.7,1.7,1.6,1.9384299999999999,1.5479,1.0,1.0,0.92592,1.54168,1.2,2.0,1.7497399999999999,2.11966,6.791666666666667,6.895833333333333,2,2,6.0,8.0,1.7,1.7,17.0,17.0,1.1800433839479392,0.5553145336225597,1.1800433839479392,1.1106290672451193,2.0,1.0,0.0,2.0,2,2,1.3553,0.8203,1.0,D
cc1f475b-5f6d-4332-a669-63ab2d13b988,9349394a-4ca8-457f-884b-1fd440a7eb8a,2025,11,11,2025-11-08T15:00:00+00:00,60cb8be0-9c1e-4019-8b60-fd9ac2aa9f2d,b552a1a6-4302-43ca-884c-0f91ac4f984b,Everton FC,Fulham FC,48,48,38,38,1.0,1.0,5.0,1.0,0.8,1.6,1.25074,1.7415200000000002,3.0,0.6,1.2,1.8,1.14608,1.55132,12.0,1.2,1.0,1.3,1.33812,1.5533000000000001,11.0,1.1,1.2,1.4,1.16869,1.4832100000000001,1.0,1.0,1.62912,1.4972400000000001,0.8,2.2,0.99102,1.8681999999999999,4.791666666666667,7.0,2,1,14.0,15.0,1.2,1.1,12.0,11.0,0.6935832732516222,0.9016582552271089,0.8322999279019466,0.9710165825522711,2.0,0.5,0.5,3.0,2,0,2.3061,0.4245,1.0,H
582d09a8-aa48-4c8e-90fe-c61c7a23a204,810415df-3993-4dd8-8323-332b00f5a97d,2025,11,11,2025-11-08T15:00:00+00:00,21ec0474-e758-4563-97a9-912aab00b4f5,2d3435a0-e4e8-4097-a60c-2a0f92c3fede,West Ham United FC,Burnley FC,48,10,38,0,1.0,0.0,4.0,0.8,1.0,1.6,0.76262,2.03592,6.0,1.2,1.4,2.2,0.7492,2.4772600000000002,7.0,0.7,1.0,2.1,0.88462,1.94197,10.0,1.0,1.2,1.9,0.81197,2.31343,1.0,2.6,0.78246,2.35794,1.4,3.0,0.9235,2.70786,6.041666666666667,7.0,1,2,18.0,17.0,0.7,1.0,7.0,10.0,0.6940244780417567,1.4574514038876891,0.832829373650108,1.3186465082793375,0.0,0.0,0.0,0.0,3,2,2.9673,1.8748,1.0,H
393c8a6a-c3cc-4ead-8cd2-f47a891e75fe,cbe77c94-5963-43d1-a7b2-b7a52360d675,2025,11,11,2025-11-08T17:30:00+00:00,076f94c9-341e-4294-a86a-076741505170,ead1bc2e-8799-410a-a809-66a274bbab2c,Sunderland AFC,Arsenal FC,10,48,0,38,0.0,1.0,10.0,2.0,1.2,0.8,1.30094,1.24942,15.0,3.0,1.6,0.2,2.11598,0.6272800000000001,18.0,1.8,1.2,0.8,1.12141,1.19533,25.0,2.5,1.8,0.3,1.8733899999999999,0.65675,1.8,0.6,1.0878999999999999,0.9256,1.2,0.4,1.69626,0.75586,4.895833333333333,7.104166666666667,1,2,5.0,1.0,1.8,2.5,18.0,25.0,0.8315638450502151,0.5543758967001434,1.2473457675753228,0.20789096126255377,0.0,0.0,0.0,0.0,2,2,1.205,2.3294,1.0,D
26a2e5ec-6bfd-4026-9d09-3da0fb0ca1b9,2b425b6a-ada9-40c7-a3be-85b2796a9485,2025,11,11,2025-11-08T20:00:00+00:00,1cb320b2-b42f-4131-8f5f-ef42e7f82540,fbffa344-2426-4b4b-9886-b8cd56ec69a1,Chelsea FC,Wolverhampton Wanderers FC,48,48,38,38,1.0,1.0,9.0,1.8,1.6,1.2,2.0755600000000003,1.6576,2.0,0.4,0.8,2.0,0.9992800000000001,1.33852,17.0,1.7,1.8,1.1,1.93539,1.35568,2.0,0.2,0.7,2.2,0.87745,1.4463,1.2,1.2,1.6554600000000002,1.5711600000000001,0.2,1.6,0.5589999999999999,1.34642,7.104166666666667,7.208333333333333,1,2,8.0,20.0,1.7,0.2,17.0,2.0,1.2463519313304723,0.7616595135908442,0.48469241773962807,1.5233190271816883,2.0,1.0,0.0,6.0,3,0,3.9834,0.1115,1.0,H
3bee8fd1-e792-47c9-ac5b-c24dfeb5ff7a,f867951c-114c-43ff-a59a-fe4c82fdb8c4,2025,11,11,2025-11-09T14:00:00+00:00,74bd08fa-27db-4bb0-8490-f57f6ed6b8e9,db14882b-951f-4db5-860b-4ca2b8583311,Crystal Palace FC,Brighton & Hove Albion FC,48,48,38,38,1.0,1.0,7.0,1.4,1.6,1.4,2.2718,1.7928799999999998,10.0,2.0,2.2,1.4,1.66246,1.2001,16.0,1.6,1.4,0.9,2.01859,1.36886,15.0,1.5,1.7,1.5,1.6075500000000003,1.34725,1.6,1.0,2.33812,1.5306799999999998,1.4,2.0,1.50474,1.52026,7.958333333333333,7.958333333333333,2,1,9.0,10.0,1.6,1.5,16.0,15.0,0.9693076374018558,0.6231263383297645,1.1770164168451107,1.0385438972162742,2.0,1.0,0.0,3.5,0,0,0.8395,0.637,1.0,D
b0f13f12-bdb8-4a5e-b632-c6cf39b56924,4cd9b54f-7303-4aba-aeac-688efba47189,2025,11,11,2025-11-09T14:00:00+00:00,66a313d1-2e21-49ad-a1c7-6f04cae6be69,c4045d6d-a715-4821-a800-cd9b505ad54b,Brentford FC,Newcastle United FC,48,48,38,38,1.0,1.0,9.0,1.8,1.6,1.2,2.20786,1.28918,6.0,1.2,1.4,1.6,1.82626,1.23982,13.0,1.3,1.4,1.6,1.6942,1.3029899999999999,12.0,1.2,1.0,1.1,1.41448,0.87682,1.8,1.2,1.8114599999999998,1.43678,0.4,1.0,0.73298,0.7635,7.958333333333333,7.0,1,1,13.0,14.0,1.3,1.2,13.0,12.0,0.9713062098501071,1.110064239828694,0.6937901498929336,0.7631691648822271,2.0,0.5,0.0,4.5,3,1,2.7373,0.4323,1.0,H
0548048b-aa53-495c-ae61-264f44ba5e7f,8d1d9470-89d7-4a69-a202-15d48495bd37,2025,11,11,2025-11-09T14:00:00+00:00,5421e81a-b7dd-48b1-9982-42644e8dcf9f,fe8b4d06-9254-4fc8-a08f-90f242e51751,Nottingham Forest FC,Leeds United FC,48,10,38,0,1.0,0.0,1.0,0.2,0.4,2.0,1.13394,1.97784,4.0,0.8,1.0,2.0,1.68798,1.07962,6.0,0.6,0.7,1.9,1.0595599999999998,1.85756,11.0,1.1,0.9,1.7,1.29426,1.18195,1.0,2.0,1.4995999999999998,1.79544,0.6,2.4,0.82698,1.71888,7.958333333333333,7.958333333333333,2,1,19.0,16.0,0.6,1.1,6.0,11.0,0.4852669039145907,1.317153024911032,0.6239145907473309,1.1785053380782917,0.0,0.0,0.0,0.0,3,1,2.491,0.4195,1.0,H
578f80db-b0e3-41fb-b5b1-dc203ae1ba40,64d97863-2a34-4633-9080-46717192abdf,2025,11,11,2025-11-09T14:00:00+00:00,f8f456e7-3e20-4803-ba4e-b1762a31812c,6601a105-9986-4276-89bf-143cdf03198a,Aston Villa FC,AFC Bournemouth,48,48,38,38,1.0,1.0,12.0,2.4,1.6,1.0,0.9465199999999999,1.16176,8.0,1.6,2.2,1.8,1.19968,2.0498000000000003,15.0,1.5,0.9,1.0,0.8527699999999999,1.37675,18.0,1.8,1.7,1.4,1.34687,1.39017,1.2,1.0,1.09398,1.36442,1.8,2.4,1.54006,2.3201799999999997,7.75,6.895833333333333,2,2,13.0,7.0,1.5,1.8,15.0,18.0,0.6234208658623137,0.6926898509581264,1.1775727466288148,0.9697657913413769,2.0,0.5,0.5,1.5,4,0,1.8828,2.0099,1.0,H
27afc8f8-34d7-418c-aea3-cfbc516005ca,b90e1288-48ad-422b-95e5-518d318c60ea,2025,11,11,2025-11-09T16:30:00+00:00,33d2f100-682f-4a5e-9aa3-5cc57e1e8571,54ed0f97-ad19-421c-a5c2-9b9d3fcbc72d,Manchester City FC,Liverpool FC,48,48,38,38,1.0,1.0,12.0,2.4,2.2,0.6,2.13136,0.74832,3.0,0.6,1.4,1.8,2.27198,2.20158,19.0,1.9,2.0,0.8,1.9457499999999999,0.9987600000000001,18.0,1.8,1.8,1.4,1.8674600000000001,1.59194,2.6,0.8,2.2872,1.00066,1.6,1.8,2.1443000000000003,2.03462,7.0,7.854166666666667,1,1,3.0,6.0,1.9,1.8,19.0,18.0,1.384288747346072,0.5537154989384289,1.245859872611465,0.9690021231422504,2.0,0.0,0.0,2.0,3,0,1.5954,1.0281,1.0,H
c33465ee-3bce-4da9-a1aa-52b00780310f,3a39cbe0-9fd3-4758-8d0f-6c171e1bce51,2025,12,12,2025-11-22T12:30:00+00:00,2d3435a0-e4e8-4097-a60c-2a0f92c3fede,1cb320b2-b42f-4131-8f5f-ef42e7f82540,Burnley FC,Chelsea FC,11,49,0,38,0.0,1.0,6.0,1.2,1.6,1.8,1.02226,2.42646,12.0,2.4,2.0,0.6,2.46694,1.1848800000000002,10.0,1.0,1.4,1.9,0.9260400000000001,2.4123,19.0,1.9,2.1,1.1,2.19694,1.26342,1.0,0.8,0.7004400000000001,1.919,2.4,1.0,2.2153199999999997,1.1401999999999999,13.895833333333334,13.6875,1,1,17.0,3.0,0.9090909090909091,1.8181818181818181,10.0,20.0,0.9689265536723163,1.3149717514124293,1.4533898305084747,0.7612994350282486,0.0,0.0,0.0,0.0,0,2,0.6609,1.7209,1.0,A
d10f9ef5-6003-4aee-882c-c8ac4a74ec61,5cf687ec-6838-4ee4-940e-1bd00e45397c,2025,12,12,2025-11-22T15:00:00+00:00,6601a105-9986-4276-89bf-143cdf03198a,21ec0474-e758-4563-97a9-912aab00b4f5,AFC Bournemouth,West Ham United FC,49,49,38,38,1.0,1.0,7.0,1.4,1.8,2.2,1.3896000000000002,2.0169,6.0,1.2,1.4,1.8,1.20092,2.22894,18.0,1.8,1.5,1.4,1.39056,1.34544,10.0,1.0,1.3,2.0,1.12546,2.05701,1.6,0.4,1.15368,0.46016,1.0,1.6,0.9867800000000001,1.526,13.041666666666666,14.0,1,1,9.0,18.0,1.6363636363636365,0.9090909090909091,18.0,10.0,1.038787023977433,0.9695345557122708,0.9002820874471087,1.385049365303244,2.0,0.0,1.0,3.0,2,2,3.483,0.3908,1.0,D
fb12ba59-254e-4fa6-8d47-b21fda47e13f,5cac45a6-15d3-42d6-a09b-d45c409788bb,2025,12,12,2025-11-22T15:00:00+00:00,db14882b-951f-4db5-860b-4ca2b8583311,66a313d1-2e21-49ad-a1c7-6f04cae6be69,Brighton & Hove Albion FC,Brentford FC,49,49,38,38,1.0,1.0,8.0,1.6,1.6,1.2,1.29484,0.9626999999999999,9.0,1.8,1.6,1.2,2.19786,0.92842,15.0,1.5,1.6,1.4,1.5272400000000002,1.3409099999999998,16.0,1.6,1.6,1.4,1.83541,1.1706699999999999,2.0,1.0,1.71036,1.17424,1.0,2.0,1.57694,1.1692,13.041666666666666,13.041666666666666,1,1,11.0,12.0,1.4545454545454546,1.4545454545454546,16.0,16.0,1.107172995780591,0.9687763713080169,1.107172995780591,0.9687763713080169,2.0,0.0,0.5,3.0,2,1,0.9775,2.1998,1.0,H
533390f3-6c96-4a94-bbab-bcb9bf8b96f4,0494fac7-2f94-44c6-9c3d-c72d57a60dfa,2025,12,12,2025-11-22T15:00:00+00:00,b552a1a6-4302-43ca-884c-0f91ac4f984b,076f94c9-341e-4294-a86a-076741505170,Fulham FC,Sunderland AFC,49,11,38,0,1.0,0.0,3.0,0.6,1.0,1.6,1.04046,1.73938,8.0,1.6,1.4,1.2,1.15364,1.43124,10.0,1.0,1.1,1.5,1.12085,1.56981,16.0,1.6,1.1,1.0,1.16947,1.3723800000000002,1.6,0.6,1.34636,1.09822,0.6,1.0,1.1549200000000002,1.46506,14.0,13.895833333333334,1,1,15.0,4.0,1.0,1.7272727272727273,11.0,19.0,0.761122807017544,1.0378947368421054,0.761122807017544,0.6919298245614035,0.0,0.0,0.0,0.0,1,0,2.8373,0.2228,1.0,H
ba058938-bb76-463f-bf17-f456c8cfbeae,067ade23-0e7e-48be-94e1-a84a7460dda6,2025,12,12,2025-11-22T15:00:00+00:00,54ed0f97-ad19-421c-a5c2-9b9d3fcbc72d,5421e81a-b7dd-48b1-9982-42644e8dcf9f,Liverpool FC,Nottingham Forest FC,49,49,38,38,1.0,1.0,3.0,0.6,1.2,2.0,1.8572400000000002,1.81402,4.0,0.8,1.0,2.0,1.34808,1.67344,15.0,1.5,1.4,1.5,1.7372599999999998,1.5941800000000002,6.0,0.6,0.7,1.9,1.1331099999999998,1.7669900000000003,2.0,1.0,1.59062,1.14926,0.4,1.8,0.61952,1.91968,12.9375,13.041666666666666,1,1,10.0,19.0,1.6363636363636365,0.8181818181818182,18.0,9.0,0.9699859747545582,1.0392706872370268,0.4849929873772791,1.3164095371669005,2.0,0.0,0.5,1.5,0,3,1.7927,1.1946,1.0,A
77a88638-29a7-4654-9925-7bf5dc0be860,36516d84-6552-4dd5-92a6-67f8c14c67c5,2025,12,12,2025-11-22T15:00:00+00:00,fbffa344-2426-4b4b-9886-b8cd56ec69a1,74bd08fa-27db-4bb0-8490-f57f6ed6b8e9,Wolverhampton Wanderers FC,Crystal Palace FC,49,49,38,38,1.0,1.0,1.0,0.2,0.6,2.4,0.78968,1.97146,5.0,1.0,1.2,1.2,1.73306,1.29992,2.0,0.2,0.7,2.1,0.83666,1.61474,16.0,1.6,1.4,0.9,1.9991299999999999,1.2957699999999999,1.2,2.8,1.1959,1.54618,1.2,0.8,1.69906,1.20704,13.791666666666666,13.041666666666666,1,1,20.0,11.0,0.18181818181818182,1.5454545454545454,2.0,17.0,0.4849545136459062,1.4548635409377186,0.9699090272918124,0.6235129461161651,2.0,0.0,0.5,5.0,0,2,1.6641,1.4493,1.0,A
3d0c7a0b-5098-4325-ba46-7bc64a94d99b,283368c4-e1d0-4fa9-a812-0eeae0904d78,2025,12,12,2025-11-22T17:30:00+00:00,c4045d6d-a715-4821-a800-cd9b505ad54b,33d2f100-682f-4a5e-9aa3-5cc57e1e8571,Newcastle United FC,Manchester City FC,49,49,38,38,1.0,1.0,6.0,1.2,1.4,1.8,1.7647400000000002,1.37318,12.0,2.4,1.8,0.4,1.8061800000000001,0.85204,11.0,1.1,1.1,1.4,1.31761,1.11869,19.0,1.9,1.9,0.8,1.8753900000000001,1.04963,1.6,1.2,2.09598,0.99014,1.4,0.8,1.6042999999999998,0.9968600000000001,13.145833333333334,13.041666666666666,1,1,15.0,3.0,1.0909090909090908,2.0,12.0,22.0,0.762543675751223,0.9705101327742836,1.3171208944793849,0.5545772187281621,2.0,0.0,0.5,3.0,2,1,2.4056,2.4565,1.0,H
06bca806-2ff0-4d03-8a6a-923a4e252ba5,8d802a03-10ba-4e60-bc30-19aae5406da9,2025,12,12,2025-11-23T14:00:00+00:00,fe8b4d06-9254-4fc8-a08f-90f242e51751,f8f456e7-3e20-4803-ba4e-b1762a31812c,Leeds United FC,Aston Villa FC,11,49,0,38,0.0,1.0,3.0,0.6,0.8,2.2,1.36242,1.36576,12.0,2.4,1.8,0.8,1.04992,1.3732199999999999,8.0,0.8,0.9,2.0,1.09809,1.36362,17.0,1.7,1.3,1.0,1.00919,1.43764,1.2,1.0,1.76154,0.6450199999999999,0.6,1.0,0.61156,1.38908,14.0,14.0,1,1,18.0,9.0,1.0,1.6363636363636365,11.0,18.0,0.6238493723849372,1.3863319386331938,0.901115760111576,0.6931659693165969,0.0,0.0,0.0,0.0,1,2,1.8467,1.3598,1.0,A
6f2690b0-86ff-4d4a-aa74-ee3bd20b9769,efb34cd7-66a9-4eb5-941c-1e796860ed5b,2025,12,12,2025-11-23T16:30:00+00:00,ead1bc2e-8799-410a-a809-66a274bbab2c,c23d6b7a-dfaf-44a3-b016-1feb2dddec44,Arsenal FC,Tottenham Hotspur FC,49,49,38,38,1.0,1.0,13.0,2.6,1.6,0.4,2.1677600000000004,0.7203,7.0,1.4,1.6,1.2,1.15968,1.47974,23.0,2.3,1.9,0.5,1.97329,0.6396,15.0,1.5,1.6,1.0,1.07738,1.41237,2.4,0.2,2.0505199999999997,0.55764,2.4,0.6,1.3535,1.2658200000000002,14.958333333333334,15.166666666666666,0,0,1.0,9.0,2.3636363636363638,1.6363636363636365,26.0,18.0,1.3169102296450939,0.3465553235908142,1.1089770354906054,0.6931106471816284,2.0,1.0,0.0,2.0,4,1,2.2783,0.0301,1.0,H
d275cfa8-173e-4aaa-b5f3-e8ab482a3883,ea84dcce-3e54-4158-9eef-4028061fb347,2025,12,12,2025-11-24T20:00:00+00:00,48fc005c-cbfc-4e4d-b7f1-459dce6cf940,60cb8be0-9c1e-4019-8b60-fd9ac2aa9f2d,Manchester United FC,Everton FC,49,49,38,38,1.0,1.0,11.0,2.2,2.4,1.4,1.63196,1.4540000000000002,7.0,1.4,1.0,1.4,1.53002,1.6712600000000002,18.0,1.8,1.9,1.7,1.8828099999999999,1.55039,15.0,1.5,1.2,1.2,1.5013,1.3576300000000001,2.2,1.2,2.12712,0.97614,1.0,1.6,1.04712,1.6093600000000001,16.3125,16.208333333333332,0,0,10.0,13.0,1.6363636363636365,1.3636363636363635,18.0,15.0,1.3149791955617198,1.1765603328710124,0.830513176144244,0.830513176144244,2.0,0.5,0.5,4.0,0,1,2.2737,0.1551,1.0,A
efdfd3e9-a4c4-4c09-b030-eb2d224b2422,7df9e76f-68fb-4789-9340-f5ee040d2187,2025,13,13,2025-11-29T15:00:00+00:00,66a313d1-2e21-49ad-a1c7-6f04cae6be69,2d3435a0-e4e8-4097-a60c-2a0f92c3fede,Brentford FC,Burnley FC,50,12,38,0,1.0,0.0,9.0,1.8,1.8,1.4,2.49906,0.9046199999999999,6.0,1.2,1.4,1.8,1.05398,2.4234999999999998,13.0,1.3,1.6,1.6,1.9424299999999999,1.17073,7.0,0.7,1.2,2.1,0.89175,2.47226,2.2,1.4,2.133,1.3278599999999998,1.8,3.0,1.15164,2.9056,7.0,7.104166666666667,1,1,13.0,19.0,1.3333333333333333,0.8333333333333334,16.0,10.0,1.1088011088011087,1.1088011088011087,0.8316008316008315,1.4553014553014554,0.0,0.0,0.0,0.0,3,1,3.7211,0.874,1.0,H
7e9b8633-49d6-40ca-b936-df74eacf914a,d27beee2-314f-402c-b21e-a43be6480d45,2025,13,13,2025-11-29T15:00:00+00:00,33d2f100-682f-4a5e-9aa3-5cc57e1e8571,fe8b4d06-9254-4fc8-a08f-90f242e51751,Manchester City FC,Leeds United FC,50,12,38,0,1.0,0.0,9.0,1.8,1.8,0.8,2.07818,1.1944000000000001,3.0,0.6,0.8,2.2,1.43566,1.50008,19.0,1.9,2.0,0.8,1.9962900000000001,1.1621700000000001,8.0,0.8,1.0,1.7,1.26708,1.22584,3.2,0.4,2.35678,0.95024,0.8,2.0,0.8795200000000001,1.66956,6.895833333333333,6.041666666666667,1,1,3.0,18.0,1.8333333333333333,0.9166666666666666,22.0,11.0,1.3849343469246718,0.5539737387698687,0.6924671734623359,1.177194194885971,0.0,0.0,0.0,0.0,3,2,2.8529,1.7514,1.0,H
995fcbef-5b7a-4cef-8a26-bd1c974e33f7,53923a22-0d67-4cde-86d1-19178de564a4,2025,13,13,2025-11-29T15:00:00+00:00,076f94c9-341e-4294-a86a-076741505170,6601a105-9986-4276-89bf-143cdf03198a,Sunderland AFC,AFC Bournemouth,12,50,0,38,0.0,1.0,8.0,1.6,1.4,1.0,1.03678,1.61274,5.0,1.0,1.6,2.4,1.8192799999999998,1.92638,16.0,1.6,1.1,0.9,1.07962,1.55573,16.0,1.6,1.6,1.6,1.5604,1.34718,1.6,1.0,1.1840199999999999,1.2797,1.4,2.4,1.62744,2.2307200000000003,7.0,7.0,1,1,7.0,9.0,1.5833333333333333,1.5833333333333333,19.0,19.0,0.7606060606060606,0.6223140495867768,1.10633608815427,1.10633608815427,0.0,0.0,0.0,0.0,3,2,1.1696,1.7927,1.0,H
d5e874aa-3749-45f8-943e-3f69d11c168b,46afc944-12c9-419c-b5db-e180fc4f0493,2025,13,13,2025-11-29T17:30:00+00:00,60cb8be0-9c1e-4019-8b60-fd9ac2aa9f2d,c4045d6d-a715-4821-a800-cd9b505ad54b,Everton FC,Newcastle United FC,50,50,38,38,1.0,1.0,7.0,1.4,0.8,1.2,1.1332799999999998,1.69042,6.0,1.2,1.4,2.0,1.48254,1.79694,15.0,1.5,1.1,1.2,1.33669,1.3765100000000001,14.0,1.4,1.1,1.2,1.3618299999999999,1.29968,1.0,1.0,1.7300999999999997,1.16516,0.6,1.6,0.5392399999999999,1.2472400000000001,4.895833333333333,7.0,1,1,12.0,14.0,1.5,1.25,18.0,15.0,0.7595058339052849,0.8285518188057652,0.7595058339052849,0.8285518188057652,2.0,0.5,0.5,0.5,1,4,1.0113,2.4588,1.0,A
a36086a0-fc87-48de-9757-d10c2e619a08,e15d1717-5159-465c-b39e-bcebc9bb6f70,2025,13,13,2025-11-29T20:00:00+00:00,c23d6b7a-dfaf-44a3-b016-1feb2dddec44,b552a1a6-4302-43ca-884c-0f91ac4f984b,Tottenham Hotspur FC,Fulham FC,50,50,38,38,1.0,1.0,4.0,0.8,1.4,1.8,1.02806,1.6393,6.0,1.2,1.0,1.0,1.43924,1.51702,12.0,1.2,1.5,1.4,0.9523699999999999,1.51545,12.0,1.2,1.1,1.4,1.23925,1.43749,0.8,1.4,0.8012599999999999,1.55892,0.6,2.4,0.89534,2.0414,6.145833333333333,7.208333333333333,1,1,10.0,15.0,1.5,1.1666666666666667,18.0,14.0,1.0341997264021887,0.9652530779753762,0.7584131326949385,0.9652530779753762,2.0,0.0,0.5,2.0,1,2,1.044,0.4947,1.0,A
c7c715d9-2b2b-4edc-9931-ad65c2d6523f,3540d78a-ad16-455a-bc2b-280ff1db2ab1,2025,13,13,2025-11-30T12:00:00+00:00,74bd08fa-27db-4bb0-8490-f57f6ed6b8e9,48fc005c-cbfc-4e4d-b7f1-459dce6cf940,Crystal Palace FC,Manchester United FC,50,50,38,38,1.0,1.0,8.0,1.6,1.4,0.8,1.58734,1.20498,8.0,1.6,2.0,1.6,1.7007400000000001,1.3236,18.0,1.8,1.5,0.8,2.03387,1.32919,17.0,1.7,1.8,1.7,1.95558,1.40057,1.4,0.8,2.28564,1.3921,1.4,2.2,1.6046,2.06006,7.875,5.666666666666667,1,1,6.0,12.0,1.6666666666666667,1.5,20.0,18.0,1.0341296928327646,0.5515358361774745,1.2409556313993175,1.1720136518771331,2.0,0.5,0.5,1.0,1,2,2.1356,1.4777,1.0,A
aa2df4b2-c4c5-4482-ae62-7e25faae0205,160cda95-041d-4a60-8c26-b86cb1c30ae1,2025,13,13,2025-11-30T14:05:00+00:00,f8f456e7-3e20-4803-ba4e-b1762a31812c,fbffa344-2426-4b4b-9886-b8cd56ec69a1,Aston Villa FC,Wolverhampton Wanderers FC,50,50,38,38,1.0,1.0,12.0,2.4,1.8,0.8,0.9747399999999999,1.6421,0.0,0.0,0.4,2.6,1.04862,1.9829999999999999,20.0,2.0,1.5,1.0,1.04748,1.50935,2.0,0.2,0.7,2.2,0.96573,1.58121,2.0,1.0,1.40682,1.4862,0.2,2.0,0.5066200000000001,1.7861799999999999,7.003472222222222,7.961805555555555,1,1,5.0,20.0,1.75,0.16666666666666666,21.0,2.0,1.034059945504087,0.6893732970027248,0.4825613079019073,1.5166212534059946,2.0,0.5,0.0,3.0,1,0,1.1549,0.6926,1.0,H
e9bbed1d-fca1-48b9-9be3-430b49b2cd16,cab1e7f0-6634-407b-847a-9484cb858584,2025,13,13,2025-11-30T14:05:00+00:00,5421e81a-b7dd-48b1-9982-42644e8dcf9f,db14882b-951f-4db5-860b-4ca2b8583311,Nottingham Forest FC,Brighton & Hove Albion FC,50,50,38,38,1.0,1.0,7.0,1.4,1.6,1.6,1.51946,1.2686600000000001,10.0,2.0,1.8,1.2,1.21202,1.32878,8.0,0.8,0.9,1.8,1.11958,1.83607,18.0,1.8,1.8,1.3,1.4165,1.38077,1.0,2.0,1.6466999999999998,1.6143,1.4,1.6,1.21516,1.32792,7.961805555555555,7.961805555555555,1,1,16.0,8.0,1.0,1.5833333333333333,12.0,19.0,0.6212389380530974,1.2424778761061948,1.2424778761061948,0.8973451327433629,2.0,0.5,0.5,5.5,0,2,0.9603,2.0572,1.0,A
c0cdb4e1-b2cd-4416-9c11-ac2f7610804a,99e8d8b2-3f7e-41f8-9ea4-00bdecf48ece,2025,13,13,2025-11-30T14:05:00+00:00,21ec0474-e758-4563-97a9-912aab00b4f5,54ed0f97-ad19-421c-a5c2-9b9d3fcbc72d,West Ham United FC,Liverpool FC,50,50,38,38,1.0,1.0,7.0,1.4,1.8,1.8,1.10618,2.31384,3.0,0.6,1.0,2.2,1.80382,1.8054999999999999,11.0,1.1,1.4,1.7,1.06668,2.01031,12.0,1.2,1.1,1.6,1.85187,1.5173,1.4,2.0,1.1802,1.9429000000000003,1.0,2.0,2.2206,1.96102,7.961805555555555,7.961805555555555,1,1,17.0,13.0,0.9166666666666666,1.5,11.0,18.0,0.9669612508497619,1.174167233174711,0.759755268524813,1.105098572399728,2.0,0.0,0.0,4.0,0,2,0.3642,1.5679,1.0,A
3ee5866c-8f42-4570-a20b-25bd3deb115c,22bfcbbf-ae4b-4ac6-a1ff-78c7a425da08,2025,13,13,2025-11-30T16:30:00+00:00,1cb320b2-b42f-4131-8f5f-ef42e7f82540,ead1bc2e-8799-410a-a809-66a274bbab2c,Chelsea FC,Arsenal FC,50,50,38,38,1.0,1.0,12.0,2.4,2.0,0.4,2.56368,0.9051,13.0,2.6,2.0,0.6,2.01172,0.55342,19.0,1.9,1.8,1.0,1.9740300000000002,1.23165,23.0,2.3,1.8,0.6,1.9273600000000002,0.62693,1.8,1.2,2.17856,1.38664,1.4,0.8,1.8960599999999999,0.72156,8.166666666666666,7.0,1,1,4.0,1.0,1.9166666666666667,2.4166666666666665,23.0,29.0,1.2439918533604888,0.6911065852002716,1.2439918533604888,0.4146639511201629,2.0,0.0,0.5,1.5,1,1,0.7919,1.2283,1.0,D
2325a9dd-596a-4e1c-a9c3-22288e03fc51,c433ec05-4129-46bb-885c-8eeafbd94da0,2025,14,14,2025-12-02T19:30:00+00:00,b552a1a6-4302-43ca-884c-0f91ac4f984b,33d2f100-682f-4a5e-9aa3-5cc57e1e8571,Fulham FC,Manchester City FC,51,51,38,38,1.0,1.0,9.0,1.8,1.4,1.0,1.43772,1.31018,9.0,1.8,2.0,1.2,2.15278,1.38576,15.0,1.5,1.3,1.3,1.2151,1.2986499999999999,22.0,2.2,2.2,0.8,2.0681599999999998,1.11645,1.6,0.4,1.58316,0.8335799999999999,0.8,1.2,1.6358000000000001,1.3740999999999999,2.9791666666666665,3.1875,2,2,15.0,2.0,1.3076923076923077,1.9230769230769231,17.0,25.0,0.8989830508474577,0.8989830508474577,1.52135593220339,0.5532203389830509,2.0,0.0,0.0,3.5,4,5,0.9726,1.9623,1.0,A
28c104a9-176b-4b85-9348-ea69b3b3f9e1,6142f4e3-f099-4e39-af5f-d38ca0b0bab7,2025,14,14,2025-12-02T19:30:00+00:00,6601a105-9986-4276-89bf-143cdf03198a,60cb8be0-9c1e-4019-8b60-fd9ac2aa9f2d,AFC Bournemouth,Everton FC,51,51,38,38,1.0,1.0,4.0,0.8,1.4,2.4,1.7684000000000002,1.24774,7.0,1.4,1.0,1.6,1.17662,1.6862000000000001,13.0,1.3,1.7,1.9,1.52766,1.44707,12.0,1.2,0.9,1.4,1.23403,1.5280600000000002,1.8,0.8,1.49336,0.46364,1.2,1.4,0.94328,1.58786,3.1875,3.0833333333333335,2,2,11.0,14.0,1.4615384615384615,1.3846153846153846,19.0,18.0,1.170754716981132,1.3084905660377357,0.619811320754717,0.9641509433962263,2.0,1.0,0.0,3.0,0,1,0.6354,1.1957,1.0,A
92f7126a-5130-4392-a5a4-05b3f86ea777,face6b9d-5f9e-45a3-b697-9acb22aae25f,2025,14,14,2025-12-02T20:15:00+00:00,c4045d6d-a715-4821-a800-cd9b505ad54b,c23d6b7a-dfaf-44a3-b016-1feb2dddec44,Newcastle United FC,Tottenham Hotspur FC,51,51,38,38,1.0,1.0,9.0,1.8,2.0,1.8,1.71768,1.82778,4.0,0.8,1.4,1.8,0.93394,1.6678000000000002,16.0,1.6,1.5,1.3,1.57735,1.33308,12.0,1.2,1.6,1.5,1.0397,1.35291,1.6,0.8,2.1844200000000003,1.35212,2.2,1.4,1.10348,1.47198,3.1145833333333335,3.0104166666666665,2,2,14.0,13.0,1.3846153846153846,1.3846153846153846,18.0,18.0,1.0343434343434343,0.8964309764309765,1.1032996632996634,1.0343434343434343,2.0,1.0,0.0,3.0,2,2,1.8856,1.0521,1.0,D
eb43284a-e287-4f53-9363-92ef8a9471ed,85f1c78b-ed0e-458c-ad3c-a8663f993fc2,2025,14,14,2025-12-03T19:30:00+00:00,db14882b-951f-4db5-860b-4ca2b8583311,f8f456e7-3e20-4803-ba4e-b1762a31812c,Brighton & Hove Albion FC,Aston Villa FC,51,51,38,38,1.0,1.0,10.0,2.0,1.8,1.0,1.45204,1.2642200000000001,12.0,2.4,1.6,0.6,1.13528,1.4777,18.0,1.8,1.8,1.2,1.40136,1.2633800000000002,23.0,2.3,1.6,0.7,1.04238,1.3189,2.2,1.0,1.61784,1.43362,1.0,1.0,0.68814,1.5325,3.2256944444444446,3.2256944444444446,2,2,5.0,4.0,1.6923076923076923,1.8461538461538463,22.0,24.0,1.2402955003357958,0.8268636668905306,1.1024848891873742,0.48233713901947617,2.0,0.0,0.5,3.5,3,4,1.963,3.1575,1.0,A
d9022e8e-c782-4e01-971f-11d5b4c47b82,5d46a562-91f7-485a-ba74-80f84d87028c,2025,14,14,2025-12-03T19:30:00+00:00,ead1bc2e-8799-410a-a809-66a274bbab2c,66a313d1-2e21-49ad-a1c7-6f04cae6be69,Arsenal FC,Brentford FC,51,51,38,38,1.0,1.0,11.0,2.2,2.0,0.8,1.8417400000000002,0.61134,9.0,1.8,2.0,1.6,2.55,1.02736,24.0,2.4,1.9,0.6,2.00162,0.65798,16.0,1.6,1.8,1.5,2.16994,1.101,2.2,0.4,1.95866,0.5323,1.0,1.8,1.75186,1.0135999999999998,3.125,4.1875,2,2,1.0,12.0,2.3076923076923075,1.4615384615384615,30.0,19.0,1.3056149732620321,0.4122994652406417,1.2368983957219253,1.0307486631016043,2.0,0.5,0.5,3.0,2,0,2.6313,0.5887,1.0,H
8fe7b1a6-1b46-4d71-8bd5-7ab6efde3042,6054123f-2a56-44d7-9eef-7659df61e770,2025,14,14,2025-12-03T19:30:00+00:00,fbffa344-2426-4b4b-9886-b8cd56ec69a1,5421e81a-b7dd-48b1-9982-42644e8dcf9f,Wolverhampton Wanderers FC,Nottingham Forest FC,51,51,38,38,1.0,1.0,0.0,0.0,0.4,2.4,1.0518800000000001,2.00902,7.0,1.4,1.6,1.4,1.3004200000000001,1.16844,2.0,0.2,0.5,2.0,0.94066,1.49291,8.0,0.8,0.9,1.7,1.14401,1.81819,1.2,2.4,1.42484,1.37624,0.8,1.6,0.59246,2.0578399999999997,3.2256944444444446,3.2256944444444446,2,2,20.0,16.0,0.15384615384615385,0.9230769230769231,2.0,12.0,0.3437917222963952,1.3751668891855808,0.6188251001335114,1.1688918558077437,2.0,0.0,0.5,2.5,0,1,1.0246,1.1239,1.0,A
56cb2c08-2da4-4dfe-9940-4de40db297e3,997b8ac1-437e-4556-a7b6-c52873e41d07,2025,14,14,2025-12-03T19:30:00+00:00,2d3435a0-e4e8-4097-a60c-2a0f92c3fede,74bd08fa-27db-4bb0-8490-f57f6ed6b8e9,Burnley FC,Crystal Palace FC,13,51,0,38,0.0,1.0,3.0,0.6,1.2,2.4,1.1268600000000002,2.7014199999999997,7.0,1.4,1.0,0.6,1.1019,1.0911,7.0,0.7,1.1,2.1,0.8465300000000001,2.4421299999999997,15.0,1.5,1.3,1.0,1.9877200000000002,1.3563699999999999,0.6,1.2,0.63186,2.03892,1.6,0.8,1.7821000000000002,1.2662799999999999,4.1875,3.3125,2,2,19.0,10.0,0.7692307692307693,1.5384615384615385,10.0,20.0,0.7573048699132756,1.4457638425617079,0.8949966644429621,0.6884589726484324,0.0,0.0,0.0,0.0,0,1,1.1685,0.9878,1.0,A
964ac05c-9b22-4354-a6cf-3d289240110c,38814ec6-0746-407d-8bca-92cc5438bbfd,2025,14,14,2025-12-03T20:15:00+00:00,54ed0f97-ad19-421c-a5c2-9b9d3fcbc72d,076f94c9-341e-4294-a86a-076741505170,Liverpool FC,Sunderland AFC,51,13,38,0,1.0,0.0,6.0,1.2,1.2,1.8,1.5954599999999999,1.3721,8.0,1.6,1.6,1.4,1.0657400000000001,1.83602,12.0,1.2,1.2,1.6,1.96052,1.50515,16.0,1.6,1.2,1.0,1.03945,1.5904,1.2,1.2,1.4831400000000001,1.0735800000000002,0.6,0.8,0.97522,1.8317599999999998,3.2569444444444446,4.21875,2,2,9.0,7.0,1.6153846153846154,1.6923076923076923,21.0,22.0,0.8272,1.1029333333333333,0.8272,0.6893333333333334,0.0,0.0,0.0,0.0,1,1,1.3763,0.7127,1.0,D
47053e74-b765-4555-aa06-089b45121de6,83d2ed73-ef52-4c09-9ae5-04f200b88781,2025,14,14,2025-12-03T20:15:00+00:00,fe8b4d06-9254-4fc8-a08f-90f242e51751,1cb320b2-b42f-4131-8f5f-ef42e7f82540,Leeds United FC,Chelsea FC,13,51,0,38,0.0,1.0,3.0,0.6,1.2,2.4,1.3196400000000001,1.96874,10.0,2.0,1.6,0.6,2.2104,0.73966,7.0,0.7,1.2,2.0,1.37449,1.4807700000000001,17.0,1.7,1.7,1.1,1.8099800000000001,1.28086,1.2,1.4,1.6546399999999999,0.78212,1.8,0.8,1.7695,1.07666,4.21875,3.15625,2,2,18.0,4.0,0.8461538461538461,1.8461538461538463,11.0,24.0,0.8276964047936084,1.3794940079893474,1.1725699067909452,0.7587217043941411,0.0,0.0,0.0,0.0,3,1,2.2047,0.964,1.0,H
30ab8ca9-980e-43ac-8e8e-f19305e5e2f5,533452ca-174a-4b9a-8ff1-b0227451fd2a,2025,14,14,2025-12-04T20:00:00+00:00,48fc005c-cbfc-4e4d-b7f1-459dce6cf940,21ec0474-e758-4563-97a9-912aab00b4f5,Manchester United FC,West Ham United FC,51,51,38,38,1.0,1.0,8.0,1.6,2.0,1.6,1.49004,1.22878,7.0,1.4,1.8,1.8,1.12696,1.93414,17.0,1.7,1.7,1.6,1.70111,1.48151,8.0,0.8,1.1,1.9,0.8795,2.0955000000000004,2.2,1.2,2.30656,0.74108,1.4,1.4,0.9531600000000001,2.0777200000000002,4.333333333333333,4.246527777777778,2,2,9.0,18.0,1.6153846153846154,0.8461538461538461,21.0,11.0,1.1717131474103584,1.102788844621514,0.7581673306772908,1.3095617529880477,2.0,0.0,0.0,2.5,1,1,2.2767,1.3658,1.0,D
0f56759b-929c-44e4-97a7-ca76b83ad379,bdbf347e-6fb3-48bb-908c-677e95459ff0,2025,15,15,2025-12-06T12:30:00+00:00,f8f456e7-3e20-4803-ba4e-b1762a31812c,ead1bc2e-8799-410a-a809-66a274bbab2c,Aston Villa FC,Arsenal FC,52,52,38,38,1.0,1.0,12.0,2.4,2.2,1.2,1.598,1.5964800000000001,11.0,2.2,2.2,0.8,2.1967600000000003,0.65898,25.0,2.5,2.0,1.0,1.3227,1.32593,24.0,2.4,1.8,0.6,1.9765799999999998,0.6874800000000001,2.2,0.4,1.39662,1.1053000000000002,1.6,0.8,2.04458,0.78366,2.7083333333333335,2.7083333333333335,3,3,3.0,1.0,1.9285714285714286,2.357142857142857,27.0,33.0,1.3793103448275863,0.6896551724137931,1.2413793103448276,0.41379310344827586,2.0,0.0,0.5,3.0,2,1,2.7199,1.8597,1.0,H
4c02de44-fb1f-467d-b0ef-b1364a80875f,40f2268b-fb79-49ad-aa3d-c302a7945fe7,2025,15,15,2025-12-06T15:00:00+00:00,6601a105-9986-4276-89bf-143cdf03198a,1cb320b2-b42f-4131-8f5f-ef42e7f82540,AFC Bournemouth,Chelsea FC,52,52,38,38,1.0,1.0,1.0,0.2,1.0,2.6,1.76416,1.42578,10.0,2.0,1.6,0.8,2.16054,0.87048,10.0,1.0,1.5,1.9,1.4470100000000001,1.50415,16.0,1.6,1.6,1.2,1.83078,1.3838,1.4,0.8,1.33206,0.5778,1.6,1.0,1.8111000000000002,1.28254,3.8125,2.78125,3,2,14.0,4.0,1.3571428571428572,1.7142857142857142,19.0,24.0,1.0344142951687625,1.3102581072137658,1.1033752481800134,0.8275314361350099,2.0,0.0,0.5,2.5,0,0,1.4193,0.6726,1.0,D
a5ff2164-f8e5-43d7-9e9b-ada6bff4fc4e,e8a1f121-bcb7-4e40-9f8a-e92f16402dc2,2025,15,15,2025-12-06T15:00:00+00:00,60cb8be0-9c1e-4019-8b60-fd9ac2aa9f2d,5421e81a-b7dd-48b1-9982-42644e8dcf9f,Everton FC,Nottingham Forest FC,52,52,38,38,1.0,1.0,10.0,2.0,1.2,1.0,1.1351200000000001,1.39462,10.0,2.0,1.8,1.0,1.4641,1.2420399999999998,14.0,1.4,1.0,1.4,1.16433,1.55617,11.0,1.1,1.0,1.4,1.22703,1.63248,1.2,1.8,1.55382,1.5860600000000002,1.0,1.0,0.7585,1.68642,3.8125,2.8125,3,3,10.0,16.0,1.5,1.0714285714285714,21.0,15.0,0.6909331568497683,0.9673064195896756,0.6909331568497683,0.9673064195896756,2.0,0.5,0.0,1.5,3,0,1.2535,0.3123,1.0,H
c020a5e4-baf1-4ace-9f72-b805660dc417,cd843efe-bf19-451e-9bb0-6923f5b39730,2025,15,15,2025-12-06T15:00:00+00:00,33d2f100-682f-4a5e-9aa3-5cc57e1e8571,076f94c9-341e-4294-a86a-076741505170,Manchester City FC,Sunderland AFC,52,14,38,0,1.0,0.0,12.0,2.4,3.0,1.8,2.27142,1.4115,6.0,1.2,1.4,1.4,0.8981600000000001,1.86862,22.0,2.2,2.4,1.2,2.06466,1.06179,16.0,1.6,1.3,1.1,1.07531,1.55222,3.2,0.8,2.5279,0.9966799999999999,0.8,1.0,1.04694,1.7553999999999998,3.8125,2.78125,3,3,3.0,7.0,2.0,1.6428571428571428,28.0,23.0,1.658124174372523,0.8290620871862615,0.8981505944517834,0.7599735799207398,0.0,0.0,0.0,0.0,3,0,2.4161,0.6265,1.0,H
677c52ab-072c-4bca-935e-6194fc391af1,1ba40b3e-e1be-489a-bc5a-7db81e403e69,2025,15,15,2025-12-06T15:00:00+00:00,c4045d6d-a715-4821-a800-cd9b505ad54b,2d3435a0-e4e8-4097-a60c-2a0f92c3fede,Newcastle United FC,Burnley FC,52,14,38,0,1.0,0.0,7.0,1.4,2.0,2.0,1.54118,1.7342,0.0,0.0,0.6,2.2,1.0514800000000002,2.38272,14.0,1.4,1.6,1.5,1.6467200000000002,1.4007,7.0,0.7,1.1,2.1,0.94658,2.26142,1.8,1.2,2.32316,1.48736,1.6,3.0,1.0612,2.8453399999999998,3.78125,2.8125,3,2,13.0,19.0,1.3571428571428572,0.7142857142857143,19.0,10.0,1.1053394858272907,1.036255767963085,0.7599208965062625,1.4507580751483191,0.0,0.0,0.0,0.0,2,1,1.8071,1.5838,1.0,H
7f5d19fa-1594-4a01-961c-d956427b8f7b,d11503a2-890d-4906-b387-c2dd4918b6b3,2025,15,15,2025-12-06T15:00:00+00:00,c23d6b7a-dfaf-44a3-b016-1feb2dddec44,66a313d1-2e21-49ad-a1c7-6f04cae6be69,Tottenham Hotspur FC,Brentford FC,52,52,38,38,1.0,1.0,2.0,0.4,1.2,2.2,0.7257,1.76428,6.0,1.2,1.4,1.6,2.01348,1.12994,10.0,1.0,1.5,1.7,0.99351,1.4621499999999998,15.0,1.5,1.6,1.5,2.11128,1.28853,1.0,1.6,0.97592,1.23384,0.8,1.8,1.5804,1.2256,3.78125,2.8125,3,3,13.0,14.0,1.3571428571428572,1.3571428571428572,19.0,19.0,1.0361842105263157,1.174342105263158,1.105263157894737,1.0361842105263157,2.0,1.0,0.0,3.0,2,0,2.4239,0.4706,1.0,H
42e7c2d7-05c8-4730-924c-49eea3c9e445,f0e16184-adfc-4a5e-922e-0a6feff52363,2025,15,15,2025-12-06T17:30:00+00:00,fe8b4d06-9254-4fc8-a08f-90f242e51751,54ed0f97-ad19-421c-a5c2-9b9d3fcbc72d,Leeds United FC,Liverpool FC,14,52,0,38,0.0,1.0,3.0,0.6,1.4,2.4,1.3163,2.0618000000000003,7.0,1.4,1.0,1.4,1.4470399999999999,0.8603799999999999,10.0,1.0,1.5,2.0,1.51192,1.46319,10.0,1.0,1.2,1.7,1.81866,1.55962,1.8,1.6,1.9601199999999999,0.9141999999999999,1.2,2.0,1.9751999999999998,2.00026,2.8854166666666665,2.8854166666666665,3,2,17.0,12.0,1.0,1.5714285714285714,14.0,22.0,1.0367936925098555,1.3823915900131407,0.8294349540078844,1.1750328515111694,0.0,0.0,0.0,0.0,3,3,1.7933,2.0481,1.0,D
9df7455f-0f77-4d34-bfe9-326fb604601e,00c74257-3044-4881-8ce5-ad75284ffd7f,2025,15,15,2025-12-07T14:00:00+00:00,db14882b-951f-4db5-860b-4ca2b8583311,21ec0474-e758-4563-97a9-912aab00b4f5,Brighton & Hove Albion FC,West Ham United FC,52,52,38,38,1.0,1.0,10.0,2.0,2.0,1.0,1.6552,1.50326,8.0,1.6,1.8,1.6,1.30038,1.9452000000000003,18.0,1.8,2.0,1.4,1.5351700000000001,1.43494,9.0,0.9,1.2,1.7,0.9367599999999999,2.17177,2.4,1.6,1.5687200000000001,1.63828,1.0,1.6,0.77912,2.38986,3.7708333333333335,2.75,2,2,10.0,18.0,1.5714285714285714,0.8571428571428571,22.0,12.0,1.3795811518324608,0.9657068062827224,0.8277486910994765,1.1726439790575915,2.0,0.5,0.5,3.5,1,1,2.1008,1.7064,1.0,D
cc866b17-e86d-4ad8-a64e-63745b05081a,dfd73caf-9db5-4f1b-97ff-751bc6b5a5b2,2025,15,15,2025-12-07T16:30:00+00:00,b552a1a6-4302-43ca-884c-0f91ac4f984b,74bd08fa-27db-4bb0-8490-f57f6ed6b8e9,Fulham FC,Crystal Palace FC,52,52,38,38,1.0,1.0,9.0,1.8,2.0,1.6,1.3282399999999999,1.14902,10.0,2.0,1.2,0.4,1.2293600000000002,1.1535600000000001,12.0,1.2,1.6,1.8,1.19838,1.41184,17.0,1.7,1.4,1.0,1.91069,1.43781,2.2,1.4,1.54972,1.0599599999999998,1.2,0.8,1.4602400000000002,1.2588,4.875,3.875,2,2,15.0,6.0,1.2142857142857142,1.6428571428571428,17.0,23.0,1.104313725490196,1.2423529411764704,0.9662745098039215,0.6901960784313725,2.0,0.5,0.0,2.0,1,2,0.7668,1.7111,1.0,A
875576df-a732-4851-8a4d-3d8595fc5569,f2aa3ce2-b33d-40ff-80ca-72e96eea302f,2025,15,15,2025-12-08T20:00:00+00:00,fbffa344-2426-4b4b-9886-b8cd56ec69a1,48fc005c-cbfc-4e4d-b7f1-459dce6cf940,Wolverhampton Wanderers FC,Manchester United FC,52,52,38,38,1.0,1.0,0.0,0.0,0.0,2.0,0.74054,1.92472,6.0,1.2,1.4,1.4,1.5529199999999999,1.3125,2.0,0.2,0.5,2.0,1.00553,1.48611,18.0,1.8,1.8,1.4,1.7768599999999999,1.41836,0.8,2.0,1.4411,1.19344,1.8,1.8,1.5963,2.08772,5.020833333333333,4.0,2,3,20.0,12.0,0.14285714285714285,1.5714285714285714,2.0,22.0,0.34507501630789306,1.3803000652315722,1.242270058708415,0.9662100456621004,2.0,1.0,0.0,1.5,1,4,0.2621,4.0471,1.0,A
6a7bd244-4978-462d-aad0-b826d7176d06,e337cea0-0e33-4f54-b8ef-fc46ad11bc7c,2025,16,16,2025-12-13T15:00:00+00:00,54ed0f97-ad19-421c-a5c2-9b9d3fcbc72d,db14882b-951f-4db5-860b-4ca2b8583311,Liverpool FC,Brighton & Hove Albion FC,53,53,38,38,1.0,1.0,5.0,1.0,1.2,2.0,1.5626200000000001,1.13204,8.0,1.6,1.6,1.2,1.5471,1.7727,8.0,0.8,1.3,1.9,1.9172999999999998,1.66681,18.0,1.8,1.9,1.3,1.6047799999999999,1.4864000000000002,1.2,1.4,1.6621200000000003,1.11898,1.6,1.2,1.50162,1.2316,6.895833333333333,6.041666666666667,3,3,10.0,8.0,1.5333333333333334,1.5333333333333334,23.0,23.0,0.8959687906371911,1.3094928478543562,1.3094928478543562,0.8959687906371911,2.0,0.5,0.0,4.0,2,0,2.4127,1.69,1.0,H
b276b922-b2ca-43e1-baf9-fc4dad1eef9a,eba499c7-8f1d-4669-82e2-4ca5525d3a7b,2025,16,16,2025-12-13T15:00:00+00:00,1cb320b2-b42f-4131-8f5f-ef42e7f82540,60cb8be0-9c1e-4019-8b60-fd9ac2aa9f2d,Chelsea FC,Everton FC,53,53,38,38,1.0,1.0,8.0,1.6,1.4,0.8,1.62656,1.12494,12.0,2.4,1.6,0.8,1.18434,1.2209400000000001,17.0,1.7,1.5,1.0,1.85106,1.39127,17.0,1.7,1.2,1.2,1.21754,1.48123,1.6,1.4,1.85046,1.48506,0.8,1.0,0.77484,1.52628,7.0,7.0,3,3,6.0,8.0,1.6666666666666667,1.6,25.0,24.0,1.0344155844155845,0.6896103896103896,0.8275324675324675,0.8275324675324675,2.0,0.5,0.5,0.5,2,0,2.6446,1.34,1.0,H
80bcb435-7e24-4421-8de6-3e30fb1163f3,22836f97-e0e4-469f-88c8-03a93b502b8a,2025,16,16,2025-12-13T17:30:00+00:00,2d3435a0-e4e8-4097-a60c-2a0f92c3fede,b552a1a6-4302-43ca-884c-0f91ac4f984b,Burnley FC,Fulham FC,15,53,0,38,0.0,1.0,0.0,0.0,0.8,2.2,1.2324,2.24084,6.0,1.2,1.6,2.0,1.09918,1.44926,6.0,0.6,1.1,2.2,0.9908000000000001,2.35905,9.0,0.9,1.4,1.9,1.12263,1.5002900000000001,0.6,1.2,0.8319600000000001,1.6775000000000002,1.0,2.2,0.84704,1.76372,7.104166666666667,6.041666666666667,2,3,19.0,15.0,0.6666666666666666,1.1333333333333333,10.0,17.0,0.7590142671854735,1.518028534370947,0.966018158236057,1.3110246433203632,0.0,0.0,0.0,0.0,2,3,2.0549,1.6505,1.0,A
a03e85a3-8288-46a3-a0b2-e8d793a3ce1f,7459f8c8-2645-4dc7-9457-2d3d7f784aeb,2025,16,16,2025-12-13T20:00:00+00:00,ead1bc2e-8799-410a-a809-66a274bbab2c,fbffa344-2426-4b4b-9886-b8cd56ec69a1,Arsenal FC,Wolverhampton Wanderers FC,53,53,38,38,1.0,1.0,8.0,1.6,2.0,1.2,2.0654,1.06712,0.0,0.0,0.2,2.2,0.75098,2.3517200000000003,23.0,2.3,1.8,0.7,2.09069,0.8472,2.0,0.2,0.5,2.1,0.8751300000000001,1.84512,2.0,0.4,1.90858,0.5913,0.2,2.0,0.56996,1.77878,7.3125,5.0,3,3,1.0,20.0,2.2,0.13333333333333333,33.0,2.0,1.2403361344537815,0.4823529411764706,0.3445378151260504,1.447058823529412,2.0,1.0,0.0,1.5,2,1,1.618,0.62,1.0,H
c57004bc-493f-4c59-954e-0c16d5b76594,34d44a70-1541-48b8-af77-9efc5268300a,2025,16,16,2025-12-14T14:00:00+00:00,076f94c9-341e-4294-a86a-076741505170,c4045d6d-a715-4821-a800-cd9b505ad54b,Sunderland AFC,Newcastle United FC,15,53,0,38,0.0,1.0,5.0,1.0,1.2,1.8,0.78732,2.15036,10.0,2.0,2.2,1.6,1.79788,1.7682000000000002,15.0,1.5,1.2,1.3,1.04413,1.69989,16.0,1.6,1.8,1.6,1.8120699999999998,1.50401,1.8,1.2,1.10368,1.34904,1.4,1.8,0.97028,1.3140399999999999,7.958333333333333,7.958333333333333,2,2,10.0,12.0,1.5333333333333334,1.4666666666666666,23.0,22.0,0.8268387096774192,0.8957419354838709,1.240258064516129,1.1024516129032258,0.0,0.0,0.0,0.0,1,0,0.63,0.1693,1.0,H
6a89f09d-7830-4f92-a138-fe09bea0bb4d,824a6855-b53c-43d5-9353-a60d9fc7449f,2025,16,16,2025-12-14T14:00:00+00:00,5421e81a-b7dd-48b1-9982-42644e8dcf9f,c23d6b7a-dfaf-44a3-b016-1feb2dddec44,Nottingham Forest FC,Tottenham Hotspur FC,53,53,38,38,1.0,1.0,9.0,1.8,1.4,1.2,1.21642,1.3094999999999999,5.0,1.0,1.6,2.0,1.1810800000000001,1.1899000000000002,10.0,1.0,0.9,1.6,1.17518,1.6436700000000002,12.0,1.2,1.5,1.5,1.1167200000000002,1.36874,1.0,1.8,1.69556,1.5785399999999998,2.0,1.8,1.0111,1.6904600000000003,7.958333333333333,7.958333333333333,3,2,17.0,11.0,1.0,1.4666666666666666,15.0,22.0,0.620889748549323,1.1038039974210188,1.034816247582205,1.034816247582205,2.0,1.0,0.0,2.0,3,0,2.3266,0.3802,1.0,H
9ac43826-f212-4ad3-901b-eca43de6fb90,2e744f6e-216c-44b3-b40c-accd0f5d27be,2025,16,16,2025-12-14T14:00:00+00:00,74bd08fa-27db-4bb0-8490-f57f6ed6b8e9,33d2f100-682f-4a5e-9aa3-5cc57e1e8571,Crystal Palace FC,Manchester City FC,53,53,38,38,1.0,1.0,10.0,2.0,1.2,0.6,1.42466,1.14282,12.0,2.4,3.0,1.6,2.25664,1.35684,17.0,1.7,1.4,1.0,1.8482300000000003,1.4678499999999999,24.0,2.4,2.6,1.1,2.194,1.05258,1.6,1.2,2.36114,1.61682,1.6,1.6,1.6014199999999998,1.1269,6.895833333333333,7.958333333333333,2,2,5.0,2.0,1.7333333333333334,2.066666666666667,26.0,31.0,0.9657657657657657,0.6898326898326899,1.7935649935649935,0.7588159588159589,2.0,0.0,0.5,5.5,0,3,1.3009,1.3532,1.0,A
d832060b-84b9-4682-98e7-f9cea3fc59d9,7bbc0f49-3c30-427f-93f0-c2735b7e337b,2025,16,16,2025-12-14T14:00:00+00:00,21ec0474-e758-4563-97a9-912aab00b4f5,f8f456e7-3e20-4803-ba4e-b1762a31812c,West Ham United FC,Aston Villa FC,53,53,38,38,1.0,1.0,6.0,1.2,1.4,1.6,1.3588999999999998,2.26064,15.0,3.0,2.6,1.0,2.05498,1.67438,10.0,1.0,1.2,1.6,1.06076,2.14828,27.0,2.7,2.1,1.0,1.50075,1.41807,1.4,1.8,1.0943999999999998,1.9536799999999999,1.8,1.6,1.24878,1.54656,7.0,8.0625,3,3,18.0,3.0,0.8666666666666667,2.0,13.0,30.0,0.8277456647398843,1.1036608863198458,1.4485549132947977,0.6897880539499036,2.0,0.0,0.5,2.5,2,3,1.277,0.5951,1.0,A
e34ecff2-7e73-4475-82e7-2e87f2741c23,73cc3678-35c3-4900-a4e4-57165ec13e48,2025,16,16,2025-12-14T16:30:00+00:00,66a313d1-2e21-49ad-a1c7-6f04cae6be69,fe8b4d06-9254-4fc8-a08f-90f242e51751,Brentford FC,Leeds United FC,53,15,38,0,1.0,0.0,6.0,1.2,1.4,1.6,1.9434999999999998,1.4678,4.0,0.8,2.0,2.4,1.6031199999999999,1.94316,15.0,1.5,1.5,1.4,2.07568,1.37849,8.0,0.8,1.5,2.2,1.64555,1.51139,2.4,1.2,2.6421599999999996,1.3514599999999999,1.2,2.4,1.06372,2.01218,8.0625,7.958333333333333,2,2,15.0,17.0,1.2666666666666666,1.0,19.0,15.0,1.033290653008963,0.9644046094750319,1.033290653008963,1.515492957746479,0.0,0.0,0.0,0.0,1,1,0.697,1.6341,1.0,D
a2408f7a-b51f-4bac-8afe-45ff3349d77f,188f709b-4da3-4cb7-b763-59c03ab27b88,2025,16,16,2025-12-15T20:00:00+00:00,48fc005c-cbfc-4e4d-b7f1-459dce6cf940,6601a105-9986-4276-89bf-143cdf03198a,Manchester United FC,AFC Bournemouth,53,53,38,38,1.0,1.0,8.0,1.6,1.8,1.2,2.1791,1.05478,2.0,0.4,0.8,2.0,1.8680599999999998,1.0623,18.0,1.8,2.0,1.4,2.04711,1.39759,10.0,1.0,1.5,1.9,1.5338699999999998,1.5560500000000002,1.8,1.0,1.9574199999999997,0.749,1.6,3.0,1.56196,2.4305,7.0,9.208333333333334,2,2,8.0,15.0,1.6666666666666667,1.3333333333333333,25.0,20.0,1.3785166240409208,0.9649616368286444,1.0338874680306906,1.3095907928388746,2.0,0.0,0.5,2.5,4,4,3.212,2.352,1.0,D
5d251b75-ce80-4268-9a86-f073c86d563b,99afab3f-aad0-4186-9128-b28d39588e1c,2025,17,17,2025-12-20T12:30:00+00:00,c4045d6d-a715-4821-a800-cd9b505ad54b,1cb320b2-b42f-4131-8f5f-ef42e7f82540,Newcastle United FC,Chelsea FC,54,54,38,38,1.0,1.0,10.0,2.0,2.0,1.2,1.74528,1.34674,8.0,1.6,1.2,0.8,1.3588,1.37064,16.0,1.6,1.7,1.5,1.75501,1.35996,20.0,2.0,1.6,0.7,1.9128699999999998,1.27776,2.0,1.0,2.5366,1.39002,1.4,0.6,1.85166,1.29748,5.9375,6.895833333333333,2,2,12.0,4.0,1.375,1.75,22.0,28.0,1.16793893129771,1.0305343511450382,1.099236641221374,0.4809160305343511,2.0,0.5,0.0,2.5,2,2,2.8786,1.0261,1.0,D
5dca10f7-4a8c-42ab-8670-5a1bc81477b7,873cb7d1-6391-4811-89e1-7afe0c4679a3,2025,17,17,2025-12-20T15:00:00+00:00,6601a105-9986-4276-89bf-143cdf03198a,2d3435a0-e4e8-4097-a60c-2a0f92c3fede,AFC Bournemouth,Burnley FC,54,16,38,0,1.0,0.0,3.0,0.6,1.6,2.0,1.93648,1.3281399999999999,0.0,0.0,0.8,2.2,1.26842,1.97748,10.0,1.0,1.7,2.1,1.66304,1.67252,6.0,0.6,1.2,2.0,1.14534,2.20197,1.4,0.8,1.5057800000000001,0.6816,1.6,2.4,1.27606,2.5625,4.791666666666667,6.895833333333333,2,2,13.0,19.0,1.3125,0.625,21.0,10.0,1.1671319796954314,1.441751269035533,0.8238578680203046,1.3730964467005076,0.0,0.0,0.0,0.0,1,1,1.8185,0.4805,1.0,D
addfefec-ee0c-434c-8021-3bc115e17a06,77831aaa-1856-4724-9fec-37023925d6ce,2025,17,17,2025-12-20T15:00:00+00:00,db14882b-951f-4db5-860b-4ca2b8583311,076f94c9-341e-4294-a86a-076741505170,Brighton & Hove Albion FC,Sunderland AFC,54,16,38,0,1.0,0.0,7.0,1.4,1.6,1.6,1.7576999999999998,2.08734,7.0,1.4,1.0,1.4,0.67232,1.71834,15.0,1.5,1.6,1.4,1.52627,1.52502,15.0,1.5,1.2,1.3,0.9129799999999999,1.57479,2.2,1.4,1.70794,1.7411999999999999,0.6,1.6,0.78394,1.95456,7.0,6.041666666666667,2,2,10.0,8.0,1.4375,1.625,23.0,26.0,1.0991128010139417,0.9617237008871989,0.8243346007604563,0.8930291508238277,0.0,0.0,0.0,0.0,0,0,0.9193,1.3104,1.0,D
ac078963-0187-4720-a840-37e691feddcf,0032ce23-fccf-456f-8e8e-a9b41df477b9,2025,17,17,2025-12-20T15:00:00+00:00,33d2f100-682f-4a5e-9aa3-5cc57e1e8571,21ec0474-e758-4563-97a9-912aab00b4f5,Manchester City FC,West Ham United FC,54,54,38,38,1.0,1.0,12.0,2.4,3.0,1.6,2.2082,1.4114,3.0,0.6,1.2,1.8,1.02084,2.0047,24.0,2.4,2.4,1.0,2.00719,1.13172,9.0,0.9,1.3,1.8,1.1108799999999999,2.1168199999999997,2.8,0.6,2.36686,1.02008,1.0,1.6,0.96524,2.6280799999999997,6.041666666666667,6.041666666666667,2,2,2.0,18.0,2.125,0.8125,34.0,13.0,1.6517110266159696,0.688212927756654,0.8946768060836503,1.2387832699619772,2.0,1.0,0.0,4.5,3,0,3.5819,1.0214,1.0,H
1dbb5686-20d2-4043-82cf-ac44f15fe34a,713a4706-5703-48c0-94a0-56ef298367e8,2025,17,17,2025-12-20T15:00:00+00:00,fbffa344-2426-4b4b-9886-b8cd56ec69a1,66a313d1-2e21-49ad-a1c7-6f04cae6be69,Wolverhampton Wanderers FC,Brentford FC,54,54,38,38,1.0,1.0,0.0,0.0,0.4,2.0,0.85268,1.87864,4.0,0.8,1.0,1.6,1.53544,1.7081600000000001,1.0,0.1,0.5,2.2,0.82118,1.92505,13.0,1.3,1.3,1.4,1.86665,1.31829,0.8,2.2,1.1803000000000001,1.91146,0.6,1.6,1.5092,1.40552,6.791666666666667,5.9375,2,2,20.0,15.0,0.125,1.25,2.0,20.0,0.34408602150537637,1.513978494623656,0.8946236559139785,0.9634408602150537,2.0,0.0,0.5,5.0,0,2,1.2682,1.5631,1.0,A
6b534768-ae1f-4124-a4ac-7357a1ce5f21,40afbe17-9470-45ec-8002-fbf2794d31d3,2025,17,17,2025-12-20T17:30:00+00:00,c23d6b7a-dfaf-44a3-b016-1feb2dddec44,54ed0f97-ad19-421c-a5c2-9b9d3fcbc72d,Tottenham Hotspur FC,Liverpool FC,54,54,38,38,1.0,1.0,4.0,0.8,1.2,2.2,0.9860599999999999,1.49116,8.0,1.6,1.6,1.4,1.83954,1.15096,11.0,1.1,1.4,1.7,1.07287,1.48545,11.0,1.1,1.4,1.7,1.8483899999999998,1.4824899999999999,1.2,1.4,1.29696,1.09606,1.6,2.2,1.7644600000000001,1.65228,6.145833333333333,7.104166666666667,1,2,13.0,8.0,1.375,1.625,22.0,26.0,0.9639924194567276,1.1705622236260265,0.9639924194567276,1.1705622236260265,2.0,0.0,0.0,7.5,1,2,1.3491,1.2316,1.0,A
e3684b1f-8a4f-4972-8c46-3a999b513976,bb97e94e-33db-47ce-96b4-02d23dafbd9f,2025,17,17,2025-12-20T20:00:00+00:00,60cb8be0-9c1e-4019-8b60-fd9ac2aa9f2d,ead1bc2e-8799-410a-a809-66a274bbab2c,Everton FC,Arsenal FC,54,54,38,38,1.0,1.0,9.0,1.8,1.2,1.2,0.9911200000000001,1.66496,10.0,2.0,2.0,1.0,1.9231200000000002,0.9501200000000001,16.0,1.6,1.1,1.3,1.26057,1.66811,23.0,2.3,1.8,0.7,2.04544,0.83521,1.6,1.6,1.62258,1.49336,1.4,1.0,2.00242,1.17966,7.208333333333333,7.0,1,1,10.0,2.0,1.5,2.25,24.0,36.0,0.757377049180328,0.8950819672131148,1.239344262295082,0.4819672131147541,2.0,0.0,1.0,1.0,0,1,0.2133,1.8472,1.0,A
414cd350-1892-43c1-b61b-2635b19f05e6,bc2cccfe-2551-4c16-86c4-b32b54f0cded,2025,17,17,2025-12-20T20:00:00+00:00,fe8b4d06-9254-4fc8-a08f-90f242e51751,74bd08fa-27db-4bb0-8490-f57f6ed6b8e9,Leeds United FC,Crystal Palace FC,16,54,0,38,0.0,1.0,5.0,1.0,2.0,2.0,1.84604,1.5843599999999998,9.0,1.8,1.2,1.2,1.51694,1.28606,8.0,0.8,1.4,2.1,1.60423,1.47506,14.0,1.4,1.2,1.2,1.625,1.29299,2.0,1.8,1.90932,1.1117599999999999,1.2,0.8,1.33532,1.31888,6.145833333333333,6.25,1,2,17.0,7.0,1.0,1.625,16.0,26.0,0.9650913673597983,1.4476370510396976,0.8272211720226843,0.8272211720226843,0.0,0.0,0.0,0.0,4,1,2.9079,1.5306,1.0,H
dee7cd46-94c3-4c27-be48-70c79132a6c0,c9fae596-a512-471c-9a55-0894403f4aa5,2025,17,17,2025-12-21T16:30:00+00:00,f8f456e7-3e20-4803-ba4e-b1762a31812c,48fc005c-cbfc-4e4d-b7f1-459dce6cf940,Aston Villa FC,Manchester United FC,54,54,38,38,1.0,1.0,15.0,3.0,2.4,1.4,1.79744,1.5278,8.0,1.6,2.2,1.6,2.6574400000000002,1.25412,27.0,2.7,2.1,1.1,1.42368,1.45051,19.0,1.9,2.3,1.5,2.1447,1.35406,2.0,0.4,1.6674399999999998,1.28672,2.4,1.4,1.9585000000000001,1.58268,7.104166666666667,5.854166666666667,1,2,3.0,7.0,2.0625,1.625,33.0,26.0,1.4457286432160805,0.7572864321608042,1.5834170854271357,1.0326633165829147,2.0,0.0,0.5,1.0,2,1,1.8692,1.3046,1.0,H
9dd30f76-1e6d-4837-a6e8-fc8a449cc9f2,409eff23-2fc0-456c-adaf-807c9497baf7,2025,17,17,2025-12-22T20:00:00+00:00,b552a1a6-4302-43ca-884c-0f91ac4f984b,5421e81a-b7dd-48b1-9982-42644e8dcf9f,Fulham FC,Nottingham Forest FC,54,54,38,38,1.0,1.0,9.0,1.8,2.2,2.0,1.34438,1.39902,9.0,1.8,1.4,1.0,1.18354,1.30164,12.0,1.2,1.6,1.8,1.19242,1.5692,13.0,1.3,1.2,1.5,1.2658099999999999,1.48754,1.8,1.6,1.3982199999999998,1.2368599999999998,0.8,1.4,0.6548,1.7088,9.104166666666666,8.25,1,1,15.0,17.0,1.25,1.125,20.0,18.0,1.1014420062695924,1.2391222570532914,0.8260815047021943,1.0326018808777429,2.0,1.0,0.0,2.0,1,0,1.7057,0.4863,1.0,H
71e4c0a3-83ff-4ba1-bbb6-8d3e3eb17c33,fdadb3b4-fa4c-480d-92f1-b2b0addf8654,2025,18,18,2025-12-26T20:00:00+00:00,48fc005c-cbfc-4e4d-b7f1-459dce6cf940,c4045d6d-a715-4821-a800-cd9b505ad54b,Manchester United FC,Newcastle United FC,55,55,38,38,1.0,1.0,8.0,1.6,2.4,1.8,2.46362,1.59694,8.0,1.6,2.0,1.4,1.8398800000000002,1.06066,16.0,1.6,2.2,1.7,2.08218,1.46027,14.0,1.4,1.7,1.7,1.66121,1.4288,2.2,1.6,2.3309,1.12544,1.4,2.0,0.97342,1.3298999999999999,5.145833333333333,6.3125,2,2,7.0,11.0,1.5294117647058822,1.3529411764705883,26.0,23.0,1.5162907268170427,1.1716791979949874,1.1716791979949874,1.1716791979949874,2.0,0.0,0.0,3.5,1,0,0.9408,1.13,1.0,H
317a63f6-0b2c-4c78-a9a6-755d3f3370c1,a27b4d05-f05b-4e5b-8002-42017fbb6eb9,2025,18,18,2025-12-27T12:30:00+00:00,5421e81a-b7dd-48b1-9982-42644e8dcf9f,33d2f100-682f-4a5e-9aa3-5cc57e1e8571,Nottingham Forest FC,Manchester City FC,55,55,38,38,1.0,1.0,6.0,1.2,0.8,1.2,1.04188,1.28424,15.0,3.0,3.4,1.2,2.43328,1.13456,13.0,1.3,1.2,1.4,1.28067,1.27645,24.0,2.4,2.6,1.0,2.2557300000000002,1.16448,1.6,1.6,1.87682,1.26628,2.0,1.4,1.64752,1.24336,4.6875,6.895833333333333,2,2,17.0,2.0,1.0588235294117647,2.176470588235294,18.0,37.0,0.828052598622417,0.9660613650594865,1.7941139636819037,0.6900438321853476,2.0,0.5,0.0,2.0,1,2,0.6001,1.4647,1.0,A
b81fd3d4-fbe7-41a6-99d4-2d25060ba20c,b185d9dd-7bf0-42a6-8ee6-54fc94eea0d7,2025,18,18,2025-12-27T15:00:00+00:00,ead1bc2e-8799-410a-a809-66a274bbab2c,db14882b-951f-4db5-860b-4ca2b8583311,Arsenal FC,Brighton & Hove Albion FC,55,55,38,38,1.0,1.0,10.0,2.0,1.4,0.8,1.8369,0.98676,5.0,1.0,1.2,1.4,1.74606,1.90946,23.0,2.3,1.7,0.7,1.9243100000000002,0.7700899999999999,15.0,1.5,1.5,1.3,1.47904,1.6191200000000001,2.2,0.4,2.08846,0.49076000000000003,1.0,1.4,1.3446,1.30884,6.791666666666667,7.0,2,2,2.0,9.0,2.2941176470588234,1.411764705882353,39.0,24.0,1.173,0.483,1.035,0.897,2.0,0.0,1.0,2.0,2,1,2.5432,0.7101,1.0,H
a71f5117-825e-40a6-afec-696fd386b1de,8f09a785-9de0-4fa0-9a9e-6106b7be625d,2025,18,18,2025-12-27T15:00:00+00:00,66a313d1-2e21-49ad-a1c7-6f04cae6be69,6601a105-9986-4276-89bf-143cdf03198a,Brentford FC,AFC Bournemouth,55,55,38,38,1.0,1.0,7.0,1.4,1.2,1.2,1.4081,1.7663,3.0,0.6,1.4,1.8,1.6035799999999998,1.3460800000000002,16.0,1.6,1.5,1.3,1.95358,1.3354599999999999,8.0,0.8,1.5,2.1,1.71143,1.63623,2.0,1.2,2.2241,1.23106,2.0,3.4,1.8203,2.66344,7.0,7.0,2,2,12.0,15.0,1.3529411764705883,1.2941176470588236,23.0,22.0,1.034934497816594,0.8969432314410481,1.034934497816594,1.4489082969432316,2.0,1.0,0.0,4.0,4,1,2.8513,2.5618,1.0,H
f276608a-3ac2-44a8-90fc-3fbe7af30745,b17ae560-86c2-4416-8212-5da56991962a,2025,18,18,2025-12-27T15:00:00+00:00,2d3435a0-e4e8-4097-a60c-2a0f92c3fede,60cb8be0-9c1e-4019-8b60-fd9ac2aa9f2d,Burnley FC,Everton FC,17,55,0,38,0.0,1.0,1.0,0.2,1.0,2.0,1.23234,1.9969999999999999,6.0,1.2,1.0,1.4,1.0027599999999999,1.57966,7.0,0.7,1.2,1.9,1.14316,2.21025,13.0,1.3,0.9,1.3,1.06802,1.63504,0.8,1.6,1.01462,1.84144,0.6,1.0,0.89856,1.84286,7.0,6.791666666666667,2,2,19.0,11.0,0.6470588235294118,1.411764705882353,11.0,24.0,0.826865671641791,1.3092039800995023,0.6201492537313433,0.895771144278607,0.0,0.0,0.0,0.0,0,0,1.2495,1.252,1.0,D
dead23de-b56c-4515-962b-3b32e5ea32aa,3dbd42e4-fbbe-421a-892d-15b7680ffbad,2025,18,18,2025-12-27T15:00:00+00:00,21ec0474-e758-4563-97a9-912aab00b4f5,b552a1a6-4302-43ca-884c-0f91ac4f984b,West Ham United FC,Fulham FC,55,55,38,38,1.0,1.0,2.0,0.4,0.8,2.0,1.14696,2.02448,9.0,1.8,2.2,2.0,1.11806,1.4517200000000001,9.0,0.9,1.3,1.9,1.1265699999999998,2.16916,15.0,1.5,1.6,1.5,1.27865,1.48437,1.6,2.0,1.2565199999999999,1.60556,1.4,2.0,0.98662,1.90154,7.0,4.791666666666667,2,2,18.0,13.0,0.7647058823529411,1.3529411764705883,13.0,23.0,0.8973880597014925,1.3115671641791042,1.1044776119402986,1.0354477611940298,2.0,0.5,0.5,3.5,0,1,1.1372,1.1144,1.0,A
337126ad-3bf1-4425-a06d-c7a0864f1927,1dc193b1-f86b-4064-a2f1-c86b8cfa7c11,2025,18,18,2025-12-27T15:00:00+00:00,54ed0f97-ad19-421c-a5c2-9b9d3fcbc72d,fbffa344-2426-4b4b-9886-b8cd56ec69a1,Liverpool FC,Wolverhampton Wanderers FC,55,55,38,38,1.0,1.0,11.0,2.2,2.0,1.0,1.72732,1.18186,0.0,0.0,0.4,2.0,0.7735,1.9014,14.0,1.4,1.5,1.6,1.7655699999999999,1.49368,0.0,0.0,0.4,2.3,0.91106,1.9422000000000001,1.2,1.2,1.93232,1.3127,0.2,2.2,0.46205999999999997,1.9386400000000001,6.895833333333333,7.0,2,2,6.0,20.0,1.7058823529411764,0.11764705882352941,29.0,2.0,1.0366687383467992,1.1057799875699192,0.2764449968924798,1.5895587321317588,2.0,1.0,0.0,3.0,2,1,1.565,0.7807,1.0,H
27bebca5-ab13-4d0a-baea-edb79b90fecc,60ea75ae-e7e1-4a6b-bb15-5eea8ba19bf0,2025,18,18,2025-12-27T17:30:00+00:00,1cb320b2-b42f-4131-8f5f-ef42e7f82540,f8f456e7-3e20-4803-ba4e-b1762a31812c,Chelsea FC,Aston Villa FC,55,55,38,38,1.0,1.0,6.0,1.2,1.2,1.2,1.21984,1.81418,15.0,3.0,2.4,1.4,1.8993200000000001,1.4193799999999999,18.0,1.8,1.6,0.8,1.89176,1.35964,27.0,2.7,2.1,1.1,1.43703,1.53074,1.8,0.8,1.97408,1.25804,2.2,1.8,1.17992,1.6143,7.208333333333333,6.041666666666667,1,2,5.0,3.0,1.7058823529411764,2.1176470588235294,29.0,36.0,1.1057071960297769,0.5528535980148884,1.4512406947890821,0.7601736972704716,2.0,0.5,0.0,3.0,1,2,1.9716,2.0592,1.0,A
871299d9-b442-437d-894c-cecd697cea65,8bb6a28d-0f8a-4b33-971f-524c73751afd,2025,18,18,2025-12-28T14:00:00+00:00,076f94c9-341e-4294-a86a-076741505170,fe8b4d06-9254-4fc8-a08f-90f242e51751,Sunderland AFC,Leeds United FC,17,17,0,0,0.0,0.0,8.0,1.6,1.0,1.2,0.8898400000000001,1.33474,8.0,1.6,2.6,1.8,2.05828,1.6185199999999997,16.0,1.6,1.2,1.1,0.9633100000000001,1.47374,11.0,1.1,1.7,2.0,1.74697,1.5593,1.8,1.0,1.04202,1.19502,0.8,2.4,1.29914,1.8383600000000002,7.958333333333333,7.75,2,2,7.0,16.0,1.588235294117647,1.1176470588235294,27.0,19.0,0.8292260061919504,0.760123839009288,1.174736842105263,1.3820433436532509,0.0,0.0,0.0,0.0,1,1,0.806,2.6065,1.0,D
64673b0a-009a-4219-bc15-14481b926ea1,4e1a8c0c-c8e9-4040-bae8-8d6bc8b20508,2025,18,18,2025-12-28T16:30:00+00:00,74bd08fa-27db-4bb0-8490-f57f6ed6b8e9,c23d6b7a-dfaf-44a3-b016-1feb2dddec44,Crystal Palace FC,Tottenham Hotspur FC,55,55,38,38,1.0,1.0,6.0,1.2,1.0,2.0,1.5332000000000001,1.53482,4.0,0.8,1.2,1.8,1.24986,1.28182,14.0,1.4,1.2,1.4,1.56027,1.3699,8.0,0.8,1.3,1.8,1.13896,1.46056,1.2,1.6,1.91468,1.2671,1.6,2.0,0.84878,1.87484,7.854166666666667,7.958333333333333,1,1,9.0,14.0,1.5294117647058822,1.2941176470588236,26.0,22.0,0.8296846011131724,0.9679653679653678,0.8988249845392702,1.2445269016697587,2.0,1.0,0.0,1.5,0,1,0.9297,0.8708,1.0,A
55e537eb-10c7-4069-b171-83070febc4d5,af81beca-d328-410f-a94d-a943837da36a,2025,19,19,2025-12-30T19:30:00+00:00,1cb320b2-b42f-4131-8f5f-ef42e7f82540,6601a105-9986-4276-89bf-143cdf03198a,Chelsea FC,AFC Bournemouth,56,56,38,38,1.0,1.0,5.0,1.0,1.2,1.4,1.45578,1.98036,3.0,0.6,1.2,2.0,1.7573999999999999,1.68242,15.0,1.5,1.4,1.0,1.8330899999999999,1.36001,7.0,0.7,1.3,2.2,1.7629000000000001,1.46508,1.6,1.0,2.12096,1.25792,1.6,3.6,1.9232399999999998,2.32114,3.0833333333333335,3.1875,2,2,5.0,15.0,1.6111111111111112,1.2222222222222223,29.0,22.0,0.9690976514215079,0.69221260815822,0.899876390605686,1.5228677379480842,3.0,0.3333333333333333,0.6666666666666666,1.6666666666666667,2,2,2.3329,3.4914,1.0,D
acd0a78d-8103-4d34-8ae1-3fa38a43528b,fcd0c7fd-a968-4546-8276-4b8b41056eb2,2025,19,19,2025-12-30T19:30:00+00:00,5421e81a-b7dd-48b1-9982-42644e8dcf9f,60cb8be0-9c1e-4019-8b60-fd9ac2aa9f2d,Nottingham Forest FC,Everton FC,56,56,38,38,1.0,1.0,6.0,1.2,1.0,1.2,0.9698399999999999,1.16574,7.0,1.4,0.8,0.6,1.0509,1.3378,13.0,1.3,1.3,1.3,1.13513,1.16709,14.0,1.4,0.9,1.1,1.11376,1.512,1.8,1.4,1.58574,1.04756,0.6,0.6,0.9900399999999999,1.59678,3.2916666666666665,3.1875,2,2,17.0,12.0,1.0,1.3888888888888888,18.0,25.0,0.8992601726263872,0.8992601726263872,0.6225647348951912,0.7609124537607892,3.0,0.3333333333333333,0.0,2.0,0,2,1.7545,1.6953,1.0,A
a06860ca-7053-4685-a8d4-4eaa222a6b2f,d888502f-1f14-44ec-afa1-cc526e8cb0df,2025,19,19,2025-12-30T19:30:00+00:00,21ec0474-e758-4563-97a9-912aab00b4f5,db14882b-951f-4db5-860b-4ca2b8583311,West Ham United FC,Brighton & Hove Albion FC,56,56,38,38,1.0,1.0,2.0,0.4,0.8,1.8,1.3015599999999998,1.93378,2.0,0.4,1.0,1.8,1.4766400000000002,2.2260400000000002,9.0,0.9,1.3,1.8,1.21426,1.9339600000000001,12.0,1.2,1.4,1.4,1.46434,1.74513,1.6,1.8,1.4319,1.13516,1.0,1.6,1.2083,1.7436,3.1875,3.1875,2,2,18.0,13.0,0.7222222222222222,1.3333333333333333,13.0,24.0,0.8997536945812808,1.2458128078817734,0.9689655172413792,0.9689655172413792,3.0,0.0,0.6666666666666666,3.0,2,2,2.2764,3.0891,1.0,D
ee0d6492-5573-41cd-9bfd-7cc45f283b87,c5973803-6d47-41e7-9ad5-ab5bfe70c1cf,2025,19,19,2025-12-30T19:30:00+00:00,2d3435a0-e4e8-4097-a60c-2a0f92c3fede,c4045d6d-a715-4821-a800-cd9b505ad54b,Burnley FC,Newcastle United FC,18,56,0,38,0.0,1.0,2.0,0.4,0.8,1.4,1.3074400000000002,1.50318,5.0,1.0,1.2,1.4,1.57412,1.04656,5.0,0.5,1.0,1.9,1.21715,2.1023,14.0,1.4,1.6,1.6,1.6459,1.43717,0.4,1.6,1.1626,1.6255400000000002,1.2,1.8,0.9428000000000001,1.34664,3.1875,3.9791666666666665,2,2,19.0,14.0,0.6666666666666666,1.2777777777777777,12.0,23.0,0.6916461916461917,1.314127764127764,1.1066339066339068,1.1066339066339068,1.0,0.0,0.0,3.0,1,3,1.3255,2.4925,1.0,A
991a2c5a-5de9-424b-91dc-f66eb1ff07f2,17d29b57-4709-420a-9bb3-330c34431e79,2025,19,19,2025-12-30T20:15:00+00:00,ead1bc2e-8799-410a-a809-66a274bbab2c,f8f456e7-3e20-4803-ba4e-b1762a31812c,Arsenal FC,Aston Villa FC,56,56,38,38,1.0,1.0,12.0,2.4,1.6,0.8,2.0998799999999997,0.9704,15.0,3.0,2.6,1.6,2.08018,1.67518,23.0,2.3,1.8,0.8,1.9708100000000002,0.79087,27.0,2.7,2.1,1.1,1.60773,1.57644,2.2,0.6,1.9853999999999998,0.45987999999999996,2.2,1.8,1.52132,1.7056999999999998,3.21875,3.1145833333333335,2,2,1.0,3.0,2.3333333333333335,2.1666666666666665,42.0,39.0,1.2441176470588236,0.5529411764705883,1.451470588235294,0.7602941176470588,3.0,0.3333333333333333,0.3333333333333333,3.0,4,1,4.4134,2.942,1.0,H
aaefaf2b-49ce-4f34-8fc2-2cfb3705e774,88c06a60-a412-44e1-9818-c1bedfa384f1,2025,19,19,2025-12-30T20:15:00+00:00,48fc005c-cbfc-4e4d-b7f1-459dce6cf940,fbffa344-2426-4b4b-9886-b8cd56ec69a1,Manchester United FC,Wolverhampton Wanderers FC,56,56,38,38,1.0,1.0,8.0,1.6,2.2,1.6,2.35624,1.39582,0.0,0.0,0.6,2.2,0.79112,1.98342,16.0,1.6,2.1,1.6,1.92314,1.3123,0.0,0.0,0.5,2.3,0.9215,1.9962199999999999,2.0,1.6,2.1330999999999998,1.19002,0.4,2.2,0.48294,2.04668,4.010416666666667,3.21875,2,2,6.0,20.0,1.6111111111111112,0.1111111111111111,29.0,2.0,1.449602932193036,1.1044593769089799,0.34514355528405616,1.5876603543066583,3.0,0.3333333333333333,0.0,2.6666666666666665,1,1,1.1331,1.2178,1.0,D
06b9958a-cf0c-4f39-b523-e15673bd28d9,5a873079-eb7c-4fa7-940e-f9ec6c1255b3,2025,19,19,2026-01-01T17:30:00+00:00,74bd08fa-27db-4bb0-8490-f57f6ed6b8e9,b552a1a6-4302-43ca-884c-0f91ac4f984b,Crystal Palace FC,Fulham FC,56,56,38,38,1.0,1.0,6.0,1.2,0.8,1.8,1.29202,1.41344,9.0,1.8,2.0,1.8,1.242,1.47036,13.0,1.3,0.9,1.2,1.19696,1.25227,18.0,1.8,1.7,1.4,1.33986,1.39027,0.6,1.2,1.1880600000000001,1.03184,1.4,1.4,1.04082,1.86206,4.041666666666667,5.104166666666667,2,2,11.0,12.0,1.4444444444444444,1.4444444444444444,26.0,26.0,0.6215985356924955,0.8287980475899939,1.174130567419158,0.9669310555216595,3.0,0.6666666666666666,0.0,2.3333333333333335,1,1,2.3535,1.7543,1.0,D
5bb3eb5a-38d2-4e26-a4d9-7e81f6feff17,fe941a91-05dc-47a3-ae86-c95ae30b88ec,2025,19,19,2026-01-01T17:30:00+00:00,54ed0f97-ad19-421c-a5c2-9b9d3fcbc72d,fe8b4d06-9254-4fc8-a08f-90f242e51751,Liverpool FC,Leeds United FC,56,18,38,0,1.0,0.0,11.0,2.2,2.0,1.2,1.72674,1.26516,9.0,1.8,2.4,1.4,2.2293,1.20914,17.0,1.7,1.6,1.5,1.6611,1.31863,12.0,1.2,1.8,1.9,1.7744700000000002,1.58894,1.4,1.0,1.72338,0.9625999999999999,1.0,2.2,1.3541400000000001,1.8976400000000002,5.104166666666667,4.145833333333333,2,2,4.0,16.0,1.7777777777777777,1.1111111111111112,32.0,20.0,1.1056672760511885,1.0365630712979892,1.243875685557587,1.312979890310786,1.0,0.0,1.0,6.0,0,0,1.6783,0.1594,1.0,D
e205fe05-40bd-4198-8c3a-2225ea134653,ab7d2a4d-dae4-4cb9-82bd-fde7b69ea3f1,2025,19,19,2026-01-01T20:00:00+00:00,076f94c9-341e-4294-a86a-076741505170,33d2f100-682f-4a5e-9aa3-5cc57e1e8571,Sunderland AFC,Manchester City FC,18,56,0,38,0.0,1.0,6.0,1.2,0.6,1.0,0.8171200000000001,1.4975,15.0,3.0,3.2,1.0,2.15564,0.9042999999999999,14.0,1.4,1.1,1.2,0.9414300000000001,1.66676,24.0,2.4,2.6,1.1,2.15421,1.14503,1.6,1.2,0.9982599999999999,1.5810600000000001,2.2,1.6,1.72116,1.22462,4.25,5.3125,2,2,7.0,2.0,1.5555555555555556,2.2222222222222223,28.0,40.0,0.7614868982327849,0.8307129798903108,1.7998781230956735,0.7614868982327849,1.0,0.0,0.0,3.0,0,0,0.9621,2.4425,1.0,D
c93720c9-9307-40bc-8b41-7b952eeec9a1,e618327a-87e1-4d5e-b097-f819c0e5ee2a,2025,19,19,2026-01-01T20:00:00+00:00,66a313d1-2e21-49ad-a1c7-6f04cae6be69,c23d6b7a-dfaf-44a3-b016-1feb2dddec44,Brentford FC,Tottenham Hotspur FC,56,56,38,38,1.0,1.0,7.0,1.4,1.4,1.2,1.23414,2.10386,7.0,1.4,1.2,1.4,1.21522,1.36882,16.0,1.6,1.7,1.4,1.89207,1.56561,11.0,1.1,1.3,1.6,1.07458,1.51831,2.8,1.2,2.6556,1.52412,1.4,1.8,0.8853,1.7646799999999998,5.208333333333333,4.145833333333333,2,2,11.0,13.0,1.4444444444444444,1.3888888888888888,26.0,25.0,1.178915295551493,0.9708714198659353,0.9015234613040829,1.1095673369896404,3.0,0.0,0.0,2.6666666666666665,0,0,0.5563,0.6083,1.0,D
31b51e82-80e5-41ec-b2a3-c259a536aebe,12a78239-69b1-4b76-b816-16450355051c,2025,20,20,2026-01-03T12:30:00+00:00,f8f456e7-3e20-4803-ba4e-b1762a31812c,5421e81a-b7dd-48b1-9982-42644e8dcf9f,Aston Villa FC,Nottingham Forest FC,57,57,38,38,1.0,1.0,12.0,2.4,2.0,1.8,2.03708,2.16526,3.0,0.6,0.8,1.6,1.09596,1.29988,24.0,2.4,2.1,1.5,1.81754,1.8808700000000003,13.0,1.3,1.3,1.3,1.28003,1.27096,2.0,0.4,1.6941400000000002,1.44718,0.8,1.2,0.68452,1.2866199999999999,3.6770833333333335,3.7083333333333335,3,3,3.0,17.0,2.0526315789473686,0.9473684210526315,39.0,18.0,1.4588665447897624,1.0420475319926874,0.9031078610603291,0.9031078610603291,2.0,0.5,0.0,3.0,3,1,1.4299,0.8982,1.0,H
3a3ed774-5280-4de8-8ba3-3ba8479fc27d,45a56504-069f-48b1-8390-cff06ed274bb,2025,20,20,2026-01-03T15:00:00+00:00,db14882b-951f-4db5-860b-4ca2b8583311,2d3435a0-e4e8-4097-a60c-2a0f92c3fede,Brighton & Hove Albion FC,Burnley FC,57,19,38,0,1.0,0.0,3.0,0.6,0.8,1.4,1.70186,2.04982,2.0,0.4,1.0,1.8,1.33884,1.80412,13.0,1.3,1.4,1.2,1.6785299999999999,1.77654,2.0,0.2,0.8,2.0,1.19516,2.09342,1.8,1.2,1.72038,1.7466599999999999,1.6,2.2,1.2717,2.5790599999999997,3.8125,3.8125,3,3,14.0,19.0,1.3157894736842106,0.631578947368421,25.0,12.0,0.9719148936170212,0.8330699088145896,0.5553799392097265,1.3884498480243161,0.0,0.0,0.0,0.0,2,0,1.4717,0.2546,1.0,H
0d182eb9-d878-4b87-9da0-f2acab0c8bee,0e0883cc-6c23-4d5f-9d49-3b363ade7ce3,2025,20,20,2026-01-03T15:00:00+00:00,fbffa344-2426-4b4b-9886-b8cd56ec69a1,21ec0474-e758-4563-97a9-912aab00b4f5,Wolverhampton Wanderers FC,West Ham United FC,57,57,38,38,1.0,1.0,1.0,0.2,0.8,2.2,0.8297599999999999,1.9852600000000002,2.0,0.4,1.0,2.0,1.48368,2.09626,1.0,0.1,0.4,2.1,0.78515,1.95499,10.0,1.0,1.4,1.8,1.3920299999999999,2.02073,0.6,2.4,1.36006,1.94576,1.0,1.8,0.9966200000000001,2.73276,3.78125,3.8125,3,3,20.0,18.0,0.15789473684210525,0.7368421052631579,3.0,14.0,0.2778384942319369,1.4586520947176687,0.972434729811779,1.250273224043716,2.0,0.5,0.0,2.0,3,0,2.2393,0.2357,1.0,H
a4455e41-c5e9-4957-b385-88ee7fdb23ad,8eeccf4b-2a3b-454d-972d-18d6e2a7a6d8,2025,20,20,2026-01-03T17:30:00+00:00,6601a105-9986-4276-89bf-143cdf03198a,ead1bc2e-8799-410a-a809-66a274bbab2c,AFC Bournemouth,Arsenal FC,57,57,38,38,1.0,1.0,4.0,0.8,1.6,2.2,2.3286000000000002,1.9098600000000001,12.0,2.4,2.0,1.0,2.4563,1.44106,5.0,0.5,1.3,2.4,2.04638,1.66782,23.0,2.3,2.1,0.9,2.32653,1.05002,1.0,0.8,1.60256,0.6090199999999999,1.4,1.0,1.95622,1.12186,3.9166666666666665,3.8854166666666665,2,3,15.0,1.0,1.2105263157894737,2.3684210526315788,23.0,45.0,0.9029090909090909,1.666909090909091,1.4585454545454546,0.6250909090909091,2.0,1.0,0.0,2.5,2,3,0.9478,1.28,1.0,A
93689cd1-0f5c-4a46-8c22-28803c7bfbec,8ef45a00-c77b-4aa2-bf81-4427ef3bd120,2025,20,20,2026-01-04T12:30:00+00:00,fe8b4d06-9254-4fc8-a08f-90f242e51751,48fc005c-cbfc-4e4d-b7f1-459dce6cf940,Leeds United FC,Manchester United FC,19,57,0,38,0.0,1.0,7.0,1.4,1.8,1.2,1.82024,1.3519999999999999,8.0,1.6,2.2,1.6,2.12752,1.3662199999999998,10.0,1.0,1.6,1.8,1.56827,1.7068999999999999,14.0,1.4,1.8,1.5,1.84022,1.3393599999999999,2.6,1.6,2.1948,1.2802399999999998,2.2,1.6,1.7131800000000001,1.43458,2.7916666666666665,4.677083333333333,2,3,16.0,6.0,1.105263157894737,1.5789473684210527,21.0,30.0,1.1098489425981874,1.2485800604229609,1.2485800604229609,1.0404833836858005,0.0,0.0,0.0,0.0,1,1,0.9701,1.9478,1.0,D
95d74cfb-b0ac-498a-bef0-9bb9d0364d75,f41dbeb7-1401-4a3d-aa54-45336c9c30cd,2025,20,20,2026-01-04T15:00:00+00:00,c4045d6d-a715-4821-a800-cd9b505ad54b,74bd08fa-27db-4bb0-8490-f57f6ed6b8e9,Newcastle United FC,Crystal Palace FC,57,57,38,38,1.0,1.0,7.0,1.4,1.4,1.2,1.6954999999999998,1.10124,4.0,0.8,0.8,2.0,1.56516,1.5306000000000002,14.0,1.4,1.7,1.6,1.61834,1.4177199999999999,14.0,1.4,1.0,1.2,1.39726,1.34208,2.0,1.4,2.349,1.5277,1.2,1.2,1.20586,1.4727000000000001,4.8125,2.8958333333333335,2,2,14.0,11.0,1.368421052631579,1.4210526315789473,26.0,27.0,1.1798430899215449,1.1104405552202776,0.6940253470126735,0.8328304164152082,2.0,0.5,0.5,3.5,2,0,2.7276,1.2783,1.0,H
a8b203b0-82fc-4a22-8d2b-2ca2a8c54ad7,49510a59-9ea0-4b7d-afcc-2d9691ac089b,2025,20,20,2026-01-04T15:00:00+00:00,c23d6b7a-dfaf-44a3-b016-1feb2dddec44,076f94c9-341e-4294-a86a-076741505170,Tottenham Hotspur FC,Sunderland AFC,57,19,38,0,1.0,0.0,7.0,1.4,0.8,1.0,1.12646,1.10296,6.0,1.2,0.4,0.8,0.867,1.71074,9.0,0.9,1.0,1.6,0.92608,1.43362,12.0,1.2,0.9,1.1,0.8825800000000001,1.78968,1.2,1.4,1.26386,1.27194,0.6,1.2,0.8846,1.75246,2.7916666666666665,2.7916666666666665,2,2,14.0,8.0,1.368421052631579,1.5263157894736843,26.0,29.0,0.6943942133815552,1.1110307414104883,0.6249547920433997,0.7638336347197107,0.0,0.0,0.0,0.0,1,1,1.4175,0.4675,1.0,D
5372ada6-398f-4f14-9e4c-78b6c383bda9,1bb4bf42-adf2-44c9-930c-dfa388286f94,2025,20,20,2026-01-04T15:00:00+00:00,60cb8be0-9c1e-4019-8b60-fd9ac2aa9f2d,66a313d1-2e21-49ad-a1c7-6f04cae6be69,Everton FC,Brentford FC,57,57,38,38,1.0,1.0,7.0,1.4,1.0,0.6,1.15082,1.56162,8.0,1.6,1.4,0.8,1.22766,1.69926,17.0,1.7,1.1,0.8,1.14297,1.47812,14.0,1.4,1.4,1.2,1.62057,1.4146,1.2,1.6,1.2374800000000001,1.42722,0.6,1.6,1.12854,1.6071000000000002,4.8125,2.7916666666666665,2,2,10.0,12.0,1.4736842105263157,1.4210526315789473,28.0,27.0,0.7642384105960265,0.5558097531607465,0.9726670680313063,0.8337146297411198,2.0,0.0,1.0,1.0,2,4,1.0057,3.0518,1.0,A
07063188-40b2-4169-bebd-8a35626ed7b7,bd647bc8-1424-4f64-a15f-81f0dc21f6f9,2025,20,20,2026-01-04T15:15:00+00:00,b552a1a6-4302-43ca-884c-0f91ac4f984b,54ed0f97-ad19-421c-a5c2-9b9d3fcbc72d,Fulham FC,Liverpool FC,57,57,38,38,1.0,1.0,10.0,2.0,1.4,1.0,1.39834,1.5486,11.0,2.2,1.8,1.0,1.7871400000000002,1.1545,19.0,1.9,1.7,1.3,1.36329,1.3488099999999998,18.0,1.8,1.4,1.2,1.61709,1.0074400000000001,2.0,1.4,1.6389,0.91848,1.8,2.0,1.59882,1.67466,2.90625,2.90625,3,2,13.0,4.0,1.4210526315789473,1.736842105263158,27.0,33.0,1.178884223155369,0.901499700059988,0.9708458308338332,0.8321535692861428,2.0,0.5,0.5,4.5,2,2,0.6092,1.7188,1.0,D
6af6a99a-bf39-47d3-8b4b-8537789c5211,bfdbc911-a8ec-41d7-9801-051eabe12ad1,2025,20,20,2026-01-04T17:30:00+00:00,33d2f100-682f-4a5e-9aa3-5cc57e1e8571,1cb320b2-b42f-4131-8f5f-ef42e7f82540,Manchester City FC,Chelsea FC,57,57,38,38,1.0,1.0,13.0,2.6,2.2,0.2,2.25168,0.9022,6.0,1.2,1.4,1.2,1.72956,2.2377000000000002,25.0,2.5,2.6,1.0,2.26155,1.15685,16.0,1.6,1.5,1.0,1.9450500000000002,1.55409,3.0,0.6,2.58726,1.0654400000000002,1.2,1.0,1.54522,1.4621,2.8958333333333335,4.916666666666667,2,2,3.0,6.0,2.1578947368421053,1.5789473684210527,41.0,30.0,1.8017953321364453,0.6929982046678635,1.0394973070017952,0.6929982046678635,2.0,1.0,0.0,3.0,1,1,1.0305,2.0373,1.0,D
64b2c0b1-bc03-474b-a687-f191bf3bed52,7f3cea14-c290-4f81-bef9-cfe51f8faa05,2025,21,21,2026-01-06T20:00:00+00:00,21ec0474-e758-4563-97a9-912aab00b4f5,5421e81a-b7dd-48b1-9982-42644e8dcf9f,West Ham United FC,Nottingham Forest FC,58,58,38,38,1.0,1.0,1.0,0.2,0.8,2.4,1.18954,2.12396,3.0,0.6,1.0,1.6,1.2131399999999999,1.33516,7.0,0.7,1.1,2.0,1.2742200000000001,2.1923000000000004,12.0,1.2,1.2,1.4,1.21478,1.32233,1.4,2.0,1.60442,1.64826,1.0,1.4,0.80306,1.4412800000000001,3.2083333333333335,3.3125,3,3,18.0,17.0,0.7,0.9,14.0,18.0,0.7627017334130306,1.3867304243873282,0.8320382546323969,0.9707112970711297,3.0,0.3333333333333333,0.0,3.0,1,2,1.737,1.2668,1.0,A
b84673c8-0eb6-40bd-96cc-6f9c944bd23f,d8c40349-76ac-4847-b37a-949822e4135d,2025,21,21,2026-01-07T19:30:00+00:00,6601a105-9986-4276-89bf-143cdf03198a,c23d6b7a-dfaf-44a3-b016-1feb2dddec44,AFC Bournemouth,Tottenham Hotspur FC,58,58,38,38,1.0,1.0,3.0,0.6,2.0,2.8,2.2343,2.03134,5.0,1.0,0.6,1.2,0.9251799999999999,1.10234,5.0,0.5,1.4,2.4,2.05118,1.5468199999999999,10.0,1.0,1.1,1.6,1.05313,1.14612,1.0,1.4,1.6608,0.80392,0.8,1.8,0.5883,1.5953,4.083333333333333,3.1875,3,3,15.0,13.0,1.15,1.35,23.0,27.0,0.9706443914081144,1.663961813842482,0.7626491646778043,1.1093078758949881,3.0,0.6666666666666666,0.3333333333333333,2.0,3,2,1.1901,1.6261,1.0,H
e6b034b8-ede3-4c40-ae07-f85fd95f41f3,92f49a8f-887e-4e5e-a357-a09620059eaa,2025,21,21,2026-01-07T19:30:00+00:00,74bd08fa-27db-4bb0-8490-f57f6ed6b8e9,f8f456e7-3e20-4803-ba4e-b1762a31812c,Crystal Palace FC,Aston Villa FC,58,58,38,38,1.0,1.0,1.0,0.2,0.4,2.2,1.4786,1.9227599999999998,12.0,2.4,2.2,1.8,1.77908,1.97296,11.0,1.1,0.8,1.4,1.45163,1.5327899999999999,27.0,2.7,2.4,1.4,1.91703,1.82367,0.4,1.4,1.5118399999999999,1.2186,2.4,2.2,2.02272,2.29434,3.1875,4.291666666666667,3,3,14.0,3.0,1.35,2.1,27.0,42.0,0.5539559785841761,0.9694229625223081,1.6618679357525281,0.9694229625223081,3.0,0.6666666666666666,0.3333333333333333,4.0,0,0,1.3251,2.0702,1.0,D
32783c4c-d7b1-4e83-a037-0f54e6709b60,0a201e29-0000-4370-9221-a71a65d51582,2025,21,21,2026-01-07T19:30:00+00:00,66a313d1-2e21-49ad-a1c7-6f04cae6be69,076f94c9-341e-4294-a86a-076741505170,Brentford FC,Sunderland AFC,58,20,38,0,1.0,0.0,11.0,2.2,2.2,0.8,1.7439,1.41562,7.0,1.4,0.6,0.4,0.8352,1.5110199999999998,17.0,1.7,1.8,1.2,1.8437000000000001,1.44171,12.0,1.2,0.9,1.1,0.8112600000000001,1.83069,2.2,0.8,2.1126,1.2221,0.4,1.2,0.66798,1.7933,3.1875,3.1875,3,3,7.0,8.0,1.5,1.5,30.0,30.0,1.2485425342058298,0.8323616894705531,0.6242712671029149,0.7629982153480072,1.0,0.0,0.0,3.0,3,0,3.861,1.5064,1.0,H
bcb0ac57-e691-4b43-a451-2219b258baeb,d8fa600b-bb27-4f05-9919-479172c3f727,2025,21,21,2026-01-07T19:30:00+00:00,60cb8be0-9c1e-4019-8b60-fd9ac2aa9f2d,fbffa344-2426-4b4b-9886-b8cd56ec69a1,Everton FC,Wolverhampton Wanderers FC,58,58,38,38,1.0,1.0,4.0,0.8,0.8,1.4,1.1012600000000001,2.10952,4.0,0.8,1.2,1.4,1.2252,1.22298,16.0,1.6,1.2,1.1,1.1428,1.66523,4.0,0.4,0.7,1.8,0.98809,1.78735,1.6,1.8,1.15798,1.61892,0.6,1.8,0.68452,1.89088,3.1875,4.1875,3,3,13.0,20.0,1.4,0.3,28.0,6.0,0.8323040380047505,0.7629453681710214,0.48551068883610443,1.248456057007126,3.0,0.6666666666666666,0.3333333333333333,3.6666666666666665,1,1,1.6332,0.7133,1.0,D
93a5f0d8-c30c-4522-a103-535fb3303174,e7b3521a-f35c-4764-9c46-5d8659e02f0c,2025,21,21,2026-01-07T19:30:00+00:00,33d2f100-682f-4a5e-9aa3-5cc57e1e8571,db14882b-951f-4db5-860b-4ca2b8583311,Manchester City FC,Brighton & Hove Albion FC,58,58,38,38,1.0,1.0,11.0,2.2,1.8,0.4,1.9745599999999999,1.18436,5.0,1.0,1.0,1.2,1.57604,1.75946,23.0,2.3,2.4,1.0,2.1155999999999997,1.2706,13.0,1.3,1.3,1.2,1.5615700000000001,1.76608,2.6,0.6,2.29536,1.2929400000000002,1.0,1.2,1.6366800000000001,1.80642,3.0833333333333335,4.1875,3,3,3.0,11.0,2.1,1.4,42.0,28.0,1.6654804270462633,0.693950177935943,0.902135231316726,0.8327402135231317,3.0,0.0,0.3333333333333333,3.3333333333333335,1,1,2.959,1.3316,1.0,D
12c91e9f-62f0-47b0-a29c-031610f24f94,5acd2910-2c27-434d-a75a-47d7118cf290,2025,21,21,2026-01-07T19:30:00+00:00,b552a1a6-4302-43ca-884c-0f91ac4f984b,1cb320b2-b42f-4131-8f5f-ef42e7f82540,Fulham FC,Chelsea FC,58,58,38,38,1.0,1.0,11.0,2.2,1.6,1.0,1.3668200000000001,1.55014,6.0,1.2,1.6,1.4,2.0025,2.1599399999999997,17.0,1.7,1.6,1.5,1.233,1.4997,14.0,1.4,1.5,1.1,1.81453,1.64244,1.8,1.8,1.37832,1.2202600000000001,1.2,1.2,1.28418,1.6387999999999998,3.1770833333333335,3.0833333333333335,3,3,12.0,6.0,1.4,1.55,28.0,31.0,1.1109004739336492,1.041469194312796,1.041469194312796,0.7637440758293839,3.0,0.3333333333333333,0.0,2.6666666666666665,2,1,1.0601,2.4511,1.0,H
babd3190-756e-4765-998a-37bba31abc6d,e07524c2-e324-4920-9e7c-8dac865fc311,2025,21,21,2026-01-07T20:15:00+00:00,2d3435a0-e4e8-4097-a60c-2a0f92c3fede,48fc005c-cbfc-4e4d-b7f1-459dce6cf940,Burnley FC,Manchester United FC,20,58,0,38,0.0,1.0,2.0,0.4,0.8,1.8,1.073,1.73704,6.0,1.2,1.6,1.6,1.70766,1.50782,2.0,0.2,0.8,2.0,1.1527,1.98894,14.0,1.4,1.7,1.4,1.94338,1.2812999999999999,0.6,1.8,1.29186,1.62074,2.0,1.4,1.9195,1.31846,4.21875,3.3229166666666665,3,3,19.0,7.0,0.6,1.55,12.0,31.0,0.5554109994086339,1.3885274985215847,1.1802483737433471,0.9719692489651093,1.0,0.0,0.0,5.0,2,2,0.3197,2.5249,1.0,D
fc9a59fa-c08e-4581-92ef-353085c4b2d3,4dd76f18-ebe8-49b0-bb61-2160795534c4,2025,21,21,2026-01-07T20:15:00+00:00,c4045d6d-a715-4821-a800-cd9b505ad54b,fe8b4d06-9254-4fc8-a08f-90f242e51751,Newcastle United FC,Leeds United FC,58,20,38,0,1.0,0.0,7.0,1.4,1.4,1.0,1.8796,1.0401399999999998,7.0,1.4,1.4,0.8,1.6556000000000002,1.33194,17.0,1.7,1.8,1.3,1.83874,1.4041700000000001,11.0,1.1,1.7,1.6,1.6293600000000001,1.6375499999999998,2.0,1.2,2.3409,1.4793600000000002,1.0,1.6,1.31418,1.70504,3.21875,3.3229166666666665,3,3,10.0,16.0,1.45,1.1,29.0,22.0,1.248849557522124,0.9019469026548673,1.1794690265486725,1.1100884955752213,1.0,0.0,1.0,0.0,4,3,2.435,2.3532,1.0,H
816ef83e-d3b5-4afe-a0f4-e132f088c571,ffe6b2ca-55e2-4d70-a6bc-0952b5d58418,2025,21,21,2026-01-08T20:00:00+00:00,ead1bc2e-8799-410a-a809-66a274bbab2c,54ed0f97-ad19-421c-a5c2-9b9d3fcbc72d,Arsenal FC,Liverpool FC,58,58,38,38,1.0,1.0,15.0,3.0,2.4,1.0,2.34036,1.08664,11.0,2.2,1.6,0.8,1.7212800000000001,0.91768,23.0,2.3,2.2,1.1,2.20288,1.07688,16.0,1.6,1.4,1.4,1.64195,1.0248599999999999,2.8,0.8,2.6968400000000003,0.97818,1.8,1.8,1.5189,1.14224,5.104166666666667,4.197916666666667,3,3,1.0,4.0,2.4,1.7,48.0,34.0,1.5226792009400707,0.7613396004700353,0.9689776733254993,0.9689776733254993,3.0,0.0,0.6666666666666666,3.0,0,0,0.7018,0.3186,1.0,D
e2398dd7-81cd-46c5-a9c4-f34fe2407ee4,b8e865dd-276a-481b-84c8-56e16b76e477,2025,22,22,2026-01-17T12:30:00+00:00,48fc005c-cbfc-4e4d-b7f1-459dce6cf940,33d2f100-682f-4a5e-9aa3-5cc57e1e8571,Manchester United FC,Manchester City FC,59,59,38,38,1.0,1.0,6.0,1.2,1.2,1.2,1.57024,1.1013600000000001,9.0,1.8,1.4,0.6,2.29572,1.1905,14.0,1.4,1.7,1.4,2.11384,1.17774,21.0,2.1,2.2,1.1,2.25196,1.30095,1.4,1.4,1.96726,1.24414,2.2,1.4,1.93584,1.24826,9.677083333333334,9.708333333333334,2,2,7.0,2.0,1.5238095238095237,2.0476190476190474,32.0,43.0,1.1786133960047003,0.9706227967097532,1.5252643948296123,0.7626321974148061,3.0,0.3333333333333333,0.3333333333333333,2.0,2,0,3.0728,0.387,1.0,H
3990795f-93b6-4074-9a3f-115da7d6d9c9,91b49f5a-fcc1-4503-bd38-1cecd4a9d09e,2025,22,22,2026-01-17T15:00:00+00:00,076f94c9-341e-4294-a86a-076741505170,74bd08fa-27db-4bb0-8490-f57f6ed6b8e9,Sunderland AFC,Crystal Palace FC,21,59,0,38,0.0,1.0,4.0,0.8,0.4,1.0,1.01048,2.2493600000000002,2.0,0.4,0.4,1.6,1.4834399999999999,2.06616,11.0,1.1,0.7,1.2,0.8413999999999999,1.98385,11.0,1.1,0.8,1.4,1.50019,1.67611,1.4,1.0,0.95454,1.8680800000000002,1.2,1.4,1.39142,1.8469799999999998,9.8125,9.8125,2,2,10.0,13.0,1.4285714285714286,1.3333333333333333,30.0,28.0,0.48556338028169005,0.832394366197183,0.5549295774647888,0.9711267605633801,1.0,0.0,1.0,0.0,2,1,1.846,1.1517,1.0,H
858061f0-6ab9-4552-9f58-f4c5cdff5f81,3043b926-af11-4efc-abf8-298a99efc4a1,2025,22,22,2026-01-17T15:00:00+00:00,1cb320b2-b42f-4131-8f5f-ef42e7f82540,66a313d1-2e21-49ad-a1c7-6f04cae6be69,Chelsea FC,Brentford FC,59,59,38,38,1.0,1.0,3.0,0.6,1.4,1.8,1.9637999999999998,2.10396,13.0,2.6,2.6,0.6,2.3767,1.39008,11.0,1.1,1.3,1.3,1.6613,1.7373,17.0,1.7,1.8,1.1,1.95607,1.5491199999999998,1.8,1.0,2.34488,1.64608,1.4,1.6,1.5748000000000002,1.66132,9.8125,9.8125,2,2,9.0,6.0,1.4761904761904763,1.5714285714285714,31.0,33.0,0.9016988869361453,0.9016988869361453,1.248506151142355,0.7629759812536614,3.0,0.3333333333333333,0.6666666666666666,2.3333333333333335,2,0,1.6226,1.4752,1.0,H
087e3247-4f83-4753-92a6-0d78e18dcbfe,37d31c9b-5ded-492a-9c12-dc3998bda97c,2025,22,22,2026-01-17T15:00:00+00:00,54ed0f97-ad19-421c-a5c2-9b9d3fcbc72d,2d3435a0-e4e8-4097-a60c-2a0f92c3fede,Liverpool FC,Burnley FC,59,21,38,0,1.0,0.0,9.0,1.8,1.2,0.8,1.30246,0.72004,3.0,0.6,0.8,1.6,0.7259599999999999,1.9119199999999998,17.0,1.7,1.4,1.1,1.5710000000000002,0.9355,3.0,0.3,0.8,1.9,0.99719,1.9446999999999999,1.0,1.0,1.765,0.90748,1.0,2.2,1.01354,2.3571400000000002,8.791666666666666,9.78125,2,2,5.0,19.0,1.6666666666666667,0.6190476190476191,35.0,13.0,0.971562317144529,0.76337039204213,0.5551784669397309,1.3185488589818608,1.0,1.0,0.0,1.0,1,1,3.4905,0.547,1.0,D
24465fa2-0e2c-4f3c-8702-00a4dc964094,e87ca2a7-1953-40f0-b756-2bab787a5de2,2025,22,22,2026-01-17T15:00:00+00:00,fe8b4d06-9254-4fc8-a08f-90f242e51751,b552a1a6-4302-43ca-884c-0f91ac4f984b,Leeds United FC,Fulham FC,21,59,0,38,0.0,1.0,6.0,1.2,1.8,1.4,1.79942,1.67954,11.0,2.2,1.4,0.8,1.2487400000000002,1.62938,11.0,1.1,1.9,1.7,1.82273,1.6319499999999998,20.0,2.0,1.8,1.4,1.29656,1.5142,2.4,1.6,1.94454,1.57006,1.4,1.2,1.08768,1.77914,9.78125,9.8125,2,2,16.0,10.0,1.0476190476190477,1.4761904761904763,22.0,31.0,1.3192285213325539,1.180362361192285,1.2497954412624197,0.9720631209818819,1.0,0.0,0.0,1.0,1,0,2.169,0.2588,1.0,H
3fa19d1b-e154-4359-ab9d-a1467363d065,65ba19aa-df5e-4af6-878c-a0e54ac1b74a,2025,22,22,2026-01-17T15:00:00+00:00,c23d6b7a-dfaf-44a3-b016-1feb2dddec44,21ec0474-e758-4563-97a9-912aab00b4f5,Tottenham Hotspur FC,West Ham United FC,59,59,38,38,1.0,1.0,5.0,1.0,1.0,1.2,1.17436,0.8750399999999999,1.0,0.2,0.6,2.2,1.2815400000000001,2.2583,9.0,0.9,1.1,1.7,1.08021,1.1831,4.0,0.4,0.9,2.0,1.1511900000000002,2.1315,1.4,1.4,1.51796,0.69694,0.8,2.0,0.9440199999999999,2.7363399999999998,9.8125,10.791666666666666,2,2,14.0,19.0,1.2857142857142858,0.6666666666666666,27.0,14.0,0.7646028037383178,1.1816588785046729,0.6255841121495327,1.3901869158878504,3.0,0.6666666666666666,0.3333333333333333,3.3333333333333335,1,2,1.6529,2.7676,1.0,A
684c3e0b-38e6-4453-b892-5f0d5a72f2f6,25b77ba8-e56b-4a98-a9fa-d2f2382e739d,2025,22,22,2026-01-17T17:30:00+00:00,5421e81a-b7dd-48b1-9982-42644e8dcf9f,ead1bc2e-8799-410a-a809-66a274bbab2c,Nottingham Forest FC,Arsenal FC,59,59,38,38,1.0,1.0,3.0,0.6,0.8,1.8,1.00118,1.6065200000000002,13.0,2.6,2.0,0.8,2.15712,1.02636,12.0,1.2,1.1,1.4,1.09236,1.4540799999999998,23.0,2.3,2.0,0.9,2.04012,0.98824,1.4,1.4,1.6265,1.20338,1.6,1.4,1.7089199999999998,1.17558,10.895833333333334,8.895833333333334,1,2,17.0,1.0,1.0,2.3333333333333335,21.0,49.0,0.7645481049562682,0.9730612244897958,1.3900874635568512,0.6255393586005831,3.0,0.0,0.3333333333333333,2.0,0,0,0.3185,2.8632,1.0,D
67dfc702-e2c2-4e21-8cdd-09be4f3fc83e,5543a441-6f02-4b22-8927-37bf59c5e70a,2025,22,22,2026-01-18T14:00:00+00:00,fbffa344-2426-4b4b-9886-b8cd56ec69a1,c4045d6d-a715-4821-a800-cd9b505ad54b,Wolverhampton Wanderers FC,Newcastle United FC,59,59,38,38,1.0,1.0,5.0,1.0,1.2,1.2,1.2438600000000002,1.2260199999999999,10.0,2.0,2.2,1.4,2.3327400000000003,1.38478,5.0,0.5,0.8,1.6,1.04827,1.55233,20.0,2.0,2.1,1.3,2.03901,1.36576,0.8,1.8,1.2916599999999998,1.68382,1.6,1.4,1.33658,1.32898,10.770833333333334,10.739583333333334,1,2,20.0,9.0,0.3333333333333333,1.5238095238095237,7.0,32.0,0.5569679300291546,1.1139358600583091,1.4620408163265306,0.905072886297376,3.0,0.0,0.0,2.3333333333333335,0,0,0.3902,0.8133,1.0,D
7009b8a0-a177-4b63-bb36-de52bfb98271,ce3ccb58-4111-4f2e-85e5-d21b1fecc003,2025,22,22,2026-01-18T16:30:00+00:00,f8f456e7-3e20-4803-ba4e-b1762a31812c,60cb8be0-9c1e-4019-8b60-fd9ac2aa9f2d,Aston Villa FC,Everton FC,59,59,38,38,1.0,1.0,10.0,2.0,1.6,1.4,2.0741,1.98258,5.0,1.0,1.0,1.2,1.1599,1.7232600000000002,25.0,2.5,2.0,1.4,1.9357700000000002,1.75519,14.0,1.4,1.1,1.2,1.07551,1.6941099999999998,2.4,0.6,1.81134,1.353,0.8,0.4,1.1276199999999998,1.71154,10.875,10.875,1,1,3.0,12.0,2.0476190476190474,1.380952380952381,43.0,29.0,1.3947521865889212,0.9763265306122447,0.7671137026239068,0.8368513119533527,3.0,0.6666666666666666,0.3333333333333333,2.0,0,1,0.9054,0.7459,1.0,A
a2cace67-213f-48b1-ba58-4a27a234a3f9,61e1c7a6-4049-4e37-b284-e224c7ebf28d,2025,22,22,2026-01-19T20:00:00+00:00,db14882b-951f-4db5-860b-4ca2b8583311,6601a105-9986-4276-89bf-143cdf03198a,Brighton & Hove Albion FC,AFC Bournemouth,59,59,38,38,1.0,1.0,6.0,1.2,1.2,1.0,1.50436,1.8687200000000002,5.0,1.0,1.8,2.4,2.0019199999999997,1.7141600000000001,13.0,1.3,1.4,1.3,1.6310300000000002,1.97803,8.0,0.8,1.7,2.2,1.9692,1.52115,1.6,1.2,1.48646,1.72574,1.8,3.4,2.44156,2.28972,12.020833333333334,12.020833333333334,1,1,12.0,15.0,1.380952380952381,1.2380952380952381,29.0,26.0,0.9773892773892773,0.9075757575757576,1.1868298368298367,1.535897435897436,3.0,0.6666666666666666,0.0,3.0,1,1,0.9958,1.6974,1.0,D
67fbb5b2-6840-4e5f-b45a-84904658af97,6fdb7f1d-122e-4cbf-a3da-db3a326f03da,2025,23,23,2026-01-24T12:30:00+00:00,21ec0474-e758-4563-97a9-912aab00b4f5,076f94c9-341e-4294-a86a-076741505170,West Ham United FC,Sunderland AFC,60,22,38,0,1.0,0.0,4.0,0.8,1.0,1.8,1.6307800000000001,1.8725,6.0,1.2,0.8,1.2,1.1176,2.29584,6.0,0.6,0.9,1.9,1.38887,1.94849,14.0,1.4,0.9,1.2,1.00372,1.8152899999999998,1.0,2.0,1.35836,1.5266600000000001,0.4,1.6,0.9247,1.99804,6.895833333333333,6.895833333333333,1,1,18.0,9.0,0.7727272727272727,1.5,17.0,33.0,0.6286379511059371,1.3271245634458673,0.6286379511059371,0.8381839348079162,1.0,0.0,0.0,3.0,3,1,2.1868,0.7138,1.0,H
940af41e-1ce0-4c75-b716-45212bce9ea6,09348636-d528-4878-9b51-429bb48c5bf2,2025,23,23,2026-01-24T15:00:00+00:00,2d3435a0-e4e8-4097-a60c-2a0f92c3fede,c23d6b7a-dfaf-44a3-b016-1feb2dddec44,Burnley FC,Tottenham Hotspur FC,22,60,0,38,0.0,1.0,3.0,0.6,0.8,1.6,0.73926,2.24632,5.0,1.0,1.0,1.2,1.23512,1.18224,4.0,0.4,0.9,1.8,0.9858,2.12166,9.0,0.9,1.1,1.5,1.24249,1.23203,1.0,1.8,1.22362,1.7815400000000001,1.0,1.6,0.9075,1.37766,7.0,7.0,1,1,19.0,14.0,0.6363636363636364,1.2272727272727273,14.0,27.0,0.6282229965156795,1.256445993031359,0.7678281068524971,1.0470383275261324,1.0,0.0,0.0,3.0,2,2,1.5488,2.5909,1.0,D
4fe9096d-2e3c-4901-9a57-447ba813cbbb,7e6cf084-b07e-4b1e-be48-b80042eb88dc,2025,23,23,2026-01-24T15:00:00+00:00,b552a1a6-4302-43ca-884c-0f91ac4f984b,db14882b-951f-4db5-860b-4ca2b8583311,Fulham FC,Brighton & Hove Albion FC,60,60,38,38,1.0,1.0,8.0,1.6,1.2,1.0,0.95936,1.96592,6.0,1.2,1.4,1.2,1.51966,1.94612,17.0,1.7,1.7,1.5,1.03871,1.70882,11.0,1.1,1.3,1.3,1.6328600000000002,1.92779,2.0,2.0,1.02288,1.6659199999999998,1.2,1.4,1.7756,2.23032,7.0,4.791666666666667,1,1,11.0,12.0,1.4090909090909092,1.3636363636363635,31.0,30.0,1.1858632676709153,1.0463499420625724,0.9068366164542294,0.9068366164542294,3.0,0.3333333333333333,0.3333333333333333,3.0,2,1,1.1324,1.9465,1.0,H
d9378d77-8403-44fb-8b92-09124bc0d8b7,54867a10-df05-446c-83eb-1c8f1dd36147,2025,23,23,2026-01-24T15:00:00+00:00,33d2f100-682f-4a5e-9aa3-5cc57e1e8571,fbffa344-2426-4b4b-9886-b8cd56ec69a1,Manchester City FC,Wolverhampton Wanderers FC,60,60,38,38,1.0,1.0,6.0,1.2,0.8,1.0,1.6567399999999999,1.6007799999999999,6.0,1.2,1.2,0.8,1.06826,1.07606,21.0,2.1,2.1,1.1,2.04501,1.36767,6.0,0.6,0.8,1.4,0.92088,1.4887299999999999,2.2,0.8,2.56808,1.35364,0.8,1.4,0.80488,1.42084,7.104166666666667,6.041666666666667,1,1,2.0,20.0,1.9545454545454546,0.36363636363636365,43.0,8.0,1.4647773279352228,0.7672643146327357,0.5580104106419896,0.9765182186234816,3.0,1.0,0.0,2.6666666666666665,2,0,1.0654,0.5427,1.0,H
8e61f048-4361-4e2c-a20a-3ce99465f72c,96b6c1e1-5bb7-434e-8964-4ca6f465c832,2025,23,23,2026-01-24T17:30:00+00:00,6601a105-9986-4276-89bf-143cdf03198a,54ed0f97-ad19-421c-a5c2-9b9d3fcbc72d,AFC Bournemouth,Liverpool FC,60,60,38,38,1.0,1.0,5.0,1.0,1.8,2.4,1.9777,1.81722,7.0,1.4,1.0,0.8,1.75424,0.55962,8.0,0.8,1.6,2.1,1.7906399999999998,1.58165,18.0,1.8,1.5,0.9,1.7407800000000002,0.87074,1.2,1.4,1.20222,1.05098,1.8,1.2,1.377,0.9635199999999999,4.895833333333333,7.104166666666667,1,1,15.0,4.0,1.2272727272727273,1.6363636363636365,27.0,36.0,1.1165800115540152,1.465511265164645,1.0467937608318891,0.6280762564991335,3.0,0.0,0.0,3.6666666666666665,3,2,3.3147,0.9373,1.0,H
7d00fbad-fab0-40bb-9801-b86518cc8990,56352c5f-e340-47f1-bfed-f11d51ee5c58,2025,23,23,2026-01-25T14:00:00+00:00,66a313d1-2e21-49ad-a1c7-6f04cae6be69,5421e81a-b7dd-48b1-9982-42644e8dcf9f,Brentford FC,Nottingham Forest FC,60,60,38,38,1.0,1.0,10.0,2.0,2.2,1.0,2.35912,1.46096,4.0,0.8,0.8,1.6,0.9676199999999999,1.8380199999999998,17.0,1.7,1.7,1.1,1.8836100000000002,1.61363,10.0,1.0,0.8,1.4,1.00475,1.56113,2.2,0.6,2.33734,1.43692,0.8,1.6,0.8174999999999999,1.4301400000000002,7.958333333333333,7.854166666666667,1,1,8.0,17.0,1.5,1.0,33.0,22.0,1.1849078341013826,0.766705069124424,0.5576036866359447,0.9758064516129031,3.0,0.3333333333333333,0.0,2.6666666666666665,0,2,2.0041,1.3896,1.0,A
e84119fc-9631-4739-b336-c69d6daf3773,e38a15ff-b488-4633-9fe6-ea3c6ab1c9d4,2025,23,23,2026-01-25T14:00:00+00:00,c4045d6d-a715-4821-a800-cd9b505ad54b,f8f456e7-3e20-4803-ba4e-b1762a31812c,Newcastle United FC,Aston Villa FC,60,60,38,38,1.0,1.0,10.0,2.0,1.8,1.0,1.91968,1.2576,7.0,1.4,1.2,1.4,1.8813400000000002,1.87084,18.0,1.8,1.9,1.2,1.8797799999999998,1.15913,22.0,2.2,1.8,1.4,1.89033,1.64511,2.4,1.6,2.34678,1.4586999999999999,2.0,2.0,2.1648,2.19002,7.0,6.895833333333333,1,1,8.0,3.0,1.5,1.9545454545454546,33.0,43.0,1.324971231300345,0.8368239355581127,1.2552359033371692,0.9762945914844647,3.0,0.3333333333333333,0.3333333333333333,2.6666666666666665,0,2,1.9548,1.3214,1.0,A
c1d1a7ca-7a47-49a0-8dc0-1a0ec6972fab,65510f41-4059-4e02-9dac-d40102cf7c98,2025,23,23,2026-01-25T14:00:00+00:00,74bd08fa-27db-4bb0-8490-f57f6ed6b8e9,1cb320b2-b42f-4131-8f5f-ef42e7f82540,Crystal Palace FC,Chelsea FC,60,60,38,38,1.0,1.0,2.0,0.4,0.4,1.2,1.40766,1.85378,5.0,1.0,1.4,1.4,2.0831,1.82328,8.0,0.8,0.7,1.6,1.47043,1.6943000000000001,11.0,1.1,1.3,1.3,1.6514700000000002,1.81873,0.4,1.4,1.6089600000000002,1.50524,1.0,1.6,1.4302199999999998,1.71864,7.958333333333333,7.958333333333333,1,1,15.0,6.0,1.2727272727272727,1.5454545454545454,28.0,34.0,0.4883908045977011,1.11632183908046,0.9070114942528736,0.9070114942528736,3.0,0.0,1.0,1.3333333333333333,1,3,2.4179,3.0882,1.0,A
47916f2e-3740-46ae-9b02-384d81385117,fc969ed6-0c93-4ce0-be6f-80cabce7a9cd,2025,23,23,2026-01-25T16:30:00+00:00,ead1bc2e-8799-410a-a809-66a274bbab2c,48fc005c-cbfc-4e4d-b7f1-459dce6cf940,Arsenal FC,Manchester United FC,60,60,38,38,1.0,1.0,11.0,2.2,1.8,0.8,2.36032,1.0474,9.0,1.8,1.4,0.8,1.92388,0.8049199999999999,21.0,2.1,1.6,0.8,2.09861,1.01708,17.0,1.7,1.9,1.3,2.19375,1.20093,2.0,0.6,2.38154,1.0358800000000001,2.0,1.4,2.2604200000000003,1.11134,7.958333333333333,8.166666666666666,1,1,1.0,6.0,2.272727272727273,1.5909090909090908,50.0,35.0,1.1155963302752294,0.5577981651376147,1.3247706422018348,0.9064220183486239,3.0,0.6666666666666666,0.3333333333333333,1.6666666666666667,2,3,1.4241,0.6409,1.0,A
751c20f7-7086-463b-a719-a0f1a5d5739b,bb91fb1f-e9bf-4a08-b795-ce5a1f05e44b,2025,23,23,2026-01-26T20:00:00+00:00,60cb8be0-9c1e-4019-8b60-fd9ac2aa9f2d,fe8b4d06-9254-4fc8-a08f-90f242e51751,Everton FC,Leeds United FC,60,22,38,0,1.0,0.0,8.0,1.6,1.2,1.0,1.26642,1.5349,6.0,1.2,1.2,1.2,1.65164,1.42518,14.0,1.4,1.1,1.2,1.13459,1.55728,14.0,1.4,1.9,1.5,1.8549600000000002,1.52185,1.4,2.0,1.0234,1.67668,1.4,1.8,1.70092,1.6938400000000002,8.145833333333334,9.208333333333334,1,1,11.0,16.0,1.4545454545454546,1.1363636363636365,32.0,25.0,0.7660377358490567,0.8356775300171526,1.323156089193825,1.044596912521441,1.0,0.0,0.0,1.0,1,1,0.8899,1.6766,1.0,D
62fa7364-ee1f-42d6-b849-8c0bafa43f45,06f8fe90-b7e3-4e07-b742-a3cefb151c1c,2025,24,24,2026-01-31T15:00:00+00:00,fe8b4d06-9254-4fc8-a08f-90f242e51751,ead1bc2e-8799-410a-a809-66a274bbab2c,Leeds United FC,Arsenal FC,23,61,0,38,0.0,1.0,6.0,1.2,1.2,1.2,1.4656600000000002,1.44196,8.0,1.6,1.8,1.2,2.1365000000000003,1.03356,15.0,1.5,1.8,1.3,1.8474800000000002,1.32555,20.0,2.0,1.7,1.0,2.11819,1.00198,2.4,1.2,2.009,1.34986,1.2,1.0,1.81568,0.99828,4.791666666666667,5.9375,2,2,16.0,1.0,1.1304347826086956,2.1739130434782608,26.0,50.0,1.2541404911479155,0.9057681324957169,1.1844660194174759,0.6967447173043976,1.0,0.0,0.0,5.0,0,4,0.1787,3.5443,1.0,A
ebbc7523-2d94-4e50-9c98-b10812cbe35a,35379d3d-19fc-47f1-ae88-5d7e788a5303,2025,24,24,2026-01-31T15:00:00+00:00,fbffa344-2426-4b4b-9886-b8cd56ec69a1,6601a105-9986-4276-89bf-143cdf03198a,Wolverhampton Wanderers FC,AFC Bournemouth,61,61,38,38,1.0,1.0,6.0,1.2,1.0,0.8,1.02066,0.97614,8.0,1.6,2.2,2.0,2.12828,1.43442,6.0,0.6,0.8,1.5,0.90589,1.47978,11.0,1.1,1.7,2.0,1.94284,1.5584200000000001,0.8,1.4,1.03688,1.5566200000000001,2.0,2.8,2.37906,2.11232,7.0,6.895833333333333,2,2,20.0,13.0,0.34782608695652173,1.3043478260869565,8.0,30.0,0.5570370370370371,1.0444444444444445,1.1837037037037037,1.3925925925925926,3.0,0.3333333333333333,0.0,2.6666666666666665,0,2,2.1035,1.5912,1.0,A
049d8efd-947f-4344-9b87-5aa82b06ad3b,8406c714-6c94-4eba-b07a-e0e5a1040a6d,2025,24,24,2026-01-31T15:00:00+00:00,db14882b-951f-4db5-860b-4ca2b8583311,60cb8be0-9c1e-4019-8b60-fd9ac2aa9f2d,Brighton & Hove Albion FC,Everton FC,61,61,38,38,1.0,1.0,6.0,1.2,1.4,1.2,1.76694,1.66396,8.0,1.6,1.4,1.2,1.194,1.62032,8.0,0.8,1.2,1.5,1.62179,1.9449999999999998,15.0,1.5,1.1,0.9,1.1224500000000002,1.47906,1.4,1.2,1.49012,1.6252600000000001,0.8,0.4,1.24578,1.43788,7.0,4.791666666666667,2,2,13.0,10.0,1.3043478260869565,1.434782608695652,30.0,33.0,0.8359704040978941,1.0449630051223677,0.766306203756403,0.6269778030734207,3.0,0.3333333333333333,0.0,2.0,1,1,1.4283,1.2813,1.0,D
1a20caa9-4149-43d9-a8f7-f4f74abe2322,4ed12a4e-b5bb-41cc-83f7-1cbf931160e5,2025,24,24,2026-01-31T17:30:00+00:00,1cb320b2-b42f-4131-8f5f-ef42e7f82540,21ec0474-e758-4563-97a9-912aab00b4f5,Chelsea FC,West Ham United FC,61,61,38,38,1.0,1.0,8.0,1.6,1.8,1.2,2.30642,1.89502,7.0,1.4,1.6,1.8,1.8407,1.79238,13.0,1.3,1.5,1.3,1.8811,1.93769,9.0,0.9,1.2,1.8,1.57113,1.86308,1.6,1.0,1.87272,1.9188200000000002,0.8,1.8,1.4193799999999999,2.37032,6.145833333333333,7.208333333333333,1,1,5.0,18.0,1.608695652173913,0.8695652173913043,37.0,20.0,1.045480386583286,0.9060830017055146,0.8363843092666288,1.2545764638999433,3.0,1.0,0.0,4.0,3,2,2.6613,1.7259,1.0,H
ce3d355a-d4e4-47a2-bba5-94e2e291fcbb,9d5ef061-55d8-4eee-990e-98417390d1d0,2025,24,24,2026-01-31T20:00:00+00:00,54ed0f97-ad19-421c-a5c2-9b9d3fcbc72d,c4045d6d-a715-4821-a800-cd9b505ad54b,Liverpool FC,Newcastle United FC,61,61,38,38,1.0,1.0,4.0,0.8,1.0,1.2,1.6286999999999998,1.0664200000000001,10.0,2.0,1.8,1.2,2.08464,1.33372,15.0,1.5,1.5,1.2,1.67772,1.1657899999999999,15.0,1.5,1.5,1.3,1.82938,1.19014,1.2,0.6,2.10456,0.77796,1.4,0.8,1.4127800000000001,0.8595599999999999,7.104166666666667,6.25,1,2,6.0,10.0,1.565217391304348,1.434782608695652,36.0,33.0,1.0442176870748299,0.8353741496598639,1.0442176870748299,0.9049886621315193,3.0,0.6666666666666666,0.3333333333333333,4.333333333333333,4,1,3.0997,0.2843,1.0,H
08ff5ce4-84ce-4e14-bdbd-6f8655e5717d,5eceae4b-78a1-448f-a375-9134e450dc57,2025,24,24,2026-02-01T14:00:00+00:00,48fc005c-cbfc-4e4d-b7f1-459dce6cf940,b552a1a6-4302-43ca-884c-0f91ac4f984b,Manchester United FC,Fulham FC,61,61,38,38,1.0,1.0,9.0,1.8,1.8,1.2,1.8639,0.86374,8.0,1.6,1.4,1.2,0.96296,2.12778,17.0,1.7,2.0,1.4,2.11007,1.1297799999999998,17.0,1.7,1.7,1.5,1.1024800000000001,1.79907,1.8,1.2,2.1270800000000003,1.29052,1.4,1.0,1.05454,1.75172,6.895833333333333,7.958333333333333,1,1,6.0,7.0,1.6521739130434783,1.4782608695652173,38.0,34.0,1.390616167326173,0.973431317128321,1.182023742227247,1.0429621254946297,3.0,0.6666666666666666,0.3333333333333333,1.3333333333333333,3,2,1.8436,1.72,1.0,H
55f50c72-510a-4a3e-81c2-7095de0eb190,ffde748b-81bf-44e8-a6d3-378980e07632,2025,24,24,2026-02-01T14:00:00+00:00,5421e81a-b7dd-48b1-9982-42644e8dcf9f,74bd08fa-27db-4bb0-8490-f57f6ed6b8e9,Nottingham Forest FC,Crystal Palace FC,61,61,38,38,1.0,1.0,7.0,1.4,1.0,1.2,1.12552,1.9459,2.0,0.4,0.6,1.6,1.7053,2.29726,13.0,1.3,1.0,1.2,1.04768,1.55582,8.0,0.8,0.7,1.7,1.4986599999999999,1.85535,0.8,1.2,1.192,1.6921199999999998,1.0,1.8,1.3318999999999999,1.8833600000000001,7.0,7.0,1,1,17.0,15.0,1.0869565217391304,1.2173913043478262,25.0,28.0,0.6944757609921083,0.8333709131905299,0.4861330326944758,1.1806087936865841,3.0,0.3333333333333333,0.6666666666666666,1.6666666666666667,1,1,0.9873,1.648,1.0,D
8466b0f3-e054-44b6-9e87-2c00c85b5f22,79ad94ca-e88c-44df-a7e6-7f75884ce503,2025,24,24,2026-02-01T14:00:00+00:00,f8f456e7-3e20-4803-ba4e-b1762a31812c,66a313d1-2e21-49ad-a1c7-6f04cae6be69,Aston Villa FC,Brentford FC,61,61,38,38,1.0,1.0,7.0,1.4,1.2,1.2,1.73378,1.86748,7.0,1.4,1.4,1.2,2.18968,1.22652,22.0,2.2,1.9,1.4,1.9069800000000001,1.77133,14.0,1.4,1.4,1.2,1.71191,1.6651900000000002,1.6,0.8,1.61586,1.1001999999999998,1.2,1.6,1.42988,1.79034,7.0,7.0,2,1,3.0,9.0,2.0,1.434782608695652,46.0,33.0,1.3201576576576575,0.9727477477477476,0.9727477477477476,0.8337837837837837,3.0,0.6666666666666666,0.0,2.0,0,1,2.1532,0.3149,1.0,A
8b46b416-e760-42ff-9cdb-7a05480872a8,51615e1b-d20e-42af-a216-4e6013f17d92,2025,24,24,2026-02-01T16:30:00+00:00,c23d6b7a-dfaf-44a3-b016-1feb2dddec44,33d2f100-682f-4a5e-9aa3-5cc57e1e8571,Tottenham Hotspur FC,Manchester City FC,61,61,38,38,1.0,1.0,3.0,0.6,1.2,1.6,1.57914,1.30606,6.0,1.2,0.8,0.8,1.5768799999999998,1.5893000000000002,10.0,1.0,1.2,1.5,1.39718,1.33744,21.0,2.1,2.0,0.9,1.86626,1.2468,1.2,1.4,1.57748,1.0863999999999998,2.0,1.4,1.52194,1.3817,8.0625,8.0625,1,1,15.0,2.0,1.2173913043478262,2.0,28.0,46.0,0.8346651660101294,1.0433314575126618,1.3911086100168824,0.6259988745075971,3.0,0.6666666666666666,0.0,2.3333333333333335,2,2,1.4974,2.0361,1.0,D
28fb7251-6f82-496a-9dea-084358499cfa,c3077a24-3515-425a-801e-a442d78191b4,2025,24,24,2026-02-02T20:00:00+00:00,076f94c9-341e-4294-a86a-076741505170,2d3435a0-e4e8-4097-a60c-2a0f92c3fede,Sunderland AFC,Burnley FC,23,23,0,0,0.0,0.0,5.0,1.0,0.8,1.6,1.09916,2.2119,3.0,0.6,1.2,2.0,0.79912,2.5141,11.0,1.1,0.7,1.3,0.95814,1.8547,5.0,0.5,1.0,1.7,1.05328,2.00864,1.4,0.8,1.08274,1.6325399999999999,0.8,1.8,0.74798,2.46178,9.3125,9.208333333333334,1,1,11.0,19.0,1.434782608695652,0.6521739130434783,33.0,15.0,0.48658057271195954,0.9036496350364964,0.6951151038742279,1.1816956765861875,1.0,0.0,0.0,2.0,3,0,1.8865,0.1264,1.0,H
f520e87c-1c72-4647-bf0a-ac0d18363262,c01808bf-1d7a-494b-9e6b-0349a4f1cf3f,2025,25,25,2026-02-06T20:00:00+00:00,fe8b4d06-9254-4fc8-a08f-90f242e51751,5421e81a-b7dd-48b1-9982-42644e8dcf9f,Leeds United FC,Nottingham Forest FC,24,62,0,38,0.0,1.0,5.0,1.0,1.2,2.0,1.46952,1.8151599999999999,8.0,1.6,1.2,1.0,0.97208,1.93644,12.0,1.2,1.5,1.6,1.6448800000000001,1.58358,11.0,1.1,1.0,1.3,1.03402,1.61816,1.8,1.8,1.6038000000000001,1.8659199999999998,1.0,1.6,0.8706400000000001,1.6260400000000002,6.208333333333333,5.25,2,2,16.0,17.0,1.0833333333333333,1.0833333333333333,26.0,26.0,1.0426008968609866,1.1121076233183858,0.695067264573991,0.9035874439461884,1.0,0.0,0.0,4.0,3,1,3.3818,1.6608,1.0,H
7f3988f6-7743-407a-8766-3cd80f066e36,436b9b9b-e4fe-46b0-b8ce-b2c221f7b104,2025,25,25,2026-02-07T12:30:00+00:00,48fc005c-cbfc-4e4d-b7f1-459dce6cf940,c23d6b7a-dfaf-44a3-b016-1feb2dddec44,Manchester United FC,Tottenham Hotspur FC,62,62,38,38,1.0,1.0,11.0,2.2,2.2,1.4,2.006,0.96418,3.0,0.6,1.6,2.0,1.75696,1.60202,19.0,1.9,2.2,1.5,2.06676,1.1652,10.0,1.0,1.2,1.5,1.44171,1.35249,2.2,1.4,2.04046,1.36136,1.0,1.6,1.21526,1.3103,5.9375,5.833333333333333,2,2,4.0,14.0,1.7083333333333333,1.2083333333333333,41.0,29.0,1.5281879194630874,1.0419463087248322,0.8335570469798658,1.0419463087248322,3.0,0.0,0.3333333333333333,2.6666666666666665,2,0,2.1658,0.5934,1.0,H
0b7c31b3-c73a-4f9b-8bb6-b3dd37b1ee66,7fbc9d47-b1e8-48b8-a0d4-2e121bd081f2,2025,25,25,2026-02-07T15:00:00+00:00,ead1bc2e-8799-410a-a809-66a274bbab2c,076f94c9-341e-4294-a86a-076741505170,Arsenal FC,Sunderland AFC,62,24,38,0,1.0,0.0,8.0,1.6,1.8,1.0,1.96268,0.4809,7.0,1.4,1.4,1.6,1.28404,1.7486799999999998,20.0,2.0,1.9,1.0,2.2094899999999997,0.96098,13.0,1.3,0.9,1.2,1.07552,1.72971,2.0,1.2,2.1401,1.0463200000000001,0.4,2.0,0.92492,2.16014,7.0,4.791666666666667,2,1,1.0,8.0,2.2083333333333335,1.5,53.0,36.0,1.3204469273743016,0.6949720670391062,0.6254748603351956,0.8339664804469273,1.0,0.0,1.0,4.0,3,0,1.194,0.4272,1.0,H
9ca148c1-604d-47b7-a23d-05da81e8fa48,8ca3cc2f-f3e9-401b-9aef-2ff2b1431612,2025,25,25,2026-02-07T15:00:00+00:00,2d3435a0-e4e8-4097-a60c-2a0f92c3fede,21ec0474-e758-4563-97a9-912aab00b4f5,Burnley FC,West Ham United FC,24,62,0,38,0.0,1.0,3.0,0.6,1.0,2.0,0.5593,2.3929,6.0,1.2,1.6,2.0,1.7306000000000001,1.70682,5.0,0.5,1.0,1.9,0.9490700000000001,2.09851,8.0,0.8,1.3,2.0,1.60714,1.90154,1.4,2.0,1.29968,2.10216,1.0,2.2,1.4914,2.44724,4.791666666666667,6.895833333333333,2,1,19.0,18.0,0.625,0.8333333333333334,15.0,20.0,0.6949247071946458,1.320356943669827,0.9034021193530396,1.3898494143892917,1.0,0.0,0.0,5.0,0,2,1.8464,1.1223,1.0,A
fac982a5-5c1e-489b-8e93-00a30f66b5ad,914e6fb0-a365-4652-9612-f26b644de5b3,2025,25,25,2026-02-07T15:00:00+00:00,fbffa344-2426-4b4b-9886-b8cd56ec69a1,1cb320b2-b42f-4131-8f5f-ef42e7f82540,Wolverhampton Wanderers FC,Chelsea FC,62,62,38,38,1.0,1.0,5.0,1.0,0.8,1.0,1.1978,1.06776,10.0,2.0,2.0,1.2,2.3721,1.54192,6.0,0.6,0.8,1.6,1.0137800000000001,1.52651,16.0,1.6,1.7,1.2,2.0508300000000004,1.88981,0.8,1.6,1.25266,1.6500800000000002,1.4,1.2,1.85506,1.76128,7.0,6.895833333333333,2,2,20.0,5.0,0.3333333333333333,1.6666666666666667,8.0,40.0,0.5562116991643454,1.1124233983286909,1.1819498607242338,0.834317548746518,3.0,0.0,0.0,5.0,1,3,1.1137,3.7628,1.0,A
945ec2ac-7707-450a-90da-348bd614f6f2,ba9794a0-e892-459a-aeed-32710d3212d4,2025,25,25,2026-02-07T15:00:00+00:00,b552a1a6-4302-43ca-884c-0f91ac4f984b,60cb8be0-9c1e-4019-8b60-fd9ac2aa9f2d,Fulham FC,Everton FC,62,62,38,38,1.0,1.0,7.0,1.4,1.6,1.6,0.9561,2.0258,6.0,1.2,1.2,1.4,1.1112,1.55508,17.0,1.7,1.5,1.3,1.17722,1.7872,13.0,1.3,1.1,1.0,1.13101,1.5583500000000001,1.6,1.2,1.05484,1.66276,0.8,0.6,1.2629000000000001,1.59646,6.041666666666667,7.0,2,2,9.0,10.0,1.4166666666666667,1.4166666666666667,34.0,34.0,1.0422456920511396,0.9032795997776543,0.764313507504169,0.6948304613674263,3.0,0.0,0.3333333333333333,2.6666666666666665,1,2,2.2013,1.8878,1.0,A
5fd8fed0-d50b-47e3-b679-cba7be4e22e5,8ccf9ed5-d5f5-4111-b785-7b0129cb7222,2025,25,25,2026-02-07T15:00:00+00:00,6601a105-9986-4276-89bf-143cdf03198a,f8f456e7-3e20-4803-ba4e-b1762a31812c,AFC Bournemouth,Aston Villa FC,62,62,38,38,1.0,1.0,10.0,2.0,2.2,1.6,1.7482399999999998,1.38854,7.0,1.4,1.0,0.6,1.57602,1.04778,14.0,1.4,1.9,1.9,2.03842,1.6492,19.0,1.9,1.5,1.2,1.80655,1.6065200000000002,1.8,1.6,1.73808,0.9993000000000001,1.6,1.4,1.79758,2.18838,7.0,6.041666666666667,2,2,12.0,3.0,1.375,1.9166666666666667,33.0,46.0,1.3200887902330742,1.3200887902330742,1.042175360710322,0.8337402885682574,3.0,0.0,0.3333333333333333,2.3333333333333335,1,1,1.8265,0.6465,1.0,D
6f556954-133b-4b27-9dc5-883fc65a0384,2bdd7130-e025-4758-aee5-5916cfd35d22,2025,25,25,2026-02-07T17:30:00+00:00,c4045d6d-a715-4821-a800-cd9b505ad54b,66a313d1-2e21-49ad-a1c7-6f04cae6be69,Newcastle United FC,Brentford FC,62,62,38,38,1.0,1.0,7.0,1.4,1.4,1.8,1.643,1.68856,9.0,1.8,1.6,1.2,2.1414,1.5355,14.0,1.4,1.4,1.5,1.66925,1.3949,17.0,1.7,1.5,1.0,1.68453,1.61738,2.0,1.6,2.36062,1.5125600000000001,1.4,1.2,1.3751200000000001,1.6947200000000002,6.895833333333333,6.145833333333333,2,2,12.0,8.0,1.375,1.5,33.0,36.0,0.9731707317073169,1.0426829268292683,1.0426829268292683,0.6951219512195121,3.0,0.3333333333333333,0.0,4.333333333333333,2,3,3.3215,1.6502,1.0,A
97dec193-c0a9-4fd4-85b4-bdab74922f9e,628ec002-d59c-4124-acf6-91dceec0f334,2025,25,25,2026-02-08T14:00:00+00:00,db14882b-951f-4db5-860b-4ca2b8583311,74bd08fa-27db-4bb0-8490-f57f6ed6b8e9,Brighton & Hove Albion FC,Crystal Palace FC,62,62,38,38,1.0,1.0,6.0,1.2,1.2,1.0,1.43478,1.46494,2.0,0.4,0.6,1.6,1.5642,2.14386,9.0,0.9,1.0,1.2,1.56832,1.7573800000000002,6.0,0.6,0.7,1.8,1.5646799999999998,1.83723,1.0,0.6,1.3831799999999999,1.25002,1.0,2.0,1.46394,1.8471199999999999,7.958333333333333,7.0,1,2,13.0,15.0,1.2916666666666667,1.2083333333333333,31.0,29.0,0.6943062465450525,0.8331674958540629,0.48601437258153674,1.2497512437810945,3.0,0.0,0.3333333333333333,2.3333333333333335,0,1,0.7378,0.9284,1.0,A
8e97b8cb-b2f8-442c-a14c-363b00ad3d2c,d04a0231-26d5-4c25-9314-8460dc80ecba,2025,25,25,2026-02-08T16:30:00+00:00,54ed0f97-ad19-421c-a5c2-9b9d3fcbc72d,33d2f100-682f-4a5e-9aa3-5cc57e1e8571,Liverpool FC,Manchester City FC,62,62,38,38,1.0,1.0,6.0,1.2,1.8,1.4,1.91298,1.0914,6.0,1.2,1.2,1.2,1.4956,1.6963599999999999,17.0,1.7,1.8,1.2,1.8500599999999998,1.12295,19.0,1.9,1.7,0.7,1.87364,1.29928,1.8,0.6,2.44924,0.69228,1.4,1.0,1.5367,1.48666,7.854166666666667,7.0,1,1,6.0,2.0,1.625,1.9583333333333333,39.0,47.0,1.251049723756906,0.8340331491712707,1.1815469613259668,0.4865193370165745,3.0,0.6666666666666666,0.0,2.3333333333333335,1,2,1.2665,2.4148,1.0,A
2ae2dc3a-5cf8-4112-9364-23b65e5d6545,b9b602ea-f6c4-46f5-b34f-fee9a17788b9,2025,26,26,2026-02-10T19:30:00+00:00,60cb8be0-9c1e-4019-8b60-fd9ac2aa9f2d,6601a105-9986-4276-89bf-143cdf03198a,Everton FC,AFC Bournemouth,63,63,38,38,1.0,1.0,9.0,1.8,1.2,0.8,1.28762,1.38498,11.0,2.2,2.0,1.2,1.9239799999999998,1.2618399999999999,13.0,1.3,1.0,1.1,1.19444,1.74725,14.0,1.4,2.0,2.0,2.0791399999999998,1.6465900000000002,1.4,1.4,0.9991200000000001,1.52024,2.0,2.2,2.3387599999999997,2.2991,3.1875,3.1875,2,2,8.0,11.0,1.48,1.36,37.0,34.0,0.694980694980695,0.7644787644787645,1.38996138996139,1.38996138996139,3.0,0.3333333333333333,0.0,2.3333333333333335,1,2,2.3311,1.4121,1.0,A
37999fe1-6ab2-4921-99b0-6309a59533f1,2778828e-4363-40fb-9474-772e05cc77bc,2025,26,26,2026-02-10T19:30:00+00:00,c23d6b7a-dfaf-44a3-b016-1feb2dddec44,c4045d6d-a715-4821-a800-cd9b505ad54b,Tottenham Hotspur FC,Newcastle United FC,63,63,38,38,1.0,1.0,2.0,0.4,1.4,2.2,1.59214,1.9416799999999999,4.0,0.8,1.4,2.4,1.76178,1.76294,7.0,0.7,1.0,1.7,1.2586600000000001,1.5220099999999999,11.0,1.1,1.4,1.7,1.8206900000000001,1.40154,1.4,1.4,1.6681599999999999,1.39468,0.8,1.4,0.9778800000000001,1.27724,3.2916666666666665,3.0833333333333335,2,2,15.0,12.0,1.16,1.32,29.0,33.0,0.6949339207048458,1.1813876651982378,0.9729074889867841,1.1813876651982378,3.0,0.0,0.3333333333333333,3.3333333333333335,1,2,1.6893,2.4699,1.0,A
0016a6dd-39e8-450b-8074-cb140d07af22,db1b3f4a-6564-41e5-be75-e401c45c1f64,2025,26,26,2026-02-10T19:30:00+00:00,1cb320b2-b42f-4131-8f5f-ef42e7f82540,fe8b4d06-9254-4fc8-a08f-90f242e51751,Chelsea FC,Leeds United FC,63,25,38,0,1.0,0.0,12.0,2.4,2.4,1.2,2.7172,1.55856,7.0,1.4,1.6,2.0,1.95186,1.75776,18.0,1.8,2.0,1.3,2.3598500000000002,1.85925,14.0,1.4,1.5,1.4,1.8037300000000003,1.5448499999999998,2.0,1.2,2.2466,2.01834,1.2,1.4,1.6859600000000001,1.30124,3.1875,3.9791666666666665,2,2,5.0,16.0,1.72,1.16,43.0,29.0,1.3897746014293568,0.9033534909290819,1.0423309510720176,0.9728422210005497,1.0,0.0,0.0,4.0,2,2,3.2118,1.2895,1.0,D
9b2b0ffa-3a32-4e72-a685-09c0cc2a13a1,7ba5ee6e-e315-46a9-86e1-3c0878bc1a30,2025,26,26,2026-02-10T20:15:00+00:00,21ec0474-e758-4563-97a9-912aab00b4f5,48fc005c-cbfc-4e4d-b7f1-459dce6cf940,West Ham United FC,Manchester United FC,63,63,38,38,1.0,1.0,9.0,1.8,2.0,1.4,1.90792,1.62824,13.0,2.6,2.4,1.2,2.0496,0.8888400000000001,10.0,1.0,1.4,1.9,1.54873,1.8760999999999999,19.0,1.9,2.0,1.4,1.87863,1.19833,1.6,1.8,1.72288,1.3558400000000002,2.2,1.6,2.0930600000000004,0.96904,3.21875,3.3229166666666665,2,2,18.0,5.0,0.92,1.76,23.0,44.0,0.972243554580362,1.3194733955019198,1.3889193636862316,0.972243554580362,3.0,0.6666666666666666,0.3333333333333333,2.3333333333333335,1,1,1.3075,0.7358,1.0,D
2ec2100a-37ac-4d30-a117-c2357879be29,dad657fe-c50c-4480-983f-71290adce22d,2025,26,26,2026-02-11T19:30:00+00:00,f8f456e7-3e20-4803-ba4e-b1762a31812c,db14882b-951f-4db5-860b-4ca2b8583311,Aston Villa FC,Brighton & Hove Albion FC,63,63,38,38,1.0,1.0,5.0,1.0,0.6,0.6,1.4193399999999998,1.23344,3.0,0.6,0.8,1.2,1.2879999999999998,1.5997,17.0,1.7,1.4,1.2,1.59921,1.6032,8.0,0.8,0.9,1.2,1.43202,1.67958,1.4,1.0,1.81552,1.02466,1.0,1.8,1.75346,2.26474,4.1875,3.2291666666666665,2,2,3.0,14.0,1.88,1.24,47.0,31.0,0.9727123287671233,0.8337534246575342,0.6253150684931508,0.8337534246575342,3.0,0.6666666666666666,0.3333333333333333,4.666666666666667,1,0,0.5761,0.4813,1.0,H
0f7edb83-8b78-4a92-aaff-8ac72a7acbe4,84eaf432-d92b-4a7f-893c-35f00129df3a,2025,26,26,2026-02-11T19:30:00+00:00,5421e81a-b7dd-48b1-9982-42644e8dcf9f,fbffa344-2426-4b4b-9886-b8cd56ec69a1,Nottingham Forest FC,Wolverhampton Wanderers FC,63,63,38,38,1.0,1.0,8.0,1.6,1.2,1.0,1.1246,2.32682,2.0,0.4,0.4,1.6,0.9726799999999999,1.77318,11.0,1.1,1.1,1.3,1.1688699999999999,1.83099,6.0,0.6,0.8,1.5,1.09894,1.49808,1.0,1.0,1.1974,1.61028,0.8,1.6,0.7748999999999999,1.4029399999999999,4.979166666666667,4.1875,2,2,17.0,20.0,1.04,0.32,26.0,8.0,0.7650602409638555,0.9041621029572837,0.5564074479737131,1.0432639649507118,3.0,0.6666666666666666,0.3333333333333333,2.0,0,0,3.6909,0.407,1.0,D
964dc0c0-85c6-434e-b321-6e2bc77d05f5,e039462c-5c91-4f0e-95f2-797b19d4eeeb,2025,26,26,2026-02-11T19:30:00+00:00,33d2f100-682f-4a5e-9aa3-5cc57e1e8571,b552a1a6-4302-43ca-884c-0f91ac4f984b,Manchester City FC,Fulham FC,63,63,38,38,1.0,1.0,8.0,1.6,1.4,1.2,1.77246,1.5422,6.0,1.2,1.4,1.6,1.27452,2.0596,19.0,1.9,1.6,0.8,1.87351,1.36328,17.0,1.7,1.5,1.3,1.32067,1.80487,2.0,0.4,2.21058,1.1118999999999999,1.4,1.4,1.2996,1.9116399999999998,3.125,4.1875,2,2,2.0,12.0,2.0,1.36,50.0,34.0,1.1145673603504929,0.5572836801752464,1.0449069003285871,0.9055859802847754,3.0,1.0,0.0,5.333333333333333,3,0,1.6772,1.0528,1.0,H
6ca59c19-6d31-40b9-8f57-9f8ebf592d01,71cf5749-db39-44d1-a814-05ae1cc463d0,2025,26,26,2026-02-11T19:40:00+00:00,74bd08fa-27db-4bb0-8490-f57f6ed6b8e9,2d3435a0-e4e8-4097-a60c-2a0f92c3fede,Crystal Palace FC,Burnley FC,63,25,38,0,1.0,0.0,5.0,1.0,0.8,1.2,1.4942199999999999,1.7459,3.0,0.6,1.0,2.0,0.87766,2.32302,6.0,0.6,0.6,1.7,1.4864099999999998,1.83433,5.0,0.5,0.9,1.9,0.9753299999999999,2.03003,0.4,1.6,1.66542,1.82734,0.6,1.8,0.59846,2.0948599999999997,3.236111111111111,4.194444444444445,2,2,13.0,19.0,1.28,0.6,32.0,15.0,0.4179332968835429,1.1841443411700383,0.6268999453253145,1.3234554401312193,1.0,1.0,0.0,1.0,2,3,2.1276,0.6913,1.0,A
b029ca71-c29b-43ed-94ed-ca2dd9c09293,a9b94bfa-7d3e-4c74-8ae4-14f94d0e7418,2025,26,26,2026-02-11T20:15:00+00:00,076f94c9-341e-4294-a86a-076741505170,54ed0f97-ad19-421c-a5c2-9b9d3fcbc72d,Sunderland AFC,Liverpool FC,25,63,0,38,0.0,1.0,6.0,1.2,1.2,2.0,1.2759800000000001,1.70398,5.0,1.0,1.6,1.4,1.8225200000000001,1.45252,13.0,1.3,0.9,1.2,1.05559,1.6075,16.0,1.6,1.6,1.1,1.7719,1.1851,1.4,0.4,1.22612,1.29928,1.8,1.8,1.25088,1.55362,4.21875,3.15625,2,2,11.0,6.0,1.44,1.56,36.0,39.0,0.6261723009814614,0.8348964013086151,1.1131952017448201,0.7653217011995639,1.0,0.0,1.0,2.0,0,1,0.6938,3.0817,1.0,A
17e33fdf-ba42-4394-8812-fc4dbc5ccd2c,78e23426-c860-471d-840d-3f11af53af3c,2025,26,26,2026-02-12T20:00:00+00:00,66a313d1-2e21-49ad-a1c7-6f04cae6be69,ead1bc2e-8799-410a-a809-66a274bbab2c,Brentford FC,Arsenal FC,63,63,38,38,1.0,1.0,9.0,1.8,1.4,1.2,1.86108,1.9986599999999999,8.0,1.6,1.8,0.6,1.9454799999999999,0.37678,20.0,2.0,1.8,1.0,1.80249,1.70714,23.0,2.3,2.1,0.8,2.14292,0.73171,1.6,0.8,1.9939400000000003,1.5400399999999999,1.8,0.8,2.27888,0.87564,5.104166666666667,5.208333333333333,2,2,7.0,1.0,1.56,2.24,39.0,56.0,1.253623978201635,0.696457765667575,1.4625613079019075,0.55716621253406,3.0,0.0,0.3333333333333333,2.6666666666666665,1,1,1.8115,0.7842,1.0,D
352ccaa9-e6d4-4ee4-b1be-33e9e9c8d2c5,7c158a0d-8eed-4d9b-bbe3-b017c960d738,2025,31,31,2026-02-18T20:00:00+00:00,fbffa344-2426-4b4b-9886-b8cd56ec69a1,ead1bc2e-8799-410a-a809-66a274bbab2c,Wolverhampton Wanderers FC,Arsenal FC,64,64,38,38,1.0,1.0,2.0,0.4,0.2,1.4,0.91142,2.18472,8.0,1.6,2.0,0.8,1.96196,0.6753600000000001,7.0,0.7,0.7,1.3,1.0776400000000002,1.7053699999999998,21.0,2.1,2.0,0.8,2.05954,0.85086,0.8,1.4,1.42298,1.59322,1.8,0.6,2.06378,0.69396,7.020833333333333,6.0,2,2,20.0,1.0,0.34615384615384615,2.1923076923076925,9.0,57.0,0.48775176918889496,0.9058247142079479,1.3935764833968427,0.5574305933587371,3.0,0.0,0.0,2.0,2,2,0.1731,2.0102,1.0,D
62a74ce1-67f2-4d36-a21e-927918d2b24c,234e2991-88be-4055-b358-abdfc84c3466,2025,27,27,2026-02-21T15:00:00+00:00,f8f456e7-3e20-4803-ba4e-b1762a31812c,fe8b4d06-9254-4fc8-a08f-90f242e51751,Aston Villa FC,Leeds United FC,64,26,38,0,1.0,0.0,7.0,1.4,0.8,0.6,1.12052,1.06468,8.0,1.6,1.4,1.6,1.7391200000000002,1.91312,17.0,1.7,1.2,1.0,1.59731,1.52363,14.0,1.4,1.6,1.5,1.7692700000000001,1.79633,1.2,0.8,1.38676,0.74898,1.4,1.6,1.61704,1.8042000000000002,9.8125,10.8125,2,1,3.0,15.0,1.9230769230769231,1.1538461538461537,50.0,30.0,0.8356328082563823,0.6963606735469853,1.1141770776751765,1.044541010320478,1.0,1.0,0.0,3.0,1,1,1.2544,1.2786,1.0,D
1564749e-1168-4f3f-85f5-df70f3a5901c,d4eabc45-82a6-4bd2-8485-ee69915c854a,2025,27,27,2026-02-21T15:00:00+00:00,66a313d1-2e21-49ad-a1c7-6f04cae6be69,db14882b-951f-4db5-860b-4ca2b8583311,Brentford FC,Brighton & Hove Albion FC,64,64,38,38,1.0,1.0,7.0,1.4,1.0,1.4,1.4511800000000001,1.8542200000000002,2.0,0.4,0.6,1.2,1.11794,1.1231200000000001,20.0,2.0,1.8,1.0,1.9139400000000002,1.62215,8.0,0.8,0.9,1.1,1.31115,1.4959200000000001,1.6,0.8,2.2168400000000004,1.37006,1.0,1.6,1.51172,1.8974199999999999,8.791666666666666,9.8125,2,2,7.0,14.0,1.5384615384615385,1.1923076923076923,40.0,31.0,1.2540423223005968,0.6966901790558871,0.6270211611502984,0.7663591969614759,3.0,0.3333333333333333,0.3333333333333333,3.0,0,2,1.6902,1.372,1.0,A
14c157fb-18da-40ca-b95f-759fa16a587f,b187e3a2-2d15-4f36-ae0e-de2bdcf11385,2025,27,27,2026-02-21T15:00:00+00:00,1cb320b2-b42f-4131-8f5f-ef42e7f82540,2d3435a0-e4e8-4097-a60c-2a0f92c3fede,Chelsea FC,Burnley FC,64,26,38,0,1.0,0.0,13.0,2.6,2.6,1.2,2.8693400000000002,1.6044399999999999,5.0,1.0,1.2,2.0,0.95198,2.24356,16.0,1.6,2.0,1.5,2.41657,1.8542,8.0,0.8,1.0,1.8,0.83897,2.07774,2.0,1.6,2.36004,2.00824,1.0,1.8,0.41996,2.15896,10.8125,9.805555555555555,2,2,5.0,19.0,1.6923076923076923,0.6923076923076923,44.0,18.0,1.3940379403794037,1.0455284552845527,0.6970189701897018,1.2546341463414634,1.0,1.0,0.0,2.0,1,1,2.5153,1.0126,1.0,D
0e75a4f3-ace8-443f-85a7-9f9ab1790ae5,752d54c1-2098-4beb-9255-8fba5bd46024,2025,27,27,2026-02-21T17:30:00+00:00,21ec0474-e758-4563-97a9-912aab00b4f5,6601a105-9986-4276-89bf-143cdf03198a,West Ham United FC,AFC Bournemouth,64,64,38,38,1.0,1.0,10.0,2.0,2.0,1.2,1.8220199999999998,1.52204,11.0,2.2,1.8,1.0,1.9683800000000002,1.4028399999999999,11.0,1.1,1.3,1.7,1.55178,1.8901700000000001,16.0,1.6,1.8,1.7,1.9851500000000002,1.5585,1.4,1.4,1.72898,1.38398,1.6,1.6,2.15078,2.1229199999999997,10.885416666666666,10.916666666666666,1,1,18.0,9.0,0.9230769230769231,1.4230769230769231,24.0,37.0,0.9065511640498106,1.1854899837574444,1.255224688684353,1.1854899837574444,3.0,0.0,1.0,3.3333333333333335,0,0,2.3441,0.5227,1.0,D
08313f8c-3515-4e0c-a385-cbb57293277b,b9aacda1-8208-4e3b-9afe-192209d8018a,2025,27,27,2026-02-21T20:00:00+00:00,33d2f100-682f-4a5e-9aa3-5cc57e1e8571,c4045d6d-a715-4821-a800-cd9b505ad54b,Manchester City FC,Newcastle United FC,64,64,38,38,1.0,1.0,10.0,2.0,1.8,1.0,1.5161,1.48644,4.0,0.8,1.0,2.0,1.7687599999999999,1.63016,19.0,1.9,1.6,0.8,1.90591,1.33847,14.0,1.4,1.6,1.7,2.05075,1.50747,2.0,0.4,2.0628,1.19716,1.2,1.4,1.4380000000000002,1.4891,10.020833333333334,11.020833333333334,2,1,2.0,10.0,2.0384615384615383,1.3846153846153846,53.0,36.0,1.1174878180833785,0.5587439090416892,1.1174878180833785,1.1873308067135895,3.0,0.3333333333333333,0.3333333333333333,3.0,2,1,2.2265,0.508,1.0,H
d2aeab0b-72b8-4c66-9205-7cec73f8c282,64652742-3414-4c5d-a62c-e6534c34e82e,2025,27,27,2026-02-22T14:00:00+00:00,076f94c9-341e-4294-a86a-076741505170,b552a1a6-4302-43ca-884c-0f91ac4f984b,Sunderland AFC,Fulham FC,26,64,0,38,0.0,1.0,6.0,1.2,1.2,1.6,1.1134600000000001,1.54812,3.0,0.6,1.0,2.0,1.2730599999999999,1.9048200000000002,10.0,1.0,0.8,1.3,1.06197,1.89874,14.0,1.4,1.2,1.4,1.2609,1.7671,1.2,0.6,1.23888,1.8817599999999999,0.8,1.6,1.1800599999999999,1.8361,10.739583333333334,10.770833333333334,1,1,11.0,13.0,1.3846153846153846,1.3076923076923077,36.0,34.0,0.5587027027027027,0.9078918918918919,0.838054054054054,0.9777297297297296,1.0,0.0,0.0,1.0,1,3,1.7609,2.167,1.0,A
bec04f9f-748b-4b5f-aa42-d58380448c99,ea36ed2f-a7f8-4930-a086-52aa08dcb485,2025,27,27,2026-02-22T14:00:00+00:00,74bd08fa-27db-4bb0-8490-f57f6ed6b8e9,fbffa344-2426-4b4b-9886-b8cd56ec69a1,Crystal Palace FC,Wolverhampton Wanderers FC,64,65,38,38,1.0,1.0,4.0,0.8,1.2,1.8,1.65472,1.47012,2.0,0.4,0.6,1.8,0.868,2.4241,6.0,0.6,0.8,1.7,1.56908,1.76814,8.0,0.8,0.9,1.3,0.96813,1.75008,0.8,1.6,1.8307600000000002,1.69496,0.6,1.2,0.7323,1.81752,10.76388888888889,3.75,2,2,14.0,20.0,1.2307692307692308,0.37037037037037035,32.0,10.0,0.5583603020496225,1.1865156418554477,0.6281553398058253,0.9073354908306366,3.0,0.6666666666666666,0.3333333333333333,4.0,1,0,2.0356,1.6775,1.0,H
4b77e3b5-de69-4a0d-8938-928df127680b,35302b11-2c20-46e5-b2c2-b027f965c95a,2025,27,27,2026-02-22T14:00:00+00:00,5421e81a-b7dd-48b1-9982-42644e8dcf9f,54ed0f97-ad19-421c-a5c2-9b9d3fcbc72d,Nottingham Forest FC,Liverpool FC,64,64,38,38,1.0,1.0,6.0,1.2,0.8,0.8,1.60942,2.06082,7.0,1.4,1.8,1.4,2.37514,1.45092,9.0,0.9,0.8,1.3,1.3053,1.8336700000000001,16.0,1.6,1.5,1.1,1.8387999999999998,1.08548,0.4,1.0,1.4702600000000001,1.6156399999999997,1.4,1.2,1.4576,1.33372,10.770833333333334,10.739583333333334,1,2,17.0,6.0,1.0384615384615385,1.6153846153846154,27.0,42.0,0.558921832884097,0.9082479784366577,1.0479784366576819,0.7685175202156335,3.0,0.6666666666666666,0.3333333333333333,2.0,0,1,0.9348,2.3963,1.0,A
1677c8b6-2817-4e46-b43d-684495264ca7,b9857264-f9c5-49d9-b0b3-85be440d2eee,2025,27,27,2026-02-22T16:30:00+00:00,c23d6b7a-dfaf-44a3-b016-1feb2dddec44,ead1bc2e-8799-410a-a809-66a274bbab2c,Tottenham Hotspur FC,Arsenal FC,64,65,38,38,1.0,1.0,2.0,0.4,1.2,2.0,1.6047799999999999,2.19764,8.0,1.6,2.4,1.2,1.7913599999999998,0.6462800000000001,7.0,0.7,1.1,1.6,1.38957,1.5363399999999998,19.0,1.9,2.1,1.0,2.0758400000000004,0.84684,1.2,1.8,1.5212400000000001,1.79454,2.0,1.0,2.09638,0.6859200000000001,11.875,3.8541666666666665,1,2,16.0,1.0,1.1153846153846154,2.1481481481481484,29.0,58.0,0.7692887931034484,1.1189655172413795,1.4686422413793105,0.6993534482758621,3.0,0.0,0.0,3.0,1,4,0.3833,3.317,1.0,A
7413c5e7-7bda-41f6-85f5-71ddb86fbe52,3d080103-bca3-4ab4-ab0b-86418219e28d,2025,27,27,2026-02-23T20:00:00+00:00,60cb8be0-9c1e-4019-8b60-fd9ac2aa9f2d,48fc005c-cbfc-4e4d-b7f1-459dce6cf940,Everton FC,Manchester United FC,64,64,38,38,1.0,1.0,8.0,1.6,1.2,1.0,1.4272,1.52474,13.0,2.6,2.2,1.0,1.69178,1.0864,13.0,1.3,1.1,1.1,1.2935500000000002,1.6239999999999999,19.0,1.9,1.7,1.1,1.6310099999999998,1.09388,1.0,1.8,1.21464,1.7402000000000002,1.6,1.6,1.4308,1.17812,13.020833333333334,12.989583333333334,1,1,9.0,5.0,1.4230769230769231,1.7307692307692308,37.0,45.0,0.7684040838259001,0.7684040838259001,1.1875335840945727,0.7684040838259001,3.0,0.3333333333333333,0.3333333333333333,3.0,0,1,0.5609,1.4547,1.0,A
8ba552d0-7cd7-48c6-9d32-c972ba790cc1,c50ed52e-a98d-4266-a066-5f366d2658e4,2025,28,28,2026-02-27T20:00:00+00:00,fbffa344-2426-4b4b-9886-b8cd56ec69a1,f8f456e7-3e20-4803-ba4e-b1762a31812c,Wolverhampton Wanderers FC,Aston Villa FC,66,65,38,38,1.0,1.0,2.0,0.4,0.6,1.6,1.09496,2.61814,8.0,1.6,1.0,0.6,1.19032,1.17122,8.0,0.8,0.8,1.2,1.05781,1.79714,15.0,1.5,1.1,1.0,1.53583,1.52103,1.2,1.4,1.20396,1.68264,1.2,1.2,1.8078600000000002,2.29828,5.25,6.208333333333333,2,1,20.0,3.0,0.35714285714285715,1.8888888888888888,10.0,51.0,0.5593984962406016,0.8390977443609022,0.7691729323308271,0.6992481203007519,3.0,0.3333333333333333,0.0,2.3333333333333335,2,0,1.5077,1.3133,1.0,H
71f761b7-cecc-41bc-b875-8281b5a57e9d,7b6ff113-7282-4dca-84f7-7335aaf21218,2025,28,28,2026-02-28T12:30:00+00:00,6601a105-9986-4276-89bf-143cdf03198a,076f94c9-341e-4294-a86a-076741505170,AFC Bournemouth,Sunderland AFC,65,27,38,0,1.0,0.0,11.0,2.2,1.6,0.8,1.7334399999999999,1.6725,3.0,0.6,1.0,2.0,1.0964399999999999,1.7511800000000002,16.0,1.6,1.7,1.6,1.8555700000000002,1.7448599999999999,9.0,0.9,0.9,1.6,1.10702,2.02351,2.0,1.8,1.81952,0.99408,0.4,2.0,0.88506,1.9157199999999999,6.791666666666667,5.9375,1,1,8.0,12.0,1.4074074074074074,1.3333333333333333,38.0,36.0,1.1892703862660945,1.1193133047210302,0.6296137339055794,1.1193133047210302,1.0,0.0,0.0,5.0,1,1,1.8243,1.0789,1.0,D
3d7e7851-d860-46b3-b73d-3822ca585611,e24c74b2-01c1-4d0e-81cf-ff0b21c720b1,2025,28,28,2026-02-28T15:00:00+00:00,2d3435a0-e4e8-4097-a60c-2a0f92c3fede,66a313d1-2e21-49ad-a1c7-6f04cae6be69,Burnley FC,Brentford FC,27,65,0,38,0.0,1.0,5.0,1.0,1.2,2.0,1.0451000000000001,2.04852,7.0,1.4,1.0,1.4,1.49418,1.8041,8.0,0.8,1.0,1.8,0.89218,2.14742,17.0,1.7,1.6,1.2,1.92665,1.6325299999999998,1.0,1.8,1.25798,1.9965199999999999,2.0,1.2,1.6110399999999998,1.87424,7.0,7.0,1,1,19.0,7.0,0.7037037037037037,1.4814814814814814,19.0,40.0,0.69989281886388,1.259807073954984,1.119828510182208,0.839871382636656,1.0,0.0,0.0,4.0,3,4,0.8238,2.446,1.0,A
8eee905d-b365-4c5b-8121-27b368c7b8be,9ead97d4-4da5-4654-a3a1-ae3bca791f66,2025,28,28,2026-02-28T15:00:00+00:00,54ed0f97-ad19-421c-a5c2-9b9d3fcbc72d,21ec0474-e758-4563-97a9-912aab00b4f5,Liverpool FC,West Ham United FC,65,65,38,38,1.0,1.0,9.0,1.8,1.8,1.2,2.1563,1.52848,8.0,1.6,1.6,1.0,1.73732,1.296,16.0,1.6,1.4,1.0,1.95527,1.04405,12.0,1.2,1.3,1.4,1.6840499999999998,1.5842500000000002,1.6,1.0,2.2199999999999998,0.8372400000000001,1.2,2.0,1.37458,2.39636,6.041666666666667,6.895833333333333,1,1,6.0,18.0,1.6666666666666667,0.9259259259259259,45.0,25.0,0.977682861719167,0.6983449012279764,0.9078483715963694,0.977682861719167,3.0,1.0,0.0,3.3333333333333335,5,2,2.0994,1.3517,1.0,H
c2fe2eb4-8ba1-4c37-99c5-e9bf1c01cc9f,787355eb-7db4-466f-bf00-576fe1593b84,2025,28,28,2026-02-28T15:00:00+00:00,c4045d6d-a715-4821-a800-cd9b505ad54b,60cb8be0-9c1e-4019-8b60-fd9ac2aa9f2d,Newcastle United FC,Everton FC,65,65,38,38,1.0,1.0,3.0,0.6,1.2,2.4,1.7076999999999998,1.99742,5.0,1.0,1.0,1.2,1.3902,1.6346,13.0,1.3,1.5,1.7,1.81369,1.6275099999999998,13.0,1.3,1.1,1.1,1.32831,1.58475,2.0,2.0,2.6635,1.52584,1.2,0.4,1.37246,1.5078,6.791666666666667,4.791666666666667,1,1,12.0,9.0,1.3333333333333333,1.3703703703703705,36.0,37.0,1.0452127659574468,1.1845744680851065,0.7664893617021278,0.7664893617021278,3.0,0.3333333333333333,0.3333333333333333,2.0,2,3,1.1189,2.4073,1.0,A
d30b894b-0cbd-47fa-89c1-49cc2bd35d8e,2dc99ed7-82b1-4559-87f0-707861b6112f,2025,28,28,2026-02-28T17:30:00+00:00,fe8b4d06-9254-4fc8-a08f-90f242e51751,33d2f100-682f-4a5e-9aa3-5cc57e1e8571,Leeds United FC,Manchester City FC,27,65,0,38,0.0,1.0,6.0,1.2,1.4,1.8,1.56104,2.11224,13.0,2.6,2.2,0.8,1.884,0.97348,12.0,1.2,1.3,1.5,1.60634,1.76871,19.0,1.9,1.5,0.9,1.7703700000000002,1.2871299999999999,1.8,1.4,1.9215,1.78846,1.2,1.2,1.7490199999999998,1.47978,7.104166666666667,6.895833333333333,1,1,15.0,2.0,1.1481481481481481,2.074074074074074,31.0,56.0,0.9048275862068965,1.0440318302387268,1.0440318302387268,0.626419098143236,1.0,0.0,0.0,5.0,0,1,1.3782,2.4683,1.0,A
394a34e9-f5c3-47bf-a4a9-f78cf3dcdecf,9843656b-fdef-4314-b570-34f91d9c13c0,2025,28,28,2026-03-01T14:00:00+00:00,db14882b-951f-4db5-860b-4ca2b8583311,5421e81a-b7dd-48b1-9982-42644e8dcf9f,Brighton & Hove Albion FC,Nottingham Forest FC,65,65,38,38,1.0,1.0,4.0,0.8,0.8,1.0,1.19318,1.12168,5.0,1.0,0.8,1.0,1.7326799999999998,1.9674400000000003,10.0,1.0,1.1,1.1,1.35642,1.5339,9.0,0.9,0.8,1.3,1.35015,1.90273,0.8,0.6,1.1105800000000001,1.09442,1.2,1.6,1.14034,2.0517,7.958333333333333,7.0,1,1,14.0,17.0,1.2592592592592593,1.0,34.0,27.0,0.7663838812301167,0.7663838812301167,0.5573700954400849,0.9057264050901378,3.0,0.3333333333333333,0.3333333333333333,4.333333333333333,2,1,1.2011,0.8306,1.0,H
885a21db-76e1-4fed-861c-2f1a42836a51,4cd85135-c9bb-4987-bae8-040f659d8bfc,2025,28,28,2026-03-01T14:00:00+00:00,b552a1a6-4302-43ca-884c-0f91ac4f984b,c23d6b7a-dfaf-44a3-b016-1feb2dddec44,Fulham FC,Tottenham Hotspur FC,65,65,38,38,1.0,1.0,6.0,1.2,1.6,2.0,1.6547,1.8232,2.0,0.4,1.2,2.4,1.35086,2.30752,14.0,1.4,1.4,1.5,1.30703,1.8945599999999998,7.0,0.7,1.1,1.8,1.29299,1.7448799999999998,1.6,1.2,1.3417400000000002,1.6980999999999997,1.0,1.4,1.2579,1.27814,7.0,6.895833333333333,1,1,11.0,16.0,1.3703703703703705,1.0740740740740742,37.0,29.0,0.9753308628904181,1.0449973530968766,0.766331392271043,1.253996823716252,3.0,0.6666666666666666,0.3333333333333333,2.3333333333333335,2,1,2.3207,0.9521,1.0,H
a0de1780-90ec-47ce-89e6-6268849dd22a,0f2553b6-840b-40b9-a61d-bd38b37d21f7,2025,28,28,2026-03-01T14:00:00+00:00,48fc005c-cbfc-4e4d-b7f1-459dce6cf940,74bd08fa-27db-4bb0-8490-f57f6ed6b8e9,Manchester United FC,Crystal Palace FC,65,65,38,38,1.0,1.0,13.0,2.6,2.0,1.0,1.36816,1.12118,7.0,1.4,1.2,1.4,1.8315000000000001,1.43642,22.0,2.2,1.7,0.9,1.64602,0.96305,9.0,0.9,0.8,1.3,1.6195799999999998,1.6451,1.8,0.6,1.83122,1.0096399999999999,0.8,1.8,1.3074,1.84132,5.75,7.0,1,1,4.0,14.0,1.7777777777777777,1.2962962962962963,48.0,35.0,1.1842494714587737,0.6269556025369979,0.5572938689217759,0.9056025369978858,3.0,0.3333333333333333,0.3333333333333333,1.6666666666666667,2,1,2.3461,0.3847,1.0,H
2b9dde77-7fe5-4c37-961d-71abb3e96511,54bafdb3-70f3-45a2-9c53-575ea9a691aa,2025,28,28,2026-03-01T16:30:00+00:00,ead1bc2e-8799-410a-a809-66a274bbab2c,1cb320b2-b42f-4131-8f5f-ef42e7f82540,Arsenal FC,Chelsea FC,66,65,38,38,1.0,1.0,11.0,2.2,2.8,0.8,2.16994,0.5947600000000001,11.0,2.2,2.4,1.4,3.04788,1.51192,19.0,1.9,2.3,1.0,2.15322,0.81416,16.0,1.6,1.9,1.4,2.56549,1.6676000000000002,2.2,1.0,2.0553,1.00776,2.0,1.4,2.4731,1.70016,7.0,8.0625,2,1,1.0,6.0,2.1785714285714284,1.6666666666666667,61.0,45.0,1.6021108179419525,0.6965699208443272,1.3234828496042217,0.9751978891820581,3.0,0.3333333333333333,0.6666666666666666,1.6666666666666667,2,1,1.716,1.3527,1.0,H
1054dcdf-71d8-4a87-af23-87012620ff13,a5a9b72b-3026-4234-96b9-2d951f827152,2025,29,29,2026-03-03T19:30:00+00:00,6601a105-9986-4276-89bf-143cdf03198a,66a313d1-2e21-49ad-a1c7-6f04cae6be69,AFC Bournemouth,Brentford FC,66,66,38,38,1.0,1.0,9.0,1.8,1.2,0.6,1.43536,1.7008199999999998,10.0,2.0,1.8,1.6,1.58256,1.69094,17.0,1.7,1.7,1.3,1.7818200000000002,1.56762,17.0,1.7,1.6,1.4,1.88612,1.4587299999999999,2.0,1.8,1.82068,1.11376,2.4,1.8,1.78762,1.78536,3.2916666666666665,3.1875,2,2,10.0,7.0,1.3928571428571428,1.5357142857142858,39.0,43.0,1.1840885142255004,0.9054794520547945,1.114436248682824,0.975131717597471,3.0,0.0,0.0,4.333333333333333,0,0,2.3177,0.6733,1.0,D
633b84d9-e43f-485c-82a1-e3fee2602d23,aee5de83-85a4-4096-b4be-89e3c04c1717,2025,29,29,2026-03-03T19:30:00+00:00,60cb8be0-9c1e-4019-8b60-fd9ac2aa9f2d,2d3435a0-e4e8-4097-a60c-2a0f92c3fede,Everton FC,Burnley FC,66,28,38,0,1.0,0.0,7.0,1.4,1.4,1.4,1.69368,1.5230599999999999,4.0,0.8,1.4,2.4,0.9000999999999999,2.01954,15.0,1.5,1.4,1.3,1.44384,1.5716899999999998,7.0,0.7,1.3,2.2,0.84961,2.26682,1.0,1.8,1.28416,1.6617000000000002,1.0,1.8,0.52638,2.29832,3.1875,3.1875,2,2,8.0,19.0,1.4285714285714286,0.6785714285714286,40.0,19.0,0.9766069546891464,0.9068493150684931,0.9068493150684931,1.534668071654373,1.0,0.0,1.0,0.0,2,0,1.1585,0.7622,1.0,H
ff1e6a36-8e53-49e3-a308-b4e7e222d8b4,d0fc7793-a4d6-4055-a9a2-8b925e9a4d76,2025,29,29,2026-03-03T19:30:00+00:00,fe8b4d06-9254-4fc8-a08f-90f242e51751,076f94c9-341e-4294-a86a-076741505170,Leeds United FC,Sunderland AFC,28,28,0,0,0.0,0.0,5.0,1.0,1.2,1.8,1.50136,2.42792,4.0,0.8,1.0,1.6,1.16946,1.67868,11.0,1.1,1.2,1.5,1.48351,1.9349399999999999,9.0,0.9,0.9,1.6,1.13431,1.94529,1.0,1.4,1.6155599999999999,1.9760000000000002,0.6,2.2,0.83876,2.09672,3.0833333333333335,3.2916666666666665,2,2,15.0,12.0,1.1071428571428572,1.3214285714285714,31.0,37.0,0.8374736842105263,1.0468421052631578,0.6281052631578947,1.1166315789473684,1.0,0.0,1.0,2.0,0,1,0.8882,0.8439,1.0,A
0b39afa8-31fe-40be-9996-5c3638ba9c1d,63a33972-a643-44c0-9e68-9d2f427c3a09,2025,29,29,2026-03-03T20:15:00+00:00,fbffa344-2426-4b4b-9886-b8cd56ec69a1,54ed0f97-ad19-421c-a5c2-9b9d3fcbc72d,Wolverhampton Wanderers FC,Liverpool FC,67,66,38,38,1.0,1.0,5.0,1.0,1.0,1.2,0.9757999999999999,2.56256,12.0,2.4,2.4,1.0,2.38872,1.13588,10.0,1.0,0.9,1.1,1.0868,1.8151599999999999,16.0,1.6,1.7,1.1,2.0087099999999998,1.10115,1.0,1.4,1.05764,1.89816,1.2,1.0,1.69054,1.2508599999999999,4.010416666666667,3.21875,3,2,20.0,5.0,0.4482758620689655,1.7142857142857142,13.0,48.0,0.6287217254076802,0.7684376643871648,1.1875854813256181,0.7684376643871648,3.0,0.0,0.0,3.0,2,1,0.636,2.1722,1.0,H
b4da4c27-e098-49f0-8dd9-91e8c1853394,9673a2bf-f0cc-449f-ae42-e0b789093650,2025,29,29,2026-03-04T19:30:00+00:00,db14882b-951f-4db5-860b-4ca2b8583311,ead1bc2e-8799-410a-a809-66a274bbab2c,Brighton & Hove Albion FC,Arsenal FC,66,67,38,38,1.0,1.0,7.0,1.4,1.0,0.8,1.0441,1.0613199999999998,11.0,2.2,2.4,1.0,1.8042799999999999,0.8295600000000001,13.0,1.3,1.2,1.0,1.4055199999999999,1.36264,19.0,1.9,2.1,1.0,1.88348,0.65523,1.2,0.8,1.1669399999999999,0.99846,2.2,0.8,2.50378,0.57302,3.2291666666666665,3.125,2,3,12.0,1.0,1.3214285714285714,2.206896551724138,37.0,64.0,0.838235294117647,0.6985294117647058,1.4669117647058825,0.6985294117647058,3.0,0.0,0.6666666666666666,2.3333333333333335,0,1,0.9192,0.5148,1.0,A
ea8d9d6b-e8ef-42f5-bfbf-2171bffca98a,05c36cfb-d5bc-4334-a876-75f45c8e229d,2025,29,29,2026-03-04T19:30:00+00:00,b552a1a6-4302-43ca-884c-0f91ac4f984b,21ec0474-e758-4563-97a9-912aab00b4f5,Fulham FC,West Ham United FC,66,66,38,38,1.0,1.0,6.0,1.2,1.6,2.0,1.89236,1.6243199999999998,5.0,1.0,1.4,1.8,1.5703,1.57312,14.0,1.4,1.5,1.6,1.42766,1.87605,12.0,1.2,1.5,1.8,1.7055,1.68275,1.8,1.4,1.46474,1.7912599999999999,1.6,2.4,1.44064,2.09986,3.2291666666666665,4.1875,2,2,10.0,18.0,1.4285714285714286,0.8928571428571429,40.0,25.0,1.0488188976377952,1.118740157480315,1.0488188976377952,1.2585826771653543,3.0,0.3333333333333333,0.3333333333333333,2.6666666666666665,0,1,0.6281,1.4953,1.0,A
019d0140-4166-42a9-bb3f-ce3cde7ad83d,8bd295d4-8745-4d05-8e64-94236a8621b8,2025,29,29,2026-03-04T19:30:00+00:00,33d2f100-682f-4a5e-9aa3-5cc57e1e8571,5421e81a-b7dd-48b1-9982-42644e8dcf9f,Manchester City FC,Nottingham Forest FC,66,66,38,38,1.0,1.0,13.0,2.6,2.0,0.8,2.16458,1.14058,2.0,0.4,0.6,1.4,1.62088,1.80684,19.0,1.9,1.4,0.8,1.87073,1.36494,9.0,0.9,0.8,1.3,1.3732,1.87637,1.8,0.6,1.7917200000000002,1.0944800000000001,1.4,1.8,1.2092,1.95078,4.083333333333333,3.2291666666666665,2,2,2.0,18.0,2.107142857142857,0.9642857142857143,59.0,27.0,0.9798530954879328,0.5599160545645331,0.5599160545645331,0.9098635886673663,3.0,0.6666666666666666,0.0,2.3333333333333335,2,2,2.7266,1.2364,1.0,D
4a236f89-d1ec-4085-a805-3f801f310859,5eb3e7b4-ab30-46a0-91f4-b5152f269321,2025,29,29,2026-03-04T19:30:00+00:00,f8f456e7-3e20-4803-ba4e-b1762a31812c,1cb320b2-b42f-4131-8f5f-ef42e7f82540,Aston Villa FC,Chelsea FC,66,66,38,38,1.0,1.0,5.0,1.0,0.6,1.0,1.1887,1.0817999999999999,8.0,1.6,2.0,1.6,2.70078,1.37154,12.0,1.2,0.9,1.1,1.4612399999999999,1.47464,16.0,1.6,1.9,1.4,2.5036,1.6332799999999998,1.0,0.8,1.2638,0.74378,1.8,1.4,2.53842,1.4676399999999998,4.979166666666667,3.125,2,2,4.0,6.0,1.8214285714285714,1.6071428571428572,51.0,45.0,0.6295287958115183,0.7694240837696336,1.329005235602094,0.9792670157068062,3.0,0.6666666666666666,0.0,3.0,1,4,1.0685,3.3888,1.0,A
43bb92c5-3689-44ac-9471-fcf8970557dc,6c058f08-12a3-4765-8daf-7a83ab0573c7,2025,29,29,2026-03-04T20:15:00+00:00,c4045d6d-a715-4821-a800-cd9b505ad54b,48fc005c-cbfc-4e4d-b7f1-459dce6cf940,Newcastle United FC,Manchester United FC,66,66,38,38,1.0,1.0,3.0,0.6,1.6,2.6,1.5405200000000001,2.2146,13.0,2.6,1.8,0.8,1.7091999999999998,0.9133000000000001,13.0,1.3,1.7,1.9,1.81258,1.7741600000000002,22.0,2.2,1.8,1.0,1.78655,0.88852,2.0,2.2,2.31156,1.8020800000000001,1.6,1.2,1.46082,0.91646,4.21875,3.2604166666666665,2,2,13.0,3.0,1.2857142857142858,1.8214285714285714,36.0,51.0,1.1877806788511749,1.3275195822454309,1.257650130548303,0.6986945169712794,3.0,0.6666666666666666,0.0,2.6666666666666665,2,1,1.9664,1.8057,1.0,H
fb1589ce-dca9-4bec-8ccc-c57c0d6ec1d4,408201d8-184e-4c3e-bfa7-e23443381936,2025,29,29,2026-03-05T20:00:00+00:00,c23d6b7a-dfaf-44a3-b016-1feb2dddec44,74bd08fa-27db-4bb0-8490-f57f6ed6b8e9,Tottenham Hotspur FC,Crystal Palace FC,66,66,38,38,1.0,1.0,1.0,0.2,1.0,2.4,1.0231,2.4619,7.0,1.4,1.2,1.2,1.42486,1.2879999999999998,4.0,0.4,1.1,2.0,1.30112,1.88398,9.0,0.9,0.9,1.4,1.56508,1.7926300000000002,1.2,2.2,1.32808,2.21162,0.8,1.4,1.07822,1.72896,4.25,4.25,2,2,16.0,14.0,1.0357142857142858,1.25,29.0,35.0,0.7685088633993744,1.3972888425443168,0.6287799791449427,0.9781021897810218,3.0,0.3333333333333333,0.0,1.3333333333333333,1,3,1.2962,1.9152,1.0,A
e2c525c9-8ec3-4f38-9c69-a6890854d2ea,e0fb9178-1fb8-47d0-ba2e-c7126ad8bd31,2025,30,30,2026-03-14T15:00:00+00:00,076f94c9-341e-4294-a86a-076741505170,db14882b-951f-4db5-860b-4ca2b8583311,Sunderland AFC,Brighton & Hove Albion FC,29,67,0,38,0.0,1.0,4.0,0.8,0.6,1.6,0.9609399999999999,1.8310400000000002,6.0,1.2,0.8,0.8,0.94228,0.9080199999999999,11.0,1.1,1.0,1.6,1.12249,1.7898599999999998,12.0,1.2,1.0,0.9,1.1885299999999999,1.18648,1.2,1.0,1.4298600000000001,1.79386,1.2,1.2,1.6441,1.72682,10.8125,9.8125,1,2,11.0,14.0,1.3793103448275863,1.2758620689655173,40.0,37.0,0.6982310093652446,1.1171696149843915,0.6982310093652446,0.6284079084287202,1.0,0.0,1.0,0.0,0,1,0.6591,1.1283,1.0,A
536cf2dc-c1a7-41b2-8c78-1c8cd40d74f5,32e0d52d-b04b-4da4-a292-f43b17a6557a,2025,30,30,2026-03-14T15:00:00+00:00,2d3435a0-e4e8-4097-a60c-2a0f92c3fede,6601a105-9986-4276-89bf-143cdf03198a,Burnley FC,AFC Bournemouth,29,67,0,38,0.0,1.0,4.0,0.8,1.4,2.2,1.02726,1.87394,7.0,1.4,0.8,0.6,1.58066,1.41478,7.0,0.7,1.2,2.1,0.79328,2.13342,17.0,1.7,1.5,1.1,1.66445,1.4016600000000001,1.6,2.6,1.17284,2.23532,1.4,0.8,1.74296,2.02148,10.8125,10.8125,2,1,19.0,10.0,0.6551724137931034,1.3793103448275863,19.0,40.0,0.8386895475819033,1.4677067082683308,1.0483619344773791,0.7687987519500781,1.0,0.0,1.0,2.0,0,0,1.677,2.3698,1.0,D
c53fbe3c-aa86-47eb-9a3c-9de1457ac378,49d37301-535d-42a3-9918-225b35460ec5,2025,30,30,2026-03-14T17:30:00+00:00,ead1bc2e-8799-410a-a809-66a274bbab2c,60cb8be0-9c1e-4019-8b60-fd9ac2aa9f2d,Arsenal FC,Everton FC,68,67,38,38,1.0,1.0,11.0,2.2,2.0,1.0,1.66844,0.92796,9.0,1.8,1.6,1.2,1.6691200000000002,1.38984,19.0,1.9,1.9,0.8,1.8069600000000001,0.65237,15.0,1.5,1.4,1.3,1.39016,1.47246,2.2,1.0,1.88986,1.13628,1.8,0.8,1.60352,1.4816799999999999,9.916666666666666,10.916666666666666,2,1,1.0,8.0,2.2333333333333334,1.4827586206896552,67.0,43.0,1.3299011960478417,0.5599583983359334,0.9799271970878835,0.9099323972958918,3.0,0.3333333333333333,0.6666666666666666,1.0,2,0,1.9086,1.1785,1.0,H
91a8bb0b-4362-4251-a5d1-bf48a785fc50,61213bc4-518a-4a5c-adcb-ce7bde170306,2025,30,30,2026-03-14T17:30:00+00:00,1cb320b2-b42f-4131-8f5f-ef42e7f82540,c4045d6d-a715-4821-a800-cd9b505ad54b,Chelsea FC,Newcastle United FC,67,67,38,38,1.0,1.0,8.0,1.6,2.2,1.4,2.84628,1.2400600000000002,6.0,1.2,1.8,2.0,1.87694,1.9558,18.0,1.8,2.1,1.3,2.60919,1.39099,13.0,1.3,1.6,1.9,1.7599699999999998,1.8221800000000001,2.0,1.4,2.4687799999999998,1.79892,1.4,1.6,1.3136,1.7462399999999998,9.916666666666666,9.885416666666666,2,1,5.0,13.0,1.6551724137931034,1.3448275862068966,48.0,39.0,1.4705454545454546,0.9103376623376624,1.1204155844155845,1.3304935064935064,3.0,0.3333333333333333,0.3333333333333333,3.0,0,1,1.7251,1.0325,1.0,A
5f17035e-19d0-4f6a-9bf1-cb324224c8ed,cd2ff3f6-8f05-40fc-9e85-c8adad33a019,2025,30,30,2026-03-14T20:00:00+00:00,21ec0474-e758-4563-97a9-912aab00b4f5,33d2f100-682f-4a5e-9aa3-5cc57e1e8571,West Ham United FC,Manchester City FC,67,67,38,38,1.0,1.0,8.0,1.6,1.2,1.2,1.52418,1.16648,13.0,2.6,2.0,0.8,2.30268,1.0883800000000001,14.0,1.4,1.4,1.6,1.6273900000000001,1.43665,19.0,1.9,1.6,1.0,1.8991399999999998,1.39237,1.4,1.2,1.9703600000000001,1.2656399999999999,1.0,1.0,1.9497399999999998,1.6354,10.020833333333334,10.020833333333334,1,1,18.0,2.0,0.9655172413793104,2.0689655172413794,28.0,60.0,0.9813084112149532,1.1214953271028036,1.1214953271028036,0.7009345794392523,3.0,0.0,0.0,4.0,1,1,0.489,1.9546,1.0,D
31de40b3-8131-45ca-a38a-8874bda71edf,f8f78973-a696-4d4e-821d-88c00bccc57e,2025,30,30,2026-03-15T14:00:00+00:00,74bd08fa-27db-4bb0-8490-f57f6ed6b8e9,fe8b4d06-9254-4fc8-a08f-90f242e51751,Crystal Palace FC,Leeds United FC,67,29,38,0,1.0,0.0,9.0,1.8,1.6,1.2,1.4783000000000002,1.34978,5.0,1.0,1.2,1.2,1.6432600000000002,1.88784,11.0,1.1,1.1,1.4,1.52125,1.74682,10.0,1.0,1.2,1.6,1.55639,1.8515000000000001,1.0,1.4,2.05194,1.8562999999999998,1.4,1.6,1.35146,1.89388,9.75,11.770833333333334,2,1,14.0,15.0,1.3103448275862069,1.0689655172413792,38.0,31.0,0.7713692946058092,0.9817427385892116,0.84149377593361,1.1219917012448133,1.0,0.0,0.0,5.0,0,0,0.5252,1.1356,1.0,D
cf4a2d39-3f38-404f-9dab-f0fd2d70c4c0,5f59eef4-1346-4e53-93be-9755ed40160d,2025,30,30,2026-03-15T14:00:00+00:00,48fc005c-cbfc-4e4d-b7f1-459dce6cf940,f8f456e7-3e20-4803-ba4e-b1762a31812c,Manchester United FC,Aston Villa FC,67,67,38,38,1.0,1.0,10.0,2.0,1.4,0.8,1.7016200000000001,0.96258,5.0,1.0,0.8,1.6,0.97176,1.6965799999999998,21.0,2.1,1.8,1.1,1.85381,0.9633799999999999,12.0,1.2,0.9,1.1,1.27389,1.37218,2.0,0.8,2.1122799999999997,0.86058,0.8,1.4,1.65868,2.2055,10.739583333333334,10.770833333333334,2,1,3.0,4.0,1.7586206896551724,1.7586206896551724,51.0,51.0,1.2641078838174276,0.7725103734439835,0.6320539419087138,0.7725103734439835,3.0,0.3333333333333333,0.3333333333333333,1.6666666666666667,3,1,1.6782,1.2107,1.0,H
e302da30-aa9d-4172-a00f-a7c69365bd8a,d8690483-08a5-4215-b1fc-563a73a9c96b,2025,30,30,2026-03-15T14:00:00+00:00,5421e81a-b7dd-48b1-9982-42644e8dcf9f,b552a1a6-4302-43ca-884c-0f91ac4f984b,Nottingham Forest FC,Fulham FC,67,67,38,38,1.0,1.0,2.0,0.4,0.8,1.6,1.6707,2.02256,6.0,1.2,1.2,1.6,1.6739799999999998,1.55466,10.0,1.0,1.0,1.3,1.32139,1.9795000000000003,13.0,1.3,1.4,1.6,1.31504,1.79023,0.2,0.8,1.5372,1.80196,1.2,1.8,1.39058,1.96084,10.770833333333334,10.770833333333334,2,2,18.0,12.0,0.9655172413793104,1.3793103448275863,28.0,40.0,0.7018633540372671,0.9124223602484473,0.9826086956521739,1.1229813664596273,3.0,0.0,0.0,1.6666666666666667,0,0,0.821,0.934,1.0,D
0d04fda3-7910-4b30-a592-ddbe844677b9,08cc0b3d-f971-4039-b8ca-bea14db0094e,2025,30,30,2026-03-15T16:30:00+00:00,54ed0f97-ad19-421c-a5c2-9b9d3fcbc72d,c23d6b7a-dfaf-44a3-b016-1feb2dddec44,Liverpool FC,Tottenham Hotspur FC,67,67,38,38,1.0,1.0,9.0,1.8,1.8,1.2,2.20322,1.20622,0.0,0.0,0.8,2.6,0.98286,2.43772,15.0,1.5,1.8,1.3,2.0581,1.1488099999999999,3.0,0.3,1.2,2.3,1.36991,2.01987,2.2,1.2,2.32688,0.9514400000000001,1.0,1.8,1.27416,1.55634,11.84375,9.854166666666666,1,1,6.0,16.0,1.6551724137931034,1.0,48.0,29.0,1.2652173913043478,0.913768115942029,0.8434782608695651,1.6166666666666665,3.0,1.0,0.0,6.0,1,1,1.3008,1.1564,1.0,D
53141b73-560f-4c33-adce-687c748e4153,dfa13682-4e4e-4b0d-9f6b-ce5d944ebb83,2025,30,30,2026-03-16T20:00:00+00:00,66a313d1-2e21-49ad-a1c7-6f04cae6be69,fbffa344-2426-4b4b-9886-b8cd56ec69a1,Brentford FC,Wolverhampton Wanderers FC,67,68,38,38,1.0,1.0,8.0,1.6,1.6,1.6,1.6542400000000002,1.7238399999999998,8.0,1.6,1.2,0.8,0.88026,2.24444,17.0,1.7,1.6,1.4,1.89782,1.6296700000000002,10.0,1.0,0.8,1.2,0.9264699999999999,2.00881,0.8,1.0,1.98462,1.1320999999999999,0.4,1.0,0.91166,1.9116399999999998,13.020833333333334,12.989583333333334,1,1,7.0,20.0,1.5172413793103448,0.5333333333333333,44.0,16.0,1.125129265770424,0.9844881075491209,0.562564632885212,0.8438469493278179,3.0,0.6666666666666666,0.3333333333333333,4.0,2,2,2.7966,1.8004,1.0,D
db03137c-8021-4b98-a2e1-4dcef0af50c7,1d188380-521d-4fa7-9b7c-90736f40a11f,2025,31,31,2026-03-20T20:00:00+00:00,6601a105-9986-4276-89bf-143cdf03198a,48fc005c-cbfc-4e4d-b7f1-459dce6cf940,AFC Bournemouth,Manchester United FC,68,68,38,38,1.0,1.0,7.0,1.4,0.6,0.4,1.68932,1.62088,10.0,2.0,1.6,1.0,1.6041,1.0860400000000001,18.0,1.8,1.3,0.8,1.80665,1.44136,23.0,2.3,2.0,1.1,1.8268499999999999,0.98744,1.6,1.2,2.09466,0.9924200000000001,1.6,1.4,1.4324000000000001,1.11572,6.208333333333333,5.25,1,1,10.0,3.0,1.3666666666666667,1.8,41.0,54.0,0.9136222910216719,0.5622291021671827,1.4055727554179567,0.7730650154798763,3.0,0.3333333333333333,0.6666666666666666,4.333333333333333,2,2,1.7666,1.7457,1.0,D
293d316c-7a06-4c32-94b6-8709d124d37b,46622db5-5244-43ac-917f-37cc10b2c4ac,2025,31,31,2026-03-21T12:45:00+00:00,db14882b-951f-4db5-860b-4ca2b8583311,54ed0f97-ad19-421c-a5c2-9b9d3fcbc72d,Brighton & Hove Albion FC,Liverpool FC,68,68,38,38,1.0,1.0,9.0,1.8,1.0,0.6,1.02038,0.8541599999999999,10.0,2.0,1.8,1.0,2.21008,0.95454,12.0,1.2,0.9,0.9,1.15419,1.2269299999999999,15.0,1.5,1.7,1.2,2.0163,1.20353,0.8,1.0,1.0564399999999998,1.0505,1.0,1.0,1.78122,1.2562200000000001,6.90625,5.84375,1,1,12.0,5.0,1.3333333333333333,1.6333333333333333,40.0,49.0,0.6321318228630278,0.6321318228630278,1.1940267765190524,0.842842430484037,3.0,0.3333333333333333,0.0,3.3333333333333335,2,1,3.4296,0.9568,1.0,H
ac7b6422-5168-4d99-9c35-48d6986b57d7,af2e1f40-fc03-433f-8e07-a06e3b8515f4,2025,31,31,2026-03-21T15:00:00+00:00,b552a1a6-4302-43ca-884c-0f91ac4f984b,2d3435a0-e4e8-4097-a60c-2a0f92c3fede,Fulham FC,Burnley FC,68,30,38,0,1.0,0.0,7.0,1.4,1.0,1.2,1.42052,1.3413,5.0,1.0,1.4,1.8,0.9933799999999999,2.12344,13.0,1.3,1.2,1.4,1.3475199999999998,1.70045,8.0,0.8,1.2,1.9,0.93552,2.22323,1.4,1.2,1.46852,1.74656,1.0,1.8,0.6279,2.23568,6.041666666666667,7.0,1,1,12.0,19.0,1.3666666666666667,0.6666666666666666,41.0,20.0,0.8427763496143957,0.9832390745501284,0.8427763496143957,1.33439588688946,1.0,1.0,0.0,5.0,3,1,3.4844,1.9256,1.0,H
ed6cc0e7-d82c-4fb9-b246-1d05c2402e74,e085873f-937c-4bbd-9037-46dbee29d8dd,2025,31,31,2026-03-21T17:30:00+00:00,60cb8be0-9c1e-4019-8b60-fd9ac2aa9f2d,1cb320b2-b42f-4131-8f5f-ef42e7f82540,Everton FC,Chelsea FC,68,68,38,38,1.0,1.0,6.0,1.2,1.2,1.4,1.52726,1.3313000000000001,5.0,1.0,1.6,1.4,2.43874,1.22382,15.0,1.5,1.2,1.1,1.40744,1.3581400000000001,17.0,1.7,2.0,1.3,2.5779699999999997,1.39119,1.0,1.0,1.3147199999999999,1.20378,2.4,1.4,2.80872,1.4752399999999999,7.0,7.0,1,1,10.0,6.0,1.4333333333333333,1.6,43.0,48.0,0.8422780913288865,0.7720882503848128,1.4037968188814776,0.9124679322729605,3.0,0.0,0.3333333333333333,1.0,3,0,1.4453,1.3514,1.0,H
bde61da8-f55d-4894-99f4-c195e2674db9,dc3d7f17-c5b2-4502-8969-b5753a2b1f07,2025,31,31,2026-03-21T20:00:00+00:00,fe8b4d06-9254-4fc8-a08f-90f242e51751,66a313d1-2e21-49ad-a1c7-6f04cae6be69,Leeds United FC,Brentford FC,30,68,0,38,0.0,1.0,3.0,0.6,0.6,1.0,1.19402,1.66072,6.0,1.2,1.4,1.6,1.88352,1.4196199999999999,10.0,1.0,1.1,1.5,1.57294,1.70924,15.0,1.5,1.4,1.4,1.8723000000000003,1.70914,0.8,1.4,1.59918,1.75522,1.6,1.4,1.3119200000000002,2.04776,6.25,5.0,1,1,15.0,8.0,1.0666666666666667,1.5,32.0,45.0,0.7720286885245902,1.0527663934426228,0.9825819672131146,0.9825819672131146,1.0,0.0,1.0,2.0,0,0,0.4173,0.3022,1.0,D
e033b706-8a0f-4414-836d-66a2cf06cf38,28045ea4-eaa2-45f8-afc1-6bc9cf12054c,2025,31,31,2026-03-22T12:00:00+00:00,c4045d6d-a715-4821-a800-cd9b505ad54b,076f94c9-341e-4294-a86a-076741505170,Newcastle United FC,Sunderland AFC,68,30,38,0,1.0,0.0,9.0,1.8,1.6,1.4,1.41914,1.9707800000000002,4.0,0.8,0.6,1.2,1.00732,1.8178999999999998,13.0,1.3,1.5,1.9,1.59046,1.8668600000000002,10.0,1.0,0.9,1.6,1.1416499999999998,1.7609400000000002,2.0,2.4,2.15932,1.9075600000000001,0.6,2.0,0.91404,1.99086,7.770833333333333,7.875,1,1,11.0,13.0,1.4,1.3333333333333333,42.0,40.0,1.0543032786885245,1.335450819672131,0.6325819672131148,1.1245901639344262,1.0,0.0,0.0,1.0,1,2,1.2671,2.6666,1.0,A
5d04f6bd-fb96-4fdd-8917-4a315380f361,e6616862-04a1-4c3d-bf01-d09dbc61729b,2025,31,31,2026-03-22T14:15:00+00:00,f8f456e7-3e20-4803-ba4e-b1762a31812c,21ec0474-e758-4563-97a9-912aab00b4f5,Aston Villa FC,West Ham United FC,68,68,38,38,1.0,1.0,4.0,0.8,0.8,2.0,1.0846,1.66692,6.0,1.2,1.0,1.4,1.39752,1.18812,9.0,0.9,0.7,1.3,1.25197,1.45018,15.0,1.5,1.5,1.4,1.65272,1.4081800000000002,0.6,1.4,1.1915200000000001,1.2419,1.8,1.8,1.6925599999999998,1.77762,7.010416666666667,7.760416666666667,1,1,4.0,18.0,1.7,0.9666666666666667,51.0,29.0,0.49196930946291556,0.9136572890025575,1.0542199488491049,0.9839386189258311,3.0,0.6666666666666666,0.3333333333333333,3.3333333333333335,2,0,2.4853,0.7601,1.0,H
6022ae96-70b9-48fb-b158-4876e1fc39d4,fc93112f-0389-49ef-9c72-a1b19cc95bfa,2025,31,31,2026-03-22T14:15:00+00:00,c23d6b7a-dfaf-44a3-b016-1feb2dddec44,5421e81a-b7dd-48b1-9982-42644e8dcf9f,Tottenham Hotspur FC,Nottingham Forest FC,68,68,38,38,1.0,1.0,1.0,0.2,1.0,2.4,1.0954599999999999,2.26472,3.0,0.6,0.6,1.0,1.50274,1.533,3.0,0.3,1.2,2.3,1.3438,2.1032,11.0,1.1,0.9,1.0,1.31367,1.92991,1.2,2.6,1.30382,2.50116,1.6,1.6,1.27684,2.2101200000000003,6.90625,7.010416666666667,1,1,16.0,17.0,1.0,0.9666666666666667,30.0,29.0,0.8437404190086868,1.6171691364333163,0.6328053142565151,0.7031170158405723,3.0,0.0,0.0,2.3333333333333335,0,3,1.6189,1.5441,1.0,A
250d9bb2-51e0-4277-9840-a5628b4da8df,41482f64-ac92-4105-b5b4-c5b8e16a52dc,2025,32,32,2026-04-10T19:00:00+00:00,21ec0474-e758-4563-97a9-912aab00b4f5,fbffa344-2426-4b4b-9886-b8cd56ec69a1,West Ham United FC,Wolverhampton Wanderers FC,69,69,38,38,1.0,1.0,5.0,1.0,0.8,1.6,1.28804,1.53802,8.0,1.6,1.6,1.2,1.1589399999999999,2.0655799999999997,15.0,1.5,1.4,1.4,1.55503,1.53003,10.0,1.0,0.9,1.3,1.03518,2.12515,1.2,1.0,1.61288,1.03874,0.6,1.2,1.02818,2.2443400000000002,19.197916666666668,24.958333333333332,0,0,18.0,20.0,0.9354838709677419,0.5483870967741935,29.0,17.0,0.9842857142857142,0.9842857142857142,0.6327551020408163,0.9139795918367347,3.0,0.3333333333333333,0.0,2.3333333333333335,4,0,2.5438,0.572,1.0,H
e3891c0f-1903-40aa-9886-a3c525e16fcb,bbd91dfa-225a-4120-a9f8-db7875b8b2a6,2025,32,32,2026-04-11T11:30:00+00:00,ead1bc2e-8799-410a-a809-66a274bbab2c,6601a105-9986-4276-89bf-143cdf03198a,Arsenal FC,AFC Bournemouth,69,69,38,38,1.0,1.0,13.0,2.6,2.2,0.8,1.89332,0.8013600000000001,5.0,1.0,0.6,0.6,1.76022,1.5038,21.0,2.1,2.1,0.8,1.9276399999999998,0.73836,16.0,1.6,1.2,0.8,1.8643,1.4533200000000002,1.8,0.8,1.3889,0.78358,1.0,0.4,1.51864,1.8902999999999999,27.75,21.645833333333332,0,0,1.0,13.0,2.2580645161290325,1.3548387096774193,70.0,42.0,1.4755600814663952,0.5621181262729125,0.8431771894093687,0.5621181262729125,3.0,0.3333333333333333,0.0,3.3333333333333335,1,2,3.1635,1.3946,1.0,A
7c3607c0-029d-40f4-bedd-e449579f5493,74d09c55-d736-414f-b6ad-8fb49d0b24a7,2025,32,32,2026-04-11T14:00:00+00:00,2d3435a0-e4e8-4097-a60c-2a0f92c3fede,db14882b-951f-4db5-860b-4ca2b8583311,Burnley FC,Brighton & Hove Albion FC,31,69,0,38,0.0,1.0,2.0,0.4,1.0,2.0,1.24024,2.3948,12.0,2.4,1.4,0.6,1.6100400000000001,0.9303000000000001,7.0,0.7,1.1,2.0,1.09611,2.3191800000000002,14.0,1.4,1.0,0.9,1.36399,1.02671,1.4,2.0,1.24314,2.21078,1.0,0.8,1.2519399999999998,1.40336,20.958333333333332,21.052083333333332,0,0,19.0,11.0,0.6451612903225806,1.3870967741935485,20.0,43.0,0.7728520589730554,1.4051855617691915,0.7025927808845958,0.6323335027961362,1.0,0.0,0.0,2.0,0,2,0.812,1.0718,1.0,A
3b61513f-ce2a-49dc-86af-b3c9857882fc,c4a7e7df-af95-4d47-b899-2f2c38178e6c,2025,32,32,2026-04-11T14:00:00+00:00,66a313d1-2e21-49ad-a1c7-6f04cae6be69,60cb8be0-9c1e-4019-8b60-fd9ac2aa9f2d,Brentford FC,Everton FC,69,69,38,38,1.0,1.0,6.0,1.2,1.2,1.4,1.58166,1.34624,9.0,1.8,1.6,1.0,1.3501,1.31916,13.0,1.3,1.1,1.4,1.51642,1.6002299999999998,17.0,1.7,1.4,1.0,1.38865,1.42195,1.2,1.4,2.4326800000000004,1.37052,1.4,1.2,1.50016,1.5125,20.75,20.854166666666668,0,0,8.0,9.0,1.4838709677419355,1.4838709677419355,46.0,46.0,0.7731843575418995,0.9840528186896902,0.9840528186896902,0.7028948704926359,3.0,0.3333333333333333,0.6666666666666666,2.6666666666666665,2,2,2.263,1.5703,1.0,D
ca0e7cdf-9722-44d4-88a0-20e7f896745b,3e1994b4-f8ba-44b8-8310-0e65a2cf0755,2025,32,32,2026-04-11T16:30:00+00:00,54ed0f97-ad19-421c-a5c2-9b9d3fcbc72d,b552a1a6-4302-43ca-884c-0f91ac4f984b,Liverpool FC,Fulham FC,69,69,38,38,1.0,1.0,7.0,1.4,1.8,1.4,1.7851,1.5017,10.0,2.0,1.6,0.8,1.90684,1.39098,14.0,1.4,1.8,1.4,2.08012,1.47631,13.0,1.3,1.3,1.4,1.58995,1.6479,2.4,1.4,2.25138,1.15084,1.0,1.6,1.22652,1.65434,21.15625,21.0625,0,0,5.0,11.0,1.5806451612903225,1.4193548387096775,49.0,44.0,1.2644703497212366,0.9834769386720729,0.9132285859097821,0.9834769386720729,3.0,0.0,0.6666666666666666,4.333333333333333,2,0,2.015,1.4202,1.0,H
bac64ebe-3e31-4a21-9a97-f208cc58c3c3,dd562a54-6754-45f6-9676-8a8549d07b1d,2025,32,32,2026-04-12T13:00:00+00:00,076f94c9-341e-4294-a86a-076741505170,c23d6b7a-dfaf-44a3-b016-1feb2dddec44,Sunderland AFC,Tottenham Hotspur FC,31,69,0,38,0.0,1.0,7.0,1.4,1.0,1.2,1.4018799999999998,1.45498,1.0,0.2,0.8,2.6,1.08138,2.07956,13.0,1.3,1.1,1.4,1.25767,1.50155,3.0,0.3,1.0,2.3,1.34308,2.1386,1.2,1.2,1.3692600000000001,1.53102,1.2,2.0,1.38378,1.7052399999999999,21.041666666666668,20.947916666666668,0,0,12.0,18.0,1.3870967741935485,0.967741935483871,43.0,30.0,0.7730632911392407,0.9838987341772152,0.7027848101265823,1.6164050632911393,1.0,0.0,1.0,2.0,1,0,1.7758,1.016,1.0,H
2680df74-3ec0-435a-917a-d434fa55d892,aecc89b5-d371-4bb3-a4f7-e6092226d114,2025,32,32,2026-04-12T13:00:00+00:00,5421e81a-b7dd-48b1-9982-42644e8dcf9f,f8f456e7-3e20-4803-ba4e-b1762a31812c,Nottingham Forest FC,Aston Villa FC,69,69,38,38,1.0,1.0,5.0,1.0,1.2,1.0,1.07338,1.7753800000000002,4.0,0.8,1.0,2.0,1.46644,1.72268,11.0,1.1,1.0,0.9,1.3414,1.9181000000000001,11.0,1.1,0.9,1.3,1.29348,1.39368,0.2,0.4,1.3504999999999998,1.6497,0.8,1.2,1.31242,1.6584600000000003,20.947916666666668,20.947916666666668,0,0,16.0,4.0,1.032258064516129,1.7419354838709677,32.0,54.0,0.7034412955465587,0.6330971659919028,0.6330971659919028,0.9144736842105263,3.0,0.3333333333333333,0.0,3.3333333333333335,1,1,0.8505,1.363,1.0,D
b828ab16-7f71-4f4f-a416-141c09f82dee,c9aed212-133b-401f-bb10-314b49caa0f3,2025,32,32,2026-04-12T13:00:00+00:00,74bd08fa-27db-4bb0-8490-f57f6ed6b8e9,c4045d6d-a715-4821-a800-cd9b505ad54b,Crystal Palace FC,Newcastle United FC,68,69,38,38,1.0,1.0,7.0,1.4,1.4,1.2,1.3976600000000001,1.42934,6.0,1.2,1.4,1.6,1.17858,2.16624,12.0,1.2,1.1,1.2,1.44594,1.5876199999999998,10.0,1.0,1.2,1.8,1.4736699999999998,1.8981999999999999,0.8,1.2,1.68628,1.73256,1.0,1.4,1.0215999999999998,1.8261600000000002,27.958333333333332,21.041666666666668,0,0,14.0,13.0,1.3,1.3548387096774193,39.0,42.0,0.7741152679474217,0.844489383215369,0.844489383215369,1.2667340748230538,3.0,0.0,0.3333333333333333,3.0,2,1,3.1393,1.273,1.0,H
b7397495-476e-4f62-8f40-25187c80c07f,9a4a65b4-a6fe-4c2e-9aa4-1e3e99175299,2025,32,32,2026-04-12T15:30:00+00:00,1cb320b2-b42f-4131-8f5f-ef42e7f82540,33d2f100-682f-4a5e-9aa3-5cc57e1e8571,Chelsea FC,Manchester City FC,69,68,38,38,1.0,1.0,4.0,0.8,1.2,1.6,2.0666599999999997,1.25498,11.0,2.2,1.8,0.8,2.21064,0.9328799999999999,17.0,1.7,1.9,1.4,2.468,1.42971,19.0,1.9,1.6,1.0,1.9915500000000002,1.2375399999999999,1.6,1.2,2.34722,1.30714,1.2,1.2,1.85216,1.54078,21.916666666666668,28.8125,0,0,6.0,2.0,1.5483870967741935,2.033333333333333,48.0,61.0,1.3370015143866734,0.9851590106007067,1.1258960121150934,0.7036850075719333,3.0,0.0,0.3333333333333333,2.6666666666666665,0,3,1.2211,2.4084,1.0,A
b06c14f2-3349-41ce-98d3-abc0390da1e7,11ea0d5f-e559-4ecd-bbb9-a1c9a95f8479,2025,32,32,2026-04-13T19:00:00+00:00,48fc005c-cbfc-4e4d-b7f1-459dce6cf940,fe8b4d06-9254-4fc8-a08f-90f242e51751,Manchester United FC,Leeds United FC,69,31,38,0,1.0,0.0,10.0,2.0,1.8,1.2,1.8060800000000001,1.17786,3.0,0.6,0.2,0.6,1.01958,1.0788,23.0,2.3,2.0,1.1,1.74893,1.13213,11.0,1.1,0.8,1.1,1.37935,1.49596,2.4,0.8,2.2213000000000003,0.8591599999999999,1.4,1.6,1.5467,1.66326,23.958333333333332,22.958333333333332,0,0,3.0,15.0,1.7741935483870968,1.064516129032258,55.0,33.0,1.407258064516129,0.773991935483871,0.5629032258064516,0.773991935483871,1.0,0.0,1.0,2.0,1,2,1.3656,2.9512,1.0,A
fadf8067-6e5d-42c9-9793-ffa206f7ef5a,e2e90331-c126-4cef-9960-e7c34a67deac,2025,33,33,2026-04-18T11:30:00+00:00,66a313d1-2e21-49ad-a1c7-6f04cae6be69,b552a1a6-4302-43ca-884c-0f91ac4f984b,Brentford FC,Fulham FC,70,70,38,38,1.0,1.0,7.0,1.4,1.6,1.4,1.6962199999999998,1.3859,7.0,1.4,1.0,1.0,1.75748,1.4418,14.0,1.4,1.3,1.4,1.5952,1.595,13.0,1.3,1.3,1.5,1.70609,1.6324999999999998,1.0,1.8,2.11308,1.3833,1.0,1.8,1.4587999999999999,1.6235399999999998,6.895833333333333,6.791666666666667,1,1,7.0,12.0,1.46875,1.375,47.0,44.0,0.9146451937594363,0.985002516356316,0.9146451937594363,1.0553598389531957,3.0,0.0,0.0,4.0,0,0,2.3355,0.7907,1.0,D
416a2ad0-1a21-4f7b-888e-c29ca044ff5e,7087af2e-9ac8-4108-a30b-a3a544c08e83,2025,33,33,2026-04-18T14:00:00+00:00,fe8b4d06-9254-4fc8-a08f-90f242e51751,fbffa344-2426-4b4b-9886-b8cd56ec69a1,Leeds United FC,Wolverhampton Wanderers FC,32,70,0,38,0.0,1.0,5.0,1.0,0.4,0.6,1.3541,1.10104,7.0,1.4,1.2,1.6,1.23872,2.1723,11.0,1.1,0.9,1.2,1.45757,1.60664,9.0,0.9,0.9,1.7,1.05336,2.2982,0.6,1.4,1.24884,1.7639,0.4,1.8,0.99992,2.42646,4.791666666666667,7.791666666666667,1,1,15.0,20.0,1.125,0.53125,36.0,17.0,0.634121791645697,0.8454957221942627,0.634121791645697,1.1977856064418722,1.0,1.0,0.0,4.0,3,0,3.558,0.5686,1.0,H
8fbc28f7-6aa6-47de-a727-6fc5b5131ce4,cc59ac7b-b04f-423e-82a9-c8028fe2b372,2025,33,33,2026-04-18T14:00:00+00:00,c4045d6d-a715-4821-a800-cd9b505ad54b,6601a105-9986-4276-89bf-143cdf03198a,Newcastle United FC,AFC Bournemouth,70,70,38,38,1.0,1.0,6.0,1.2,1.4,1.6,1.33158,2.3487999999999998,7.0,1.4,1.0,0.8,1.9346,1.66768,9.0,0.9,1.3,2.0,1.51964,2.1731100000000003,18.0,1.8,1.3,0.8,1.83402,1.67009,1.4,2.2,1.92574,1.97024,1.2,0.4,1.45808,2.3238399999999997,6.041666666666667,7.104166666666667,1,1,14.0,11.0,1.3125,1.40625,42.0,45.0,0.9158793969849247,1.4090452261306532,0.9158793969849247,0.5636180904522613,3.0,0.0,0.6666666666666666,2.3333333333333335,1,2,1.6117,3.3666,1.0,A
1729a44b-8c97-4e98-a07e-082310efdfe3,54b86d72-ebcf-4490-b8b2-dc46c41aa958,2025,33,33,2026-04-18T16:30:00+00:00,c23d6b7a-dfaf-44a3-b016-1feb2dddec44,db14882b-951f-4db5-860b-4ca2b8583311,Tottenham Hotspur FC,Brighton & Hove Albion FC,70,70,38,38,1.0,1.0,1.0,0.2,0.6,2.0,1.20792,1.77132,12.0,2.4,1.4,0.6,1.55,0.75466,3.0,0.3,0.9,2.2,1.27939,2.0394200000000002,16.0,1.6,1.1,0.8,1.3715899999999999,0.9381700000000001,1.0,2.8,1.29702,2.2564599999999997,1.2,0.6,1.19998,0.9739599999999999,6.145833333333333,7.104166666666667,1,1,18.0,10.0,0.9375,1.4375,30.0,46.0,0.6340190667335676,1.5498243853487208,0.7749121926743604,0.5635725037631711,3.0,0.0,0.3333333333333333,4.666666666666667,2,2,1.5605,1.1373,1.0,D
0964c53a-427c-4480-ae0a-3eb7bff1a59d,98b6eb50-ebfe-4a2f-b90e-be270eb04941,2025,33,33,2026-04-18T19:00:00+00:00,1cb320b2-b42f-4131-8f5f-ef42e7f82540,48fc005c-cbfc-4e4d-b7f1-459dce6cf940,Chelsea FC,Manchester United FC,70,70,38,38,1.0,1.0,3.0,0.6,1.0,2.0,1.80782,1.53414,7.0,1.4,1.8,1.6,1.78826,1.65592,14.0,1.4,1.7,1.7,2.4278500000000003,1.5230299999999999,20.0,2.0,1.9,1.3,1.57821,1.38855,1.2,1.8,2.26692,1.4937799999999999,1.6,1.4,1.2765600000000001,1.4051,6.145833333333333,5.0,1,1,6.0,3.0,1.5,1.71875,48.0,55.0,1.196895343014522,1.196895343014522,1.3377065598397597,0.9152729093640461,3.0,0.3333333333333333,0.3333333333333333,2.0,0,1,1.2811,0.436,1.0,A
c5eaa492-a921-48b3-8e3f-ed6d17cb9a12,bd281a97-6b66-4517-885e-5fed37f6d4bc,2025,33,33,2026-04-19T13:00:00+00:00,f8f456e7-3e20-4803-ba4e-b1762a31812c,076f94c9-341e-4294-a86a-076741505170,Aston Villa FC,Sunderland AFC,70,32,38,0,1.0,0.0,4.0,0.8,1.0,2.0,1.4881600000000001,1.63706,10.0,2.0,1.0,0.6,1.40486,1.22478,12.0,1.2,1.0,1.3,1.33924,1.40414,13.0,1.3,1.0,1.3,1.2506499999999998,1.4879799999999999,1.0,1.2,1.5074999999999998,1.24474,1.0,1.6,1.14608,1.4720799999999998,7.0,7.0,1,1,4.0,11.0,1.71875,1.4375,55.0,46.0,0.7047047047047047,0.9161161161161162,0.7047047047047047,0.9161161161161162,1.0,0.0,1.0,2.0,4,3,3.9022,1.5601,1.0,H
2c4fc0bf-af6f-4330-a7fe-df4a544df347,f6152697-a01c-44a0-82e5-66ec5d4fe1ce,2025,33,33,2026-04-19T13:00:00+00:00,5421e81a-b7dd-48b1-9982-42644e8dcf9f,2d3435a0-e4e8-4097-a60c-2a0f92c3fede,Nottingham Forest FC,Burnley FC,70,32,38,0,1.0,0.0,6.0,1.2,1.4,1.0,1.0565200000000001,1.5687200000000001,1.0,0.2,0.8,2.2,1.20012,2.1061,11.0,1.1,1.1,1.0,1.3946,1.76808,6.0,0.6,1.0,2.1,1.12261,2.0773099999999998,0.4,0.6,1.4568999999999999,1.34966,1.0,2.2,0.9036199999999999,2.23446,7.0,7.958333333333333,1,1,16.0,19.0,1.03125,0.625,33.0,20.0,0.77356608478803,0.7032418952618454,0.7032418952618454,1.4768079800498755,1.0,0.0,1.0,2.0,4,1,1.4425,0.6014,1.0,H
7026e2b5-b9d2-47a9-8d70-2a328de68ffe,fe601bbd-3cfb-4128-b844-29d649cf5339,2025,33,33,2026-04-19T13:00:00+00:00,60cb8be0-9c1e-4019-8b60-fd9ac2aa9f2d,54ed0f97-ad19-421c-a5c2-9b9d3fcbc72d,Everton FC,Liverpool FC,70,70,38,38,1.0,1.0,10.0,2.0,2.0,1.2,1.55198,1.48082,7.0,1.4,2.0,1.4,1.70884,1.59878,15.0,1.5,1.5,1.2,1.47109,1.55771,16.0,1.6,1.9,1.3,1.9325700000000001,1.56363,1.4,0.8,1.27714,1.3314,1.2,1.4,1.90886,1.8017800000000002,7.958333333333333,7.854166666666667,1,1,10.0,5.0,1.46875,1.625,47.0,52.0,1.053731343283582,0.8429850746268656,1.3347263681592039,0.9132338308457711,3.0,0.0,0.3333333333333333,2.6666666666666665,1,2,1.4784,1.3833,1.0,A
f82e66c8-2c14-48ab-9fa3-e1b212b1cde4,e4f5a6a3-0dfb-44d5-80bb-f2390b16ebfb,2025,33,33,2026-04-19T15:30:00+00:00,33d2f100-682f-4a5e-9aa3-5cc57e1e8571,ead1bc2e-8799-410a-a809-66a274bbab2c,Manchester City FC,Arsenal FC,69,70,38,38,1.0,1.0,11.0,2.2,1.8,0.8,2.35688,0.96654,12.0,2.4,2.0,0.8,2.12398,1.04566,21.0,2.1,1.8,0.9,1.9364899999999998,1.22649,20.0,2.0,2.2,1.0,1.9576699999999998,0.84597,2.0,0.8,2.13094,0.9343,2.4,0.8,2.0341,0.69316,7.0,8.166666666666666,1,1,2.0,1.0,2.064516129032258,2.1875,64.0,70.0,1.264381520119225,0.6321907600596125,1.5453551912568306,0.7024341778440139,3.0,0.0,0.6666666666666666,4.0,2,1,2.6153,2.2896,1.0,H
a096e1e7-2dfe-4599-a7c7-4dd5316eae8d,430305a3-8871-4dd5-a143-8caa68a0ac0a,2025,33,33,2026-04-20T19:00:00+00:00,74bd08fa-27db-4bb0-8490-f57f6ed6b8e9,21ec0474-e758-4563-97a9-912aab00b4f5,Crystal Palace FC,West Ham United FC,69,70,38,38,1.0,1.0,10.0,2.0,1.4,0.8,1.6,1.54568,7.0,1.4,1.6,1.6,1.32798,1.54788,14.0,1.4,1.3,1.3,1.62736,1.5079,15.0,1.5,1.6,1.3,1.5326499999999998,1.42194,1.2,1.4,2.04912,1.5731199999999999,1.4,2.0,1.29106,1.9441000000000002,8.25,10.0,1,1,13.0,17.0,1.3548387096774193,1.0,42.0,32.0,0.9130952380952382,0.9130952380952382,1.1238095238095238,0.9130952380952382,3.0,0.6666666666666666,0.0,2.3333333333333335,0,0,0.7334,0.6224,1.0,D
c0810cff-3f19-4c13-a05b-9080cec84489,033cd6be-7256-4d18-9032-a6596892bb0d,2025,34,34,2026-04-21T19:00:00+00:00,db14882b-951f-4db5-860b-4ca2b8583311,1cb320b2-b42f-4131-8f5f-ef42e7f82540,Brighton & Hove Albion FC,Chelsea FC,71,71,38,38,1.0,1.0,10.0,2.0,1.4,0.8,1.5372400000000002,0.9006399999999999,3.0,0.6,0.8,1.8,1.7934999999999999,1.27814,17.0,1.7,1.2,0.8,1.29067,0.98098,11.0,1.1,1.4,1.7,2.24714,1.32484,1.0,1.0,1.5432000000000001,0.90238,2.2,1.6,2.58878,1.55228,3.1041666666666665,3.0,2,2,9.0,6.0,1.4242424242424243,1.4545454545454546,47.0,48.0,0.844047619047619,0.5626984126984127,0.9847222222222222,1.1957341269841268,3.0,0.6666666666666666,0.0,4.333333333333333,3,0,2.5178,0.2979,1.0,H
2e133bef-b827-441c-b109-38ef50fbe426,7dafd529-29d2-4839-b3d0-e218a975292d,2025,34,34,2026-04-22T19:00:00+00:00,6601a105-9986-4276-89bf-143cdf03198a,fe8b4d06-9254-4fc8-a08f-90f242e51751,AFC Bournemouth,Leeds United FC,71,33,38,0,1.0,0.0,9.0,1.8,1.2,0.8,2.24306,1.77424,8.0,1.6,1.0,0.4,1.79006,0.7211000000000001,18.0,1.8,1.2,0.7,1.83921,1.73753,13.0,1.3,1.1,1.1,1.64571,1.57451,1.4,1.2,2.2099599999999997,1.01634,1.2,1.0,1.6663000000000001,1.4493800000000001,4.208333333333333,4.208333333333333,2,2,9.0,15.0,1.4545454545454546,1.1818181818181819,48.0,39.0,0.8439821693907875,0.492322932144626,0.7736503219415553,0.7736503219415553,1.0,0.0,1.0,4.0,2,2,1.9136,1.216,1.0,D
76ab2653-fb43-4844-93ff-8fe68a7e104b,efd0bb6a-46c3-4695-88d0-94d7e62ee3fb,2025,34,34,2026-04-22T19:00:00+00:00,2d3435a0-e4e8-4097-a60c-2a0f92c3fede,33d2f100-682f-4a5e-9aa3-5cc57e1e8571,Burnley FC,Manchester City FC,33,70,0,38,0.0,1.0,1.0,0.2,0.4,2.2,1.15564,1.9054000000000002,11.0,2.2,1.8,0.8,2.43464,1.32286,5.0,0.5,0.9,2.3,1.02787,1.9624700000000002,24.0,2.4,2.0,0.8,2.15932,1.14817,1.0,2.0,1.3416000000000001,1.9201599999999999,1.8,0.8,2.25644,1.17044,3.25,3.1458333333333335,2,2,19.0,2.0,0.6060606060606061,2.09375,20.0,67.0,0.632624814631735,1.616707859614434,1.4058329214038556,0.5623331685615423,1.0,0.0,0.0,6.0,0,1,0.9738,3.4089,1.0,A
c0baf493-afa3-4be2-945e-31c157048ef8,0d0d4eb9-d7f2-45c1-b429-43ebce0547aa,2025,34,34,2026-04-24T19:00:00+00:00,076f94c9-341e-4294-a86a-076741505170,5421e81a-b7dd-48b1-9982-42644e8dcf9f,Sunderland AFC,Nottingham Forest FC,33,71,0,38,0.0,1.0,9.0,1.8,1.4,1.2,1.5010999999999999,1.64036,9.0,1.8,2.0,0.8,1.1789,1.44878,13.0,1.3,1.2,1.4,1.33528,1.6595199999999999,11.0,1.1,1.3,1.1,1.3998899999999999,1.6278099999999998,1.0,1.0,1.3552199999999999,1.50388,1.8,1.4,1.3323,2.1865,5.25,5.25,2,2,11.0,16.0,1.393939393939394,1.0909090909090908,46.0,36.0,0.8442687747035572,0.9849802371541501,0.9146245059288538,0.773913043478261,1.0,1.0,0.0,1.0,0,5,0.6143,1.5421,1.0,A
65cb8236-328a-4218-a7ad-eeaa3fe60abd,088d05f0-f15f-4d03-bfac-b35be7a0601f,2025,34,34,2026-04-25T11:30:00+00:00,b552a1a6-4302-43ca-884c-0f91ac4f984b,f8f456e7-3e20-4803-ba4e-b1762a31812c,Fulham FC,Aston Villa FC,71,71,38,38,1.0,1.0,5.0,1.0,0.6,0.8,1.4514799999999999,1.71848,7.0,1.4,1.8,2.2,2.00594,1.64754,11.0,1.1,1.1,1.4,1.67192,1.6713999999999998,12.0,1.2,1.2,1.6,1.59732,1.3646699999999998,1.6,1.2,1.95338,1.64146,1.0,1.4,1.17098,1.5635400000000002,7.0,5.9375,2,2,12.0,4.0,1.3636363636363635,1.7575757575757576,45.0,58.0,0.7730901922129129,0.9839329719073434,0.843371118777723,1.124494825036964,3.0,0.0,0.0,3.0,1,0,1.2407,0.9062,1.0,H
89fefd76-83d5-42ce-b8d2-b308484007db,6cf7c939-ae5b-460a-8d72-a3331332c964,2025,34,34,2026-04-25T14:00:00+00:00,21ec0474-e758-4563-97a9-912aab00b4f5,60cb8be0-9c1e-4019-8b60-fd9ac2aa9f2d,West Ham United FC,Everton FC,71,71,38,38,1.0,1.0,8.0,1.6,1.2,0.6,1.18212,1.27468,7.0,1.4,1.6,1.2,1.3662,1.5337,13.0,1.3,1.3,1.2,1.37621,1.4239000000000002,14.0,1.4,1.5,1.3,1.52994,1.5283799999999998,1.8,0.6,1.77424,0.89978,1.6,1.6,1.66504,1.78402,4.791666666666667,6.041666666666667,1,2,17.0,11.0,1.0,1.4242424242424243,33.0,47.0,0.9144827586206896,0.8441379310344826,1.0551724137931033,0.9144827586206896,3.0,0.0,1.0,1.3333333333333333,2,1,1.8356,1.1144,1.0,H
d600159f-3ace-4313-9c89-741fdfa334cb,5431b391-b164-4fcc-9d2f-3df9decc4e45,2025,34,34,2026-04-25T14:00:00+00:00,54ed0f97-ad19-421c-a5c2-9b9d3fcbc72d,74bd08fa-27db-4bb0-8490-f57f6ed6b8e9,Liverpool FC,Crystal Palace FC,71,70,38,38,1.0,1.0,7.0,1.4,1.4,1.2,1.56562,1.62412,8.0,1.6,1.2,0.8,1.33956,1.33466,19.0,1.9,1.9,1.1,1.9771699999999999,1.3800000000000001,15.0,1.5,1.2,1.1,1.5855299999999999,1.38554,2.6,1.2,1.95628,1.32548,1.4,1.2,1.2056,1.44268,6.041666666666667,4.791666666666667,2,2,5.0,13.0,1.6666666666666667,1.34375,55.0,43.0,1.336448598130841,0.7737333989178554,0.8440727988194785,0.7737333989178554,3.0,0.3333333333333333,0.3333333333333333,2.0,3,1,1.4507,2.1991,1.0,H
9fe62a63-2dc9-44fc-a847-9ee8225cadf8,2a5ed2a3-54e7-48f2-8674-2890aad1b44a,2025,34,34,2026-04-25T14:00:00+00:00,fbffa344-2426-4b4b-9886-b8cd56ec69a1,c23d6b7a-dfaf-44a3-b016-1feb2dddec44,Wolverhampton Wanderers FC,Tottenham Hotspur FC,71,71,38,38,1.0,1.0,7.0,1.4,1.2,2.0,1.01694,2.47678,2.0,0.4,0.8,2.0,1.3296,1.53464,9.0,0.9,0.9,1.8,1.05595,2.54746,3.0,0.3,0.9,2.2,1.17635,1.9982700000000002,1.4,1.6,1.1068,2.16994,0.8,1.6,1.26176,1.82238,7.0,6.895833333333333,1,2,20.0,18.0,0.5151515151515151,0.9393939393939394,17.0,31.0,0.6326951399116347,1.2653902798232695,0.6326951399116347,1.5465881197839961,3.0,0.3333333333333333,0.6666666666666666,4.0,0,1,0.7627,1.064,1.0,A
74cc5db8-20f7-4400-ad0c-d1154b6829d9,31434234-0cba-46fe-87e3-6ad2d79929ba,2025,34,34,2026-04-25T16:30:00+00:00,ead1bc2e-8799-410a-a809-66a274bbab2c,c4045d6d-a715-4821-a800-cd9b505ad54b,Arsenal FC,Newcastle United FC,71,71,38,38,1.0,1.0,9.0,1.8,1.4,1.0,1.9184999999999999,1.49206,6.0,1.2,1.2,1.4,1.43014,2.54066,20.0,2.0,2.1,0.9,2.04422,1.0434100000000002,9.0,0.9,1.4,2.0,1.4853299999999998,2.37763,2.0,1.2,1.88124,0.99878,1.2,1.8,1.11354,2.3759799999999998,6.041666666666667,7.104166666666667,1,2,2.0,14.0,2.121212121212121,1.2727272727272727,70.0,42.0,1.4776251226692836,0.6332679097154073,0.9850834151128556,1.4072620215897937,3.0,0.6666666666666666,0.0,1.6666666666666667,1,0,0.6392,0.8689,1.0,H
7e4aa0d1-537f-417e-b338-0613e7179a77,bc8395c4-83c1-4d2d-b839-ddef3929940e,2025,34,34,2026-04-27T19:00:00+00:00,48fc005c-cbfc-4e4d-b7f1-459dce6cf940,66a313d1-2e21-49ad-a1c7-6f04cae6be69,Manchester United FC,Brentford FC,71,71,38,38,1.0,1.0,7.0,1.4,1.6,1.4,1.40624,1.8352,5.0,1.0,0.8,0.8,1.6741199999999998,1.37928,20.0,2.0,1.7,1.1,1.55772,1.37425,15.0,1.5,1.3,1.2,1.6283400000000001,1.53511,2.2,1.2,1.87986,1.372,1.6,1.0,1.07732,1.8067,9.0,9.3125,2,1,3.0,9.0,1.7575757575757576,1.4545454545454546,58.0,48.0,1.1972535556645414,0.7746934771947033,0.9155468366846493,0.8451201569396762,3.0,0.3333333333333333,0.0,4.666666666666667,2,1,1.8485,1.3038,1.0,H
fcba8282-c9a6-4880-8f9d-60c992b08538,5440db34-d0eb-43af-915d-13c99fdc626e,2025,35,35,2026-05-01T19:00:00+00:00,fe8b4d06-9254-4fc8-a08f-90f242e51751,2d3435a0-e4e8-4097-a60c-2a0f92c3fede,Leeds United FC,Burnley FC,34,34,0,0,0.0,0.0,9.0,1.8,1.4,0.6,1.85562,0.9350400000000001,1.0,0.2,0.4,2.0,1.19796,2.35548,14.0,1.4,1.3,0.9,1.7494399999999999,1.41144,5.0,0.5,0.9,2.1,1.11261,2.11471,1.2,0.6,1.9247,1.16876,1.2,2.4,0.9986200000000001,2.1456600000000003,9.0,9.0,2,2,15.0,19.0,1.1764705882352942,0.5882352941176471,40.0,20.0,0.9154750244857983,0.6337904015670911,0.6337904015670911,1.4788442703232128,1.0,0.0,0.0,2.0,3,1,2.0955,0.4346,1.0,H
c2f8afab-e26a-4d4e-98f1-ca20ab3cb046,d2fa22a0-7dfe-45a1-902a-3cbc5ae7a202,2025,35,35,2026-05-02T14:00:00+00:00,66a313d1-2e21-49ad-a1c7-6f04cae6be69,21ec0474-e758-4563-97a9-912aab00b4f5,Brentford FC,West Ham United FC,72,72,38,38,1.0,1.0,4.0,0.8,1.0,1.2,1.8002200000000002,1.28544,8.0,1.6,1.4,0.8,1.2501799999999998,1.37194,12.0,1.2,1.3,1.4,1.72723,1.50464,16.0,1.6,1.3,1.0,1.38718,1.26921,1.0,1.4,2.17936,1.2635200000000002,1.0,1.4,1.07036,1.5585200000000001,4.791666666666667,7.0,1,2,9.0,17.0,1.411764705882353,1.0588235294117647,48.0,36.0,0.9149560117302052,0.9853372434017594,0.9149560117302052,0.7038123167155425,3.0,0.6666666666666666,0.3333333333333333,1.6666666666666667,3,0,2.2737,0.7539,1.0,H
1d01a952-5443-4279-aefa-00812ef2758b,fddb46f8-a4f2-4497-9d91-5fa741e5f34e,2025,35,35,2026-05-02T14:00:00+00:00,c4045d6d-a715-4821-a800-cd9b505ad54b,db14882b-951f-4db5-860b-4ca2b8583311,Newcastle United FC,Brighton & Hove Albion FC,72,72,38,38,1.0,1.0,3.0,0.6,0.8,1.4,1.21064,2.30736,13.0,2.6,2.0,0.6,1.8569600000000002,0.8572599999999999,9.0,0.9,1.3,1.7,1.54379,2.13158,19.0,1.9,1.4,0.7,1.39962,0.88264,1.6,2.2,1.8571199999999997,2.37928,1.4,0.6,1.03814,1.05958,6.895833333333333,10.791666666666666,2,2,15.0,7.0,1.2352941176470589,1.4705882352941178,42.0,50.0,0.9148853099072718,1.1963884821864323,0.9852611029770619,0.49263055148853097,3.0,0.0,0.3333333333333333,2.0,3,1,3.1293,1.8711,1.0,H
fe7090da-0c3c-410c-849f-d5104d76f44b,d3f8344f-1c00-4d4f-a76c-e387fc5a4fa6,2025,35,35,2026-05-02T14:00:00+00:00,fbffa344-2426-4b4b-9886-b8cd56ec69a1,076f94c9-341e-4294-a86a-076741505170,Wolverhampton Wanderers FC,Sunderland AFC,72,34,38,0,1.0,0.0,4.0,0.8,0.8,2.2,0.8679399999999999,2.42692,6.0,1.2,1.2,2.2,1.45518,1.7711400000000002,9.0,0.9,0.9,1.7,0.92187,2.49474,10.0,1.0,0.9,1.9,1.2080600000000001,1.8010899999999999,1.4,1.4,0.83864,2.0645,1.4,1.8,1.31534,1.8151599999999999,7.0,7.791666666666667,2,2,20.0,12.0,0.5,1.3529411764705883,17.0,46.0,0.6330248416950804,1.1957135898684852,0.6330248416950804,1.3363857769118364,1.0,0.0,0.0,2.0,1,1,1.9613,0.924,1.0,D
68e1ba3d-e858-4387-86e4-9f92fc233e76,d8ff0198-4b17-49f8-a4b5-8bdc2fbefc4b,2025,35,35,2026-05-02T16:30:00+00:00,ead1bc2e-8799-410a-a809-66a274bbab2c,b552a1a6-4302-43ca-884c-0f91ac4f984b,Arsenal FC,Fulham FC,72,72,38,38,1.0,1.0,9.0,1.8,1.2,0.8,1.70314,1.3953,8.0,1.6,0.8,0.6,1.574,1.60066,20.0,2.0,1.8,0.9,1.7537099999999999,1.11243,14.0,1.4,1.0,1.1,1.6239899999999998,1.57766,1.8,0.6,1.72426,1.0443799999999999,0.6,1.2,1.27294,1.7219200000000001,7.0,7.208333333333333,2,1,1.0,10.0,2.1470588235294117,1.411764705882353,73.0,48.0,1.2665693430656935,0.6332846715328467,0.7036496350364964,0.774014598540146,3.0,0.6666666666666666,0.3333333333333333,2.0,3,0,4.0908,0.6967,1.0,H
35315f52-1e8e-4c47-be1d-2e533e19675e,2366a5f4-e0f5-4d14-bd71-0897521cf82d,2025,35,35,2026-05-03T13:00:00+00:00,6601a105-9986-4276-89bf-143cdf03198a,74bd08fa-27db-4bb0-8490-f57f6ed6b8e9,AFC Bournemouth,Crystal Palace FC,72,71,38,38,1.0,1.0,9.0,1.8,1.6,1.2,2.1622399999999997,1.88278,8.0,1.6,1.2,1.0,1.70244,1.15558,16.0,1.6,1.2,0.9,1.87145,1.64878,15.0,1.5,1.2,1.1,1.56365,1.22179,1.2,1.2,1.92974,1.0720800000000001,1.4,1.4,1.4150800000000001,1.36362,10.75,7.958333333333333,1,2,8.0,14.0,1.4411764705882353,1.303030303030303,49.0,43.0,0.8443148688046648,0.6332361516034986,0.8443148688046648,0.7739552964042761,3.0,0.0,1.0,2.0,3,0,2.2963,0.6783,1.0,H
ff9446ea-2585-4f2f-b03b-c4755ebd8c46,88f5a69f-77cb-4e65-8f64-f54d11ca5c4f,2025,35,35,2026-05-03T14:30:00+00:00,48fc005c-cbfc-4e4d-b7f1-459dce6cf940,54ed0f97-ad19-421c-a5c2-9b9d3fcbc72d,Manchester United FC,Liverpool FC,72,72,38,38,1.0,1.0,10.0,2.0,1.8,1.2,1.4148,1.7026800000000002,10.0,2.0,1.8,1.0,1.4213200000000001,1.93674,20.0,2.0,1.6,1.0,1.55821,1.33263,19.0,1.9,1.8,1.1,1.8122700000000003,1.57148,2.0,1.0,1.8808399999999998,1.2887600000000001,1.2,1.0,1.99806,1.43452,5.8125,8.020833333333334,1,1,3.0,4.0,1.7941176470588236,1.7058823529411764,61.0,58.0,1.1256671518680252,0.7035419699175158,1.2663755458515285,0.7738961669092674,3.0,0.3333333333333333,0.3333333333333333,3.3333333333333335,3,2,2.5561,1.0281,1.0,H
057ddf72-7354-4ce4-91a2-8cfcce237417,c2d402e3-b9e5-4c51-919e-76e1d6cd5004,2025,35,35,2026-05-03T18:00:00+00:00,f8f456e7-3e20-4803-ba4e-b1762a31812c,c23d6b7a-dfaf-44a3-b016-1feb2dddec44,Aston Villa FC,Tottenham Hotspur FC,72,72,38,38,1.0,1.0,7.0,1.4,1.6,1.6,1.97348,1.21792,5.0,1.0,0.8,1.4,1.28316,1.3041399999999999,12.0,1.2,1.2,1.6,1.47262,1.45725,5.0,0.5,0.8,2.0,1.13301,1.87093,1.8,1.6,1.8573,1.4937799999999999,0.6,1.2,0.95638,1.6651599999999998,8.270833333333334,8.166666666666666,1,1,5.0,18.0,1.7058823529411764,1.0,58.0,34.0,0.8433688286544045,1.1244917715392062,0.5622458857696031,1.4056147144240076,3.0,0.6666666666666666,0.0,3.3333333333333335,1,2,0.6095,1.1223,1.0,A
20b4f1b7-f6d5-40a8-b4ca-3fea981866e8,7e1a9adb-e9b4-4786-95c6-900d190482f0,2025,35,35,2026-05-04T14:00:00+00:00,1cb320b2-b42f-4131-8f5f-ef42e7f82540,5421e81a-b7dd-48b1-9982-42644e8dcf9f,Chelsea FC,Nottingham Forest FC,72,72,38,38,1.0,1.0,0.0,0.0,0.0,2.2,1.17532,1.568,11.0,2.2,2.6,0.4,1.24004,1.02632,8.0,0.8,1.1,1.8,2.0108,1.4040300000000001,13.0,1.3,1.7,1.0,1.4553699999999998,1.52444,0.6,1.6,1.99088,1.2358,2.4,1.4,1.3628,1.90854,12.791666666666666,9.791666666666666,1,1,9.0,16.0,1.411764705882353,1.1470588235294117,48.0,39.0,0.7730304494925085,1.2649589173513776,1.1946834219429676,0.7027549540840986,3.0,0.6666666666666666,0.3333333333333333,2.0,1,3,2.1713,2.3102,1.0,A
43133f64-50c5-4687-a8c4-f02ac629a8b5,836f4544-99ea-4bda-a980-6f94b7cddafa,2025,35,35,2026-05-04T19:00:00+00:00,60cb8be0-9c1e-4019-8b60-fd9ac2aa9f2d,33d2f100-682f-4a5e-9aa3-5cc57e1e8571,Everton FC,Manchester City FC,72,71,38,38,1.0,1.0,4.0,0.8,1.4,1.6,1.35738,1.7483799999999998,11.0,2.2,1.8,0.8,2.62276,1.24198,13.0,1.3,1.5,1.4,1.51325,1.5691099999999998,24.0,2.4,1.9,0.8,2.3936699999999997,1.1912800000000001,1.4,1.0,1.3948399999999999,1.27274,1.6,0.4,2.5309999999999997,1.06572,9.208333333333334,12.0,1,1,11.0,2.0,1.3823529411764706,2.121212121212121,47.0,70.0,1.053545586107091,0.9833092136999516,1.3344910757356487,0.5618909792571153,3.0,0.0,0.3333333333333333,2.0,3,3,1.6856,1.4171,1.0,D
2bd4f812-c9b9-4e36-9439-00653cf94cac,3c8ecf6d-4977-4e2c-acf8-e6f948a5a1dc,2025,36,36,2026-05-09T11:30:00+00:00,54ed0f97-ad19-421c-a5c2-9b9d3fcbc72d,1cb320b2-b42f-4131-8f5f-ef42e7f82540,Liverpool FC,Chelsea FC,73,73,38,38,1.0,1.0,9.0,1.8,2.0,1.4,1.3667799999999999,2.2166799999999998,0.0,0.0,0.2,2.6,1.26456,1.82354,19.0,1.9,1.9,1.2,1.78843,1.58561,5.0,0.5,0.9,2.0,1.85165,1.5236800000000001,2.4,1.2,1.6264800000000001,1.70844,1.6,2.0,2.0307199999999996,1.57226,5.875,4.895833333333333,2,1,4.0,9.0,1.6571428571428573,1.3714285714285714,58.0,48.0,1.3324675324675326,0.8415584415584416,0.6311688311688313,1.4025974025974026,3.0,0.3333333333333333,0.0,3.3333333333333335,1,1,0.6232,0.5972,1.0,D
16d3f76e-eb8d-4406-af2f-4606ae91ee2c,38d52287-8e62-48ee-831c-96514e1023d7,2025,36,36,2026-05-09T14:00:00+00:00,076f94c9-341e-4294-a86a-076741505170,48fc005c-cbfc-4e4d-b7f1-459dce6cf940,Sunderland AFC,Manchester United FC,35,73,0,38,0.0,1.0,7.0,1.4,1.4,2.2,1.50816,1.9377400000000002,10.0,2.0,1.8,1.4,1.5903800000000001,1.66616,11.0,1.1,1.0,1.7,1.2577399999999999,1.8778200000000003,20.0,2.0,1.7,1.2,1.59724,1.3760999999999999,0.4,2.0,1.1007799999999999,1.78702,1.2,1.0,1.2355800000000001,1.3765,7.0,5.979166666666667,1,2,12.0,3.0,1.3428571428571427,1.8285714285714285,47.0,64.0,0.7015857760691975,1.1926958193176358,1.1926958193176358,0.841902931283037,1.0,0.0,0.0,2.0,0,0,1.2376,0.536,1.0,D
9469d3e9-1224-4946-8151-b9b74b2eeb91,0c339952-4a31-4072-85f5-30418a7e61f0,2025,36,36,2026-05-09T14:00:00+00:00,db14882b-951f-4db5-860b-4ca2b8583311,fbffa344-2426-4b4b-9886-b8cd56ec69a1,Brighton & Hove Albion FC,Wolverhampton Wanderers FC,73,73,38,38,1.0,1.0,10.0,2.0,2.0,1.2,2.0055199999999997,1.3513,2.0,0.4,0.6,2.2,1.133,2.17728,19.0,1.9,1.5,0.9,1.51295,1.10273,10.0,1.0,0.9,1.5,1.00663,2.21086,1.4,0.8,1.7611,0.7057,0.4,2.0,1.0051,2.92498,7.0,7.0,1,2,8.0,20.0,1.4285714285714286,0.5142857142857142,50.0,18.0,1.0538202787121578,0.6322921672272946,0.6322921672272946,1.0538202787121578,3.0,0.3333333333333333,0.6666666666666666,2.6666666666666665,3,0,2.2243,0.5156,1.0,H
fb054063-e2ab-4ef6-ad31-3ff97cd037af,14d1869a-31f0-4b71-bc66-689e1f723665,2025,36,36,2026-05-09T14:00:00+00:00,b552a1a6-4302-43ca-884c-0f91ac4f984b,6601a105-9986-4276-89bf-143cdf03198a,Fulham FC,AFC Bournemouth,73,73,38,38,1.0,1.0,7.0,1.4,0.8,1.2,1.52654,2.25462,11.0,2.2,2.2,1.2,2.1475400000000002,1.68304,14.0,1.4,0.9,1.2,1.4735299999999998,1.7979600000000002,18.0,1.8,1.4,0.8,1.91843,1.65196,1.4,1.0,1.97504,1.4334,1.2,0.6,1.8131599999999999,2.22548,6.895833333333333,6.041666666666667,1,1,11.0,7.0,1.3714285714285714,1.4857142857142858,48.0,52.0,0.6322456813819578,0.8429942418426104,0.9834932821497121,0.561996161228407,3.0,0.0,0.3333333333333333,3.0,0,1,1.2433,0.998,1.0,A
9ff2abc5-3ec8-4b32-aa16-6f0511a54839,3877a1e9-0c41-445b-bad9-fa03717decaa,2025,36,36,2026-05-09T16:30:00+00:00,33d2f100-682f-4a5e-9aa3-5cc57e1e8571,66a313d1-2e21-49ad-a1c7-6f04cae6be69,Manchester City FC,Brentford FC,72,73,38,38,1.0,1.0,11.0,2.2,2.0,1.0,2.3608599999999997,1.33182,6.0,1.2,1.2,0.8,1.6956399999999998,1.07614,24.0,2.4,2.0,0.9,2.3317699999999997,1.2101000000000002,12.0,1.2,1.3,1.2,1.7895800000000002,1.2478799999999999,2.2,0.8,2.0622,1.1259000000000001,1.6,1.4,1.2751000000000001,1.74576,4.895833333333333,7.104166666666667,1,2,2.0,8.0,2.088235294117647,1.457142857142857,71.0,51.0,1.4062350119904077,0.6328057553956835,0.914052757793765,0.8437410071942446,3.0,0.6666666666666666,0.3333333333333333,2.6666666666666665,3,0,4.3743,0.67,1.0,H
5e94dc84-0fc3-43ac-953f-aa16fb7c0042,9a3fa5af-5c6b-432c-be50-960ccd07bade,2025,36,36,2026-05-10T13:00:00+00:00,2d3435a0-e4e8-4097-a60c-2a0f92c3fede,f8f456e7-3e20-4803-ba4e-b1762a31812c,Burnley FC,Aston Villa FC,35,73,0,38,0.0,1.0,0.0,0.0,0.6,2.6,0.94948,2.30062,7.0,1.4,1.6,1.4,1.85324,1.1067399999999998,5.0,0.5,1.0,2.2,0.97143,2.21203,11.0,1.1,1.2,1.7,1.46892,1.38683,0.6,1.8,1.2266,2.0837600000000003,0.6,1.6,1.0879400000000001,1.42072,8.75,6.791666666666667,1,1,19.0,5.0,0.5714285714285714,1.6571428571428573,20.0,58.0,0.7030651340996169,1.5467432950191573,0.8436781609195403,1.1952107279693487,1.0,0.0,0.0,3.0,2,2,1.7123,1.7549,1.0,D
470c6661-c817-46cd-b283-0feb776e81ee,adce48a3-61aa-42cd-aed4-c47933f18980,2025,36,36,2026-05-10T13:00:00+00:00,74bd08fa-27db-4bb0-8490-f57f6ed6b8e9,60cb8be0-9c1e-4019-8b60-fd9ac2aa9f2d,Crystal Palace FC,Everton FC,72,73,38,38,1.0,1.0,5.0,1.0,0.6,1.4,1.45506,1.3556,5.0,1.0,2.0,1.8,1.4588,1.6500799999999998,14.0,1.4,1.1,1.3,1.46668,1.35269,11.0,1.1,1.6,1.6,1.49303,1.49069,1.0,0.8,1.7122199999999999,1.07996,1.6,1.8,1.63166,1.8654799999999998,7.0,5.75,1,1,15.0,10.0,1.2647058823529411,1.3714285714285714,43.0,48.0,0.7729445506692162,0.9134799235181645,1.1242829827915872,1.1242829827915872,3.0,0.0,0.0,3.0,2,2,3.2883,2.1027,1.0,D
103c2bbd-f877-4f04-896d-66f0265d761d,17b1e3d1-2ef2-4503-ac82-a44d736c0c6d,2025,36,36,2026-05-10T13:00:00+00:00,5421e81a-b7dd-48b1-9982-42644e8dcf9f,c4045d6d-a715-4821-a800-cd9b505ad54b,Nottingham Forest FC,Newcastle United FC,73,73,38,38,1.0,1.0,13.0,2.6,3.2,0.6,1.53788,1.27378,3.0,0.6,1.2,1.6,1.6300000000000001,2.33656,16.0,1.6,1.9,0.8,1.5203099999999998,1.4033900000000001,12.0,1.2,1.4,1.5,1.52457,2.15367,1.0,0.6,1.54794,1.14034,1.0,1.2,1.23046,1.88388,5.958333333333333,7.958333333333333,1,1,16.0,13.0,1.2,1.2857142857142858,42.0,45.0,1.3343511450381678,0.5618320610687023,0.9832061068702289,1.0534351145038168,3.0,0.0,0.0,4.333333333333333,1,1,1.4643,1.6507,1.0,D
6366df11-5a26-41f5-b910-d937ee97f0a1,603882f6-25c8-47dd-9522-f0f0bc294058,2025,36,36,2026-05-10T15:30:00+00:00,21ec0474-e758-4563-97a9-912aab00b4f5,ead1bc2e-8799-410a-a809-66a274bbab2c,West Ham United FC,Arsenal FC,73,73,38,38,1.0,1.0,7.0,1.4,1.2,1.2,1.3031599999999999,1.43576,9.0,1.8,1.6,0.8,2.4183399999999997,1.3508,13.0,1.3,1.1,1.3,1.3503399999999999,1.31194,20.0,2.0,1.8,0.9,2.04339,1.13938,1.6,0.6,1.704,0.9799,1.8,1.2,1.78316,1.18048,8.0625,7.958333333333333,1,1,18.0,1.0,1.0285714285714285,2.1714285714285713,36.0,76.0,0.7728312678741659,0.9133460438512869,1.2646329837940895,0.6323164918970448,3.0,0.3333333333333333,0.0,3.3333333333333335,0,1,1.3201,1.4295,1.0,A
e47c1c5c-fa2c-4847-8141-d8f0a7097fac,66b3cbf1-cec4-466b-b1bc-c4f8d515db8c,2025,36,36,2026-05-11T19:00:00+00:00,c23d6b7a-dfaf-44a3-b016-1feb2dddec44,fe8b4d06-9254-4fc8-a08f-90f242e51751,Tottenham Hotspur FC,Leeds United FC,73,35,38,0,1.0,0.0,7.0,1.4,1.0,1.4,1.27634,1.16588,11.0,2.2,2.0,0.8,2.0476,0.91692,8.0,0.8,1.0,1.9,1.1859,1.7152999999999998,14.0,1.4,1.3,0.9,1.6208099999999999,1.2888199999999999,1.0,2.8,1.30964,2.0766999999999998,1.4,1.2,1.57418,1.65412,8.041666666666666,10.0,1,1,17.0,16.0,1.0571428571428572,1.2285714285714286,37.0,43.0,0.7031919961886612,1.3360647927584564,0.9141495950452596,0.6328727965697951,1.0,1.0,0.0,3.0,1,1,1.4904,1.8698,1.0,D
331fbf20-4897-4687-971b-02e0d1fc2c92,a3f601d1-3304-4db1-9b5d-471bddd7b9bb,2025,31,31,2026-05-13T19:00:00+00:00,33d2f100-682f-4a5e-9aa3-5cc57e1e8571,74bd08fa-27db-4bb0-8490-f57f6ed6b8e9,Manchester City FC,Crystal Palace FC,73,73,38,38,1.0,1.0,13.0,2.6,2.4,0.8,2.8448,1.36802,5.0,1.0,1.0,1.8,2.0076799999999997,1.54902,24.0,2.4,2.1,0.8,2.52772,1.15045,12.0,1.2,1.2,1.5,1.7026700000000001,1.48918,2.4,0.8,2.72398,1.15136,1.2,1.8,1.22114,1.62542,4.104166666666667,3.25,2,2,2.0,15.0,2.1142857142857143,1.2571428571428571,74.0,44.0,1.4772965254640646,0.5627796287482152,0.8441694431223227,1.0552118039029033,3.0,0.6666666666666666,0.3333333333333333,4.666666666666667,3,0,1.9568,0.4289,1.0,H
2e654a36-3141-49af-be41-4c4a994d460d,4ae76f8f-38a1-44de-b4ce-4253de169df5,2025,37,37,2026-05-15T19:00:00+00:00,f8f456e7-3e20-4803-ba4e-b1762a31812c,54ed0f97-ad19-421c-a5c2-9b9d3fcbc72d,Aston Villa FC,Liverpool FC,74,74,38,38,1.0,1.0,5.0,1.0,1.6,1.8,1.70716,1.29718,10.0,2.0,2.0,1.2,1.30006,1.6502,9.0,0.9,1.3,1.9,1.5868,1.50993,17.0,1.7,1.9,1.3,1.54258,1.57595,1.8,2.0,1.8639800000000002,1.62198,1.4,1.6,1.58734,1.80698,5.25,6.3125,2,2,5.0,4.0,1.6388888888888888,1.6388888888888888,59.0,59.0,0.914448669201521,1.3365019011406845,1.3365019011406845,0.914448669201521,3.0,0.0,0.3333333333333333,2.6666666666666665,4,2,2.5252,1.5503,1.0,H
296e8154-bf6c-413d-9e15-53681648bf31,931a9cec-f22a-4b8f-a8b3-1bd076e6db8f,2025,37,37,2026-05-17T11:30:00+00:00,48fc005c-cbfc-4e4d-b7f1-459dce6cf940,5421e81a-b7dd-48b1-9982-42644e8dcf9f,Manchester United FC,Nottingham Forest FC,74,74,38,38,1.0,1.0,10.0,2.0,1.4,1.0,1.3484399999999999,1.56036,11.0,2.2,2.8,0.8,1.5219200000000002,1.28014,20.0,2.0,1.6,1.1,1.57726,1.36911,16.0,1.6,2.0,0.9,1.29765,1.52776,2.2,1.4,1.9588999999999999,1.3757,2.8,1.0,1.49268,1.6664400000000001,7.895833333333333,6.9375,2,2,3.0,16.0,1.8055555555555556,1.1944444444444444,65.0,43.0,1.123791469194313,0.7726066350710901,1.404739336492891,0.632132701421801,3.0,0.0,0.3333333333333333,3.3333333333333335,3,2,4.2853,1.8442,1.0,H
3d0a4933-24a8-453f-9816-522ae99ea508,d2a23ddc-bdcb-4c30-9059-b3fe19b20fc7,2025,37,37,2026-05-17T14:00:00+00:00,fbffa344-2426-4b4b-9886-b8cd56ec69a1,b552a1a6-4302-43ca-884c-0f91ac4f984b,Wolverhampton Wanderers FC,Fulham FC,74,74,38,38,1.0,1.0,1.0,0.2,0.2,2.4,0.87604,2.06282,4.0,0.8,0.2,1.2,1.07832,2.0690999999999997,9.0,0.9,0.9,1.8,1.01749,2.0642,14.0,1.4,0.9,1.0,1.4925799999999998,1.73004,1.4,1.0,1.00816,1.4967400000000002,0.6,1.2,1.20172,2.20464,8.0,8.0,1,1,20.0,11.0,0.5,1.3333333333333333,18.0,48.0,0.6314893617021277,1.2629787234042553,0.6314893617021277,0.7016548463356974,3.0,0.3333333333333333,0.0,3.6666666666666665,1,1,1.4973,1.4841,1.0,D
03052db8-bfc9-44c3-b0af-78da3843aa08,1269b600-2220-43e1-b023-02e9327184c3,2025,37,37,2026-05-17T14:00:00+00:00,66a313d1-2e21-49ad-a1c7-6f04cae6be69,74bd08fa-27db-4bb0-8490-f57f6ed6b8e9,Brentford FC,Crystal Palace FC,74,74,38,38,1.0,1.0,5.0,1.0,1.2,1.4,1.7692,1.86754,2.0,0.4,0.6,2.2,1.4656,1.68578,11.0,1.1,1.2,1.4,1.67543,1.60689,12.0,1.2,1.0,1.5,1.5328,1.6157299999999999,1.4,1.2,2.2718,1.25746,1.0,2.4,1.12124,1.8692199999999999,7.895833333333333,3.7916666666666665,1,2,8.0,15.0,1.4166666666666667,1.2222222222222223,51.0,44.0,0.8423240434577232,0.9827113840340103,0.701936702881436,1.0529050543221539,3.0,0.6666666666666666,0.0,2.6666666666666665,2,2,1.5456,1.8227,1.0,D
b5ddfa80-6dd8-4232-84d4-78f9383d54c6,c47fc0bc-2e4c-4415-9897-4a1cf6d5b52c,2025,37,37,2026-05-17T14:00:00+00:00,60cb8be0-9c1e-4019-8b60-fd9ac2aa9f2d,076f94c9-341e-4294-a86a-076741505170,Everton FC,Sunderland AFC,74,36,38,0,1.0,0.0,3.0,0.6,1.8,2.2,1.59028,2.0374600000000003,5.0,1.0,1.0,2.0,1.2223600000000001,1.7915199999999998,12.0,1.2,1.7,1.6,1.47019,1.6783100000000002,12.0,1.2,1.0,1.6,1.31212,1.62325,1.8,1.2,1.2657399999999999,1.27374,1.6,1.4,1.4147,1.96862,7.041666666666667,8.0,2,1,10.0,12.0,1.3611111111111112,1.3333333333333333,49.0,48.0,1.1926449787835927,1.1224893917963226,0.7015558698727016,1.1224893917963226,1.0,0.0,1.0,2.0,1,3,1.3218,1.2838,1.0,A
780e3219-6863-42fc-88f2-663c2ff5ad93,c395e906-1ab2-4d4a-8db6-bfa5fcc9f439,2025,37,37,2026-05-17T14:00:00+00:00,fe8b4d06-9254-4fc8-a08f-90f242e51751,db14882b-951f-4db5-860b-4ca2b8583311,Leeds United FC,Brighton & Hove Albion FC,36,74,0,38,0.0,1.0,11.0,2.2,2.2,1.0,2.3381,1.15456,10.0,2.0,2.2,1.0,1.7644600000000001,1.26306,14.0,1.4,1.2,0.8,1.6788399999999999,1.1166800000000001,22.0,2.2,1.8,0.8,1.68725,1.09668,1.2,0.6,1.6674399999999998,0.9235200000000001,1.6,1.0,1.3161,1.5702200000000002,5.791666666666667,8.0,1,1,15.0,7.0,1.2222222222222223,1.4722222222222223,44.0,53.0,0.8414117647058823,0.5609411764705883,1.2621176470588236,0.5609411764705883,1.0,0.0,0.0,3.0,1,0,0.7478,2.2324,1.0,H
64971d1c-aaf0-4b2f-b2dd-df7b6ccd8e4c,13fb04f0-1a77-441e-9e95-44baef1f0aff,2025,37,37,2026-05-17T16:30:00+00:00,c4045d6d-a715-4821-a800-cd9b505ad54b,21ec0474-e758-4563-97a9-912aab00b4f5,Newcastle United FC,West Ham United FC,74,74,38,38,1.0,1.0,4.0,0.8,1.2,1.4,1.70672,2.0961,7.0,1.4,1.2,1.0,1.41516,1.2246000000000001,10.0,1.0,1.3,1.5,1.44265,2.13117,12.0,1.2,1.0,1.3,1.3516,1.38131,1.8,1.8,1.8186799999999999,2.42346,0.6,2.0,0.9966799999999999,1.6439800000000002,7.145833333333333,7.041666666666667,1,1,14.0,18.0,1.2777777777777777,1.0,46.0,36.0,0.9123236124176859,1.052681091251176,0.7017873941674506,0.9123236124176859,3.0,0.3333333333333333,0.0,2.3333333333333335,3,1,2.1336,0.9578,1.0,H
db51190f-1178-4e58-acdf-248558c7aa97,438f7602-6f01-45ac-9091-814562dd0c82,2025,37,37,2026-05-18T19:00:00+00:00,ead1bc2e-8799-410a-a809-66a274bbab2c,2d3435a0-e4e8-4097-a60c-2a0f92c3fede,Arsenal FC,Burnley FC,74,36,38,0,1.0,0.0,9.0,1.8,1.4,0.8,2.32252,1.37912,1.0,0.2,0.8,2.4,0.9068200000000001,1.95472,22.0,2.2,1.8,0.8,2.10792,1.09024,3.0,0.3,0.9,2.2,1.07353,2.17476,1.8,0.6,2.30362,1.0982800000000001,0.8,2.6,0.9472799999999999,2.13924,8.145833333333334,8.25,1,1,1.0,19.0,2.1944444444444446,0.5833333333333334,79.0,21.0,1.2625352112676056,0.5611267605633803,0.6312676056338028,1.5430985915492959,1.0,1.0,0.0,2.0,1,0,1.227,0.1949,1.0,H
6e46f246-d583-4869-a583-74c36ebb2513,9f0b3438-7bfe-496f-bdf6-8548042ec351,2025,37,37,2026-05-19T18:30:00+00:00,6601a105-9986-4276-89bf-143cdf03198a,33d2f100-682f-4a5e-9aa3-5cc57e1e8571,AFC Bournemouth,Manchester City FC,74,74,38,38,1.0,1.0,13.0,2.6,2.0,0.8,1.9938200000000001,1.58256,13.0,2.6,2.4,0.8,2.75448,1.20958,18.0,1.8,1.3,0.7,1.87702,1.54318,24.0,2.4,2.1,0.8,2.5556799999999997,1.08806,1.6,1.0,2.0237,1.07844,1.8,0.8,2.33146,1.14954,10.1875,5.979166666666667,1,2,6.0,2.0,1.5277777777777777,2.138888888888889,55.0,77.0,0.9126231816048803,0.4914124824026278,1.4742374472078836,0.5616142656030033,3.0,0.3333333333333333,0.0,3.6666666666666665,1,1,1.7149,1.2692,1.0,D
f7401510-4bd0-4d46-b693-065a9f6004a1,fee65945-8312-4c94-b3d2-9604f67157d2,2025,37,37,2026-05-19T19:15:00+00:00,1cb320b2-b42f-4131-8f5f-ef42e7f82540,c23d6b7a-dfaf-44a3-b016-1feb2dddec44,Chelsea FC,Tottenham Hotspur FC,74,74,38,38,1.0,1.0,1.0,0.2,0.4,2.2,1.11372,1.6591200000000002,8.0,1.6,1.2,1.0,1.25064,1.23102,5.0,0.5,0.8,1.9,1.59019,1.45705,9.0,0.9,1.0,1.8,1.16601,1.6552900000000002,0.4,1.8,1.78278,1.43994,1.0,1.0,1.06216,1.3538999999999999,10.322916666666666,8.010416666666666,1,1,10.0,17.0,1.3611111111111112,1.0555555555555556,49.0,38.0,0.5618377871542429,1.3343647444913267,0.7022972339428035,1.2641350210970466,3.0,1.0,0.0,3.0,2,1,1.0926,2.1523,1.0,H
5d1aaeab-147c-4c30-9b1f-4ceee7d5c7fb,bc9d244f-a449-45fe-b99c-9de5db3b90bf,2025,38,38,2026-05-24T15:00:00+00:00,076f94c9-341e-4294-a86a-076741505170,1cb320b2-b42f-4131-8f5f-ef42e7f82540,Sunderland AFC,Chelsea FC,37,75,0,38,0.0,1.0,5.0,1.0,1.4,2.2,1.1239599999999998,1.85268,4.0,0.8,0.8,1.8,1.08802,1.6079,15.0,1.5,1.2,1.4,1.26441,1.53873,7.0,0.7,0.9,1.9,1.44792,1.57102,0.4,1.8,1.20954,1.2778800000000001,1.2,2.0,1.3976,1.47416,7.041666666666667,4.822916666666667,1,1,10.0,8.0,1.3783783783783783,1.4054054054054055,51.0,52.0,0.8426966292134832,0.9831460674157303,0.6320224719101124,1.3342696629213484,1.0,1.0,0.0,3.0,2,1,2.3311,0.9209,1.0,H
ae4e82b0-5794-4a26-8b19-8f54b896b496,8a52bf5c-32e6-4c5f-9092-4ff1b189a53c,2025,38,38,2026-05-24T15:00:00+00:00,54ed0f97-ad19-421c-a5c2-9b9d3fcbc72d,66a313d1-2e21-49ad-a1c7-6f04cae6be69,Liverpool FC,Brentford FC,75,75,38,38,1.0,1.0,7.0,1.4,2.0,2.0,1.2071200000000002,1.8712,5.0,1.0,1.2,1.4,1.62572,1.9180199999999998,14.0,1.4,2.0,1.7,1.45798,1.7349899999999998,12.0,1.2,1.4,1.4,1.66097,1.65196,2.4,1.0,1.4978200000000002,1.34492,1.0,1.6,1.0790600000000001,1.9563199999999998,8.833333333333334,7.041666666666667,1,1,5.0,10.0,1.5945945945945945,1.4054054054054055,59.0,52.0,1.4043945769050958,1.1937353903693313,0.983076203833567,0.983076203833567,3.0,0.6666666666666666,0.0,3.0,1,1,2.9941,1.4608,1.0,D
c71c0132-64b6-416a-831f-02afb9b70fcf,781d12c7-39ad-48d4-901a-ea7160d3fdef,2025,38,38,2026-05-24T15:00:00+00:00,db14882b-951f-4db5-860b-4ca2b8583311,48fc005c-cbfc-4e4d-b7f1-459dce6cf940,Brighton & Hove Albion FC,Manchester United FC,75,75,38,38,1.0,1.0,7.0,1.4,1.8,1.2,1.9965800000000002,1.25022,13.0,2.6,1.8,1.0,1.9323800000000002,1.33896,19.0,1.9,1.6,0.9,1.77329,1.00244,20.0,2.0,1.8,1.3,1.8603200000000002,1.4974399999999999,2.0,0.6,2.0584,0.62314,1.0,0.8,1.1956200000000001,1.36252,7.041666666666667,7.145833333333333,1,1,8.0,3.0,1.4324324324324325,1.837837837837838,53.0,68.0,1.1239607659971977,0.6322279308734237,1.2644558617468473,0.913218122372723,3.0,0.6666666666666666,0.0,4.333333333333333,0,3,0.7024,2.3287,1.0,A
f88bc6ce-731e-4ce3-bdf0-3dc832f94452,d528ffda-06cb-4225-a000-cf77502d6e73,2025,38,38,2026-05-24T15:00:00+00:00,74bd08fa-27db-4bb0-8490-f57f6ed6b8e9,ead1bc2e-8799-410a-a809-66a274bbab2c,Crystal Palace FC,Arsenal FC,75,75,38,38,1.0,1.0,2.0,0.4,1.0,2.6,1.6834600000000002,1.87042,12.0,2.4,1.4,0.4,1.93522,1.13918,10.0,1.0,1.1,1.7,1.51151,1.60254,24.0,2.4,1.7,0.6,2.0296,1.0924200000000002,1.0,0.6,1.94436,1.36224,1.8,1.0,1.91222,1.0821999999999998,7.041666666666667,5.833333333333333,2,2,15.0,1.0,1.2162162162162162,2.2162162162162162,45.0,82.0,0.7726679104477612,1.194123134328358,1.194123134328358,0.421455223880597,3.0,0.0,0.3333333333333333,3.6666666666666665,1,2,1.0049,3.9065,1.0,A
f3e73d38-e352-4962-94d3-f453ed0de348,ccbd5e2e-6590-4e21-861d-acf8b366554d,2025,38,38,2026-05-24T15:00:00+00:00,2d3435a0-e4e8-4097-a60c-2a0f92c3fede,fbffa344-2426-4b4b-9886-b8cd56ec69a1,Burnley FC,Wolverhampton Wanderers FC,37,75,0,38,0.0,1.0,1.0,0.2,0.8,2.2,0.7834,1.9857599999999997,2.0,0.4,0.4,1.8,1.0611000000000002,1.85088,2.0,0.2,0.8,2.2,0.99176,2.04593,9.0,0.9,0.8,1.7,1.14991,2.01159,1.0,1.8,1.19978,2.21028,0.4,2.6,1.02682,2.63166,5.833333333333333,7.041666666666667,1,1,19.0,20.0,0.5675675675675675,0.5135135135135135,21.0,19.0,0.5619003260363298,1.545225896599907,0.5619003260363298,1.1940381928272008,1.0,1.0,0.0,5.0,1,1,1.2848,2.8433,1.0,D
4f90be8f-11e8-448e-86f3-363065436fcd,a3e6517a-9323-4e82-8e21-916d69427688,2025,38,38,2026-05-24T15:00:00+00:00,b552a1a6-4302-43ca-884c-0f91ac4f984b,c4045d6d-a715-4821-a800-cd9b505ad54b,Fulham FC,Newcastle United FC,75,75,38,38,1.0,1.0,5.0,1.0,0.4,1.0,1.0911,1.96556,7.0,1.4,1.6,1.2,1.8788399999999998,1.6598,12.0,1.2,0.7,1.0,1.42429,1.7036799999999999,13.0,1.3,1.5,1.4,1.60521,2.0042999999999997,1.2,0.8,1.78344,1.25544,0.8,1.2,1.06662,1.83888,7.041666666666667,6.9375,1,1,13.0,11.0,1.3243243243243243,1.3243243243243243,49.0,49.0,0.49185667752442996,0.7026523964634714,1.0539785946952072,0.9837133550488599,3.0,0.6666666666666666,0.0,3.3333333333333335,2,0,1.7288,0.2423,1.0,H
6ea054f6-75b1-4845-a645-f124260d5cf6,699489e5-ce18-4621-b04d-5fbe57627d2c,2025,38,38,2026-05-24T15:00:00+00:00,33d2f100-682f-4a5e-9aa3-5cc57e1e8571,f8f456e7-3e20-4803-ba4e-b1762a31812c,Manchester City FC,Aston Villa FC,75,75,38,38,1.0,1.0,11.0,2.2,2.2,0.8,2.48526,1.09464,7.0,1.4,2.2,2.0,1.9396,1.4371399999999999,22.0,2.2,2.0,0.8,2.45995,1.20875,11.0,1.1,1.6,2.0,1.71388,1.5371000000000001,2.4,0.8,2.7799,1.02658,0.8,1.8,1.30962,1.39788,4.854166666666667,8.833333333333334,2,1,2.0,4.0,2.108108108108108,1.6756756756756757,78.0,62.0,1.405857740585774,0.5623430962343097,1.1246861924686193,1.405857740585774,3.0,0.3333333333333333,0.0,2.3333333333333335,1,2,1.3809,2.4397,1.0,A
a7857177-3c8e-4d77-88ab-edc7c09c293a,9e479ed8-7666-46e8-a21c-299dc55b2e0f,2025,38,38,2026-05-24T15:00:00+00:00,5421e81a-b7dd-48b1-9982-42644e8dcf9f,6601a105-9986-4276-89bf-143cdf03198a,Nottingham Forest FC,AFC Bournemouth,75,75,38,38,1.0,1.0,10.0,2.0,3.0,1.2,1.72066,1.8646,11.0,2.2,1.8,0.8,2.05788,1.2037,16.0,1.6,2.2,1.1,1.38859,1.7166599999999999,18.0,1.8,1.4,0.8,1.9962399999999998,1.43569,1.2,0.8,1.10262,1.38908,1.0,0.4,1.73034,2.00792,7.145833333333333,4.854166666666667,1,1,16.0,6.0,1.162162162162162,1.5135135135135136,43.0,56.0,1.5463324048282268,0.7731662024141134,0.984029712163417,0.5623026926648097,3.0,0.0,0.3333333333333333,3.0,1,1,2.0585,1.3368,1.0,D
fad492fb-1374-4091-a923-df6296b35c61,c3c5ab7e-cccb-4272-8c1d-2ff3c0025e97,2025,38,38,2026-05-24T15:00:00+00:00,c23d6b7a-dfaf-44a3-b016-1feb2dddec44,60cb8be0-9c1e-4019-8b60-fd9ac2aa9f2d,Tottenham Hotspur FC,Everton FC,75,75,38,38,1.0,1.0,8.0,1.6,1.4,1.2,1.4779,1.09438,2.0,0.4,1.6,2.4,1.5405799999999998,1.84162,9.0,0.9,1.0,1.6,1.34291,1.43285,12.0,1.2,1.8,1.8,1.54628,1.6612200000000001,1.0,2.6,1.26986,1.95668,1.6,2.0,1.6746400000000001,2.0828800000000003,4.822916666666667,7.041666666666667,2,1,17.0,13.0,1.027027027027027,1.3243243243243243,38.0,49.0,0.7031539888682746,1.1250463821892394,1.2656771799628943,1.2656771799628943,3.0,0.6666666666666666,0.0,4.0,1,0,1.406,0.2685,1.0,H
4cec7c7d-8f90-4015-a3a0-f75f908588ba,398a7e88-12a3-4c82-9b80-545e09b355ab,2025,38,38,2026-05-24T15:00:00+00:00,21ec0474-e758-4563-97a9-912aab00b4f5,fe8b4d06-9254-4fc8-a08f-90f242e51751,West Ham United FC,Leeds United FC,75,37,38,0,1.0,0.0,4.0,0.8,0.6,1.6,1.09796,1.5369199999999998,11.0,2.2,2.0,0.8,1.8974199999999999,1.32792,11.0,1.1,1.1,1.6,1.2129699999999999,1.5424,16.0,1.6,1.2,0.7,1.62576,1.21448,1.4,0.6,1.70652,1.1186399999999999,1.2,1.0,1.69024,1.30984,6.9375,7.041666666666667,2,2,18.0,14.0,0.972972972972973,1.2702702702702702,36.0,47.0,0.7741307371349097,1.126008344923505,0.8445062586926286,0.49262865090403335,1.0,0.0,0.0,3.0,3,0,2.7314,1.9497,1.0,H
