match_id,raw_match_id,season_start_year,matchday,gameweek,kickoff_at,home_team_id,away_team_id,home_team,away_team,home_matches_played_before,away_matches_played_before,home_previous_season_matches,away_previous_season_matches,home_has_prior_pl_history,away_has_prior_pl_history,home_points_last_5,home_points_per_game_last_5,home_goals_for_avg_last_5,home_goals_against_avg_last_5,home_xg_for_avg_last_5,home_xg_against_avg_last_5,away_points_last_5,away_points_per_game_last_5,away_goals_for_avg_last_5,away_goals_against_avg_last_5,away_xg_for_avg_last_5,away_xg_against_avg_last_5,home_points_last_10,home_points_per_game_last_10,home_goals_for_avg_last_10,home_goals_against_avg_last_10,home_xg_for_avg_last_10,home_xg_against_avg_last_10,away_points_last_10,away_points_per_game_last_10,away_goals_for_avg_last_10,away_goals_against_avg_last_10,away_xg_for_avg_last_10,away_xg_against_avg_last_10,home_goals_for_avg_home_last_5,home_goals_against_avg_home_last_5,home_xg_for_avg_home_last_5,home_xg_against_avg_home_last_5,away_goals_for_avg_away_last_5,away_goals_against_avg_away_last_5,away_xg_for_avg_away_last_5,away_xg_against_avg_away_last_5,home_rest_days,away_rest_days,home_matches_last_14_days,away_matches_last_14_days,home_table_position,away_table_position,home_points_per_game,away_points_per_game,home_total_points_before,away_total_points_before,home_attack_strength,home_defence_strength,away_attack_strength,away_defence_strength,h2h_matches,h2h_home_team_win_rate,h2h_draw_rate,h2h_avg_total_goals,home_goals,away_goals,home_xg,away_xg,is_completed,outcome
38e81ac7-f296-4449-bfac-e1f3063f18c2,d2c17110-6b9a-40ea-b9ff-ae67e320d0a2,2024,1,1,2024-08-16T19:00:00+00:00,48fc005c-cbfc-4e4d-b7f1-459dce6cf940,b552a1a6-4302-43ca-884c-0f91ac4f984b,Manchester United FC,Fulham FC,0,0,0,0,0.0,0.0,0.0,0.0,0.0,0.0,0.0,0.0,0.0,0.0,0.0,0.0,0.0,0.0,0.0,0.0,0.0,0.0,0.0,0.0,0.0,0.0,0.0,0.0,0.0,0.0,0.0,0.0,0.0,0.0,0.0,0.0,0.0,0.0,7.0,7.0,0,0,0.0,0.0,0.0,0.0,0.0,0.0,1.0,1.0,1.0,1.0,0.0,0.0,0.0,0.0,1.0,0.0,2.0427,0.4187,1.0,H
82b3ec87-affd-4701-ba71-11cb50ebb306,46e118a1-cb11-49b3-82ff-1f3182f6b1f3,2024,1,1,2024-08-17T11:30:00+00:00,67d3236c-6589-4978-b178-f6dcf50166d4,54ed0f97-ad19-421c-a5c2-9b9d3fcbc72d,Ipswich Town FC,Liverpool FC,0,0,0,0,0.0,0.0,0.0,0.0,0.0,0.0,0.0,0.0,0.0,0.0,0.0,0.0,0.0,0.0,0.0,0.0,0.0,0.0,0.0,0.0,0.0,0.0,0.0,0.0,0.0,0.0,0.0,0.0,0.0,0.0,0.0,0.0,0.0,0.0,7.0,7.0,0,0,0.0,0.0,0.0,0.0,0.0,0.0,2.7,2.7,2.7,2.7,0.0,0.0,0.0,0.0,0.0,2.0,0.3426,3.9291,1.0,A
7d8c4daa-e001-4e41-ad9e-75335bf2943e,d36d2511-6944-4474-9fc3-950387d30fe0,2024,1,1,2024-08-17T14:00:00+00:00,c4045d6d-a715-4821-a800-cd9b505ad54b,f5c6f090-f823-4206-a821-17c11d35de43,Newcastle United FC,Southampton FC,0,0,0,0,0.0,0.0,0.0,0.0,0.0,0.0,0.0,0.0,0.0,0.0,0.0,0.0,0.0,0.0,0.0,0.0,0.0,0.0,0.0,0.0,0.0,0.0,0.0,0.0,0.0,0.0,0.0,0.0,0.0,0.0,0.0,0.0,0.0,0.0,7.0,7.0,0,0,0.0,0.0,0.0,0.0,0.0,0.0,1.8,1.8,1.8,1.8,0.0,0.0,0.0,0.0,1.0,0.0,0.4335,1.9548,1.0,H
e7d9bf2c-fc8f-4730-b1bb-783d462058b0,bb87bfb3-8c45-44f5-9289-f5bbd8a6069e,2024,1,1,2024-08-17T14:00:00+00:00,ead1bc2e-8799-410a-a809-66a274bbab2c,fbffa344-2426-4b4b-9886-b8cd56ec69a1,Arsenal FC,Wolverhampton Wanderers FC,0,0,0,0,0.0,0.0,0.0,0.0,0.0,0.0,0.0,0.0,0.0,0.0,0.0,0.0,0.0,0.0,0.0,0.0,0.0,0.0,0.0,0.0,0.0,0.0,0.0,0.0,0.0,0.0,0.0,0.0,0.0,0.0,0.0,0.0,0.0,0.0,7.0,7.0,0,0,0.0,0.0,0.0,0.0,0.0,0.0,2.0250000000000004,2.0250000000000004,2.0250000000000004,2.0250000000000004,0.0,0.0,0.0,0.0,2.0,0.0,1.6283,0.5758,1.0,H
b364c1d8-6020-45ff-8714-b5fcf210b57a,ceb3679e-edfe-49b2-ad67-cb736a5925c5,2024,1,1,2024-08-17T14:00:00+00:00,60cb8be0-9c1e-4019-8b60-fd9ac2aa9f2d,db14882b-951f-4db5-860b-4ca2b8583311,Everton FC,Brighton & Hove Albion FC,0,0,0,0,0.0,0.0,0.0,0.0,0.0,0.0,0.0,0.0,0.0,0.0,0.0,0.0,0.0,0.0,0.0,0.0,0.0,0.0,0.0,0.0,0.0,0.0,0.0,0.0,0.0,0.0,0.0,0.0,0.0,0.0,0.0,0.0,0.0,0.0,7.0,7.0,0,0,0.0,0.0,0.0,0.0,0.0,0.0,1.8,1.8,1.8,1.8,0.0,0.0,0.0,0.0,0.0,3.0,0.4053,1.7908,1.0,A
e9cae05c-0f32-41b0-8489-6611672daccc,ed972b3c-d8d3-4b56-be9f-00c019b65966,2024,1,1,2024-08-17T14:00:00+00:00,5421e81a-b7dd-48b1-9982-42644e8dcf9f,6601a105-9986-4276-89bf-143cdf03198a,Nottingham Forest FC,AFC Bournemouth,0,0,0,0,0.0,0.0,0.0,0.0,0.0,0.0,0.0,0.0,0.0,0.0,0.0,0.0,0.0,0.0,0.0,0.0,0.0,0.0,0.0,0.0,0.0,0.0,0.0,0.0,0.0,0.0,0.0,0.0,0.0,0.0,0.0,0.0,0.0,0.0,7.0,7.0,0,0,0.0,0.0,0.0,0.0,0.0,0.0,1.5,1.5,1.5,1.5,0.0,0.0,0.0,0.0,1.0,1.0,1.2441,1.9092,1.0,D
25fff623-abe0-452c-973d-8f07acb9cec2,7782e735-42ac-41b6-8872-a8cd7900be89,2024,1,1,2024-08-17T16:30:00+00:00,21ec0474-e758-4563-97a9-912aab00b4f5,f8f456e7-3e20-4803-ba4e-b1762a31812c,West Ham United FC,Aston Villa FC,0,0,0,0,0.0,0.0,0.0,0.0,0.0,0.0,0.0,0.0,0.0,0.0,0.0,0.0,0.0,0.0,0.0,0.0,0.0,0.0,0.0,0.0,0.0,0.0,0.0,0.0,0.0,0.0,0.0,0.0,0.0,0.0,0.0,0.0,0.0,0.0,7.0,7.0,0,0,0.0,0.0,0.0,0.0,0.0,0.0,1.4727272727272729,1.4727272727272729,1.4727272727272729,1.4727272727272729,0.0,0.0,0.0,0.0,1.0,2.0,2.8047,2.6703,1.0,A
37f50c6d-2a20-46ae-a464-36a47ce603e1,2067ad92-2b34-4ce3-8768-57ad2204312d,2024,1,1,2024-08-18T13:00:00+00:00,66a313d1-2e21-49ad-a1c7-6f04cae6be69,74bd08fa-27db-4bb0-8490-f57f6ed6b8e9,Brentford FC,Crystal Palace FC,0,0,0,0,0.0,0.0,0.0,0.0,0.0,0.0,0.0,0.0,0.0,0.0,0.0,0.0,0.0,0.0,0.0,0.0,0.0,0.0,0.0,0.0,0.0,0.0,0.0,0.0,0.0,0.0,0.0,0.0,0.0,0.0,0.0,0.0,0.0,0.0,7.0,7.0,0,0,0.0,0.0,0.0,0.0,0.0,0.0,1.35,1.35,1.35,1.35,0.0,0.0,0.0,0.0,2.0,1.0,1.3806,1.1476,1.0,H
1f58fd41-ec31-496e-b93c-62d15bc71649,a22bf934-4ce3-48e4-969a-d8d7fafe20a6,2024,1,1,2024-08-18T15:30:00+00:00,1cb320b2-b42f-4131-8f5f-ef42e7f82540,33d2f100-682f-4a5e-9aa3-5cc57e1e8571,Chelsea FC,Manchester City FC,0,0,0,0,0.0,0.0,0.0,0.0,0.0,0.0,0.0,0.0,0.0,0.0,0.0,0.0,0.0,0.0,0.0,0.0,0.0,0.0,0.0,0.0,0.0,0.0,0.0,0.0,0.0,0.0,0.0,0.0,0.0,0.0,0.0,0.0,0.0,0.0,7.0,7.0,0,0,0.0,0.0,0.0,0.0,0.0,0.0,1.2705882352941178,1.2705882352941178,1.2705882352941178,1.2705882352941178,0.0,0.0,0.0,0.0,0.0,2.0,1.0612,1.1804,1.0,A
1808a14e-0931-4204-90be-7289b6c8f528,e2623acf-eec8-4dff-988f-d7813c5e26e5,2024,1,1,2024-08-19T19:00:00+00:00,618e770e-c6ac-4c3f-9994-bd2160f675bc,c23d6b7a-dfaf-44a3-b016-1feb2dddec44,Leicester City FC,Tottenham Hotspur FC,0,0,0,0,0.0,0.0,0.0,0.0,0.0,0.0,0.0,0.0,0.0,0.0,0.0,0.0,0.0,0.0,0.0,0.0,0.0,0.0,0.0,0.0,0.0,0.0,0.0,0.0,0.0,0.0,0.0,0.0,0.0,0.0,0.0,0.0,0.0,0.0,7.0,7.0,0,0,0.0,0.0,0.0,0.0,0.0,0.0,1.2789473684210526,1.2789473684210526,1.2789473684210526,1.2789473684210526,0.0,0.0,0.0,0.0,1.0,1.0,1.0261,1.4078,1.0,D
e303732c-ebaa-48e4-b170-9b51c6e2d4ca,fa134513-567b-4a79-ab89-f1ca96a94766,2024,2,2,2024-08-24T11:30:00+00:00,db14882b-951f-4db5-860b-4ca2b8583311,48fc005c-cbfc-4e4d-b7f1-459dce6cf940,Brighton & Hove Albion FC,Manchester United FC,1,1,0,0,0.0,0.0,3.0,3.0,3.0,0.0,1.7908,0.4053,3.0,3.0,1.0,0.0,2.0427,0.4187,3.0,3.0,3.0,0.0,1.7908,0.4053,3.0,3.0,1.0,0.0,2.0427,0.4187,0.0,0.0,0.0,0.0,0.0,0.0,0.0,0.0,6.895833333333333,7.6875,1,1,1.0,7.0,3.0,3.0,3.0,3.0,2.857142857142857,0.0,0.9523809523809523,0.0,0.0,0.0,0.0,0.0,2.0,1.0,2.1415,1.2856,1.0,H
ade6af4f-4a1f-4d97-a095-76a7978716f7,3ebb532d-81f9-4f5e-b3b5-b1437a6be3f9,2024,2,2,2024-08-24T14:00:00+00:00,74bd08fa-27db-4bb0-8490-f57f6ed6b8e9,21ec0474-e758-4563-97a9-912aab00b4f5,Crystal Palace FC,West Ham United FC,1,1,0,0,0.0,0.0,0.0,0.0,1.0,2.0,1.1476,1.3806,0.0,0.0,1.0,2.0,2.8047,2.6703,0.0,0.0,1.0,2.0,1.1476,1.3806,0.0,0.0,1.0,2.0,2.8047,2.6703,0.0,0.0,0.0,0.0,0.0,0.0,0.0,0.0,6.041666666666667,6.895833333333333,1,1,14.0,13.0,0.0,0.0,0.0,0.0,0.9166666666666667,1.8333333333333335,0.9166666666666667,1.8333333333333335,0.0,0.0,0.0,0.0,0.0,2.0,1.3761,1.5342,1.0,A
f42fc744-b0a2-47f3-be0b-3989c7e1f598,5856558e-3f2c-4042-b247-bd994b359941,2024,2,2,2024-08-24T14:00:00+00:00,b552a1a6-4302-43ca-884c-0f91ac4f984b,618e770e-c6ac-4c3f-9994-bd2160f675bc,Fulham FC,Leicester City FC,1,1,0,0,0.0,0.0,0.0,0.0,0.0,1.0,0.4187,2.0427,1.0,1.0,1.0,1.0,1.0261,1.4078,0.0,0.0,0.0,1.0,0.4187,2.0427,1.0,1.0,1.0,1.0,1.0261,1.4078,0.0,0.0,0.0,0.0,0.0,0.0,0.0,0.0,7.791666666666667,4.791666666666667,1,1,14.0,11.0,0.0,1.0,0.0,1.0,0.0,0.9230769230769231,0.9230769230769231,0.9230769230769231,0.0,0.0,0.0,0.0,2.0,1.0,1.9622,0.857,1.0,H
2b5562be-9d84-49cd-b972-5b365ed95855,0d0a1a85-c971-4756-aeca-afade82fe100,2024,2,2,2024-08-24T14:00:00+00:00,f5c6f090-f823-4206-a821-17c11d35de43,5421e81a-b7dd-48b1-9982-42644e8dcf9f,Southampton FC,Nottingham Forest FC,1,1,0,0,0.0,0.0,0.0,0.0,0.0,1.0,1.9548,0.4335,1.0,1.0,1.0,1.0,1.2441,1.9092,0.0,0.0,0.0,1.0,1.9548,0.4335,1.0,1.0,1.0,1.0,1.2441,1.9092,0.0,0.0,0.0,0.0,0.0,0.0,0.0,0.0,7.0,7.0,1,1,15.0,11.0,0.0,1.0,0.0,1.0,0.0,0.896551724137931,0.896551724137931,0.896551724137931,0.0,0.0,0.0,0.0,0.0,1.0,0.215,2.8648,1.0,A
d03475a0-74d5-4b38-8c14-56e21652805d,657dbe14-950a-4a73-b120-44b34afc8a27,2024,2,2,2024-08-24T14:00:00+00:00,c23d6b7a-dfaf-44a3-b016-1feb2dddec44,60cb8be0-9c1e-4019-8b60-fd9ac2aa9f2d,Tottenham Hotspur FC,Everton FC,1,1,0,0,0.0,0.0,1.0,1.0,1.0,1.0,1.4078,1.0261,0.0,0.0,0.0,3.0,0.4053,1.7908,1.0,1.0,1.0,1.0,1.4078,1.0261,0.0,0.0,0.0,3.0,0.4053,1.7908,0.0,0.0,0.0,0.0,0.0,0.0,0.0,0.0,4.791666666666667,7.0,1,1,13.0,20.0,1.0,0.0,1.0,0.0,0.9333333333333333,0.9333333333333333,0.0,2.8000000000000003,0.0,0.0,0.0,0.0,4.0,0.0,2.6114,0.6489,1.0,H
d7861940-5788-4732-8c0d-c7262bd32814,1d1c1710-29ae-471d-b734-06a80e346d03,2024,2,2,2024-08-24T14:00:00+00:00,33d2f100-682f-4a5e-9aa3-5cc57e1e8571,67d3236c-6589-4978-b178-f6dcf50166d4,Manchester City FC,Ipswich Town FC,1,1,0,0,0.0,0.0,3.0,3.0,2.0,0.0,1.1804,1.0612,0.0,0.0,0.0,2.0,0.3426,3.9291,3.0,3.0,2.0,0.0,1.1804,1.0612,0.0,0.0,0.0,2.0,0.3426,3.9291,0.0,0.0,0.0,0.0,0.0,0.0,0.0,0.0,5.9375,7.104166666666667,1,1,4.0,16.0,3.0,0.0,3.0,0.0,1.7647058823529411,0.0,0.0,1.7647058823529411,0.0,0.0,0.0,0.0,4.0,1.0,3.0782,0.48,1.0,H
555eacab-2fa9-482d-8564-81210505768a,febc2086-8f01-4b90-9243-62e907872f23,2024,2,2,2024-08-24T16:30:00+00:00,f8f456e7-3e20-4803-ba4e-b1762a31812c,ead1bc2e-8799-410a-a809-66a274bbab2c,Aston Villa FC,Arsenal FC,1,1,0,0,0.0,0.0,3.0,3.0,2.0,1.0,2.6703,2.8047,3.0,3.0,2.0,0.0,1.6283,0.5758,3.0,3.0,2.0,1.0,2.6703,2.8047,3.0,3.0,2.0,0.0,1.6283,0.5758,0.0,0.0,0.0,0.0,0.0,0.0,0.0,0.0,7.0,7.104166666666667,1,1,9.0,6.0,3.0,3.0,3.0,3.0,1.641025641025641,0.8205128205128205,1.641025641025641,0.0,0.0,0.0,0.0,0.0,0.0,2.0,1.3166,1.414,1.0,A
21c15ff6-8a65-4467-9232-56f036743a9d,acc77ec2-9802-421a-97f3-6ca28c3e5661,2024,2,2,2024-08-25T13:00:00+00:00,6601a105-9986-4276-89bf-143cdf03198a,c4045d6d-a715-4821-a800-cd9b505ad54b,AFC Bournemouth,Newcastle United FC,1,1,0,0,0.0,0.0,1.0,1.0,1.0,1.0,1.9092,1.2441,3.0,3.0,1.0,0.0,0.4335,1.9548,1.0,1.0,1.0,1.0,1.9092,1.2441,3.0,3.0,1.0,0.0,0.4335,1.9548,0.0,0.0,0.0,0.0,0.0,0.0,0.0,0.0,7.958333333333333,7.958333333333333,1,1,13.0,9.0,1.0,3.0,1.0,3.0,0.8292682926829269,0.8292682926829269,0.8292682926829269,0.0,0.0,0.0,0.0,0.0,1.0,1.0,2.5351,1.8929,1.0,D
01e07bd7-73c5-4be7-96a6-870c5d6617f3,1b0fdb9f-b47b-4cbd-9bc2-7178d545fa83,2024,2,2,2024-08-25T13:00:00+00:00,fbffa344-2426-4b4b-9886-b8cd56ec69a1,1cb320b2-b42f-4131-8f5f-ef42e7f82540,Wolverhampton Wanderers FC,Chelsea FC,1,1,0,0,0.0,0.0,0.0,0.0,0.0,2.0,0.5758,1.6283,0.0,0.0,0.0,2.0,1.0612,1.1804,0.0,0.0,0.0,2.0,0.5758,1.6283,0.0,0.0,0.0,2.0,1.0612,1.1804,0.0,0.0,0.0,0.0,0.0,0.0,0.0,0.0,7.958333333333333,6.895833333333333,1,1,17.0,15.0,0.0,0.0,0.0,0.0,0.0,1.6744186046511629,0.0,1.6744186046511629,0.0,0.0,0.0,0.0,2.0,6.0,2.4181,2.0294,1.0,A
7524e7fb-11d2-4e0b-a47d-6c498e455def,103811df-508b-40a7-acd4-1616d90811b8,2024,2,2,2024-08-25T15:30:00+00:00,54ed0f97-ad19-421c-a5c2-9b9d3fcbc72d,66a313d1-2e21-49ad-a1c7-6f04cae6be69,Liverpool FC,Brentford FC,1,1,0,0,0.0,0.0,3.0,3.0,2.0,0.0,3.9291,0.3426,3.0,3.0,2.0,1.0,1.3806,1.1476,3.0,3.0,2.0,0.0,3.9291,0.3426,3.0,3.0,2.0,1.0,1.3806,1.1476,0.0,0.0,0.0,0.0,0.0,0.0,0.0,0.0,8.166666666666666,7.104166666666667,1,1,8.0,10.0,3.0,3.0,3.0,3.0,1.4901960784313726,0.0,1.4901960784313726,0.7450980392156863,0.0,0.0,0.0,0.0,2.0,0.0,2.7188,0.4572,1.0,H
ba55c649-fb32-47a6-8cf7-834b93762fcf,3e8aaad6-3c54-49e2-adb5-5d2e3ccfbf4d,2024,3,3,2024-08-31T11:30:00+00:00,ead1bc2e-8799-410a-a809-66a274bbab2c,db14882b-951f-4db5-860b-4ca2b8583311,Arsenal FC,Brighton & Hove Albion FC,2,2,0,0,0.0,0.0,6.0,3.0,2.0,0.0,1.52115,0.9461999999999999,6.0,3.0,2.5,0.5,1.96615,0.84545,6.0,3.0,2.0,0.0,1.52115,0.9461999999999999,6.0,3.0,2.5,0.5,1.96615,0.84545,2.0,0.0,1.6283,0.5758,3.0,0.0,1.7908,0.4053,6.791666666666667,7.0,2,2,4.0,2.0,3.0,3.0,6.0,6.0,1.509433962264151,0.0,1.8867924528301887,0.37735849056603776,0.0,0.0,0.0,0.0,1.0,1.0,2.418,1.8175,1.0,D
6db95455-3685-4f7e-a0ee-48dc04f033aa,4a1ad6fb-a6bb-45a9-ba5f-ce63ae2bf441,2024,3,3,2024-08-31T14:00:00+00:00,66a313d1-2e21-49ad-a1c7-6f04cae6be69,f5c6f090-f823-4206-a821-17c11d35de43,Brentford FC,Southampton FC,2,2,0,0,0.0,0.0,3.0,1.5,1.0,1.5,0.9189,1.9331999999999998,0.0,0.0,0.0,1.0,1.0849,1.64915,3.0,1.5,1.0,1.5,0.9189,1.9331999999999998,0.0,0.0,0.0,1.0,1.0849,1.64915,2.0,1.0,1.3806,1.1476,0.0,1.0,1.9548,0.4335,5.9375,7.0,2,2,12.0,16.0,1.5,0.0,3.0,0.0,0.7636363636363637,1.1454545454545455,0.0,0.7636363636363637,0.0,0.0,0.0,0.0,3.0,1.0,3.8628,1.6471,1.0,H
fb1e570e-348e-4691-b7f6-0515205369c0,8e444d75-7642-45d1-a2eb-dce5fb7dd8e4,2024,3,3,2024-08-31T14:00:00+00:00,60cb8be0-9c1e-4019-8b60-fd9ac2aa9f2d,6601a105-9986-4276-89bf-143cdf03198a,Everton FC,AFC Bournemouth,2,2,0,0,0.0,0.0,0.0,0.0,0.0,3.5,0.5271,2.2011000000000003,2.0,1.0,1.0,1.0,2.22215,1.5685,0.0,0.0,0.0,3.5,0.5271,2.2011000000000003,2.0,1.0,1.0,1.0,2.22215,1.5685,0.0,3.0,0.4053,1.7908,1.0,1.0,1.9092,1.2441,7.0,6.041666666666667,2,2,20.0,14.0,0.0,1.0,0.0,2.0,0.0,2.610169491525424,0.7457627118644068,0.7457627118644068,0.0,0.0,0.0,0.0,2.0,3.0,2.5563,2.9569,1.0,A
05a3438e-2ff1-43d0-88e8-25f1345a5b0f,d6ffb426-8098-422c-8aee-4f878385de6f,2024,3,3,2024-08-31T14:00:00+00:00,618e770e-c6ac-4c3f-9994-bd2160f675bc,f8f456e7-3e20-4803-ba4e-b1762a31812c,Leicester City FC,Aston Villa FC,2,2,0,0,0.0,0.0,1.0,0.5,1.0,1.5,0.94155,1.685,3.0,1.5,1.0,1.5,1.9934500000000002,2.10935,1.0,0.5,1.0,1.5,0.94155,1.685,3.0,1.5,1.0,1.5,1.9934500000000002,2.10935,1.0,1.0,1.0261,1.4078,2.0,1.0,2.6703,2.8047,7.0,6.895833333333333,2,2,15.0,14.0,0.5,1.5,1.0,3.0,0.71875,1.078125,0.71875,1.078125,0.0,0.0,0.0,0.0,1.0,2.0,0.7747,2.1639,1.0,A
02839e68-4dd4-4b1d-a4e3-7cffc4be07ff,37f507f7-d95f-4bba-97cb-6130a221a991,2024,3,3,2024-08-31T14:00:00+00:00,5421e81a-b7dd-48b1-9982-42644e8dcf9f,fbffa344-2426-4b4b-9886-b8cd56ec69a1,Nottingham Forest FC,Wolverhampton Wanderers FC,2,2,0,0,0.0,0.0,4.0,2.0,1.0,0.5,2.05445,1.0621,0.0,0.0,1.0,4.0,1.49695,1.82885,4.0,2.0,1.0,0.5,2.05445,1.0621,0.0,0.0,1.0,4.0,1.49695,1.82885,1.0,1.0,1.2441,1.9092,0.0,2.0,0.5758,1.6283,7.0,6.041666666666667,2,2,9.0,19.0,2.0,0.0,4.0,0.0,0.7164179104477613,0.35820895522388063,0.7164179104477613,2.865671641791045,0.0,0.0,0.0,0.0,1.0,1.0,1.4107,0.9376,1.0,D
ec652366-c884-4257-b8a5-cfb8a78c24a7,46dbe01f-8121-4ada-88a2-e964edbae37f,2024,3,3,2024-08-31T14:00:00+00:00,67d3236c-6589-4978-b178-f6dcf50166d4,b552a1a6-4302-43ca-884c-0f91ac4f984b,Ipswich Town FC,Fulham FC,2,2,0,0,0.0,0.0,0.0,0.0,0.5,3.0,0.4113,3.50365,3.0,1.5,1.0,1.0,1.19045,1.44985,0.0,0.0,0.5,3.0,0.4113,3.50365,3.0,1.5,1.0,1.0,1.19045,1.44985,0.0,2.0,0.3426,3.9291,0.0,1.0,0.4187,2.0427,7.0,7.0,1,1,19.0,14.0,0.0,1.5,0.0,3.0,0.3623188405797102,2.173913043478261,0.7246376811594204,0.7246376811594204,0.0,0.0,0.0,0.0,1.0,1.0,0.707,1.1888,1.0,D
891c0c1a-99ce-494d-a357-b3b431ce0e63,3681b388-5f14-49b8-94ec-1b081c5cbf8a,2024,3,3,2024-08-31T16:30:00+00:00,21ec0474-e758-4563-97a9-912aab00b4f5,33d2f100-682f-4a5e-9aa3-5cc57e1e8571,West Ham United FC,Manchester City FC,2,2,0,0,0.0,0.0,3.0,1.5,1.5,1.0,2.16945,2.0232,6.0,3.0,3.0,0.5,2.1292999999999997,0.7706,3.0,1.5,1.5,1.0,2.16945,2.0232,6.0,3.0,3.0,0.5,2.1292999999999997,0.7706,1.0,2.0,2.8047,2.6703,2.0,0.0,1.1804,1.0612,7.104166666666667,7.104166666666667,2,2,13.0,3.0,1.5,3.0,3.0,6.0,1.0985915492957745,0.7323943661971831,2.197183098591549,0.36619718309859156,0.0,0.0,0.0,0.0,1.0,3.0,0.9472,3.193,1.0,A
9077ce7d-ca02-409c-91d9-ef55885cf08f,3c0fb095-dc0c-40a9-9d0d-3013d905a4c5,2024,3,3,2024-09-01T12:30:00+00:00,c4045d6d-a715-4821-a800-cd9b505ad54b,c23d6b7a-dfaf-44a3-b016-1feb2dddec44,Newcastle United FC,Tottenham Hotspur FC,2,2,0,0,0.0,0.0,4.0,2.0,1.0,0.5,1.1632,2.2449500000000002,4.0,2.0,2.5,0.5,2.0096,0.8375,4.0,2.0,1.0,0.5,1.1632,2.2449500000000002,4.0,2.0,2.5,0.5,2.0096,0.8375,1.0,0.0,0.4335,1.9548,1.0,1.0,1.4078,1.0261,6.979166666666667,7.9375,1,2,10.0,9.0,2.0,2.0,4.0,4.0,0.72,0.36,1.8,0.36,0.0,0.0,0.0,0.0,2.0,1.0,1.5869,1.633,1.0,H
7785b7b6-d6f5-4e95-bede-954152db34ef,6cdbb023-dbad-4139-8fd3-380f528a0ca9,2024,3,3,2024-09-01T12:30:00+00:00,1cb320b2-b42f-4131-8f5f-ef42e7f82540,74bd08fa-27db-4bb0-8490-f57f6ed6b8e9,Chelsea FC,Crystal Palace FC,2,2,0,0,0.0,0.0,3.0,1.5,3.0,2.0,1.5453,1.7992499999999998,0.0,0.0,0.5,2.0,1.26185,1.4574,3.0,1.5,3.0,2.0,1.5453,1.7992499999999998,0.0,0.0,0.5,2.0,1.26185,1.4574,0.0,2.0,1.0612,1.1804,1.0,2.0,1.1476,1.3806,6.979166666666667,7.9375,2,2,12.0,18.0,1.5,0.0,3.0,0.0,2.1538461538461537,1.435897435897436,0.358974358974359,1.435897435897436,0.0,0.0,0.0,0.0,1.0,1.0,2.9774,0.4597,1.0,D
4d775288-c18b-4f3f-8231-808a47874e66,15bc89c8-7a19-492d-aeb1-4efd131081af,2024,3,3,2024-09-01T15:00:00+00:00,48fc005c-cbfc-4e4d-b7f1-459dce6cf940,54ed0f97-ad19-421c-a5c2-9b9d3fcbc72d,Manchester United FC,Liverpool FC,2,2,0,0,0.0,0.0,3.0,1.5,1.0,1.0,1.66415,1.2801,6.0,3.0,2.0,0.0,3.32395,0.39990000000000003,3.0,1.5,1.0,1.0,1.66415,1.2801,6.0,3.0,2.0,0.0,3.32395,0.39990000000000003,1.0,0.0,2.0427,0.4187,2.0,0.0,3.9291,0.3426,8.145833333333334,6.979166666666667,1,1,13.0,5.0,1.5,3.0,3.0,6.0,0.725,0.725,1.45,0.0,0.0,0.0,0.0,0.0,0.0,3.0,1.5009,2.104,1.0,A
ffcbc3b9-10e0-498c-a635-b73c9238b956,f68b6aae-b30b-4f22-be75-f929fe5abfc8,2024,4,4,2024-09-14T11:30:00+00:00,f5c6f090-f823-4206-a821-17c11d35de43,48fc005c-cbfc-4e4d-b7f1-459dce6cf940,Southampton FC,Manchester United FC,3,3,0,0,0.0,0.0,0.0,0.0,0.3333333333333333,1.6666666666666667,1.2723,2.387033333333333,3.0,1.0,0.6666666666666666,1.6666666666666667,1.6097333333333335,1.5547333333333333,0.0,0.0,0.3333333333333333,1.6666666666666667,1.2723,2.387033333333333,3.0,1.0,0.6666666666666666,1.6666666666666667,1.6097333333333335,1.5547333333333333,0.0,1.0,0.215,2.8648,1.0,2.0,1.2856,2.1415,13.895833333333334,12.854166666666666,1,1,19.0,14.0,0.0,1.0,0.0,3.0,0.24096385542168675,1.2048192771084338,0.4819277108433735,1.2048192771084338,0.0,0.0,0.0,0.0,0.0,3.0,1.3559,3.0269,1.0,A
c463267f-fbca-4765-b414-b0edccddff25,0dbd6eb3-afa8-49c0-814e-ceb9d7ea16e1,2024,4,4,2024-09-14T14:00:00+00:00,74bd08fa-27db-4bb0-8490-f57f6ed6b8e9,618e770e-c6ac-4c3f-9994-bd2160f675bc,Crystal Palace FC,Leicester City FC,3,3,0,0,0.0,0.0,1.0,0.3333333333333333,0.6666666666666666,1.6666666666666667,0.9944666666666667,1.9640666666666666,1.0,0.3333333333333333,1.0,1.6666666666666667,0.8859333333333334,1.8446333333333333,1.0,0.3333333333333333,0.6666666666666666,1.6666666666666667,0.9944666666666667,1.9640666666666666,1.0,0.3333333333333333,1.0,1.6666666666666667,0.8859333333333334,1.8446333333333333,0.0,2.0,1.3761,1.5342,1.0,2.0,0.857,1.9622,13.0625,14.0,1,1,16.0,15.0,0.3333333333333333,0.3333333333333333,1.0,1.0,0.48062015503875966,1.2015503875968991,0.7209302325581395,1.2015503875968991,0.0,0.0,0.0,0.0,2.0,2.0,2.8872,1.6519,1.0,D
a50e844f-1721-4941-92c4-1c7fb1c31b70,dc467fc5-c209-4d65-84da-fce556a473dc,2024,4,4,2024-09-14T14:00:00+00:00,b552a1a6-4302-43ca-884c-0f91ac4f984b,21ec0474-e758-4563-97a9-912aab00b4f5,Fulham FC,West Ham United FC,3,3,0,0,0.0,0.0,4.0,1.3333333333333333,1.0,1.0,1.1899,1.2022333333333333,3.0,1.0,1.3333333333333333,1.6666666666666667,1.7620333333333333,2.413133333333333,4.0,1.3333333333333333,1.0,1.0,1.1899,1.2022333333333333,3.0,1.0,1.3333333333333333,1.6666666666666667,1.7620333333333333,2.413133333333333,2.0,1.0,1.9622,0.857,2.0,0.0,1.5342,1.3761,14.0,13.895833333333334,1,1,13.0,14.0,1.3333333333333333,1.0,4.0,3.0,0.7111111111111111,0.7111111111111111,0.9481481481481481,1.1851851851851853,0.0,0.0,0.0,0.0,1.0,1.0,2.886,0.6827,1.0,D
c2251bf0-d53f-4518-b706-b6c6d8f237bc,af067e25-44e8-4b28-b1aa-0a1e350f1479,2024,4,4,2024-09-14T14:00:00+00:00,54ed0f97-ad19-421c-a5c2-9b9d3fcbc72d,5421e81a-b7dd-48b1-9982-42644e8dcf9f,Liverpool FC,Nottingham Forest FC,3,3,0,0,0.0,0.0,9.0,3.0,2.3333333333333335,0.0,2.9172999999999996,0.7669,5.0,1.6666666666666667,1.0,0.6666666666666666,1.8398666666666665,1.0206,9.0,3.0,2.3333333333333335,0.0,2.9172999999999996,0.7669,5.0,1.6666666666666667,1.0,0.6666666666666666,1.8398666666666665,1.0206,2.0,0.0,2.7188,0.4572,1.0,0.0,2.8648,0.215,12.958333333333334,14.0,1,1,2.0,10.0,3.0,1.6666666666666667,9.0,5.0,1.6739130434782608,0.0,0.717391304347826,0.47826086956521735,0.0,0.0,0.0,0.0,0.0,1.0,1.1704,0.5895,1.0,A
fbd1ddc1-a34c-4f48-a2ab-276a2b3073f9,b4fe6113-2df7-4744-8566-a4c2f4032257,2024,4,4,2024-09-14T14:00:00+00:00,33d2f100-682f-4a5e-9aa3-5cc57e1e8571,66a313d1-2e21-49ad-a1c7-6f04cae6be69,Manchester City FC,Brentford FC,3,3,0,0,0.0,0.0,9.0,3.0,3.0,0.6666666666666666,2.4838666666666667,0.8294666666666667,6.0,2.0,1.6666666666666667,1.3333333333333333,1.9002,1.8378333333333332,9.0,3.0,3.0,0.6666666666666666,2.4838666666666667,0.8294666666666667,6.0,2.0,1.6666666666666667,1.3333333333333333,1.9002,1.8378333333333332,4.0,1.0,3.0782,0.48,0.0,2.0,0.4572,2.7188,13.895833333333334,14.0,1,1,1.0,7.0,3.0,2.0,9.0,6.0,2.193548387096774,0.4874551971326164,1.2186379928315412,0.9749103942652328,0.0,0.0,0.0,0.0,2.0,1.0,1.5528,1.0509,1.0,H
a7a292f0-f60e-4c6a-b7b2-6734f72c8d1a,5f5b7b9d-994d-4f33-97d8-064b2ae52b4f,2024,4,4,2024-09-14T14:00:00+00:00,db14882b-951f-4db5-860b-4ca2b8583311,67d3236c-6589-4978-b178-f6dcf50166d4,Brighton & Hove Albion FC,Ipswich Town FC,3,3,0,0,0.0,0.0,7.0,2.3333333333333335,2.0,0.6666666666666666,1.9166,1.3696333333333335,1.0,0.3333333333333333,0.6666666666666666,2.3333333333333335,0.5098666666666666,2.7320333333333333,7.0,2.3333333333333335,2.0,0.6666666666666666,1.9166,1.3696333333333335,1.0,0.3333333333333333,0.6666666666666666,2.3333333333333335,0.5098666666666666,2.7320333333333333,2.0,1.0,2.1415,1.2856,1.0,4.0,0.48,3.0782,14.104166666666666,14.0,0,1,4.0,17.0,2.3333333333333335,0.3333333333333333,7.0,1.0,1.4583333333333333,0.4861111111111111,0.4861111111111111,1.701388888888889,0.0,0.0,0.0,0.0,0.0,0.0,1.757,0.7213,1.0,D
b63dbc61-bae2-4899-9368-8518a4a7faf3,b454cd12-3c91-4df5-8f88-65a739896eb4,2024,4,4,2024-09-14T16:30:00+00:00,f8f456e7-3e20-4803-ba4e-b1762a31812c,60cb8be0-9c1e-4019-8b60-fd9ac2aa9f2d,Aston Villa FC,Everton FC,3,3,0,0,0.0,0.0,6.0,2.0,1.3333333333333333,1.3333333333333333,2.050266666666667,1.6644666666666668,0.0,0.0,0.6666666666666666,3.3333333333333335,1.2035,2.4530333333333334,6.0,2.0,1.3333333333333333,1.3333333333333333,2.050266666666667,1.6644666666666668,0.0,0.0,0.6666666666666666,3.3333333333333335,1.2035,2.4530333333333334,0.0,2.0,1.3166,1.414,0.0,4.0,0.6489,2.6114,14.104166666666666,14.104166666666666,0,0,9.0,20.0,2.0,0.0,6.0,0.0,1.0,1.0,0.5,2.5000000000000004,0.0,0.0,0.0,0.0,3.0,2.0,3.1588,0.8522,1.0,H
2e542127-67e6-448f-8202-855c088b5c01,082f188c-ef71-4443-84c4-788c696251d3,2024,4,4,2024-09-14T19:00:00+00:00,6601a105-9986-4276-89bf-143cdf03198a,1cb320b2-b42f-4131-8f5f-ef42e7f82540,AFC Bournemouth,Chelsea FC,3,3,0,0,0.0,0.0,5.0,1.6666666666666667,1.6666666666666667,1.3333333333333333,2.4670666666666667,1.8977666666666666,4.0,1.3333333333333333,2.3333333333333335,1.6666666666666667,2.0226666666666664,1.3527333333333331,5.0,1.6666666666666667,1.6666666666666667,1.3333333333333333,2.4670666666666667,1.8977666666666666,4.0,1.3333333333333333,2.3333333333333335,1.6666666666666667,2.0226666666666664,1.3527333333333331,1.0,1.0,2.5351,1.8929,6.0,2.0,2.0294,2.4181,14.208333333333334,13.270833333333334,0,1,10.0,13.0,1.6666666666666667,1.3333333333333333,5.0,4.0,1.221122112211221,0.9768976897689768,1.7095709570957096,1.221122112211221,0.0,0.0,0.0,0.0,0.0,1.0,1.5373,0.9327,1.0,A
c49d5fb3-c9b1-4946-8653-ffcf4a8ecc33,95116ca8-11e6-4d65-a85f-fbee374d2da4,2024,4,4,2024-09-15T13:00:00+00:00,c23d6b7a-dfaf-44a3-b016-1feb2dddec44,ead1bc2e-8799-410a-a809-66a274bbab2c,Tottenham Hotspur FC,Arsenal FC,3,3,0,0,0.0,0.0,4.0,1.3333333333333333,2.0,1.0,1.8840666666666668,1.0873,7.0,2.3333333333333335,1.6666666666666667,0.3333333333333333,1.8201,1.2366333333333333,4.0,1.3333333333333333,2.0,1.0,1.8840666666666668,1.0873,7.0,2.3333333333333335,1.6666666666666667,0.3333333333333333,1.8201,1.2366333333333333,4.0,0.0,2.6114,0.6489,2.0,0.0,1.414,1.3166,14.020833333333334,15.0625,0,0,13.0,6.0,1.3333333333333333,2.3333333333333335,4.0,7.0,1.4901960784313726,0.7450980392156863,1.2418300653594772,0.24836601307189543,0.0,0.0,0.0,0.0,0.0,1.0,0.7926,1.1209,1.0,A
00fd55e0-57cc-4358-b7b5-f8bde5e1e8cd,7f0ed3ec-22fb-4cdd-a616-6416a10fc4f7,2024,4,4,2024-09-15T15:30:00+00:00,fbffa344-2426-4b4b-9886-b8cd56ec69a1,c4045d6d-a715-4821-a800-cd9b505ad54b,Wolverhampton Wanderers FC,Newcastle United FC,3,3,0,0,0.0,0.0,1.0,0.3333333333333333,1.0,3.0,1.3105,1.689466666666667,7.0,2.3333333333333335,1.3333333333333333,0.6666666666666666,1.3044333333333333,2.0409666666666664,1.0,0.3333333333333333,1.0,3.0,1.3105,1.689466666666667,7.0,2.3333333333333335,1.3333333333333333,0.6666666666666666,1.3044333333333333,2.0409666666666664,2.0,6.0,2.4181,2.0294,1.0,1.0,1.8929,2.5351,15.0625,14.125,0,0,18.0,8.0,0.3333333333333333,2.3333333333333335,1.0,7.0,0.7572815533980582,2.2718446601941746,1.0097087378640777,0.5048543689320388,0.0,0.0,0.0,0.0,1.0,2.0,1.4697,1.4834,1.0,A
8964e229-3c20-43b0-8abe-dae0805e9aea,14e09104-296e-4597-bf40-155564cc2f3d,2024,5,5,2024-09-21T11:30:00+00:00,21ec0474-e758-4563-97a9-912aab00b4f5,1cb320b2-b42f-4131-8f5f-ef42e7f82540,West Ham United FC,Chelsea FC,4,4,0,0,0.0,0.0,4.0,1.0,1.25,1.5,1.4922,2.53135,7.0,1.75,2.0,1.25,1.7501749999999998,1.3988749999999999,4.0,1.0,1.25,1.5,1.4922,2.53135,7.0,1.75,2.0,1.25,1.7501749999999998,1.3988749999999999,1.0,2.5,1.87595,2.9316500000000003,3.5,1.0,1.48105,1.9777,6.895833333333333,6.6875,1,1,14.0,8.0,1.0,1.75,4.0,7.0,0.9433962264150944,1.1320754716981132,1.509433962264151,0.9433962264150944,0.0,0.0,0.0,0.0,0.0,3.0,0.7583,2.3973,1.0,A
4cbfd128-a686-4e7b-8bb5-6792441fb397,17d8d3d1-a4b0-4289-b5e3-f7066dea799c,2024,5,5,2024-09-21T14:00:00+00:00,f8f456e7-3e20-4803-ba4e-b1762a31812c,fbffa344-2426-4b4b-9886-b8cd56ec69a1,Aston Villa FC,Wolverhampton Wanderers FC,4,4,0,0,0.0,0.0,9.0,2.25,1.75,1.5,2.3274,1.4614,1.0,0.25,1.0,2.75,1.3503,1.63795,9.0,2.25,1.75,1.5,2.3274,1.4614,1.0,0.25,1.0,2.75,1.3503,1.63795,1.5,2.0,2.2377,1.1331,0.5,1.5,0.7566999999999999,1.5195,6.895833333333333,5.9375,1,1,6.0,18.0,2.25,0.25,9.0,1.0,1.31651376146789,1.128440366972477,0.7522935779816513,2.068807339449541,0.0,0.0,0.0,0.0,3.0,1.0,2.3735,0.5201,1.0,H
19c349ac-b247-4522-8713-45a529b9cfbe,df33acca-384e-4a87-8fd1-28500aa009f8,2024,5,5,2024-09-21T14:00:00+00:00,b552a1a6-4302-43ca-884c-0f91ac4f984b,c4045d6d-a715-4821-a800-cd9b505ad54b,Fulham FC,Newcastle United FC,4,4,0,0,0.0,0.0,5.0,1.25,1.0,1.0,1.613925,1.07235,10.0,2.5,1.5,0.75,1.349175,1.89815,5.0,1.25,1.0,1.0,1.613925,1.07235,10.0,2.5,1.5,0.75,1.349175,1.89815,1.5,1.0,2.4241,0.7698499999999999,1.5,1.0,1.68815,2.0023999999999997,7.0,5.9375,1,1,12.0,5.0,1.25,2.5,5.0,10.0,0.743362831858407,0.743362831858407,1.1150442477876106,0.5575221238938053,0.0,0.0,0.0,0.0,3.0,1.0,3.2114,1.0977,1.0,H
09a2bc69-a319-45b5-9a33-3dd7e8f492eb,f0d5c090-f62d-4574-8240-736ebaa41b65,2024,5,5,2024-09-21T14:00:00+00:00,618e770e-c6ac-4c3f-9994-bd2160f675bc,60cb8be0-9c1e-4019-8b60-fd9ac2aa9f2d,Leicester City FC,Everton FC,4,4,0,0,0.0,0.0,2.0,0.5,1.25,1.75,1.077425,2.105275,0.0,0.0,1.0,3.25,1.115675,2.6294750000000002,2.0,0.5,1.25,1.75,1.077425,2.105275,0.0,0.0,1.0,3.25,1.115675,2.6294750000000002,1.0,1.5,0.9004000000000001,1.78585,1.0,3.5,0.75055,2.8851,7.0,6.895833333333333,1,1,15.0,20.0,0.5,0.0,2.0,0.0,0.9188034188034189,1.2863247863247864,0.7350427350427351,2.388888888888889,0.0,0.0,0.0,0.0,1.0,1.0,1.3379,1.8238,1.0,D
510c5743-f615-4402-80e3-d66631a31c5b,84281ad8-b750-4184-a90b-078aa1e9dfba,2024,5,5,2024-09-21T14:00:00+00:00,54ed0f97-ad19-421c-a5c2-9b9d3fcbc72d,6601a105-9986-4276-89bf-143cdf03198a,Liverpool FC,AFC Bournemouth,4,4,0,0,0.0,0.0,9.0,2.25,1.75,0.25,2.480575,0.72255,5.0,1.25,1.25,1.25,2.234625,1.6564999999999999,9.0,2.25,1.75,0.25,2.480575,0.72255,5.0,1.25,1.25,1.25,2.234625,1.6564999999999999,1.0,0.5,1.9445999999999999,0.52335,2.0,1.5,2.43305,1.9002,7.0,6.791666666666667,1,1,6.0,12.0,2.25,1.25,9.0,5.0,1.2941176470588236,0.18487394957983194,0.9243697478991596,0.9243697478991596,0.0,0.0,0.0,0.0,3.0,0.0,2.4373,1.4698,1.0,H
b8aa06c0-510d-445c-b76f-dd8181530468,9002ccd9-80fe-4c86-8221-b98b4e6ff1e1,2024,5,5,2024-09-21T14:00:00+00:00,c23d6b7a-dfaf-44a3-b016-1feb2dddec44,66a313d1-2e21-49ad-a1c7-6f04cae6be69,Tottenham Hotspur FC,Brentford FC,4,4,0,0,0.0,0.0,4.0,1.0,1.5,1.0,1.6112,1.0957,6.0,1.5,1.5,1.5,1.687875,1.766575,4.0,1.0,1.5,1.0,1.6112,1.0957,6.0,1.5,1.5,1.5,1.687875,1.766575,2.0,0.5,1.702,0.8849,0.5,2.0,0.75405,2.1357999999999997,6.041666666666667,7.0,1,1,13.0,10.0,1.0,1.5,4.0,6.0,1.1065573770491803,0.7377049180327868,1.1065573770491803,1.1065573770491803,0.0,0.0,0.0,0.0,3.0,1.0,3.8948,0.8936,1.0,H
fb9795b0-7c47-4b19-b896-40f329d01d1e,1e391958-58b2-4aef-acbb-b8d841b8adea,2024,5,5,2024-09-21T14:00:00+00:00,f5c6f090-f823-4206-a821-17c11d35de43,67d3236c-6589-4978-b178-f6dcf50166d4,Southampton FC,Ipswich Town FC,4,4,0,0,0.0,0.0,0.0,0.0,0.25,2.0,1.2932000000000001,2.5469999999999997,2.0,0.5,0.5,1.75,0.562725,2.488275,0.0,0.0,0.25,2.0,1.2932000000000001,2.5469999999999997,2.0,0.5,0.5,1.75,0.562725,2.488275,0.0,2.0,0.7854500000000001,2.94585,0.5,2.0,0.60065,2.4175999999999997,7.104166666666667,7.0,1,1,20.0,17.0,0.0,0.5,0.0,2.0,0.18253968253968253,1.4603174603174602,0.36507936507936506,1.2777777777777777,0.0,0.0,0.0,0.0,1.0,1.0,2.8981,1.645,1.0,D
faa3bb37-0090-4010-8511-e92dbcb24617,e7602e82-5a4b-4eee-bc56-2e87c2287e8c,2024,5,5,2024-09-21T16:30:00+00:00,74bd08fa-27db-4bb0-8490-f57f6ed6b8e9,48fc005c-cbfc-4e4d-b7f1-459dce6cf940,Crystal Palace FC,Manchester United FC,4,4,0,0,0.0,0.0,2.0,0.5,1.0,1.75,1.46765,1.886025,6.0,1.5,1.25,1.25,1.964025,1.505025,2.0,0.5,1.0,1.75,1.46765,1.886025,6.0,1.5,1.25,1.25,1.964025,1.505025,1.0,2.0,2.13165,1.5930499999999999,2.0,1.0,2.15625,1.7487000000000001,7.104166666666667,7.208333333333333,1,1,17.0,11.0,0.5,1.5,2.0,6.0,0.734375,1.28515625,0.91796875,0.91796875,0.0,0.0,0.0,0.0,0.0,0.0,1.6693,2.3506,1.0,D
0a4591c0-a900-4683-8436-035566566008,f48e1038-f81d-4251-a1e7-70efdd3d360e,2024,5,5,2024-09-22T13:00:00+00:00,db14882b-951f-4db5-860b-4ca2b8583311,5421e81a-b7dd-48b1-9982-42644e8dcf9f,Brighton & Hove Albion FC,Nottingham Forest FC,4,4,0,0,0.0,0.0,8.0,2.0,1.5,0.5,1.8767,1.2075500000000001,8.0,2.0,1.0,0.5,1.527275,1.05805,8.0,2.0,1.5,0.5,1.8767,1.2075500000000001,8.0,2.0,1.0,0.5,1.527275,1.05805,1.0,0.5,1.9492500000000001,1.00345,1.0,0.0,1.72715,0.6927000000000001,7.958333333333333,7.958333333333333,1,1,7.0,9.0,2.0,2.0,8.0,8.0,1.125,0.375,0.75,0.375,0.0,0.0,0.0,0.0,2.0,2.0,1.5684,1.3692,1.0,D
1f39d5a1-de64-4fd8-9855-f750583a8e74,45dfa6d4-ba3b-4dec-a255-84171aafe358,2024,5,5,2024-09-22T15:30:00+00:00,33d2f100-682f-4a5e-9aa3-5cc57e1e8571,ead1bc2e-8799-410a-a809-66a274bbab2c,Manchester City FC,Arsenal FC,4,4,0,0,0.0,0.0,12.0,3.0,2.75,0.75,2.2511,0.884825,10.0,2.5,1.5,0.25,1.6453,1.1256249999999999,12.0,3.0,2.75,0.75,2.2511,0.884825,10.0,2.5,1.5,0.25,1.6453,1.1256249999999999,3.0,1.0,2.3155,0.76545,1.5,0.0,1.26745,1.0546,8.0625,7.104166666666667,1,1,2.0,5.0,3.0,2.5,12.0,10.0,2.041666666666667,0.5568181818181819,1.1136363636363638,0.1856060606060606,0.0,0.0,0.0,0.0,2.0,2.0,2.7559,1.2841,1.0,D
ae31404a-97b6-4808-8c78-ffbcb7fb64b3,7107a98f-1927-4cd6-9ae7-f7f26af313c3,2024,6,6,2024-09-28T11:30:00+00:00,c4045d6d-a715-4821-a800-cd9b505ad54b,33d2f100-682f-4a5e-9aa3-5cc57e1e8571,Newcastle United FC,Manchester City FC,5,5,0,0,0.0,0.0,10.0,2.0,1.4,1.2,1.29888,2.1608,13.0,2.6,2.6,1.0,2.35206,0.9646799999999999,10.0,2.0,1.4,1.2,1.29888,2.1608,13.0,2.6,2.6,1.0,2.35206,0.9646799999999999,1.5,0.5,1.0102,1.7939,2.5,0.5,2.1867,1.0042,6.895833333333333,5.833333333333333,2,2,6.0,1.0,2.0,2.6,10.0,13.0,1.0294117647058822,0.8823529411764705,1.9117647058823528,0.7352941176470588,0.0,0.0,0.0,0.0,1.0,1.0,1.3434,1.2652,1.0,D
24b77d7d-610c-4b6e-a78c-c74855a7bf2e,d8daa36b-8f90-426e-8817-be33b8dc8796,2024,6,6,2024-09-28T14:00:00+00:00,ead1bc2e-8799-410a-a809-66a274bbab2c,618e770e-c6ac-4c3f-9994-bd2160f675bc,Arsenal FC,Leicester City FC,5,5,0,0,0.0,0.0,11.0,2.2,1.6,0.6,1.5730600000000001,1.45168,3.0,0.6,1.2,1.6,1.1295199999999999,2.04898,11.0,2.2,1.6,0.6,1.5730600000000001,1.45168,3.0,0.6,1.2,1.6,1.1295199999999999,2.04898,1.5,0.5,2.0231500000000002,1.19665,1.5,2.0,1.2544499999999998,2.4247,5.9375,7.0,2,2,4.0,15.0,2.2,0.6,11.0,3.0,1.182608695652174,0.44347826086956516,0.8869565217391303,1.182608695652174,0.0,0.0,0.0,0.0,4.0,2.0,6.0531,0.3379,1.0,H
1ff437e4-84aa-4088-aab2-cdf920e41ee6,3521b28e-13d7-4c16-a136-c317b6cea772,2024,6,6,2024-09-28T14:00:00+00:00,66a313d1-2e21-49ad-a1c7-6f04cae6be69,21ec0474-e758-4563-97a9-912aab00b4f5,Brentford FC,West Ham United FC,5,5,0,0,0.0,0.0,6.0,1.2,1.4,1.8,1.52902,2.19222,4.0,0.8,1.0,1.8,1.34542,2.50454,6.0,1.2,1.4,1.8,1.52902,2.19222,4.0,0.8,1.0,1.8,1.34542,2.50454,2.5,1.0,2.6217,1.3973499999999999,1.5,0.5,1.10845,2.13105,7.0,7.104166666666667,2,2,12.0,14.0,1.2,0.8,6.0,4.0,1.011111111111111,1.3,0.7222222222222222,1.3,0.0,0.0,0.0,0.0,1.0,1.0,0.3702,0.8786,1.0,D
119895d9-99c9-4a44-8538-7be32657285e,e88866dd-dbe5-4489-b5cb-1a57c07e98da,2024,6,6,2024-09-28T14:00:00+00:00,1cb320b2-b42f-4131-8f5f-ef42e7f82540,db14882b-951f-4db5-860b-4ca2b8583311,Chelsea FC,Brighton & Hove Albion FC,5,5,0,0,0.0,0.0,10.0,2.0,2.2,1.0,1.8796,1.27076,9.0,1.8,1.6,0.8,1.8150400000000002,1.23988,10.0,2.0,2.2,1.0,1.8796,1.27076,9.0,1.8,1.6,0.8,1.8150400000000002,1.23988,0.5,1.5,2.0193,0.82005,2.0,0.5,1.80415,1.41165,7.104166666666667,6.041666666666667,2,2,6.0,7.0,2.0,1.8,10.0,9.0,1.597260273972603,0.726027397260274,1.1616438356164385,0.5808219178082192,0.0,0.0,0.0,0.0,4.0,2.0,3.6584,1.2071,1.0,H
d01c7974-52ff-41ce-a6b2-fe706255d19c,c512a530-6cf3-42f9-8cdf-f93f8dc47f84,2024,6,6,2024-09-28T14:00:00+00:00,60cb8be0-9c1e-4019-8b60-fd9ac2aa9f2d,74bd08fa-27db-4bb0-8490-f57f6ed6b8e9,Everton FC,Crystal Palace FC,5,5,0,0,0.0,0.0,1.0,0.2,1.0,2.8,1.2573,2.37116,3.0,0.6,0.8,1.4,1.50798,1.9789400000000001,1.0,0.2,1.0,2.8,1.2573,2.37116,3.0,0.6,0.8,1.4,1.50798,1.9789400000000001,1.0,3.0,1.4808,2.37385,1.0,1.5,0.80365,2.179,7.0,6.895833333333333,2,2,19.0,15.0,0.2,0.6,1.0,3.0,0.7105263157894737,1.989473684210526,0.5684210526315789,0.994736842105263,0.0,0.0,0.0,0.0,2.0,1.0,1.1096,1.1236,1.0,H
03046fb9-7ab1-42c0-98d2-c664a6be5295,bda35e87-6327-4286-a4a0-a1702881b21a,2024,6,6,2024-09-28T14:00:00+00:00,5421e81a-b7dd-48b1-9982-42644e8dcf9f,b552a1a6-4302-43ca-884c-0f91ac4f984b,Nottingham Forest FC,Fulham FC,5,5,0,0,0.0,0.0,9.0,1.8,1.2,0.8,1.49566,1.16012,8.0,1.6,1.4,1.0,1.93342,1.07742,9.0,1.8,1.2,0.8,1.49566,1.16012,8.0,1.6,1.4,1.0,1.93342,1.07742,1.0,1.0,1.3274,1.4234,0.5,1.0,0.8037500000000001,1.37485,6.041666666666667,7.0,2,2,8.0,9.0,1.8,1.6,9.0,8.0,0.8516129032258064,0.567741935483871,0.9935483870967741,0.7096774193548386,0.0,0.0,0.0,0.0,0.0,1.0,0.6144,1.4359,1.0,A
92b2cd54-5df2-40cc-a42a-20e591ba5600,2a744e5f-3390-4741-afbf-d45b122743d4,2024,6,6,2024-09-28T16:30:00+00:00,fbffa344-2426-4b4b-9886-b8cd56ec69a1,54ed0f97-ad19-421c-a5c2-9b9d3fcbc72d,Wolverhampton Wanderers FC,Liverpool FC,5,5,0,0,0.0,0.0,1.0,0.2,1.0,2.8,1.1842599999999999,1.78506,12.0,2.4,2.0,0.2,2.47192,0.8720000000000001,1.0,0.2,1.0,2.8,1.1842599999999999,1.78506,12.0,2.4,2.0,0.2,2.47192,0.8720000000000001,1.5,4.0,1.9439,1.7564,2.5,0.0,3.01655,0.92175,7.104166666666667,7.104166666666667,2,1,20.0,4.0,0.2,2.4,1.0,12.0,0.717948717948718,2.01025641025641,1.435897435897436,0.1435897435897436,0.0,0.0,0.0,0.0,1.0,2.0,0.7489,2.1172,1.0,A
1b1a5c43-9953-4649-a7a5-8b094c3c4d09,28dc4b05-adde-4e5d-a1dc-52f58b1a0de4,2024,6,6,2024-09-29T13:00:00+00:00,67d3236c-6589-4978-b178-f6dcf50166d4,f8f456e7-3e20-4803-ba4e-b1762a31812c,Ipswich Town FC,Aston Villa FC,5,5,0,0,0.0,0.0,3.0,0.6,0.6,1.6,0.77918,2.57024,12.0,2.4,2.0,1.4,2.33662,1.2731400000000002,3.0,0.6,0.6,1.6,0.77918,2.57024,12.0,2.4,2.0,1.4,2.33662,1.2731400000000002,0.5,1.5,0.5247999999999999,2.5589500000000003,2.0,1.0,2.4171,1.7897,7.958333333333333,7.958333333333333,1,1,18.0,5.0,0.6,2.4,3.0,12.0,0.43018867924528303,1.147169811320755,1.4339622641509435,1.0037735849056604,0.0,0.0,0.0,0.0,2.0,2.0,1.8461,1.1449,1.0,D
7416af62-64b3-4368-a0ec-b7a760fd32db,5523824e-e89b-4d99-94b8-9fa7f49f777b,2024,6,6,2024-09-29T15:30:00+00:00,48fc005c-cbfc-4e4d-b7f1-459dce6cf940,c23d6b7a-dfaf-44a3-b016-1feb2dddec44,Manchester United FC,Tottenham Hotspur FC,5,5,0,0,0.0,0.0,7.0,1.4,1.0,1.0,2.04134,1.53788,7.0,1.4,1.8,1.0,2.06792,1.05528,7.0,1.4,1.0,1.0,2.04134,1.53788,7.0,1.4,1.8,1.0,2.06792,1.05528,0.5,1.5,1.7717999999999998,1.26135,1.0,1.5,1.5204,1.3065,7.958333333333333,8.0625,1,1,11.0,10.0,1.4,1.4,7.0,7.0,0.7116564417177914,0.7116564417177914,1.2809815950920247,0.7116564417177914,0.0,0.0,0.0,0.0,0.0,3.0,0.6007,5.4072,1.0,A
4da65d4f-6c2e-409b-9585-9b3ea392443a,fdc9b235-00e3-4f8b-92fc-564684f39a03,2024,6,6,2024-09-30T19:00:00+00:00,6601a105-9986-4276-89bf-143cdf03198a,f5c6f090-f823-4206-a821-17c11d35de43,AFC Bournemouth,Southampton FC,5,5,0,0,0.0,0.0,5.0,1.0,1.0,1.6,2.0816600000000003,1.81266,1.0,0.2,0.4,1.8,1.61418,2.3666,5.0,1.0,1.0,1.6,2.0816600000000003,1.81266,1.0,0.2,0.4,1.8,1.61418,2.3666,0.5,1.0,2.0362,1.4128,0.5,2.0,1.80095,2.1481500000000002,9.208333333333334,9.208333333333334,1,1,13.0,19.0,1.0,0.2,5.0,1.0,0.7108433734939759,1.1373493975903615,0.28433734939759037,1.2795180722891566,0.0,0.0,0.0,0.0,3.0,1.0,1.4422,0.6961,1.0,H
6c65a9eb-03ab-45bf-a5d0-3a4cfc056815,832f956e-c739-4338-b7ab-22d1715a7fca,2024,7,7,2024-10-05T11:30:00+00:00,74bd08fa-27db-4bb0-8490-f57f6ed6b8e9,54ed0f97-ad19-421c-a5c2-9b9d3fcbc72d,Crystal Palace FC,Liverpool FC,6,6,0,0,0.0,0.0,3.0,0.6,0.8,1.4,1.50318,1.92474,12.0,2.4,2.0,0.4,2.10954,0.95326,3.0,0.5,0.8333333333333334,1.5,1.4439166666666665,1.8340500000000002,15.0,2.5,2.0,0.3333333333333333,2.4128000000000003,0.8514833333333334,0.6666666666666666,1.3333333333333333,1.9775333333333334,1.8455666666666666,2.3333333333333335,0.3333333333333333,2.7167666666666666,0.8641333333333333,6.895833333333333,6.791666666666667,2,2,18.0,1.0,0.5,2.5,3.0,15.0,0.5882352941176471,1.0588235294117647,1.4117647058823528,0.2352941176470588,0.0,0.0,0.0,0.0,0.0,1.0,0.6095,2.0733,1.0,A
86e8dbd4-936c-4bb9-9ec6-04eac876dab7,780a658c-6c81-406c-8258-a7040d175e6d,2024,7,7,2024-10-05T14:00:00+00:00,ead1bc2e-8799-410a-a809-66a274bbab2c,f5c6f090-f823-4206-a821-17c11d35de43,Arsenal FC,Southampton FC,6,6,0,0,0.0,0.0,11.0,2.2,2.0,1.0,2.45802,1.4041000000000001,1.0,0.2,0.6,2.2,1.3624399999999999,2.56834,14.0,2.3333333333333335,2.0,0.8333333333333334,2.319733333333333,1.26605,1.0,0.16666666666666666,0.5,2.0,1.4611666666666665,2.2125333333333335,2.3333333333333335,1.0,3.3664666666666663,0.9104,0.6666666666666666,2.3333333333333335,1.4326666666666668,1.9128333333333334,7.0,4.791666666666667,2,2,3.0,19.0,2.3333333333333335,0.16666666666666666,14.0,1.0,1.4269005847953218,0.594541910331384,0.35672514619883045,1.4269005847953218,0.0,0.0,0.0,0.0,3.0,1.0,3.2517,1.2731,1.0,H
e7f601fb-3236-4d67-84cf-d36bd1c92f43,17698c74-10fe-4b64-90f9-99dc4d12e33d,2024,7,7,2024-10-05T14:00:00+00:00,66a313d1-2e21-49ad-a1c7-6f04cae6be69,fbffa344-2426-4b4b-9886-b8cd56ec69a1,Brentford FC,Wolverhampton Wanderers FC,6,6,0,0,0.0,0.0,4.0,0.8,1.2,1.8,1.32694,2.13842,1.0,0.2,1.2,2.8,1.21888,1.8828399999999998,7.0,1.1666666666666667,1.3333333333333333,1.6666666666666667,1.3358833333333333,1.9732833333333335,1.0,0.16666666666666666,1.0,2.6666666666666665,1.1117,1.8404166666666668,2.0,1.0,1.8712,1.2244333333333335,0.6666666666666666,2.0,0.6778333333333334,1.8041666666666665,7.0,6.895833333333333,2,2,12.0,19.0,1.1666666666666667,0.16666666666666666,7.0,1.0,0.9447619047619047,1.180952380952381,0.7085714285714285,1.8895238095238094,0.0,0.0,0.0,0.0,5.0,3.0,4.1351,0.6963,1.0,H
53b5ebfb-6815-437c-8c1d-4164440257ff,d2e7f695-0f77-4a7e-a01a-025848633c47,2024,7,7,2024-10-05T14:00:00+00:00,618e770e-c6ac-4c3f-9994-bd2160f675bc,6601a105-9986-4276-89bf-143cdf03198a,Leicester City FC,AFC Bournemouth,6,6,0,0,0.0,0.0,2.0,0.4,1.4,2.2,0.9918800000000001,2.97804,7.0,1.4,1.4,1.6,1.98826,1.70306,3.0,0.5,1.3333333333333333,2.0,0.9975833333333334,2.716333333333333,8.0,1.3333333333333333,1.3333333333333333,1.5,1.9750833333333333,1.6265666666666665,1.0,1.3333333333333333,1.0462333333333333,1.7985,1.3333333333333333,2.0,2.111966666666667,2.0792333333333333,7.0,4.791666666666667,2,2,17.0,12.0,0.5,1.3333333333333333,3.0,8.0,0.9180327868852459,1.3770491803278688,0.9180327868852459,1.0327868852459017,0.0,0.0,0.0,0.0,1.0,0.0,0.9121,1.9496,1.0,H
c92b4955-8541-4998-8b02-6682d347ac9a,9740e39a-4e81-47f6-a25c-f9ad9a3d6ffc,2024,7,7,2024-10-05T14:00:00+00:00,33d2f100-682f-4a5e-9aa3-5cc57e1e8571,b552a1a6-4302-43ca-884c-0f91ac4f984b,Manchester City FC,Fulham FC,6,6,0,0,0.0,0.0,11.0,2.2,2.4,1.2,2.36902,1.02112,11.0,2.2,1.6,0.8,2.13686,0.7917599999999999,14.0,2.3333333333333335,2.3333333333333335,1.0,2.1709166666666664,1.0278,11.0,1.8333333333333333,1.3333333333333333,0.8333333333333334,1.8505,1.00025,2.6666666666666665,1.3333333333333333,2.4623,0.9383333333333334,0.6666666666666666,0.6666666666666666,1.0144666666666666,1.1213666666666666,7.104166666666667,7.0,2,2,3.0,6.0,2.3333333333333335,1.8333333333333333,14.0,11.0,1.6231884057971016,0.6956521739130435,0.9275362318840579,0.5797101449275363,0.0,0.0,0.0,0.0,3.0,2.0,1.3668,2.7585,1.0,H
995dcdd3-350b-420b-9f28-2943454d5178,cafc60dc-7b3e-436e-ae62-328641a2fd6b,2024,7,7,2024-10-05T14:00:00+00:00,21ec0474-e758-4563-97a9-912aab00b4f5,67d3236c-6589-4978-b178-f6dcf50166d4,West Ham United FC,Ipswich Town FC,6,6,0,0,0.0,0.0,5.0,1.0,1.0,1.6,0.9602,2.04452,4.0,0.8,1.0,1.6,1.07988,2.0134,5.0,0.8333333333333334,1.0,1.6666666666666667,1.2676166666666666,2.148816666666667,4.0,0.6666666666666666,0.8333333333333334,1.6666666666666667,0.957,2.332683333333333,0.6666666666666666,2.6666666666666665,1.5034,2.7535333333333334,0.6666666666666666,1.6666666666666667,0.9487666666666668,2.5777666666666668,7.0,6.041666666666667,1,2,15.0,16.0,0.8333333333333334,0.6666666666666666,5.0,4.0,0.6878306878306879,1.146384479717813,0.5731922398589065,1.146384479717813,0.0,0.0,0.0,0.0,4.0,1.0,4.394,1.1846,1.0,H
b1ae2e47-b190-49a9-845e-73dd54821c78,86686635-8a32-4349-8926-ac5be8bf75f0,2024,7,7,2024-10-05T16:30:00+00:00,60cb8be0-9c1e-4019-8b60-fd9ac2aa9f2d,c4045d6d-a715-4821-a800-cd9b505ad54b,Everton FC,Newcastle United FC,6,6,0,0,0.0,0.0,4.0,0.8,1.4,2.4,1.39816,2.2377200000000004,8.0,1.6,1.4,1.4,1.48086,2.02288,4.0,0.6666666666666666,1.1666666666666667,2.5,1.2326833333333334,2.1632333333333333,11.0,1.8333333333333333,1.3333333333333333,1.1666666666666667,1.3063,2.0115333333333334,1.3333333333333333,2.3333333333333335,1.3570666666666664,1.9570999999999998,1.3333333333333333,1.6666666666666667,1.4913333333333334,2.4053999999999998,7.104166666666667,7.208333333333333,1,1,16.0,7.0,0.6666666666666666,1.8333333333333333,4.0,11.0,0.7938144329896908,1.7010309278350515,0.9072164948453607,0.7938144329896908,0.0,0.0,0.0,0.0,0.0,0.0,0.6922,1.7905,1.0,D
c7f4e4f0-aeaf-44ee-b373-30acbe54f871,c172f170-2e16-46fc-a9c9-1255b872cc67,2024,7,7,2024-10-06T13:00:00+00:00,f8f456e7-3e20-4803-ba4e-b1762a31812c,48fc005c-cbfc-4e4d-b7f1-459dce6cf940,Aston Villa FC,Manchester United FC,6,6,0,0,0.0,0.0,10.0,2.0,2.0,1.6,2.03154,1.08142,4.0,0.8,0.8,1.6,1.75294,2.53558,13.0,2.1666666666666665,2.0,1.5,2.138,1.3686333333333334,7.0,1.1666666666666667,0.8333333333333334,1.3333333333333333,1.8012333333333332,2.1827666666666667,2.0,1.6666666666666667,2.2829666666666664,0.9287666666666666,1.3333333333333333,0.6666666666666666,2.221033333333333,1.7222333333333335,7.0,6.895833333333333,1,1,5.0,14.0,2.1666666666666665,1.1666666666666667,13.0,7.0,1.3814432989690721,1.0360824742268042,0.5756013745704468,0.9209621993127147,0.0,0.0,0.0,0.0,0.0,0.0,0.5328,0.4485,1.0,D
b5e9dbf3-09bf-4af8-a172-c04f8a653a2d,fb048e39-86f7-485e-bd9e-c08eafb21aaf,2024,7,7,2024-10-06T13:00:00+00:00,1cb320b2-b42f-4131-8f5f-ef42e7f82540,5421e81a-b7dd-48b1-9982-42644e8dcf9f,Chelsea FC,Nottingham Forest FC,6,6,0,0,0.0,0.0,13.0,2.6,3.0,1.0,2.39904,1.2761,8.0,1.6,1.0,0.8,1.3697199999999998,1.06546,13.0,2.1666666666666665,2.5,1.1666666666666667,2.176066666666667,1.26015,9.0,1.5,1.0,0.8333333333333334,1.3487833333333334,1.2060833333333334,1.6666666666666667,1.6666666666666667,2.5656666666666665,0.9490666666666666,1.3333333333333333,0.6666666666666666,1.6078333333333334,0.9846,7.958333333333333,7.958333333333333,1,2,5.0,11.0,2.1666666666666665,1.5,13.0,9.0,1.7525773195876289,0.8178694158075601,0.7010309278350515,0.584192439862543,0.0,0.0,0.0,0.0,1.0,1.0,2.2775,1.6665,1.0,D
05bf0c39-f3d8-465f-a5d4-2a118c037a6e,8f0c0622-34e5-4325-96fd-9ef2764f3c53,2024,7,7,2024-10-06T15:30:00+00:00,db14882b-951f-4db5-860b-4ca2b8583311,c23d6b7a-dfaf-44a3-b016-1feb2dddec44,Brighton & Hove Albion FC,Tottenham Hotspur FC,6,6,0,0,0.0,0.0,6.0,1.2,1.4,1.6,1.6983000000000001,1.8905,9.0,1.8,2.2,0.8,2.8678,0.9702,9.0,1.5,1.6666666666666667,1.3333333333333333,1.7137166666666666,1.642966666666667,10.0,1.6666666666666667,2.0,0.8333333333333334,2.6244666666666667,0.9795166666666667,1.3333333333333333,1.0,1.8223,1.1253666666666666,1.6666666666666667,1.0,2.8160000000000003,1.0712333333333335,8.0625,7.0,1,1,11.0,8.0,1.5,1.6666666666666667,9.0,10.0,1.1734693877551021,0.9387755102040816,1.4081632653061225,0.5867346938775511,0.0,0.0,0.0,0.0,3.0,2.0,1.9722,1.0928,1.0,H
e1a08b3a-3bc7-46ae-a676-76580c805f5f,5aa4a65b-d24e-4431-83a5-221f78dc668a,2024,8,8,2024-10-19T11:30:00+00:00,c23d6b7a-dfaf-44a3-b016-1feb2dddec44,21ec0474-e758-4563-97a9-912aab00b4f5,Tottenham Hotspur FC,West Ham United FC,7,7,0,0,0.0,0.0,6.0,1.2,1.8,1.4,2.5640799999999997,1.2348599999999998,5.0,1.0,1.4,1.8,1.53216,2.00622,10.0,1.4285714285714286,2.0,1.1428571428571428,2.405657142857143,1.1213285714285715,8.0,1.1428571428571428,1.4285714285714286,1.5714285714285714,1.7142428571428572,2.011071428571429,2.3333333333333335,0.6666666666666666,2.432933333333333,0.8878,1.3333333333333333,0.6666666666666666,1.0318333333333334,1.5441,12.833333333333334,13.895833333333334,1,1,9.0,12.0,1.4285714285714286,1.1428571428571428,10.0,8.0,1.3930348258706469,0.7960199004975124,0.9950248756218906,1.0945273631840795,0.0,0.0,0.0,0.0,4.0,1.0,1.4405,0.8588,1.0,H
5a07caec-94e1-4911-b923-ae11942b1b6a,dc58a30b-fb36-49f6-a187-84842b71149a,2024,8,8,2024-10-19T14:00:00+00:00,b552a1a6-4302-43ca-884c-0f91ac4f984b,f8f456e7-3e20-4803-ba4e-b1762a31812c,Fulham FC,Aston Villa FC,7,7,0,0,0.0,0.0,8.0,1.6,1.6,1.2,2.29612,0.8937199999999998,11.0,2.2,2.0,1.2,1.87478,0.88832,11.0,1.5714285714285714,1.4285714285714286,1.1428571428571428,1.9802142857142857,1.0526142857142857,14.0,2.0,1.7142857142857142,1.2857142857142858,1.908685714285714,1.237185714285714,2.0,1.0,2.686533333333333,0.8791333333333333,2.0,1.3333333333333333,1.9930333333333332,1.8085000000000002,14.0,13.041666666666666,1,1,9.0,5.0,1.5714285714285714,2.0,11.0,14.0,0.984743411927878,0.7877947295423022,1.1816920943134535,0.8862690707350902,0.0,0.0,0.0,0.0,1.0,3.0,2.6307,1.436,1.0,A
c6b8e133-8243-4313-8e9f-410a7b92a7ad,2d93ef59-a276-4e29-a068-d61a8b8ba067,2024,8,8,2024-10-19T14:00:00+00:00,c4045d6d-a715-4821-a800-cd9b505ad54b,db14882b-951f-4db5-860b-4ca2b8583311,Newcastle United FC,Brighton & Hove Albion FC,7,7,0,0,0.0,0.0,8.0,1.6,1.2,1.2,1.46038,1.6542999999999999,6.0,1.2,1.6,1.8,1.6644400000000001,1.8519400000000001,12.0,1.7142857142857142,1.1428571428571428,1.0,1.3754714285714285,1.823057142857143,12.0,1.7142857142857142,1.8571428571428572,1.4285714285714286,1.7506428571428572,1.5643714285714285,1.3333333333333333,0.6666666666666666,1.1212666666666666,1.6176666666666666,2.0,1.6666666666666667,1.6051333333333335,2.1605666666666665,13.895833333333334,12.9375,1,1,8.0,7.0,1.7142857142857142,1.7142857142857142,12.0,12.0,0.7836734693877551,0.6857142857142857,1.2734693877551022,0.979591836734694,0.0,0.0,0.0,0.0,0.0,1.0,1.9366,1.6779,1.0,A
90ccaf6b-67fd-441c-b418-9dbe86842130,a6f6e535-c7a6-4c09-a1e9-320a446ec515,2024,8,8,2024-10-19T14:00:00+00:00,f5c6f090-f823-4206-a821-17c11d35de43,618e770e-c6ac-4c3f-9994-bd2160f675bc,Southampton FC,Leicester City FC,7,7,0,0,0.0,0.0,1.0,0.2,0.8,2.6,1.57406,2.64572,5.0,1.0,1.4,1.8,1.0029,2.97552,1.0,0.14285714285714285,0.5714285714285714,2.142857142857143,1.4343000000000001,2.3609857142857145,6.0,0.8571428571428571,1.2857142857142858,1.7142857142857142,0.9853714285714286,2.6068,0.3333333333333333,1.6666666666666667,1.4896666666666667,2.512233333333333,1.6666666666666667,2.6666666666666665,0.9489333333333333,3.6341666666666668,14.0,14.0,1,1,19.0,15.0,0.14285714285714285,0.8571428571428571,1.0,6.0,0.39539607312119157,1.4827352742044684,0.8896411645226812,1.1861882193635747,0.0,0.0,0.0,0.0,2.0,3.0,2.4278,2.8383,1.0,A
a17de415-634b-4301-b698-88ee959d63b8,71f74ca3-549e-427e-b8e1-c25093cbc03b,2024,8,8,2024-10-19T14:00:00+00:00,67d3236c-6589-4978-b178-f6dcf50166d4,60cb8be0-9c1e-4019-8b60-fd9ac2aa9f2d,Ipswich Town FC,Everton FC,7,7,0,0,0.0,0.0,4.0,0.8,1.0,1.6,1.2208,2.27656,5.0,1.0,1.4,1.6,1.40682,2.07354,4.0,0.5714285714285714,0.8571428571428571,2.0,0.9895142857142858,2.627157142857143,5.0,0.7142857142857143,1.0,2.142857142857143,1.1554714285714287,2.109985714285714,1.0,1.6666666666666667,0.9652333333333334,2.0876,1.0,2.6666666666666665,1.1083,2.3693666666666666,14.0,13.895833333333334,1,1,17.0,16.0,0.5714285714285714,0.7142857142857143,4.0,5.0,0.5873015873015873,1.3703703703703705,0.6851851851851852,1.4682539682539681,0.0,0.0,0.0,0.0,0.0,2.0,1.174,1.608,1.0,A
b2923d33-9403-46af-bf82-3fb0efeb0b16,7bdd7204-ba6a-4470-a5d5-f286bf115395,2024,8,8,2024-10-19T14:00:00+00:00,48fc005c-cbfc-4e4d-b7f1-459dce6cf940,66a313d1-2e21-49ad-a1c7-6f04cae6be69,Manchester United FC,Brentford FC,7,7,0,0,0.0,0.0,5.0,1.0,0.6,1.2,1.58552,2.2138400000000003,7.0,1.4,2.2,2.0,2.06252,1.7339200000000001,8.0,1.1428571428571428,0.7142857142857143,1.1428571428571428,1.6079857142857144,1.9470571428571428,10.0,1.4285714285714286,1.8571428571428572,1.8571428571428572,1.7357714285714287,1.7908571428571427,0.3333333333333333,2.0,1.381433333333333,2.6433,0.6666666666666666,2.3333333333333335,0.8005666666666666,2.7221333333333333,13.041666666666666,14.0,1,1,14.0,11.0,1.1428571428571428,1.4285714285714286,8.0,10.0,0.49148099606815204,0.7863695937090431,1.2778505897771952,1.2778505897771952,0.0,0.0,0.0,0.0,2.0,1.0,1.7656,0.8928,1.0,H
af649362-6e1a-4ec8-95d2-f23791b22745,fd0e8c45-1830-45a1-b896-9e50ff29dd30,2024,8,8,2024-10-19T16:30:00+00:00,6601a105-9986-4276-89bf-143cdf03198a,ead1bc2e-8799-410a-a809-66a274bbab2c,AFC Bournemouth,Arsenal FC,7,7,0,0,0.0,0.0,6.0,1.2,1.2,1.6,1.8711600000000002,1.5069,11.0,2.2,2.2,1.2,2.8255600000000003,1.3954,8.0,1.1428571428571428,1.1428571428571428,1.4285714285714286,1.9714428571428573,1.5245,17.0,2.4285714285714284,2.142857142857143,0.8571428571428571,2.4528714285714286,1.2670571428571427,1.3333333333333333,1.0,1.8381999999999998,1.1739,1.6666666666666667,0.6666666666666666,1.273,1.6217,14.104166666666666,14.104166666666666,0,0,14.0,3.0,1.1428571428571428,2.4285714285714284,8.0,17.0,0.7860374919198448,0.982546864899806,1.473820297349709,0.5895281189398835,0.0,0.0,0.0,0.0,2.0,0.0,2.1842,0.7408,1.0,H
dc607d1d-cd7f-4fd8-aa26-90535d66c079,b392d1a3-5cad-4641-879b-fa0fddc42f27,2024,8,8,2024-10-20T13:00:00+00:00,fbffa344-2426-4b4b-9886-b8cd56ec69a1,33d2f100-682f-4a5e-9aa3-5cc57e1e8571,Wolverhampton Wanderers FC,Manchester City FC,7,7,0,0,0.0,0.0,1.0,0.2,1.4,2.6,0.8745200000000001,2.30398,11.0,2.2,2.2,1.4,2.02674,1.47682,1.0,0.14285714285714285,1.2857142857142858,3.0,1.052357142857143,2.1682285714285716,17.0,2.4285714285714284,2.4285714285714284,1.1428571428571428,2.0560428571428573,1.2750428571428571,1.3333333333333333,3.3333333333333335,1.5455666666666668,1.8766666666666667,2.0,0.6666666666666666,1.8795333333333335,1.1172666666666666,14.958333333333334,14.958333333333334,0,0,19.0,2.0,0.14285714285714285,2.4285714285714284,1.0,17.0,0.8878923766816145,2.071748878923767,1.6771300448430493,0.7892376681614349,0.0,0.0,0.0,0.0,1.0,2.0,0.7612,1.3657,1.0,A
4f10616e-da86-4058-bfcf-7b328346b5c7,7f1529bf-9b9f-4d23-9955-53c7733f6a60,2024,8,8,2024-10-20T15:30:00+00:00,54ed0f97-ad19-421c-a5c2-9b9d3fcbc72d,1cb320b2-b42f-4131-8f5f-ef42e7f82540,Liverpool FC,Chelsea FC,7,7,0,0,0.0,0.0,12.0,2.4,1.8,0.4,1.9804400000000002,0.9837199999999999,11.0,2.2,2.0,0.8,2.44866,1.12578,18.0,2.5714285714285716,1.8571428571428572,0.2857142857142857,2.3643,0.8169142857142857,14.0,2.0,2.2857142857142856,1.1428571428571428,2.1905571428571426,1.3181999999999998,1.6666666666666667,0.3333333333333333,2.1088333333333336,0.8388333333333334,3.3333333333333335,0.6666666666666666,1.7864666666666666,1.5712333333333335,15.166666666666666,14.104166666666666,0,0,2.0,6.0,2.5714285714285716,2.0,18.0,14.0,1.281921618204804,0.19721871049304676,1.577749683944374,0.788874841972187,0.0,0.0,0.0,0.0,2.0,1.0,2.2252,1.339,1.0,H
70f2e3e7-b966-4fdf-915a-44cf9f2e84fd,92426d47-983f-4c7d-9c15-443ca50f4c36,2024,8,8,2024-10-21T19:00:00+00:00,5421e81a-b7dd-48b1-9982-42644e8dcf9f,74bd08fa-27db-4bb0-8490-f57f6ed6b8e9,Nottingham Forest FC,Crystal Palace FC,7,7,0,0,0.0,0.0,6.0,1.2,1.0,1.0,1.1300599999999998,1.47796,3.0,0.6,0.8,1.2,1.34986,2.03256,10.0,1.4285714285714286,1.0,0.8571428571428571,1.3941714285714286,1.359142857142857,3.0,0.42857142857142855,0.7142857142857143,1.4285714285714286,1.3247142857142857,1.8682285714285716,0.6666666666666666,1.0,1.0897333333333334,1.4275666666666667,1.0,1.6666666666666667,0.9103,1.8225333333333333,15.25,16.3125,0,0,12.0,18.0,1.4285714285714286,0.42857142857142855,10.0,3.0,0.6899563318777293,0.5913911416094823,0.4928259513412352,0.9856519026824704,0.0,0.0,0.0,0.0,1.0,0.0,1.8857,0.835,1.0,H
2ea3edae-22c7-4933-9f63-68fb913e204d,91cc55c1-3b9f-45dc-a2da-ad55d978d4d3,2024,9,9,2024-10-25T19:00:00+00:00,618e770e-c6ac-4c3f-9994-bd2160f675bc,5421e81a-b7dd-48b1-9982-42644e8dcf9f,Leicester City FC,Nottingham Forest FC,8,8,0,0,0.0,0.0,8.0,1.6,1.8,1.8,1.41562,3.0283,8.0,1.6,1.0,0.8,1.22506,1.45744,9.0,1.125,1.5,1.75,1.2169874999999999,2.584425,13.0,1.625,1.0,0.75,1.4556125,1.293625,1.0,1.0,1.0127000000000002,1.836275,1.25,0.75,1.6225,1.307825,6.208333333333333,4.0,1,1,14.0,8.0,1.125,1.625,9.0,13.0,1.0434782608695652,1.2173913043478262,0.6956521739130435,0.5217391304347826,0.0,0.0,0.0,0.0,1.0,3.0,0.8324,2.5449,1.0,A
364067fe-9651-4a82-bc20-2c6ca7a18a75,a0a779a2-5b7d-48dc-adcd-71e59958c7e1,2024,9,9,2024-10-26T14:00:00+00:00,f8f456e7-3e20-4803-ba4e-b1762a31812c,6601a105-9986-4276-89bf-143cdf03198a,Aston Villa FC,AFC Bournemouth,8,8,0,0,0.0,0.0,11.0,2.2,2.2,1.2,1.7291999999999998,1.25952,6.0,1.2,1.0,1.2,1.71662,1.1438000000000001,17.0,2.125,1.875,1.25,1.8496,1.411375,11.0,1.375,1.25,1.25,1.9980375000000001,1.4265375,1.5,1.25,1.8454249999999999,0.8087,1.0,1.75,2.071375,1.78745,7.0,6.895833333333333,1,1,4.0,11.0,2.125,1.375,17.0,11.0,1.2980769230769231,0.8653846153846154,0.8653846153846154,0.8653846153846154,0.0,0.0,0.0,0.0,1.0,1.0,1.974,0.3287,1.0,D
a26ce02f-ef92-4fb3-a0dc-89335fda99b2,34d3de9d-0e9d-4899-91d7-4e56dbe9198f,2024,9,9,2024-10-26T14:00:00+00:00,db14882b-951f-4db5-860b-4ca2b8583311,fbffa344-2426-4b4b-9886-b8cd56ec69a1,Brighton & Hove Albion FC,Wolverhampton Wanderers FC,8,8,0,0,0.0,0.0,8.0,1.6,1.6,1.6,1.6365200000000002,1.75566,0.0,0.0,1.4,2.8,0.83924,2.29498,15.0,1.875,1.75,1.25,1.74155,1.6109,1.0,0.125,1.25,2.875,1.0159625,2.0679125000000003,1.75,1.25,1.859775,1.117225,1.25,2.75,0.68245,2.3869000000000002,7.0,6.041666666666667,1,1,6.0,20.0,1.875,0.125,15.0,1.0,1.2161016949152543,0.8686440677966102,0.8686440677966102,1.9978813559322035,0.0,0.0,0.0,0.0,2.0,2.0,1.5135,1.1107,1.0,D
84513619-8249-4d94-b2a7-aff8e071dd8c,6b1c6283-57a8-496c-948a-751af5f61048,2024,9,9,2024-10-26T14:00:00+00:00,33d2f100-682f-4a5e-9aa3-5cc57e1e8571,f5c6f090-f823-4206-a821-17c11d35de43,Manchester City FC,Southampton FC,8,8,0,0,0.0,0.0,11.0,2.2,2.0,1.4,1.66128,1.4396200000000001,1.0,0.2,1.0,2.6,1.7302,2.44082,20.0,2.5,2.375,1.125,1.96975,1.2108125,1.0,0.125,0.75,2.25,1.5584875,2.4206499999999997,2.75,1.5,2.188425,1.393375,0.75,2.5,1.392775,2.24755,6.041666666666667,7.0,1,1,2.0,20.0,2.5,0.125,20.0,1.0,1.6427083333333334,0.778125,0.51875,1.55625,0.0,0.0,0.0,0.0,1.0,0.0,3.1629,0.37,1.0,H
a8daa543-2cd4-4f0a-a71e-e63801cba054,d825b14c-71d1-48fa-93d8-76c0d601baf8,2024,9,9,2024-10-26T14:00:00+00:00,66a313d1-2e21-49ad-a1c7-6f04cae6be69,67d3236c-6589-4978-b178-f6dcf50166d4,Brentford FC,Ipswich Town FC,8,8,0,0,0.0,0.0,4.0,0.8,1.8,2.2,1.46852,1.75762,3.0,0.6,0.8,1.8,1.3142,2.3604,10.0,1.25,1.75,1.875,1.6304,1.7877,4.0,0.5,0.75,2.0,1.012575,2.4997625,2.75,1.5,2.4371750000000003,1.0924,0.75,2.25,1.007725,3.031825,7.0,7.0,1,1,13.0,17.0,1.25,0.5,10.0,4.0,1.2199170124481327,1.3070539419087137,0.5228215767634855,1.3941908713692945,0.0,0.0,0.0,0.0,4.0,3.0,4.0966,1.657,1.0,H
1ff43e1d-b922-4787-8918-0fd0bbf2308c,66901484-d04c-4e03-b2dd-53d55cbdad06,2024,9,9,2024-10-26T16:30:00+00:00,60cb8be0-9c1e-4019-8b60-fd9ac2aa9f2d,b552a1a6-4302-43ca-884c-0f91ac4f984b,Everton FC,Fulham FC,8,8,0,0,0.0,0.0,8.0,1.6,1.4,1.0,1.21716,1.7169599999999998,7.0,1.4,1.6,1.6,2.5845,1.03952,8.0,1.0,1.125,1.875,1.2120375,1.9929875,11.0,1.375,1.375,1.375,2.061525,1.1005375,1.0,1.75,1.19085,1.9154499999999999,1.0,1.25,1.450475,1.182725,7.104166666666667,7.104166666666667,1,1,16.0,12.0,1.0,1.375,8.0,11.0,0.7711693548387097,1.2852822580645162,0.9425403225806452,0.9425403225806452,0.0,0.0,0.0,0.0,1.0,1.0,0.8848,1.4953,1.0,D
93368694-a8ce-4160-af2c-1496ae0e5da8,cc1b888e-aac9-4ec7-8f13-cf364c4e9bf3,2024,9,9,2024-10-27T14:00:00+00:00,1cb320b2-b42f-4131-8f5f-ef42e7f82540,c4045d6d-a715-4821-a800-cd9b505ad54b,Chelsea FC,Newcastle United FC,8,8,0,0,0.0,0.0,10.0,2.0,2.0,1.0,2.12098,1.47888,5.0,1.0,0.8,1.2,1.5303200000000001,1.6632799999999999,14.0,1.75,2.125,1.25,2.0841125,1.431575,12.0,1.5,1.0,1.0,1.4456125,1.8049125,1.5,1.5,2.4936249999999998,1.128425,1.0,1.25,1.566125,1.9770999999999999,6.9375,8.0,1,1,7.0,12.0,1.75,1.5,14.0,12.0,1.4620000000000002,0.8600000000000001,0.6880000000000001,0.6880000000000001,0.0,0.0,0.0,0.0,2.0,1.0,1.6179,1.7423,1.0,H
27bdc0e5-f54d-450a-8500-9a26db36e778,0a5cc425-f1cd-420f-8123-e357d3c23cbe,2024,9,9,2024-10-27T14:00:00+00:00,21ec0474-e758-4563-97a9-912aab00b4f5,48fc005c-cbfc-4e4d-b7f1-459dce6cf940,West Ham United FC,Manchester United FC,8,8,0,0,0.0,0.0,5.0,1.0,1.4,2.0,1.51448,1.65572,8.0,1.6,1.0,0.8,1.6384599999999998,1.9716,8.0,1.0,1.375,1.875,1.6073125,1.93975,11.0,1.375,0.875,1.125,1.6276875,1.815275,1.5,2.25,2.22605,2.3613,1.0,0.5,1.7779,1.4248750000000001,8.104166666666666,8.0,1,1,16.0,13.0,1.0,1.375,8.0,11.0,0.9456521739130435,1.2895256916996047,0.6017786561264822,0.7737154150197628,0.0,0.0,0.0,0.0,2.0,1.0,2.9931,2.626,1.0,H
61de4c1b-5c27-4f71-b48e-8d7845bf0fad,05cc6e68-97aa-4cd2-8600-c4eaa99c3260,2024,9,9,2024-10-27T14:00:00+00:00,74bd08fa-27db-4bb0-8490-f57f6ed6b8e9,c23d6b7a-dfaf-44a3-b016-1feb2dddec44,Crystal Palace FC,Tottenham Hotspur FC,8,8,0,0,0.0,0.0,2.0,0.4,0.6,1.2,1.42492,1.81422,9.0,1.8,2.4,1.2,2.52558,1.08924,3.0,0.375,0.625,1.375,1.2635,1.8704125,13.0,1.625,2.25,1.125,2.2850125,1.0885125,0.5,1.25,1.6355250000000001,1.9025,1.75,1.5,2.3851999999999998,1.296475,5.791666666666667,8.104166666666666,1,1,18.0,8.0,0.375,1.625,3.0,13.0,0.4296875,0.9453125,1.546875,0.7734375,0.0,0.0,0.0,0.0,1.0,0.0,0.9786,1.0192,1.0,H
5b0bc4c0-6518-480c-967d-fa11fce67668,812b7fd7-9e72-4c21-9b71-e26b707eb6c3,2024,9,9,2024-10-27T16:30:00+00:00,ead1bc2e-8799-410a-a809-66a274bbab2c,54ed0f97-ad19-421c-a5c2-9b9d3fcbc72d,Arsenal FC,Liverpool FC,8,8,0,0,0.0,0.0,10.0,2.0,2.0,1.4,2.49012,1.46874,12.0,2.4,1.6,0.6,2.00468,0.9513400000000001,17.0,2.125,1.875,1.0,2.2388625,1.3817,21.0,2.625,1.875,0.375,2.3469125,0.882175,2.5,1.0,3.337775,1.001075,2.0,0.25,2.5559000000000003,0.800475,8.0,7.041666666666667,1,1,5.0,2.0,2.125,2.625,17.0,21.0,1.2986381322957197,0.6926070038910506,1.2986381322957197,0.25972762645914393,0.0,0.0,0.0,0.0,2.0,2.0,1.0883,1.3535,1.0,D
7462ac5a-9c2e-44f0-b017-84d758059501,85bebf2c-42b7-489c-b63a-2cd9dd256f39,2024,10,10,2024-11-02T12:30:00+00:00,c4045d6d-a715-4821-a800-cd9b505ad54b,ead1bc2e-8799-410a-a809-66a274bbab2c,Newcastle United FC,Arsenal FC,9,9,0,0,0.0,0.0,2.0,0.4,0.6,1.4,1.5821,1.6929199999999998,8.0,1.6,2.2,1.8,2.4836,1.58092,12.0,1.3333333333333333,1.0,1.1111111111111112,1.4785777777777778,1.7841333333333331,18.0,2.0,1.8888888888888888,1.1111111111111112,2.111022222222222,1.3785666666666667,1.0,0.75,1.3251,1.632725,1.25,1.0,1.13995,1.7623250000000001,5.9375,5.833333333333333,2,2,12.0,3.0,1.3333333333333333,2.0,12.0,18.0,0.6896551724137931,0.7662835249042146,1.3026819923371649,0.7662835249042146,0.0,0.0,0.0,0.0,1.0,0.0,0.8597,0.9113,1.0,H
30c104d3-36ac-4d89-84ee-0924a90ebb17,7d9756ec-8326-4c2d-9ce5-0ad338a566aa,2024,10,10,2024-11-02T15:00:00+00:00,5421e81a-b7dd-48b1-9982-42644e8dcf9f,21ec0474-e758-4563-97a9-912aab00b4f5,Nottingham Forest FC,West Ham United FC,9,9,0,0,0.0,0.0,8.0,1.6,1.4,1.0,1.6161400000000001,1.38984,7.0,1.4,1.6,2.0,1.9765599999999999,1.6037199999999998,16.0,1.7777777777777777,1.2222222222222223,0.7777777777777778,1.5766444444444445,1.2423777777777778,11.0,1.2222222222222223,1.4444444444444444,1.7777777777777777,1.761288888888889,2.016,0.75,0.75,1.288725,1.279425,1.25,1.5,0.988575,1.5182,7.833333333333333,6.041666666666667,2,1,7.0,13.0,1.7777777777777777,1.2222222222222223,16.0,11.0,0.8490245971162003,0.5402883799830365,1.003392705682782,1.2349448685326547,0.0,0.0,0.0,0.0,3.0,0.0,2.3501,0.1323,1.0,H
11e02a34-cd94-4180-a776-eaf23f1124e5,036272f9-3353-417c-baf4-55c2618922d2,2024,10,10,2024-11-02T15:00:00+00:00,6601a105-9986-4276-89bf-143cdf03198a,33d2f100-682f-4a5e-9aa3-5cc57e1e8571,AFC Bournemouth,Manchester City FC,9,9,0,0,0.0,0.0,7.0,1.4,1.2,1.2,1.4749,1.35206,11.0,2.2,1.8,1.2,1.9832999999999998,1.30344,12.0,1.3333333333333333,1.2222222222222223,1.2222222222222223,1.8125555555555555,1.4873666666666667,23.0,2.5555555555555554,2.2222222222222223,1.0,2.102322222222222,1.1173888888888888,1.5,0.75,1.9247,1.065625,2.0,0.75,1.751075,1.0282499999999999,7.041666666666667,7.041666666666667,2,2,12.0,1.0,1.3333333333333333,2.5555555555555554,12.0,23.0,0.8486373165618449,0.8486373165618449,1.5429769392033543,0.6943396226415094,0.0,0.0,0.0,0.0,2.0,1.0,2.4493,2.3527,1.0,H
0a62f9ea-cd1b-4123-91a3-eb2042f23912,cbd8e252-1095-4662-9d33-1abd8c7c38d5,2024,10,10,2024-11-02T15:00:00+00:00,54ed0f97-ad19-421c-a5c2-9b9d3fcbc72d,db14882b-951f-4db5-860b-4ca2b8583311,Liverpool FC,Brighton & Hove Albion FC,9,9,0,0,0.0,0.0,13.0,2.6,2.0,0.8,2.0413,1.0511,8.0,1.6,2.0,2.0,1.58782,1.83354,22.0,2.4444444444444446,1.8888888888888888,0.5555555555555556,2.2365333333333335,0.9050777777777778,16.0,1.7777777777777777,1.7777777777777777,1.3333333333333333,1.7162111111111111,1.5553222222222223,1.75,0.5,2.137925,0.963875,1.75,1.25,1.623325,2.104575,5.9375,7.041666666666667,2,1,2.0,7.0,2.4444444444444446,1.7777777777777777,22.0,16.0,1.3109452736318408,0.3855721393034826,1.2338308457711442,0.9253731343283581,0.0,0.0,0.0,0.0,2.0,1.0,1.8104,1.0157,1.0,H
f0c9f51d-6074-4b4f-b7d7-f53f3bfbeb5f,6bccc766-d4ee-4fc6-a191-9afce816a31e,2024,10,10,2024-11-02T15:00:00+00:00,f5c6f090-f823-4206-a821-17c11d35de43,60cb8be0-9c1e-4019-8b60-fd9ac2aa9f2d,Southampton FC,Everton FC,9,9,0,0,0.0,0.0,1.0,0.2,1.0,2.2,1.53302,2.46802,9.0,1.8,1.2,0.6,1.22368,1.38426,1.0,0.1111111111111111,0.6666666666666666,2.111111111111111,1.4264333333333332,2.5031222222222222,9.0,1.0,1.1111111111111112,1.7777777777777777,1.1756777777777776,1.9376888888888888,0.75,2.0,1.7242,2.59375,1.25,2.0,1.233225,2.070525,7.041666666666667,6.9375,1,1,20.0,16.0,0.1111111111111111,1.0,1.0,9.0,0.46248462484624847,1.4645346453464536,0.7708077080770809,1.2332923329233292,0.0,0.0,0.0,0.0,1.0,0.0,0.5403,1.7858,1.0,H
4ffc0dcb-583e-4345-89d2-85324083ecb4,3727d114-e7bf-496c-8b5b-6f41994cf249,2024,10,10,2024-11-02T15:00:00+00:00,67d3236c-6589-4978-b178-f6dcf50166d4,618e770e-c6ac-4c3f-9994-bd2160f675bc,Ipswich Town FC,Leicester City FC,9,9,0,0,0.0,0.0,2.0,0.4,1.4,2.6,1.5013400000000001,2.82832,7.0,1.4,1.6,2.0,1.25172,2.95984,4.0,0.4444444444444444,1.0,2.2222222222222223,1.0841777777777777,2.677188888888889,9.0,1.0,1.4444444444444444,1.8888888888888888,1.1742555555555556,2.580033333333333,0.75,1.75,1.017425,1.9677,2.0,2.5,1.4212749999999998,3.332575,7.041666666666667,7.833333333333333,1,1,18.0,15.0,0.4444444444444444,1.0,4.0,9.0,0.6985294117647058,1.5522875816993464,1.0089869281045751,1.3194444444444444,0.0,0.0,0.0,0.0,1.0,1.0,1.3362,2.3386,1.0,D
df9e69e0-9d86-4100-8423-f962bdf50d7f,1273d8f6-eb64-41cd-b343-a496c26245f0,2024,10,10,2024-11-02T17:30:00+00:00,fbffa344-2426-4b4b-9886-b8cd56ec69a1,74bd08fa-27db-4bb0-8490-f57f6ed6b8e9,Wolverhampton Wanderers FC,Crystal Palace FC,9,9,0,0,0.0,0.0,1.0,0.2,1.6,2.8,0.76744,2.301,4.0,0.8,0.4,0.8,1.0432000000000001,1.6876799999999998,2.0,0.2222222222222222,1.3333333333333333,2.7777777777777777,1.026488888888889,2.006311111111111,6.0,0.6666666666666666,0.6666666666666666,1.2222222222222223,1.2318444444444445,1.7758333333333334,1.25,3.0,1.349475,1.7489249999999998,0.75,1.5,0.891475,1.838325,7.145833333333333,6.145833333333333,2,2,20.0,17.0,0.2222222222222222,0.6666666666666666,2.0,6.0,0.9343065693430657,1.9464720194647203,0.46715328467153283,0.856447688564477,0.0,0.0,0.0,0.0,2.0,2.0,1.6502,2.6485,1.0,D
0ca1de03-f020-4e93-80ce-b74e261c6f1f,0fea99eb-8de2-473c-95f6-8de59c6f5304,2024,10,10,2024-11-03T14:00:00+00:00,c23d6b7a-dfaf-44a3-b016-1feb2dddec44,f8f456e7-3e20-4803-ba4e-b1762a31812c,Tottenham Hotspur FC,Aston Villa FC,9,9,0,0,0.0,0.0,9.0,1.8,2.4,1.2,2.5709,1.0607799999999998,9.0,1.8,1.8,1.0,1.49224,1.15482,13.0,1.4444444444444444,2.0,1.1111111111111112,2.1443666666666665,1.0763,18.0,2.0,1.7777777777777777,1.2222222222222223,1.8634222222222223,1.2910777777777778,2.75,0.75,2.184825,0.8805499999999999,2.25,1.25,1.853775,2.01405,7.0,8.0,1,1,10.0,5.0,1.4444444444444444,2.0,13.0,18.0,1.39568345323741,0.7753796962430056,1.2406075139888089,0.8529176658673062,0.0,0.0,0.0,0.0,4.0,1.0,2.0975,2.4875,1.0,H
618b2179-e299-4e6d-b041-1821077d5478,a0015509-ee70-4ed5-bf61-56a22be12cdf,2024,10,10,2024-11-03T16:30:00+00:00,48fc005c-cbfc-4e4d-b7f1-459dce6cf940,1cb320b2-b42f-4131-8f5f-ef42e7f82540,Manchester United FC,Chelsea FC,9,9,0,0,0.0,0.0,5.0,1.0,0.6,1.2,1.55828,2.29904,10.0,2.0,2.2,1.2,2.2580199999999997,1.5198800000000001,11.0,1.2222222222222223,0.8888888888888888,1.2222222222222223,1.738611111111111,1.9461444444444445,17.0,1.8888888888888888,2.111111111111111,1.2222222222222223,2.0323111111111114,1.4661,0.75,1.75,1.477475,2.205675,2.75,1.0,1.6745999999999999,1.734725,7.104166666666667,7.104166666666667,1,1,13.0,6.0,1.2222222222222223,1.8888888888888888,11.0,17.0,0.6156262269336473,0.8464860620337652,1.4621122889674125,0.8464860620337652,0.0,0.0,0.0,0.0,1.0,1.0,2.1605,1.2107,1.0,D
364b3438-9b56-408f-898a-b13e04544b12,eb1865e2-f41d-47c7-94d3-5f7beddec089,2024,10,10,2024-11-04T20:00:00+00:00,b552a1a6-4302-43ca-884c-0f91ac4f984b,66a313d1-2e21-49ad-a1c7-6f04cae6be69,Fulham FC,Brentford FC,9,9,0,0,0.0,0.0,7.0,1.4,1.6,1.6,2.30636,1.0799400000000001,7.0,1.4,2.4,2.4,2.07766,1.7784600000000002,12.0,1.3333333333333333,1.3333333333333333,1.3333333333333333,1.9986111111111111,1.0765666666666667,13.0,1.4444444444444444,2.0,2.0,1.9044222222222222,1.7731777777777777,1.75,1.5,2.672575,1.0183499999999999,0.75,2.25,0.8236249999999999,2.483,9.145833333333334,9.25,1,1,12.0,11.0,1.3333333333333333,1.4444444444444444,12.0,13.0,0.9263157894736841,0.9263157894736841,1.3894736842105262,1.3894736842105262,0.0,0.0,0.0,0.0,2.0,1.0,1.4302,0.7392,1.0,H
607aa843-9a0e-4468-9d65-3dbd42fefba0,04c0fc8b-15fd-4234-b598-63bce2946ade,2024,11,11,2024-11-09T15:00:00+00:00,74bd08fa-27db-4bb0-8490-f57f6ed6b8e9,b552a1a6-4302-43ca-884c-0f91ac4f984b,Crystal Palace FC,Fulham FC,10,10,0,0,0.0,0.0,4.0,0.8,0.8,1.2,1.23904,1.5475999999999999,7.0,1.4,1.4,1.6,1.95012,1.00824,7.0,0.7,0.8,1.3,1.37351,1.76327,15.0,1.5,1.4,1.3,1.94177,1.04283,0.6,1.0,1.50414,1.7258400000000003,1.0,1.2,1.45944,1.12314,6.895833333333333,4.791666666666667,2,2,17.0,9.0,0.7,1.5,7.0,15.0,0.5555555555555556,0.9027777777777778,0.9722222222222222,0.9027777777777778,0.0,0.0,0.0,0.0,0.0,2.0,1.9604,2.2533,1.0,A
dd4b433f-4bcc-4b81-bb0e-a1184260e836,58f4c613-ff3f-4914-bf16-ca7cd5683b49,2024,11,11,2024-11-09T15:00:00+00:00,66a313d1-2e21-49ad-a1c7-6f04cae6be69,6601a105-9986-4276-89bf-143cdf03198a,Brentford FC,AFC Bournemouth,10,10,0,0,0.0,0.0,7.0,1.4,2.4,2.2,2.04678,1.28554,10.0,2.0,1.6,0.8,1.6707999999999998,1.33514,13.0,1.3,1.9,2.0,1.7879,1.73888,15.0,1.5,1.3,1.2,1.87623,1.5739,3.0,1.8,2.76906,1.20532,1.0,1.6,1.7228400000000001,1.82476,4.791666666666667,7.0,1,1,12.0,10.0,1.3,1.5,13.0,15.0,1.323448275862069,1.3931034482758622,0.9055172413793104,0.8358620689655173,0.0,0.0,0.0,0.0,3.0,2.0,1.5647,2.4923,1.0,H
7a1953fc-85bd-4b0e-a19a-ed2a3cc18cd1,494b5e8f-10ec-480b-b03f-a9f52983e0b8,2024,11,11,2024-11-09T15:00:00+00:00,21ec0474-e758-4563-97a9-912aab00b4f5,60cb8be0-9c1e-4019-8b60-fd9ac2aa9f2d,West Ham United FC,Everton FC,10,10,0,0,0.0,0.0,7.0,1.4,1.6,2.0,1.8513600000000001,1.59428,8.0,1.6,1.0,0.6,1.21608,1.22474,11.0,1.1,1.3,1.9,1.59839,2.04941,9.0,0.9,1.0,1.7,1.2366899999999998,1.7979500000000002,1.6,2.0,2.37946,2.4142400000000004,1.0,1.8,1.34374,1.76448,7.0,7.0,2,2,14.0,16.0,1.1,0.9,11.0,9.0,0.8989830508474577,1.3138983050847457,0.6915254237288135,1.175593220338983,0.0,0.0,0.0,0.0,0.0,0.0,1.1237,0.866,1.0,D
29119bb0-9120-482d-b3fa-0c41d822192f,78eb87fe-8035-4995-91ae-4e8f1f9e3889,2024,11,11,2024-11-09T15:00:00+00:00,fbffa344-2426-4b4b-9886-b8cd56ec69a1,f5c6f090-f823-4206-a821-17c11d35de43,Wolverhampton Wanderers FC,Southampton FC,10,10,0,0,0.0,0.0,2.0,0.4,1.8,2.6,0.99346,2.3560000000000003,3.0,0.6,1.0,2.0,1.0614599999999998,2.49618,3.0,0.3,1.4,2.7,1.08886,2.07053,4.0,0.4,0.7,1.9,1.33782,2.43139,1.4,2.8,1.4096199999999999,1.9288399999999999,0.6,2.2,1.18822,2.4306200000000002,6.895833333333333,7.0,1,1,20.0,19.0,0.3,0.4,3.0,4.0,0.9776271186440677,1.8854237288135594,0.48881355932203385,1.326779661016949,0.0,0.0,0.0,0.0,2.0,0.0,0.9128,0.7927,1.0,H
820c43f2-0825-4638-a8c8-70f230fe3716,b2bed21b-b34b-41c6-a474-261204b74e68,2024,11,11,2024-11-09T17:30:00+00:00,db14882b-951f-4db5-860b-4ca2b8583311,33d2f100-682f-4a5e-9aa3-5cc57e1e8571,Brighton & Hove Albion FC,Manchester City FC,10,10,0,0,0.0,0.0,7.0,1.4,1.8,2.0,1.47728,1.92178,10.0,2.0,1.6,1.2,1.9026600000000002,1.53648,16.0,1.6,1.7,1.4,1.64616,1.5808300000000002,23.0,2.3,2.1,1.1,2.12736,1.25058,1.8,1.4,1.7905200000000001,1.11592,1.8,1.0,1.8714,1.31246,7.104166666666667,7.104166666666667,1,1,9.0,2.0,1.6,2.3,16.0,23.0,1.1905723905723906,0.9804713804713804,1.4707070707070706,0.7703703703703704,0.0,0.0,0.0,0.0,2.0,1.0,2.8712,2.6033,1.0,H
f88b581a-154c-41a0-81fa-7afda2afc3a6,ec0ef348-9ced-422f-a174-2450af305236,2024,11,11,2024-11-09T20:00:00+00:00,54ed0f97-ad19-421c-a5c2-9b9d3fcbc72d,f8f456e7-3e20-4803-ba4e-b1762a31812c,Liverpool FC,Aston Villa FC,10,10,0,0,0.0,0.0,13.0,2.6,1.8,1.0,1.9159199999999998,0.96028,6.0,1.2,1.4,1.6,1.51504,1.4703000000000002,25.0,2.5,1.9,0.6,2.19392,0.9161400000000001,18.0,1.8,1.7,1.5,1.92583,1.37172,1.8,0.6,2.07242,0.97424,2.0,1.8,1.9805199999999998,2.03074,7.208333333333333,6.25,2,1,1.0,8.0,2.5,1.8,25.0,18.0,1.3299999999999998,0.42,1.19,1.05,0.0,0.0,0.0,0.0,2.0,0.0,2.682,1.6634,1.0,H
f0da2b58-7f6c-4637-a768-e5bd4e32ccb8,38fe26ba-ff26-4df2-8e2e-7fa74b111dfc,2024,11,11,2024-11-10T14:00:00+00:00,5421e81a-b7dd-48b1-9982-42644e8dcf9f,c4045d6d-a715-4821-a800-cd9b505ad54b,Nottingham Forest FC,Newcastle United FC,10,10,0,0,0.0,0.0,10.0,2.0,1.6,0.6,1.8123200000000002,1.10262,5.0,1.0,0.6,0.8,1.5345,1.2329,19.0,1.9,1.4,0.7,1.6539899999999998,1.13137,15.0,1.5,1.0,1.0,1.41669,1.69685,1.2,0.6,1.501,1.05,1.0,1.4,1.6013600000000001,1.9052599999999997,7.958333333333333,8.0625,1,2,3.0,12.0,1.9,1.5,19.0,15.0,0.9827814569536423,0.49139072847682114,0.7019867549668874,0.7019867549668874,0.0,0.0,0.0,0.0,1.0,3.0,1.1785,1.869,1.0,A
5e7c91c8-d468-4f57-960d-d3914269084c,f9835498-337c-4b44-940a-554bfa78574f,2024,11,11,2024-11-10T14:00:00+00:00,48fc005c-cbfc-4e4d-b7f1-459dce6cf940,618e770e-c6ac-4c3f-9994-bd2160f675bc,Manchester United FC,Leicester City FC,10,10,0,0,0.0,0.0,5.0,1.0,0.8,1.4,1.52026,2.20732,7.0,1.4,1.6,2.0,1.45186,2.86232,12.0,1.2,0.9,1.2,1.7808,1.8725999999999998,10.0,1.0,1.4,1.8,1.2906900000000001,2.45565,0.8,1.6,1.61408,2.0066800000000002,1.8,2.2,1.60474,2.9333,6.895833333333333,7.958333333333333,2,1,13.0,15.0,1.2,1.0,12.0,10.0,0.6294117647058823,0.8392156862745097,0.9790849673202613,1.2588235294117647,0.0,0.0,0.0,0.0,3.0,0.0,1.2369,0.4173,1.0,H
9fc062da-8fb9-47d4-867c-fed469bdecf2,277a12ae-3c67-43c3-ae1f-d960f7b3f2bf,2024,11,11,2024-11-10T14:00:00+00:00,c23d6b7a-dfaf-44a3-b016-1feb2dddec44,67d3236c-6589-4978-b178-f6dcf50166d4,Tottenham Hotspur FC,Ipswich Town FC,10,10,0,0,0.0,0.0,9.0,1.8,2.6,1.2,2.21144,1.3795600000000001,2.0,0.4,1.4,2.6,1.43958,2.7164200000000003,16.0,1.6,2.2,1.1,2.13968,1.21742,5.0,0.5,1.0,2.1,1.10938,2.6433299999999997,3.0,0.8,2.16736,1.20194,1.2,2.6,1.13758,3.24478,7.0,7.958333333333333,2,1,10.0,19.0,1.6,0.5,16.0,5.0,1.537864077669903,0.7689320388349515,0.6990291262135923,1.4679611650485438,0.0,0.0,0.0,0.0,1.0,2.0,1.7509,2.1839,1.0,A
3fc229da-d40d-490d-a319-66b4d24ec8c0,6e64979c-a8fb-45f9-8ee8-768538e76d8d,2024,11,11,2024-11-10T16:30:00+00:00,1cb320b2-b42f-4131-8f5f-ef42e7f82540,ead1bc2e-8799-410a-a809-66a274bbab2c,Chelsea FC,Arsenal FC,10,10,0,0,0.0,0.0,8.0,1.6,1.8,1.4,2.0207,1.80032,7.0,1.4,1.8,1.6,2.40904,1.20168,18.0,1.8,2.0,1.2,1.95015,1.53554,18.0,1.8,1.7,1.1,1.99105,1.32668,1.6,1.4,2.31848,1.2512,1.0,1.0,1.09422,1.5817999999999999,7.0,8.166666666666666,1,2,5.0,6.0,1.8,1.8,18.0,18.0,1.3974358974358974,0.8384615384615384,1.1878205128205128,0.7685897435897436,0.0,0.0,0.0,0.0,1.0,1.0,1.2407,1.9605,1.0,D
63faa128-188d-4157-ac5e-82d9c0bc652e,9cd277a7-bdaa-47bc-b3a3-18a198958434,2024,12,12,2024-11-23T12:30:00+00:00,618e770e-c6ac-4c3f-9994-bd2160f675bc,1cb320b2-b42f-4131-8f5f-ef42e7f82540,Leicester City FC,Chelsea FC,11,11,0,0,0.0,0.0,7.0,1.4,1.2,1.8,1.46774,1.89908,6.0,1.2,1.2,1.2,1.5371599999999999,1.9509999999999998,9.0,0.9,1.3,2.0,1.22981,2.43856,19.0,1.9,2.1,1.1,1.9681000000000002,1.61355,1.0,1.4,0.9766400000000001,1.9780000000000002,2.4,1.0,1.58182,1.81988,12.9375,12.833333333333334,1,1,15.0,3.0,0.9090909090909091,1.7272727272727273,10.0,19.0,0.910828025477707,1.4012738853503186,1.4713375796178345,0.7707006369426752,0.0,0.0,0.0,0.0,1.0,2.0,0.968,2.8166,1.0,A
dc3d6b65-2897-4909-a6ef-a5ed2dac012b,8851ac63-6cb4-4090-a6c6-4082549f9d23,2024,12,12,2024-11-23T15:00:00+00:00,6601a105-9986-4276-89bf-143cdf03198a,db14882b-951f-4db5-860b-4ca2b8583311,AFC Bournemouth,Brighton & Hove Albion FC,11,11,0,0,0.0,0.0,7.0,1.4,1.4,1.2,1.88082,1.5088599999999999,10.0,2.0,1.8,1.4,1.8100999999999998,1.71076,14.0,1.4,1.4,1.4,1.9345400000000001,1.60596,16.0,1.6,1.6,1.5,1.7542000000000002,1.80063,1.6,0.8,2.02962,1.32304,1.6,1.4,1.5018,2.04574,14.0,13.895833333333334,1,1,12.0,6.0,1.3636363636363635,1.7272727272727273,15.0,19.0,0.9804416403785488,0.9804416403785488,1.1205047318611987,1.0504731861198737,0.0,0.0,0.0,0.0,1.0,2.0,1.9116,1.2306,1.0,A
29e066cb-1e23-4daf-9cca-8482e58e5761,3f3e2f4d-3fb1-42e9-a29c-5aaa80719689,2024,12,12,2024-11-23T15:00:00+00:00,ead1bc2e-8799-410a-a809-66a274bbab2c,5421e81a-b7dd-48b1-9982-42644e8dcf9f,Arsenal FC,Nottingham Forest FC,11,11,0,0,0.0,0.0,5.0,1.0,1.2,1.4,1.5905200000000002,1.38224,10.0,2.0,1.8,1.0,1.92514,1.18924,16.0,1.6,1.6,1.2,2.02427,1.39317,18.0,1.8,1.4,0.9,1.64743,1.12735,2.4,1.2,2.88788,1.0715599999999998,1.6,0.8,1.80698,1.21274,12.9375,13.041666666666666,1,1,5.0,6.0,1.7272727272727273,1.7272727272727273,19.0,19.0,1.12,0.84,0.9799999999999999,0.63,0.0,0.0,0.0,0.0,3.0,0.0,1.6602,0.4031,1.0,H
dbc45181-92f6-473d-b7b9-3923926fb005,02c464da-837e-4625-9810-527e4f14a901,2024,12,12,2024-11-23T15:00:00+00:00,60cb8be0-9c1e-4019-8b60-fd9ac2aa9f2d,66a313d1-2e21-49ad-a1c7-6f04cae6be69,Everton FC,Brentford FC,11,11,0,0,0.0,0.0,6.0,1.2,0.6,0.4,1.16736,1.22476,9.0,1.8,2.8,2.4,2.28568,1.60828,10.0,1.0,1.0,1.4,1.2827600000000001,1.7312400000000001,13.0,1.3,2.0,2.1,1.8063099999999999,1.8733499999999998,1.0,1.6,1.12964,1.83142,0.8,2.2,0.8067399999999999,2.27244,14.0,14.0,1,1,15.0,11.0,0.9090909090909091,1.4545454545454546,10.0,16.0,0.6996904024767803,0.9795665634674923,1.3993808049535605,1.4693498452012386,0.0,0.0,0.0,0.0,0.0,0.0,1.5951,1.3431,1.0,D
d7ff56b5-c11b-4935-9c46-2bb8ac852458,17fc6dda-4584-4b5e-ac8f-7352b8f462d3,2024,12,12,2024-11-23T15:00:00+00:00,b552a1a6-4302-43ca-884c-0f91ac4f984b,fbffa344-2426-4b4b-9886-b8cd56ec69a1,Fulham FC,Wolverhampton Wanderers FC,11,11,0,0,0.0,0.0,7.0,1.4,1.6,1.6,2.1136,1.27744,5.0,1.0,2.0,2.2,1.02624,2.0911,18.0,1.8,1.6,1.2,2.1252299999999997,1.0346,6.0,0.6,1.6,2.5,1.12256,1.9869700000000001,1.8,1.4,2.4241,0.9625199999999999,1.4,2.6,0.7681,2.21222,14.0,14.0,1,1,7.0,19.0,1.6363636363636365,0.5454545454545454,18.0,6.0,1.1294117647058823,0.8470588235294116,1.1294117647058823,1.7647058823529411,0.0,0.0,0.0,0.0,1.0,4.0,0.7172,1.339,1.0,A
d98117a8-762d-45b8-a87a-6aad5691f0c3,a34f4508-dc5e-4c45-a6c0-ee6263aa09c4,2024,12,12,2024-11-23T15:00:00+00:00,f8f456e7-3e20-4803-ba4e-b1762a31812c,74bd08fa-27db-4bb0-8490-f57f6ed6b8e9,Aston Villa FC,Crystal Palace FC,11,11,0,0,0.0,0.0,5.0,1.0,1.0,1.6,1.61874,1.63748,4.0,0.8,0.6,1.2,1.4064,1.77634,15.0,1.5,1.5,1.6,1.82514,1.35945,7.0,0.7,0.7,1.3,1.45479,1.8505399999999999,1.4,1.2,1.87114,0.7127,1.0,1.6,1.24288,1.8006999999999997,13.791666666666666,14.0,1,1,9.0,19.0,1.6363636363636365,0.6363636363636364,18.0,7.0,1.0518292682926829,1.1219512195121952,0.49085365853658536,0.9115853658536586,0.0,0.0,0.0,0.0,2.0,2.0,3.0446,1.6144,1.0,D
61c0e6da-68eb-448e-8e8b-eff8ddfd523d,02127ee1-e41e-47cd-95ae-b16b05c73732,2024,12,12,2024-11-23T17:30:00+00:00,33d2f100-682f-4a5e-9aa3-5cc57e1e8571,c23d6b7a-dfaf-44a3-b016-1feb2dddec44,Manchester City FC,Tottenham Hotspur FC,11,11,0,0,0.0,0.0,9.0,1.8,1.6,1.4,2.17028,1.8420400000000001,6.0,1.2,2.2,1.6,1.48018,1.6962,20.0,2.0,2.0,1.3,2.26965,1.4315799999999999,15.0,1.5,2.2,1.2,2.17399,1.3332,2.4,1.2,2.38332,1.1887,1.4,1.4,2.1119999999999997,1.2329,14.0,13.145833333333334,1,1,2.0,11.0,2.090909090909091,1.4545454545454546,23.0,16.0,1.397590361445783,0.908433734939759,1.5373493975903614,0.8385542168674698,0.0,0.0,0.0,0.0,0.0,4.0,2.159,3.3045,1.0,A
91c207d5-3210-44b8-8964-ac6b58bc2c58,c2361a27-d80c-4d18-b99b-c50849fa2cf4,2024,12,12,2024-11-24T14:00:00+00:00,f5c6f090-f823-4206-a821-17c11d35de43,54ed0f97-ad19-421c-a5c2-9b9d3fcbc72d,Southampton FC,Liverpool FC,11,11,0,0,0.0,0.0,3.0,0.6,0.8,1.8,1.08078,2.3903,13.0,2.6,1.8,0.8,2.02888,1.14318,4.0,0.4,0.7,2.0,1.2216099999999999,2.47932,25.0,2.5,1.9,0.6,2.06921,1.0482200000000002,0.8,1.6,1.48742,2.43216,2.0,0.6,2.31542,0.8580400000000001,14.958333333333334,14.75,0,0,20.0,1.0,0.36363636363636365,2.5454545454545454,4.0,28.0,0.4875,1.3928571428571428,1.3232142857142857,0.4178571428571428,0.0,0.0,0.0,0.0,2.0,3.0,1.5399,3.1884,1.0,A
b16471fa-3c7f-41da-8536-3e18f1e26e37,2f7ae886-981a-4033-b038-332e5bff99c8,2024,12,12,2024-11-24T16:30:00+00:00,67d3236c-6589-4978-b178-f6dcf50166d4,48fc005c-cbfc-4e4d-b7f1-459dce6cf940,Ipswich Town FC,Manchester United FC,11,11,0,0,0.0,0.0,4.0,0.8,1.4,2.4,1.5071400000000001,2.8376200000000003,8.0,1.6,1.4,0.8,1.6475000000000002,1.20934,8.0,0.8,1.2,2.0,1.29351,2.42551,12.0,1.2,1.1,1.2,1.7002199999999998,1.8724599999999998,0.8,1.6,1.08118,2.04188,1.0,0.8,1.9475200000000001,1.73852,14.104166666666666,14.104166666666666,0,0,19.0,12.0,0.7272727272727273,1.3636363636363635,8.0,15.0,0.8304985337243402,1.3841642228739004,0.7612903225806452,0.8304985337243402,0.0,0.0,0.0,0.0,1.0,1.0,1.9871,1.2691,1.0,D
2f81153b-2668-41a1-9608-5e7e8305ea69,074507d3-ed11-4f88-a747-1d75bc83472a,2024,12,12,2024-11-25T20:00:00+00:00,c4045d6d-a715-4821-a800-cd9b505ad54b,21ec0474-e758-4563-97a9-912aab00b4f5,Newcastle United FC,West Ham United FC,11,11,0,0,0.0,0.0,7.0,1.4,1.0,0.8,1.63962,1.21556,7.0,1.4,1.4,1.8,1.9003800000000002,1.69344,15.0,1.5,1.2,1.1,1.5602399999999998,1.6192199999999999,12.0,1.2,1.2,1.7,1.43029,1.8689799999999999,1.0,0.6,1.23202,1.48844,1.0,1.8,0.8173199999999999,1.68458,15.25,16.208333333333332,0,0,9.0,14.0,1.6363636363636365,1.0909090909090908,18.0,12.0,0.8326530612244898,0.763265306122449,0.8326530612244898,1.1795918367346938,0.0,0.0,0.0,0.0,0.0,2.0,1.4978,0.9428,1.0,A
f49072ea-c06f-4be5-80a4-295ba27c4b9d,f6c9aa65-f37a-4346-b2d7-1ff443625d35,2024,13,13,2024-11-29T20:00:00+00:00,db14882b-951f-4db5-860b-4ca2b8583311,f5c6f090-f823-4206-a821-17c11d35de43,Brighton & Hove Albion FC,Southampton FC,12,12,0,0,0.0,0.0,10.0,2.0,1.6,1.2,1.6617799999999998,1.87452,3.0,0.6,1.0,1.8,1.13414,2.37764,16.0,1.6,1.6,1.5,1.66311,1.8632300000000002,4.0,0.4,0.9,2.2,1.3541,2.51168,1.8,1.4,1.9364599999999998,1.37946,0.6,2.4,0.9558,2.5264800000000003,6.208333333333333,5.25,1,1,5.0,20.0,1.8333333333333333,0.3333333333333333,22.0,4.0,1.1130434782608696,1.0434782608695652,0.6260869565217392,1.5304347826086957,0.0,0.0,0.0,0.0,1.0,1.0,1.8699,0.935,1.0,D
50666917-8e0e-4d9e-b77e-8a626418e8dd,2e0e4e8e-5fb1-419b-9ab3-43b2f562d021,2024,13,13,2024-11-30T15:00:00+00:00,66a313d1-2e21-49ad-a1c7-6f04cae6be69,618e770e-c6ac-4c3f-9994-bd2160f675bc,Brentford FC,Leicester City FC,12,12,0,0,0.0,0.0,7.0,1.4,1.8,1.8,1.72728,1.78804,4.0,0.8,1.2,2.2,1.47892,2.07248,14.0,1.4,2.0,1.9,1.8948999999999998,1.76098,9.0,0.9,1.3,2.0,1.24091,2.524,3.2,2.0,2.80588,1.4742600000000001,1.6,2.4,1.5168,2.78824,7.0,7.104166666666667,1,1,11.0,16.0,1.4166666666666667,0.8333333333333334,17.0,10.0,1.3948126801152738,1.32507204610951,0.906628242074928,1.3948126801152738,0.0,0.0,0.0,0.0,4.0,1.0,2.2189,0.9076,1.0,H
f82c1319-1261-4e66-ac3c-69dbf0affec5,71633e5e-49a8-4923-883a-7bc6ee748392,2024,13,13,2024-11-30T15:00:00+00:00,74bd08fa-27db-4bb0-8490-f57f6ed6b8e9,c4045d6d-a715-4821-a800-cd9b505ad54b,Crystal Palace FC,Newcastle United FC,12,12,0,0,0.0,0.0,5.0,1.0,1.0,1.4,1.6073799999999998,1.9706,6.0,1.2,1.0,1.2,1.58108,1.2656800000000001,8.0,0.8,0.9,1.3,1.4786199999999998,2.0015799999999997,14.0,1.4,1.1,1.2,1.52073,1.45999,0.6,1.0,1.621,1.86966,1.4,1.4,1.5965799999999999,1.6339400000000002,7.0,4.791666666666667,1,1,19.0,11.0,0.6666666666666666,1.5,8.0,18.0,0.6238636363636364,0.9011363636363636,0.7625000000000001,0.8318181818181818,0.0,0.0,0.0,0.0,1.0,1.0,2.296,0.021,1.0,D
d049d516-65b2-4582-976c-463617a19995,7f6c9d85-3c6e-4330-b9e3-f9b561eded7a,2024,13,13,2024-11-30T15:00:00+00:00,fbffa344-2426-4b4b-9886-b8cd56ec69a1,6601a105-9986-4276-89bf-143cdf03198a,Wolverhampton Wanderers FC,AFC Bournemouth,12,12,0,0,0.0,0.0,8.0,1.6,2.2,1.4,1.15478,1.4075199999999999,7.0,1.4,1.6,1.4,1.8732199999999999,1.57256,9.0,0.9,1.8,2.0,1.01465,1.85575,13.0,1.3,1.4,1.5,1.8721900000000002,1.53973,1.4,1.6,1.10856,1.6814999999999998,1.2,2.0,1.83946,1.88888,7.0,7.0,1,1,18.0,13.0,0.75,1.25,9.0,15.0,1.2508474576271187,1.3898305084745763,0.9728813559322034,1.0423728813559323,0.0,0.0,0.0,0.0,2.0,4.0,0.866,3.079,1.0,A
65df3200-c163-41be-a651-5291b7484509,efdf2fe8-f288-47b2-800b-691ee2131d57,2024,13,13,2024-11-30T15:00:00+00:00,5421e81a-b7dd-48b1-9982-42644e8dcf9f,67d3236c-6589-4978-b178-f6dcf50166d4,Nottingham Forest FC,Ipswich Town FC,12,12,0,0,0.0,0.0,9.0,1.8,1.6,1.4,1.6724599999999998,1.06578,5.0,1.0,1.4,1.8,1.66764,2.21264,15.0,1.5,1.3,1.2,1.4012600000000002,1.27187,9.0,0.9,1.2,1.7,1.44422,2.2445999999999997,1.2,1.0,1.48788,1.04196,1.4,2.0,1.47836,2.97932,7.0,5.9375,1,1,8.0,19.0,1.5833333333333333,0.75,19.0,9.0,0.8955555555555555,0.8266666666666667,0.8266666666666667,1.171111111111111,0.0,0.0,0.0,0.0,1.0,0.0,1.7659,0.4628,1.0,H
f5b41100-7fd2-47e2-9013-b4b28ddf6c45,846bc0dd-c9d1-45ee-97e7-6edf6588c9b5,2024,13,13,2024-11-30T17:30:00+00:00,21ec0474-e758-4563-97a9-912aab00b4f5,ead1bc2e-8799-410a-a809-66a274bbab2c,West Ham United FC,Arsenal FC,12,12,0,0,0.0,0.0,7.0,1.4,1.0,1.6,1.21014,1.75608,5.0,1.0,1.2,1.2,1.27222,1.20824,12.0,1.2,1.2,1.7,1.37115,1.8811499999999999,16.0,1.6,1.7,1.2,2.04889,1.30182,1.4,1.6,2.04326,2.0533799999999998,0.8,1.2,1.20352,1.56662,4.895833333333333,7.104166666666667,1,1,14.0,5.0,1.25,1.8333333333333333,15.0,22.0,0.8310249307479224,1.1772853185595569,1.1772853185595569,0.8310249307479224,0.0,0.0,0.0,0.0,2.0,5.0,1.2354,3.9994,1.0,A
cbba31e1-cccd-4704-bd24-436ddb619445,3a94b90c-ee6b-4414-b8c0-3a9b2b61795a,2024,13,13,2024-12-01T13:30:00+00:00,48fc005c-cbfc-4e4d-b7f1-459dce6cf940,60cb8be0-9c1e-4019-8b60-fd9ac2aa9f2d,Manchester United FC,Everton FC,12,12,0,0,0.0,0.0,8.0,1.6,1.6,1.0,1.81162,1.5002,6.0,1.2,0.6,0.4,1.34794,1.13528,13.0,1.3,1.1,1.1,1.6985700000000001,1.85702,11.0,1.1,1.0,1.0,1.37738,1.6044100000000001,1.2,1.6,1.45292,2.0064,1.0,1.0,1.3871600000000002,1.46694,6.875,7.9375,1,1,13.0,15.0,1.3333333333333333,0.9166666666666666,16.0,11.0,0.7532608695652175,0.7532608695652175,0.6847826086956522,0.6847826086956522,0.0,0.0,0.0,0.0,4.0,0.0,1.7616,0.7667,1.0,H
9f465780-b208-48db-ac7a-69314c2b3c13,94555781-d38c-4a46-a4f6-c5db5a3f5ff0,2024,13,13,2024-12-01T13:30:00+00:00,c23d6b7a-dfaf-44a3-b016-1feb2dddec44,b552a1a6-4302-43ca-884c-0f91ac4f984b,Tottenham Hotspur FC,Fulham FC,12,12,0,0,0.0,0.0,9.0,1.8,2.6,1.0,1.92252,1.73356,7.0,1.4,1.4,1.8,1.70534,1.27188,15.0,1.5,2.2,1.2,2.2433,1.48421,15.0,1.5,1.5,1.5,2.00073,1.0828,2.4,1.2,1.99526,1.50894,1.4,1.0,1.82636,1.10668,7.833333333333333,7.9375,1,1,8.0,13.0,1.5833333333333333,1.5,19.0,18.0,1.5021505376344086,0.8193548387096774,1.0241935483870968,1.0241935483870968,0.0,0.0,0.0,0.0,1.0,1.0,1.0109,1.5727,1.0,D
0e02d57c-8851-4164-984f-24763ebec3da,307ba55d-eb49-469c-9826-827c5b947aad,2024,13,13,2024-12-01T13:30:00+00:00,1cb320b2-b42f-4131-8f5f-ef42e7f82540,f8f456e7-3e20-4803-ba4e-b1762a31812c,Chelsea FC,Aston Villa FC,12,12,0,0,0.0,0.0,8.0,1.6,1.4,1.2,1.6449799999999999,1.8113,5.0,1.0,1.4,2.0,2.1210999999999998,1.8706600000000002,19.0,1.9,1.7,1.0,2.04682,1.46854,16.0,1.6,1.7,1.6,1.9979399999999998,1.37949,1.8,1.2,2.35438,1.4072200000000001,1.6,2.0,1.77914,2.0062,8.041666666666666,7.9375,1,1,5.0,10.0,1.8333333333333333,1.5833333333333333,22.0,19.0,1.1636363636363636,0.6844919786096256,1.1636363636363636,1.095187165775401,0.0,0.0,0.0,0.0,3.0,0.0,1.9494,0.8754,1.0,H
9c262e08-73ba-464a-91fa-d679c8e6e2fb,b75626a5-ba15-4fe9-800c-b401659fca46,2024,13,13,2024-12-01T16:00:00+00:00,54ed0f97-ad19-421c-a5c2-9b9d3fcbc72d,33d2f100-682f-4a5e-9aa3-5cc57e1e8571,Liverpool FC,Manchester City FC,12,12,0,0,0.0,0.0,13.0,2.6,2.2,1.2,2.2519,1.32926,6.0,1.2,1.0,1.8,2.3287199999999997,1.9512399999999999,25.0,2.5,2.0,0.8,2.11617,1.15649,17.0,1.7,1.6,1.6,2.17773,1.71403,1.8,0.6,2.06506,1.21548,1.6,1.4,2.15598,1.6744599999999998,7.083333333333333,7.9375,1,1,1.0,4.0,2.5833333333333335,1.9166666666666667,31.0,23.0,1.3687002652519895,0.5474801061007958,1.0949602122015916,1.0949602122015916,0.0,0.0,0.0,0.0,2.0,0.0,3.7005,0.745,1.0,H
87c2d3fa-2bdb-40df-b4b0-4011973c01a5,7bb8af41-3477-43a6-b1c6-7ed3a6159f83,2024,14,14,2024-12-03T19:30:00+00:00,67d3236c-6589-4978-b178-f6dcf50166d4,74bd08fa-27db-4bb0-8490-f57f6ed6b8e9,Ipswich Town FC,Crystal Palace FC,13,13,0,0,0.0,0.0,5.0,1.0,1.4,1.6,1.5253999999999999,2.24422,6.0,1.2,1.2,1.4,1.8995799999999998,1.5976599999999999,8.0,0.8,1.1,1.7,1.4198,2.30231,8.0,0.8,0.9,1.3,1.6622499999999998,1.70594,1.0,1.4,1.41008,1.50988,1.2,1.6,1.3362399999999999,2.1335,3.1875,3.1875,2,2,19.0,17.0,0.6923076923076923,0.6923076923076923,9.0,9.0,0.7546174142480212,1.16622691292876,0.6174142480211082,0.8918205804749341,0.0,0.0,0.0,0.0,0.0,1.0,0.4717,1.6542,1.0,A
c06dbcde-6b9e-4f38-9127-d5f5b74b9c0c,45f7ecc0-8523-4a48-a9e1-34dcb4e75d1a,2024,14,14,2024-12-03T20:15:00+00:00,618e770e-c6ac-4c3f-9994-bd2160f675bc,21ec0474-e758-4563-97a9-912aab00b4f5,Leicester City FC,West Ham United FC,13,13,0,0,0.0,0.0,1.0,0.2,0.8,2.6,1.0927799999999999,2.0307000000000004,7.0,1.4,1.2,1.8,1.28546,2.2678599999999998,9.0,0.9,1.3,2.2,1.2542,2.5295,12.0,1.2,1.3,1.9,1.3999700000000002,1.96179,1.0,1.6,0.96502,2.25976,1.0,1.8,0.69904,1.7089199999999998,3.21875,3.1145833333333335,2,2,17.0,14.0,0.7692307692307693,1.1538461538461537,10.0,15.0,0.8963157894736843,1.516842105263158,0.8963157894736843,1.31,0.0,0.0,0.0,0.0,3.0,1.0,2.7806,2.8772,1.0,H
8b77baf9-5aa3-4972-8ea6-aef42925c3b5,3d5a6c09-8b39-4f73-805d-ad464cd82476,2024,14,14,2024-12-04T19:30:00+00:00,60cb8be0-9c1e-4019-8b60-fd9ac2aa9f2d,fbffa344-2426-4b4b-9886-b8cd56ec69a1,Everton FC,Wolverhampton Wanderers FC,13,13,0,0,0.0,0.0,3.0,0.6,0.2,1.2,1.17968,1.2528000000000001,8.0,1.6,2.4,1.8,1.17574,1.7501799999999998,11.0,1.1,0.8,1.1,1.19842,1.48488,8.0,0.8,1.9,2.3,1.00749,2.02258,1.0,1.0,1.3676,1.74188,2.2,2.4,0.92074,2.0300000000000002,3.25,4.1875,2,2,17.0,18.0,0.8461538461538461,0.6923076923076923,11.0,9.0,0.55,0.7562500000000001,1.30625,1.5812499999999998,0.0,0.0,0.0,0.0,4.0,0.0,1.499,0.8477,1.0,H
1bbd932d-c622-48dd-b272-4798831f0689,30e7d5e2-cc94-4ac9-80cf-325c13bef080,2024,14,14,2024-12-04T19:30:00+00:00,33d2f100-682f-4a5e-9aa3-5cc57e1e8571,5421e81a-b7dd-48b1-9982-42644e8dcf9f,Manchester City FC,Nottingham Forest FC,13,13,0,0,0.0,0.0,3.0,0.6,0.6,2.0,2.20458,2.5391,9.0,1.8,1.6,1.4,1.6484999999999999,0.9913399999999999,14.0,1.4,1.3,1.7,1.93293,1.98936,17.0,1.7,1.3,1.1,1.4367800000000002,1.22439,1.6,1.8,2.19948,1.7536,1.4,1.4,1.31464,1.50178,3.1458333333333335,4.1875,2,2,5.0,6.0,1.7692307692307692,1.6923076923076923,23.0,22.0,0.8912371134020619,1.165463917525773,0.8912371134020619,0.7541237113402063,0.0,0.0,0.0,0.0,3.0,0.0,3.2017,0.8022,1.0,H
c4dffdab-81f0-44de-8b43-d3902c6f1305,725cf46e-11eb-4375-a8a2-ffd80c64f56c,2024,14,14,2024-12-04T19:30:00+00:00,c4045d6d-a715-4821-a800-cd9b505ad54b,54ed0f97-ad19-421c-a5c2-9b9d3fcbc72d,Newcastle United FC,Liverpool FC,13,13,0,0,0.0,0.0,7.0,1.4,1.2,1.2,1.19796,1.3893,13.0,2.6,2.2,1.0,2.54696,1.2104599999999999,12.0,1.2,1.0,1.2,1.36414,1.52629,25.0,2.5,1.9,0.8,2.27582,1.0809000000000002,0.8,1.0,1.44488,1.28604,2.2,1.0,2.1672800000000003,1.0975,4.1875,3.1458333333333335,2,2,11.0,1.0,1.4615384615384615,2.6153846153846154,19.0,34.0,0.6854219948849105,0.8225063938618926,1.3023017902813299,0.5483375959079284,0.0,0.0,0.0,0.0,3.0,3.0,1.5206,2.2277,1.0,D
18ff8664-3b4e-4fd2-af2a-6b606e2db35d,0fe06f71-8c72-4f8f-8bff-3bb467d5d4c2,2024,14,14,2024-12-04T19:30:00+00:00,f5c6f090-f823-4206-a821-17c11d35de43,1cb320b2-b42f-4131-8f5f-ef42e7f82540,Southampton FC,Chelsea FC,13,13,0,0,0.0,0.0,4.0,0.8,0.8,1.4,0.83558,2.18396,11.0,2.2,1.8,0.8,1.76706,1.54134,5.0,0.5,0.9,2.0,1.28289,2.3123899999999997,21.0,2.1,1.9,0.9,1.94402,1.51011,1.2,2.0,1.7524000000000002,2.49688,1.6,0.8,1.7392600000000003,1.52986,4.979166666666667,3.25,2,2,20.0,3.0,0.38461538461538464,1.9230769230769231,5.0,25.0,0.6120906801007557,1.3602015113350125,1.292191435768262,0.6120906801007557,0.0,0.0,0.0,0.0,1.0,5.0,1.9101,5.8331,1.0,A
ae206075-5f28-47aa-b234-3dac5c01472d,a2cb600c-0a70-4513-8e3f-8c508b6367df,2024,14,14,2024-12-04T20:15:00+00:00,ead1bc2e-8799-410a-a809-66a274bbab2c,48fc005c-cbfc-4e4d-b7f1-459dce6cf940,Arsenal FC,Manchester United FC,13,13,0,0,0.0,0.0,8.0,1.6,2.2,1.2,1.92394,1.0184799999999998,8.0,1.6,2.0,0.8,1.81082,1.47498,18.0,1.8,2.1,1.3,2.20703,1.2436099999999999,16.0,1.6,1.5,0.8,1.7246400000000002,1.72329,2.6,1.2,2.89426,1.0370199999999998,1.0,0.6,1.94422,1.70764,4.114583333333333,3.28125,2,2,4.0,10.0,1.9230769230769231,1.4615384615384615,25.0,19.0,1.4173697270471464,0.8774193548387097,1.0124069478908189,0.5399503722084368,0.0,0.0,0.0,0.0,2.0,0.0,2.9668,0.2561,1.0,H
7f4a1ec4-24d2-4591-9953-456f75354fef,9c1aef60-cfaf-4ecb-92b0-f96fbb4dfd82,2024,14,14,2024-12-04T20:15:00+00:00,f8f456e7-3e20-4803-ba4e-b1762a31812c,66a313d1-2e21-49ad-a1c7-6f04cae6be69,Aston Villa FC,Brentford FC,13,13,0,0,0.0,0.0,2.0,0.4,0.8,2.4,2.00898,1.7344000000000002,10.0,2.0,2.4,1.6,1.9925000000000002,1.61644,13.0,1.3,1.5,1.8,1.86909,1.49696,14.0,1.4,2.1,1.9,1.73051,1.68703,1.8,1.2,2.21674,0.75278,0.8,1.8,0.98392,2.0477,3.28125,4.21875,2,2,12.0,8.0,1.4615384615384615,1.5384615384615385,19.0,20.0,1.0148148148148148,1.2177777777777778,1.4207407407407409,1.2854320987654322,0.0,0.0,0.0,0.0,3.0,1.0,3.2167,1.1327,1.0,H
dbaf715f-8dcc-4b0a-a3f3-f97dd1e6cfa1,0d83c340-312d-4e19-9c42-ca83aac81998,2024,14,14,2024-12-05T19:30:00+00:00,b552a1a6-4302-43ca-884c-0f91ac4f984b,db14882b-951f-4db5-860b-4ca2b8583311,Fulham FC,Brighton & Hove Albion FC,13,13,0,0,0.0,0.0,8.0,1.6,1.4,1.4,1.49374,1.1868599999999998,8.0,1.6,1.6,1.4,1.70018,1.6742000000000001,15.0,1.5,1.5,1.5,2.03912,1.11319,16.0,1.6,1.6,1.5,1.6683499999999998,1.71493,1.6,2.0,2.1751,1.05892,1.4,1.6,1.38976,2.347,4.25,5.979166666666667,2,2,12.0,5.0,1.4615384615384615,1.7692307692307692,19.0,23.0,1.0122249388753057,1.0122249388753057,1.0797066014669927,1.0122249388753057,0.0,0.0,0.0,0.0,3.0,1.0,0.6666,1.0994,1.0,H
640ebc34-356a-453a-8557-7902dc16b056,d56487c8-ae6e-451d-9639-af774d58752f,2024,14,14,2024-12-05T20:15:00+00:00,6601a105-9986-4276-89bf-143cdf03198a,c23d6b7a-dfaf-44a3-b016-1feb2dddec44,AFC Bournemouth,Tottenham Hotspur FC,13,13,0,0,0.0,0.0,7.0,1.4,2.0,1.8,2.05218,1.5976,7.0,1.4,2.0,1.0,1.8366,1.8763400000000001,13.0,1.3,1.5,1.5,1.8844,1.3707,16.0,1.6,2.2,1.1,2.18109,1.48279,1.6,1.0,1.90492,1.19058,2.0,1.2,2.49134,1.4594799999999999,5.21875,4.28125,2,2,13.0,9.0,1.3846153846153846,1.5384615384615385,18.0,20.0,1.009685230024213,1.009685230024213,1.4808716707021792,0.7404358353510896,0.0,0.0,0.0,0.0,1.0,0.0,3.2772,0.6239,1.0,H
a22ea86a-1cf4-4bc3-a1cd-f34e96e087ea,61a84fc2-8eea-458a-b236-47c9f2ee79f2,2024,15,15,2024-12-07T15:00:00+00:00,74bd08fa-27db-4bb0-8490-f57f6ed6b8e9,33d2f100-682f-4a5e-9aa3-5cc57e1e8571,Crystal Palace FC,Manchester City FC,14,14,0,0,0.0,0.0,6.0,1.2,1.2,1.4,2.0347,1.48816,3.0,0.6,1.0,2.0,2.21234,2.62554,10.0,1.0,0.8,1.1,1.53895,1.58792,14.0,1.4,1.4,1.6,2.09782,1.96449,0.4,0.8,1.5027599999999999,1.5434800000000002,1.0,1.6,1.6663799999999998,2.22512,3.8125,2.8125,3,3,17.0,4.0,0.8571428571428571,1.8571428571428572,12.0,26.0,0.5410628019323671,0.7439613526570048,0.9468599033816424,1.0821256038647342,0.0,0.0,0.0,0.0,2.0,2.0,1.2148,1.5846,1.0,D
5b275964-d811-42c2-8744-b3c1f549e34c,eff75b0f-5cad-4378-b52c-c24a9c619352,2024,15,15,2024-12-07T15:00:00+00:00,f8f456e7-3e20-4803-ba4e-b1762a31812c,f5c6f090-f823-4206-a821-17c11d35de43,Aston Villa FC,Southampton FC,14,14,0,0,0.0,0.0,4.0,0.8,1.2,2.4,2.25752,1.8952000000000002,4.0,0.8,1.0,2.2,1.1436,2.718,13.0,1.3,1.5,1.7,1.8748799999999999,1.52501,5.0,0.5,1.0,2.2,1.3383099999999999,2.59301,1.8,1.0,2.22832,0.80888,0.6,2.0,0.8133800000000001,2.1279,2.78125,2.8125,3,3,8.0,20.0,1.5714285714285714,0.35714285714285715,22.0,5.0,1.0119617224880382,1.14688995215311,0.6746411483253588,1.4842105263157896,0.0,0.0,0.0,0.0,1.0,0.0,2.5134,0.3858,1.0,H
18a4e8b7-ea33-46ce-b7ee-2b754bc349b5,a971e0d1-bc69-447f-ae56-231f3cbfb104,2024,15,15,2024-12-07T15:00:00+00:00,66a313d1-2e21-49ad-a1c7-6f04cae6be69,c4045d6d-a715-4821-a800-cd9b505ad54b,Brentford FC,Newcastle United FC,14,14,0,0,0.0,0.0,7.0,1.4,1.8,1.6,1.3997199999999999,1.92838,8.0,1.6,1.6,1.4,1.1536199999999999,1.51126,14.0,1.4,2.1,2.0,1.73869,1.8534199999999998,10.0,1.0,1.1,1.4,1.3678599999999999,1.60209,3.4,2.0,2.4771,1.32636,1.2,1.4,1.3041,1.7992000000000001,2.78125,2.8125,3,3,11.0,12.0,1.4285714285714286,1.4285714285714286,20.0,20.0,1.4233890214797138,1.3556085918854417,0.745584725536993,0.948926014319809,0.0,0.0,0.0,0.0,4.0,2.0,1.746,1.9565,1.0,H
1e99992d-44ec-4ef0-a47c-684022edb357,78f91c33-ceb6-4285-839d-6f5274fb74d5,2024,15,15,2024-12-07T17:30:00+00:00,48fc005c-cbfc-4e4d-b7f1-459dce6cf940,5421e81a-b7dd-48b1-9982-42644e8dcf9f,Manchester United FC,Nottingham Forest FC,14,14,0,0,0.0,0.0,8.0,1.6,1.8,0.8,1.33684,1.4697200000000001,6.0,1.2,1.0,1.8,1.29996,1.4652,13.0,1.3,1.2,1.0,1.44756,1.8843800000000002,14.0,1.4,1.2,1.4,1.45805,1.42752,2.0,1.0,1.5050599999999998,1.73894,1.2,2.0,1.35718,1.9080400000000002,2.8854166666666665,2.9166666666666665,3,2,13.0,9.0,1.3571428571428572,1.5714285714285714,19.0,22.0,0.8075294117647058,0.6729411764705883,0.8075294117647058,0.9421176470588235,0.0,0.0,0.0,0.0,2.0,3.0,1.4697,0.6512,1.0,A
ed8c9e8f-7eb5-4045-af85-419674e14040,28c53bf1-5de6-4843-88c1-9f68a842cc37,2024,15,15,2024-12-08T14:00:00+00:00,b552a1a6-4302-43ca-884c-0f91ac4f984b,ead1bc2e-8799-410a-a809-66a274bbab2c,Fulham FC,Arsenal FC,14,14,0,0,0.0,0.0,10.0,2.0,1.8,1.4,1.3279999999999998,1.2297799999999999,10.0,2.0,2.2,0.8,2.29964,0.799,17.0,1.7,1.7,1.5,1.81718,1.15486,18.0,1.8,2.2,1.3,2.39162,1.18996,2.0,2.0,1.73122,1.1422599999999998,1.6,1.6,1.77922,1.65518,2.7708333333333335,3.7395833333333335,2,2,9.0,3.0,1.5714285714285714,2.0,22.0,28.0,1.1386046511627907,1.0046511627906975,1.4734883720930234,0.8706976744186047,0.0,0.0,0.0,0.0,1.0,1.0,0.151,2.4333,1.0,D
5988c8c9-c951-4ac2-bc1e-69b01ff55737,9cfbd534-4566-4805-9eb7-487fb35f2c6f,2024,15,15,2024-12-08T14:00:00+00:00,67d3236c-6589-4978-b178-f6dcf50166d4,6601a105-9986-4276-89bf-143cdf03198a,Ipswich Town FC,AFC Bournemouth,14,14,0,0,0.0,0.0,5.0,1.0,0.8,1.0,1.28834,1.75574,9.0,1.8,2.0,1.6,2.64188,1.32758,7.0,0.7,1.1,1.8,1.3948399999999999,2.29203,16.0,1.6,1.6,1.4,2.05839,1.33982,0.8,1.4,1.3630200000000001,1.60296,1.4,2.0,1.86388,1.55082,4.770833333333333,2.7395833333333335,3,2,18.0,10.0,0.6428571428571429,1.5,9.0,21.0,0.7384259259259259,1.2083333333333333,1.074074074074074,0.9398148148148147,0.0,0.0,0.0,0.0,1.0,2.0,1.5668,3.4913,1.0,A
a7867139-8025-4ceb-bd86-52c8682a3f75,3f73a2c8-1554-49d2-86ab-c86fb3cec580,2024,15,15,2024-12-08T14:00:00+00:00,618e770e-c6ac-4c3f-9994-bd2160f675bc,db14882b-951f-4db5-860b-4ca2b8583311,Leicester City FC,Brighton & Hove Albion FC,14,14,0,0,0.0,0.0,4.0,0.8,1.2,2.2,1.48242,2.09716,7.0,1.4,1.4,1.6,1.6173600000000001,1.58538,11.0,1.1,1.4,2.1,1.36707,2.5285,15.0,1.5,1.7,1.8,1.60259,1.70946,1.4,1.4,1.3662,2.40242,1.4,2.0,1.24614,1.9967199999999998,4.739583333333333,2.7708333333333335,2,2,17.0,9.0,0.9285714285714286,1.6428571428571428,13.0,23.0,0.9397701149425286,1.4096551724137931,1.1411494252873562,1.2082758620689655,0.0,0.0,0.0,0.0,2.0,2.0,1.4244,1.1218,1.0,D
3e30bbff-d912-40e1-98d5-2259d7b0d312,d858c4ea-08e1-4744-b5d6-a9a8ccc2b8cd,2024,15,15,2024-12-08T16:30:00+00:00,c23d6b7a-dfaf-44a3-b016-1feb2dddec44,1cb320b2-b42f-4131-8f5f-ef42e7f82540,Tottenham Hotspur FC,Chelsea FC,14,14,0,0,0.0,0.0,7.0,1.4,2.0,1.0,1.7575399999999999,2.33606,11.0,2.2,2.4,0.8,2.6101,1.5749,16.0,1.6,2.2,1.1,2.16422,1.69842,21.0,2.1,2.3,1.0,2.4340599999999997,1.54739,2.6,1.2,2.03892,1.5993,2.4,1.0,2.71934,1.60442,2.84375,3.875,2,2,11.0,3.0,1.4285714285714286,2.0,20.0,28.0,1.473348519362187,0.7366742596810935,1.5403189066059224,0.6697038724373576,0.0,0.0,0.0,0.0,3.0,4.0,3.2549,2.5733,1.0,A
f393cf4e-2656-4a2b-b36e-488a1db70237,49ed6d65-5111-4a54-8fa1-4de994cc47d5,2024,15,15,2024-12-09T20:00:00+00:00,21ec0474-e758-4563-97a9-912aab00b4f5,fbffa344-2426-4b4b-9886-b8cd56ec69a1,West Ham United FC,Wolverhampton Wanderers FC,14,14,0,0,0.0,0.0,4.0,0.8,1.0,2.2,1.26228,2.29878,7.0,1.4,2.0,2.2,1.1231399999999998,1.74728,11.0,1.1,1.3,2.1,1.6194200000000003,1.95125,8.0,0.8,1.8,2.5,0.94529,2.02414,1.6,2.0,2.1009,2.21466,2.0,3.0,0.90276,2.04766,5.989583333333333,5.020833333333333,3,2,14.0,19.0,1.0714285714285714,0.6428571428571429,15.0,9.0,0.862780269058296,1.3937219730941703,1.1946188340807176,1.6591928251121075,0.0,0.0,0.0,0.0,2.0,1.0,1.1981,1.4757,1.0,H
9c2a4acc-5c33-4ffc-be80-b84926fd8cab,bafa4db2-2caf-477f-8128-0fcbb3e175b1,2024,16,16,2024-12-14T15:00:00+00:00,ead1bc2e-8799-410a-a809-66a274bbab2c,60cb8be0-9c1e-4019-8b60-fd9ac2aa9f2d,Arsenal FC,Everton FC,15,14,0,0,0.0,0.0,11.0,2.2,2.4,0.8,2.60404,0.65726,5.0,1.0,0.8,1.0,1.30252,1.1232799999999998,18.0,1.8,2.1,1.2,2.50654,0.92947,14.0,1.4,1.0,0.8,1.2631000000000001,1.2537699999999998,2.8,1.0,3.0040199999999997,0.7247399999999999,0.6,1.2,1.37006,1.1875,6.041666666666667,9.8125,3,2,3.0,15.0,1.9333333333333333,1.0,29.0,14.0,1.3937639198218263,0.796436525612472,0.6636971046770601,0.5309576837416481,0.0,0.0,0.0,0.0,0.0,0.0,1.3087,0.1322,1.0,D
f0017024-2920-4092-be56-6e7896a13d62,a27a8dae-11c4-40a7-afa6-d1d043d8c429,2024,16,16,2024-12-14T15:00:00+00:00,54ed0f97-ad19-421c-a5c2-9b9d3fcbc72d,b552a1a6-4302-43ca-884c-0f91ac4f984b,Liverpool FC,Fulham FC,14,15,0,0,0.0,0.0,13.0,2.6,2.4,1.2,2.7218,1.29692,8.0,1.6,1.6,1.4,1.0721599999999998,1.5686,26.0,2.6,2.2,1.0,2.38155,1.17401,15.0,1.5,1.5,1.5,1.51114,1.28842,2.2,0.4,2.57108,1.24658,1.4,1.0,1.90314,1.16746,9.8125,6.041666666666667,2,3,1.0,10.0,2.5,1.5333333333333334,35.0,23.0,1.469933184855234,0.6681514476614699,1.0022271714922049,1.0022271714922049,0.0,0.0,0.0,0.0,2.0,2.0,2.097,1.2862,1.0,D
7c2871dc-4476-498b-adef-21a05427ade4,15738b00-877e-4108-b7a5-e469081cf138,2024,16,16,2024-12-14T15:00:00+00:00,c4045d6d-a715-4821-a800-cd9b505ad54b,618e770e-c6ac-4c3f-9994-bd2160f675bc,Newcastle United FC,Leicester City FC,15,15,0,0,0.0,0.0,5.0,1.0,1.8,2.2,1.3729799999999999,1.6782,4.0,0.8,1.4,2.4,1.2995800000000002,2.05428,10.0,1.0,1.2,1.5,1.45374,1.4555500000000001,11.0,1.1,1.5,2.2,1.37572,2.4583000000000004,1.0,1.4,1.4316200000000001,1.40498,1.4,2.8,1.36794,2.65458,7.0,6.041666666666667,3,3,12.0,16.0,1.3333333333333333,0.9333333333333333,20.0,14.0,0.7999999999999999,1.0,1.0,1.4666666666666668,0.0,0.0,0.0,0.0,4.0,0.0,3.9546,0.1868,1.0,H
3ed5bfae-ba54-4de0-9374-9a7f84f37c6a,2898e88d-0e3c-49b2-9a52-c5b703d0cf17,2024,16,16,2024-12-14T15:00:00+00:00,fbffa344-2426-4b4b-9886-b8cd56ec69a1,67d3236c-6589-4978-b178-f6dcf50166d4,Wolverhampton Wanderers FC,Ipswich Town FC,15,15,0,0,0.0,0.0,6.0,1.2,1.8,2.2,1.08824,1.4572,4.0,0.8,0.8,1.2,1.33446,1.98628,8.0,0.8,1.8,2.4,1.04085,1.9065999999999999,6.0,0.6,1.1,1.9,1.3870200000000001,2.35135,1.6,2.0,0.9878199999999999,2.00062,1.4,2.2,1.42666,2.9811,4.791666666666667,6.041666666666667,3,3,19.0,18.0,0.6,0.6,9.0,9.0,1.1973741794310722,1.596498905908096,0.7317286652078775,1.2638949671772428,0.0,0.0,0.0,0.0,1.0,2.0,1.2375,1.7335,1.0,A
e9f21cf7-bfae-4fba-b86f-b9996f10b350,f71c7f45-b56e-4ba4-ad37-a4f0bdf8499d,2024,16,16,2024-12-14T17:30:00+00:00,5421e81a-b7dd-48b1-9982-42644e8dcf9f,f8f456e7-3e20-4803-ba4e-b1762a31812c,Nottingham Forest FC,Aston Villa FC,15,15,0,0,0.0,0.0,6.0,1.2,1.0,2.2,0.96018,1.7326799999999998,7.0,1.4,1.2,1.6,2.2626999999999997,1.5528600000000001,16.0,1.6,1.3,1.4,1.38625,1.41765,13.0,1.3,1.3,1.6,1.88887,1.51158,1.2,0.8,1.55892,0.9470000000000001,1.2,2.4,1.52144,2.24114,7.0,7.104166666666667,2,3,5.0,6.0,1.6666666666666667,1.6666666666666667,25.0,25.0,0.8647826086956522,0.931304347826087,0.8647826086956522,1.0643478260869565,0.0,0.0,0.0,0.0,2.0,1.0,2.2861,0.3894,1.0,H
f31bbaba-6ea6-4461-9a5a-80cd7d11e1e1,84a6a22e-5a71-4f88-9734-9f40d30589c0,2024,16,16,2024-12-15T14:00:00+00:00,db14882b-951f-4db5-860b-4ca2b8583311,74bd08fa-27db-4bb0-8490-f57f6ed6b8e9,Brighton & Hove Albion FC,Crystal Palace FC,15,15,0,0,0.0,0.0,8.0,1.6,1.6,1.6,1.63858,1.5081799999999999,6.0,1.2,1.2,1.4,1.7479599999999997,1.47504,15.0,1.5,1.7,1.8,1.55793,1.71498,10.0,1.0,1.0,1.3,1.4934999999999998,1.51132,2.0,1.6,1.95904,1.4222,1.2,1.4,1.57514,1.6323599999999998,7.0,7.958333333333333,2,2,7.0,17.0,1.6,0.8666666666666667,24.0,13.0,1.1308855291576674,1.1974082073434125,0.6652267818574514,0.8647948164146868,0.0,0.0,0.0,0.0,1.0,3.0,1.3232,3.0062,1.0,A
dd10a53d-56e4-4de2-a753-49c63b177b07,c84430d4-c622-40ad-b6db-fda9702a1806,2024,16,16,2024-12-15T16:30:00+00:00,33d2f100-682f-4a5e-9aa3-5cc57e1e8571,48fc005c-cbfc-4e4d-b7f1-459dce6cf940,Manchester City FC,Manchester United FC,15,15,0,0,0.0,0.0,4.0,0.8,1.2,2.0,2.05872,2.37864,7.0,1.4,2.0,1.2,1.19868,1.35782,14.0,1.4,1.4,1.6,1.9806899999999998,1.9575600000000002,12.0,1.2,1.4,1.3,1.35947,1.7825700000000002,1.8,1.6,2.52926,1.70386,0.4,1.0,1.3900599999999999,2.02982,8.0625,7.958333333333333,2,2,5.0,13.0,1.8,1.2666666666666666,27.0,19.0,0.9293361884368309,1.0620985010706638,0.9293361884368309,0.8629550321199144,0.0,0.0,0.0,0.0,1.0,2.0,0.6381,2.0466,1.0,A
c476b6fd-7c5f-4f40-8aac-aec725363964,eca483c9-b39b-469a-987e-46408bb3ab9e,2024,16,16,2024-12-15T19:00:00+00:00,1cb320b2-b42f-4131-8f5f-ef42e7f82540,66a313d1-2e21-49ad-a1c7-6f04cae6be69,Chelsea FC,Brentford FC,15,15,0,0,0.0,0.0,13.0,2.6,3.0,1.2,2.88262,1.79378,10.0,2.0,2.4,1.6,1.60108,2.03364,21.0,2.1,2.4,1.3,2.45166,1.79705,17.0,1.7,2.4,1.9,1.82393,1.6595900000000001,2.2,1.0,2.14878,1.4903600000000001,0.8,2.0,1.00028,2.38048,7.104166666666667,8.166666666666666,2,2,2.0,10.0,2.066666666666667,1.5333333333333334,31.0,23.0,1.593191489361702,0.8629787234042554,1.593191489361702,1.2612765957446808,0.0,0.0,0.0,0.0,2.0,1.0,2.5915,1.6586,1.0,H
f83388ce-d58b-4b8b-beb8-c33580edbeed,e90edc02-ed40-49c3-add8-9579710c2bb2,2024,16,16,2024-12-15T19:00:00+00:00,f5c6f090-f823-4206-a821-17c11d35de43,c23d6b7a-dfaf-44a3-b016-1feb2dddec44,Southampton FC,Tottenham Hotspur FC,15,15,0,0,0.0,0.0,1.0,0.2,0.8,2.4,1.1127,2.8635200000000003,4.0,0.8,1.8,1.6,1.98902,2.35322,4.0,0.4,0.9,2.2,1.0870799999999998,2.67985,13.0,1.3,2.2,1.4,2.10023,1.8663899999999998,1.4,2.4,1.86324,3.0581199999999997,1.8,1.0,2.28952,1.7975400000000001,8.166666666666666,7.104166666666667,2,2,20.0,13.0,0.3333333333333333,1.3333333333333333,5.0,20.0,0.5974630021141649,1.4604651162790698,1.4604651162790698,0.9293868921775897,0.0,0.0,0.0,0.0,0.0,5.0,1.2736,3.8932,1.0,A
c64cca39-a497-418b-b9f6-a507b7a379a6,ac3e7026-b6fe-4e9f-ac50-1cd68398c02a,2024,16,16,2024-12-16T20:00:00+00:00,6601a105-9986-4276-89bf-143cdf03198a,21ec0474-e758-4563-97a9-912aab00b4f5,AFC Bournemouth,West Ham United FC,15,15,0,0,0.0,0.0,9.0,1.8,2.0,1.6,2.85028,1.1704,7.0,1.4,1.4,1.8,1.47544,2.1239,19.0,1.9,1.8,1.2,2.2605399999999998,1.25277,14.0,1.4,1.5,1.9,1.6634,1.8590900000000001,1.8,0.8,2.2529,1.12882,1.0,2.2,1.13794,1.68784,8.25,7.0,2,2,7.0,14.0,1.6,1.2,24.0,18.0,1.189958158995816,0.7933054393305439,0.9916317991631799,1.2560669456066944,0.0,0.0,0.0,0.0,1.0,1.0,2.0484,1.8183,1.0,D
56e95019-a31b-4250-b63c-56c12c5edff2,704cbec1-9baf-4865-beb9-558191e1355f,2024,17,17,2024-12-21T12:30:00+00:00,f8f456e7-3e20-4803-ba4e-b1762a31812c,33d2f100-682f-4a5e-9aa3-5cc57e1e8571,Aston Villa FC,Manchester City FC,16,16,0,0,0.0,0.0,7.0,1.4,1.4,1.6,2.0079000000000002,1.47368,4.0,0.8,1.2,2.0,1.66568,2.21372,12.0,1.2,1.2,1.6,1.8133199999999998,1.55558,13.0,1.3,1.4,1.7,1.91798,2.02788,1.4,0.8,2.2563,0.7820199999999999,1.2,1.8,1.73026,2.1994,6.791666666666667,5.833333333333333,2,2,7.0,5.0,1.5625,1.6875,25.0,27.0,0.7949999999999999,1.06,0.9274999999999999,1.12625,0.0,0.0,0.0,0.0,2.0,1.0,2.0599,1.0963,1.0,H
ff5d5490-9ce7-46c5-b7d5-9bf7d633daaa,b9e15c4e-43f5-4c52-aafd-2a58db0918d6,2024,17,17,2024-12-21T15:00:00+00:00,21ec0474-e758-4563-97a9-912aab00b4f5,db14882b-951f-4db5-860b-4ca2b8583311,West Ham United FC,Brighton & Hove Albion FC,16,16,0,0,0.0,0.0,7.0,1.4,1.6,2.0,1.61436,2.36038,5.0,1.0,1.4,2.0,1.32898,1.5887600000000002,14.0,1.4,1.5,1.9,1.7573699999999999,2.02691,15.0,1.5,1.6,1.7,1.56954,1.6497600000000001,2.0,1.6,2.18886,2.03034,1.4,1.6,1.22908,1.54992,4.791666666666667,6.041666666666667,2,2,14.0,9.0,1.1875,1.5,19.0,24.0,0.9937888198757765,1.25879917184265,1.060041407867495,1.1262939958592133,0.0,0.0,0.0,0.0,1.0,1.0,1.2294,1.3438,1.0,D
d59e0682-3f74-4cbb-8f56-39dc32c76e55,e243fe06-5b4e-45ca-8683-d21c956127d3,2024,17,17,2024-12-21T15:00:00+00:00,66a313d1-2e21-49ad-a1c7-6f04cae6be69,5421e81a-b7dd-48b1-9982-42644e8dcf9f,Brentford FC,Nottingham Forest FC,16,16,0,0,0.0,0.0,7.0,1.4,2.0,1.6,1.6198599999999999,2.05348,9.0,1.8,1.2,1.8,1.1817,1.43676,16.0,1.6,2.4,2.0,1.95277,1.83088,19.0,1.9,1.5,1.4,1.55342,1.3130000000000002,4.0,2.2,2.75226,1.5419399999999999,1.4,2.0,1.2135799999999999,1.8882999999999999,5.833333333333333,6.895833333333333,2,2,11.0,4.0,1.4375,1.75,23.0,28.0,1.5934020618556701,1.327835051546392,0.9958762886597938,0.9294845360824743,0.0,0.0,0.0,0.0,0.0,2.0,0.769,0.9649,1.0,A
e833f077-891d-46a7-bc9f-dfd20c3fb292,02bb8d17-6491-4dc8-8764-c1388f861f38,2024,17,17,2024-12-21T15:00:00+00:00,67d3236c-6589-4978-b178-f6dcf50166d4,c4045d6d-a715-4821-a800-cd9b505ad54b,Ipswich Town FC,Newcastle United FC,16,16,0,0,0.0,0.0,4.0,0.8,0.8,1.2,1.24438,1.8836,5.0,1.0,2.0,2.0,1.7901,1.47986,8.0,0.8,1.1,1.8,1.37576,2.36061,12.0,1.2,1.5,1.4,1.7148599999999998,1.34771,0.6,1.4,1.30716,2.07224,1.4,1.6,1.47586,1.50612,7.0,7.0,2,2,18.0,11.0,0.75,1.4375,12.0,23.0,0.7318275154004107,1.1975359342915812,0.997946611909651,0.9314168377823407,0.0,0.0,0.0,0.0,0.0,4.0,1.0643,3.2339,1.0,A
98b6e586-f9b2-4884-b7d6-221e0cca576b,63ae3362-a440-4f2a-b40f-6707f1f923b5,2024,17,17,2024-12-21T17:30:00+00:00,74bd08fa-27db-4bb0-8490-f57f6ed6b8e9,ead1bc2e-8799-410a-a809-66a274bbab2c,Crystal Palace FC,Arsenal FC,16,16,0,0,0.0,0.0,9.0,1.8,1.8,1.2,1.9571200000000002,1.28902,11.0,2.2,2.2,0.6,2.47368,0.43556,13.0,1.3,1.2,1.2,1.68176,1.53268,16.0,1.6,1.7,1.0,2.0321000000000002,0.9089,0.8,1.2,1.4118600000000001,1.3902800000000002,1.4,1.4,2.00906,1.1342,6.145833333333333,7.104166666666667,1,2,15.0,4.0,1.0,1.875,16.0,30.0,0.7967413441955193,0.7967413441955193,1.1287169042769858,0.6639511201629328,0.0,0.0,0.0,0.0,1.0,5.0,1.6052,3.0543,1.0,A
7571b2c4-57ee-44c6-bc29-61d3493b5ed1,aba93edb-dd28-459c-85f4-df43a4c46571,2024,17,17,2024-12-22T14:00:00+00:00,b552a1a6-4302-43ca-884c-0f91ac4f984b,f5c6f090-f823-4206-a821-17c11d35de43,Fulham FC,Southampton FC,16,16,0,0,0.0,0.0,6.0,1.2,1.6,1.8,0.87874,1.59592,1.0,0.2,0.8,3.0,1.2088800000000002,3.4596000000000005,13.0,1.3,1.6,1.7,1.49617,1.43668,4.0,0.4,0.8,2.4,1.14483,2.92495,1.6,2.0,1.11914,1.40938,0.4,1.6,0.75132,2.3421399999999997,7.958333333333333,6.791666666666667,2,1,10.0,20.0,1.5,0.3125,24.0,5.0,1.0559356136820928,1.1219315895372233,0.5279678068410464,1.5839034205231388,0.0,0.0,0.0,0.0,0.0,0.0,1.2526,0.28,1.0,D
58720d21-994c-4b3c-8103-4de6a88ec12f,6d66e4e4-3302-4c79-8aef-679961e03bba,2024,17,17,2024-12-22T14:00:00+00:00,618e770e-c6ac-4c3f-9994-bd2160f675bc,fbffa344-2426-4b4b-9886-b8cd56ec69a1,Leicester City FC,Wolverhampton Wanderers FC,16,16,0,0,0.0,0.0,4.0,0.8,1.4,2.6,1.2534800000000001,2.59782,3.0,0.6,1.6,2.6,1.15318,1.6453600000000002,11.0,1.1,1.3,2.2,1.3606099999999999,2.24845,8.0,0.8,1.8,2.4,1.08971,1.86823,1.6,1.6,1.3835000000000002,2.26202,2.0,2.8,1.09388,1.81258,7.958333333333333,7.958333333333333,2,2,17.0,19.0,0.875,0.5625,14.0,9.0,0.8631790744466801,1.460764587525151,1.1951710261569417,1.5935613682092555,0.0,0.0,0.0,0.0,0.0,3.0,0.7887,1.1353,1.0,A
db42dd4d-0fe6-421b-ba51-f959e5cb5784,2767369a-9f4e-4d5d-b64a-6a23f8b522d2,2024,17,17,2024-12-22T14:00:00+00:00,48fc005c-cbfc-4e4d-b7f1-459dce6cf940,6601a105-9986-4276-89bf-143cdf03198a,Manchester United FC,AFC Bournemouth,16,16,0,0,0.0,0.0,7.0,1.4,1.8,1.4,1.3606200000000002,1.40198,10.0,2.0,1.8,1.2,2.7615000000000003,1.22112,15.0,1.5,1.6,1.1,1.50406,1.30566,17.0,1.7,1.6,1.2,2.32116,1.3649900000000001,2.4,1.0,1.6788599999999998,0.7877400000000001,1.8,1.6,2.26818,1.37672,6.895833333333333,5.75,1,2,13.0,8.0,1.375,1.5625,22.0,25.0,1.0624,0.7304,1.0624,0.7968,0.0,0.0,0.0,0.0,0.0,3.0,2.2853,1.8283,1.0,A
71f747bf-8eab-4715-8e54-b67770bdab4c,282a85f5-f926-4ce8-a5d1-15898f08883f,2024,17,17,2024-12-22T14:00:00+00:00,60cb8be0-9c1e-4019-8b60-fd9ac2aa9f2d,1cb320b2-b42f-4131-8f5f-ef42e7f82540,Everton FC,Chelsea FC,15,16,0,0,0.0,0.0,6.0,1.2,0.8,0.8,0.9718,1.27696,15.0,3.0,3.2,1.2,3.15278,1.7334,14.0,1.4,0.9,0.7,1.0939400000000001,1.25085,21.0,2.1,2.2,1.2,2.34497,1.8422,1.4,0.4,1.1561400000000002,1.32004,2.6,1.6,2.75454,2.1037399999999997,7.958333333333333,6.791666666666667,1,2,16.0,2.0,1.0,2.125,15.0,34.0,0.5976143141153082,0.4648111332007952,1.4608349900596422,0.7968190854870776,0.0,0.0,0.0,0.0,0.0,0.0,1.0708,1.5159,1.0,D
44193c9a-8145-4983-a750-65712a3d39da,a1569899-cb47-42a3-bdb5-e6d2dc9daadb,2024,17,17,2024-12-22T16:30:00+00:00,c23d6b7a-dfaf-44a3-b016-1feb2dddec44,54ed0f97-ad19-421c-a5c2-9b9d3fcbc72d,Tottenham Hotspur FC,Liverpool FC,16,15,0,0,0.0,0.0,7.0,1.4,2.6,1.2,2.4174800000000003,2.17116,11.0,2.2,2.4,1.4,2.77912,1.3510199999999999,13.0,1.3,2.4,1.4,1.9488299999999998,1.93368,24.0,2.4,2.1,1.2,2.3475200000000003,1.15565,2.6,1.8,1.91094,1.9352399999999998,2.2,1.6,2.1920200000000003,1.10144,6.895833333333333,8.0625,2,1,11.0,1.0,1.4375,2.4,23.0,36.0,1.6031809145129223,0.9351888667992047,1.4027833001988073,0.8015904572564612,0.0,0.0,0.0,0.0,3.0,6.0,1.2025,5.2021,1.0,A
53f56256-f352-40c2-85db-3d7fd9a3c6e5,281ca865-6902-4c26-8f7b-c4bb26568ccc,2024,18,18,2024-12-26T12:30:00+00:00,33d2f100-682f-4a5e-9aa3-5cc57e1e8571,60cb8be0-9c1e-4019-8b60-fd9ac2aa9f2d,Manchester City FC,Everton FC,17,16,0,0,0.0,0.0,4.0,0.8,1.4,1.6,1.45314,1.9647999999999999,6.0,1.2,0.8,0.8,1.01276,1.3554,10.0,1.0,1.2,1.7,1.8909300000000002,1.95802,12.0,1.2,0.7,0.6,1.09006,1.2900800000000001,1.6,1.6,2.1056999999999997,1.85636,0.4,1.0,1.03174,1.18166,5.0,3.9375,2,2,7.0,15.0,1.588235294117647,1.0,27.0,16.0,0.7921875,1.122265625,0.462109375,0.39609375,0.0,0.0,0.0,0.0,1.0,1.0,2.5197,0.6533,1.0,D
022420f7-5861-49ac-9c47-bdfb1746d447,4904f153-aa77-4910-aacd-e6852057d910,2024,18,18,2024-12-26T15:00:00+00:00,1cb320b2-b42f-4131-8f5f-ef42e7f82540,b552a1a6-4302-43ca-884c-0f91ac4f984b,Chelsea FC,Fulham FC,17,17,0,0,0.0,0.0,13.0,2.6,2.8,1.0,2.89264,1.75396,7.0,1.4,1.4,1.0,0.98582,1.38412,21.0,2.1,2.1,1.1,2.2688099999999998,1.78263,14.0,1.4,1.4,1.4,1.34558,1.3279999999999998,1.8,0.8,1.9354,1.58066,1.6,1.4,1.8732,1.4639799999999998,4.041666666666667,4.041666666666667,2,2,2.0,9.0,2.0588235294117645,1.4705882352941178,35.0,25.0,1.389105058365759,0.727626459143969,0.9260700389105058,0.9260700389105058,0.0,0.0,0.0,0.0,1.0,2.0,1.5563,1.7793,1.0,A
ba8e4306-d793-40a8-af9e-750ce6655631,7694e271-f352-4c3b-8677-ee8d9d6ac044,2024,18,18,2024-12-26T15:00:00+00:00,c4045d6d-a715-4821-a800-cd9b505ad54b,f8f456e7-3e20-4803-ba4e-b1762a31812c,Newcastle United FC,Aston Villa FC,17,17,0,0,0.0,0.0,8.0,1.6,2.8,1.6,2.13732,1.50416,9.0,1.8,1.4,1.4,1.8109600000000001,1.37006,14.0,1.4,1.9,1.4,1.8592,1.38492,14.0,1.4,1.4,1.7,1.96603,1.6203600000000002,1.6,1.2,1.95386,1.1893,1.0,2.4,1.3703400000000001,2.3291399999999998,5.0,5.104166666666667,2,2,9.0,8.0,1.5294117647058822,1.6470588235294117,26.0,28.0,1.2568665377176014,0.9261121856866537,0.9261121856866537,1.1245647969052224,0.0,0.0,0.0,0.0,3.0,0.0,2.8287,0.2255,1.0,H
3242a933-0fbf-4b1d-970e-dc96102d7721,ac27955d-cca9-412c-9bcc-2858fef6cefe,2024,18,18,2024-12-26T15:00:00+00:00,5421e81a-b7dd-48b1-9982-42644e8dcf9f,c23d6b7a-dfaf-44a3-b016-1feb2dddec44,Nottingham Forest FC,Tottenham Hotspur FC,17,17,0,0,0.0,0.0,12.0,2.4,1.6,1.2,1.29406,1.25852,4.0,0.8,2.4,2.4,1.99708,2.7797799999999997,21.0,2.1,1.6,1.3,1.48326,1.16215,13.0,1.3,2.5,1.7,1.9598,2.25667,1.6,0.8,1.8932600000000002,0.7377,2.2,1.0,1.98672,1.93212,5.0,3.9375,2,2,4.0,11.0,1.8235294117647058,1.3529411764705883,31.0,23.0,1.0584615384615386,0.86,1.6538461538461537,1.1246153846153846,0.0,0.0,0.0,0.0,1.0,0.0,1.3002,1.0576,1.0,H
ea0559b4-9e9d-4dbe-8c21-1a494b5a2d16,466a5b6e-7aa0-40f8-bdae-854a63e9e35e,2024,18,18,2024-12-26T15:00:00+00:00,f5c6f090-f823-4206-a821-17c11d35de43,21ec0474-e758-4563-97a9-912aab00b4f5,Southampton FC,West Ham United FC,17,17,0,0,0.0,0.0,2.0,0.4,0.4,2.4,0.9569000000000001,3.07244,5.0,1.0,1.4,2.2,1.6716799999999998,2.32958,5.0,0.5,0.7,2.1,1.04552,2.72504,12.0,1.2,1.2,1.9,1.4409100000000001,2.04283,1.2,3.2,1.53834,3.50776,1.0,2.2,1.3258800000000002,2.02348,4.041666666666667,5.0,2,2,20.0,14.0,0.35294117647058826,1.1764705882352942,6.0,20.0,0.46487523992322455,1.3946257197696736,0.7969289827255278,1.2618042226487522,0.0,0.0,0.0,0.0,0.0,1.0,2.1983,1.9011,1.0,A
49dc2a11-0ce8-4db5-828e-858e9839b854,a178fb27-13c8-46aa-a0b3-033d52d5a52a,2024,18,18,2024-12-26T15:00:00+00:00,6601a105-9986-4276-89bf-143cdf03198a,74bd08fa-27db-4bb0-8490-f57f6ed6b8e9,AFC Bournemouth,Crystal Palace FC,17,17,0,0,0.0,0.0,13.0,2.6,2.2,0.8,2.74484,1.4320599999999999,8.0,1.6,1.6,1.8,1.9552800000000001,1.2909599999999999,20.0,2.0,1.9,1.1,2.30903,1.50231,13.0,1.3,1.3,1.6,1.7813299999999999,1.6307800000000001,1.4,0.8,2.3741399999999997,1.3532600000000001,1.6,1.2,1.95166,1.67508,4.041666666666667,4.895833333333333,2,2,6.0,16.0,1.6470588235294117,0.9411764705882353,28.0,16.0,1.2666666666666666,0.7333333333333334,0.8666666666666667,1.0666666666666667,0.0,0.0,0.0,0.0,0.0,0.0,1.2019,0.5001,1.0,D
c23fd32a-806d-472f-b059-eb4cae15d67a,1351465a-d49c-485c-8e53-7e52177aa89a,2024,18,18,2024-12-26T17:30:00+00:00,fbffa344-2426-4b4b-9886-b8cd56ec69a1,48fc005c-cbfc-4e4d-b7f1-459dce6cf940,Wolverhampton Wanderers FC,Manchester United FC,17,17,0,0,0.0,0.0,3.0,0.6,1.4,2.4,1.1124399999999999,1.6596600000000001,6.0,1.2,1.6,1.8,1.56386,1.3702200000000002,11.0,1.1,1.8,1.9,1.13361,1.53359,14.0,1.4,1.6,1.4,1.6877400000000002,1.43521,1.6,2.0,1.08554,1.92388,0.8,1.2,1.32926,1.8235800000000002,4.145833333333333,4.145833333333333,2,2,18.0,14.0,0.7058823529411765,1.2941176470588236,12.0,22.0,1.2068965517241381,1.2739463601532568,1.0727969348659006,0.9386973180076629,0.0,0.0,0.0,0.0,2.0,0.0,0.8265,0.3589,1.0,H
d664215e-1e55-4b91-9924-9f8eb8605104,e6e0f354-33fe-4766-b911-11c0ac6e4dcc,2024,18,18,2024-12-26T20:00:00+00:00,54ed0f97-ad19-421c-a5c2-9b9d3fcbc72d,618e770e-c6ac-4c3f-9994-bd2160f675bc,Liverpool FC,Leicester City FC,16,17,0,0,0.0,0.0,11.0,2.2,3.2,2.0,3.2831400000000004,1.25884,4.0,0.8,1.2,2.8,1.21762,2.2615600000000002,24.0,2.4,2.5,1.4,2.6560099999999998,1.20101,8.0,0.8,1.2,2.5,1.3482699999999999,2.16702,2.0,0.8,2.5030200000000002,1.20986,1.0,2.8,1.33772,2.23488,4.145833333333333,4.25,2,2,1.0,18.0,2.4375,0.8235294117647058,39.0,14.0,1.6793893129770994,0.9404580152671755,0.8061068702290076,1.6793893129770994,0.0,0.0,0.0,0.0,3.0,1.0,1.8994,0.221,1.0,H
494dc197-0f46-4728-96f5-2b0ce1aaf47a,922d83bd-8b52-4150-8091-0bb202a1a379,2024,18,18,2024-12-27T19:30:00+00:00,db14882b-951f-4db5-860b-4ca2b8583311,66a313d1-2e21-49ad-a1c7-6f04cae6be69,Brighton & Hove Albion FC,Brentford FC,17,17,0,0,0.0,0.0,3.0,0.6,1.2,2.0,1.35162,1.45232,6.0,1.2,2.0,2.0,1.50504,1.92744,13.0,1.3,1.4,1.6,1.5067,1.66342,13.0,1.3,1.9,1.9,1.61616,1.8577400000000002,1.8,1.8,1.9100000000000001,1.7496000000000003,0.8,1.8,1.15328,2.11982,6.1875,6.1875,2,2,10.0,12.0,1.4705882352941178,1.3529411764705883,25.0,23.0,0.9386363636363636,1.0727272727272728,1.2738636363636362,1.2738636363636362,0.0,0.0,0.0,0.0,0.0,0.0,1.3354,0.9612,1.0,D
733f891a-8dc7-4214-b0c5-c648ee87d4c2,943f28e0-6efe-4f0c-b872-9712240a50ce,2024,18,18,2024-12-27T20:15:00+00:00,ead1bc2e-8799-410a-a809-66a274bbab2c,67d3236c-6589-4978-b178-f6dcf50166d4,Arsenal FC,Ipswich Town FC,17,17,0,0,0.0,0.0,11.0,2.2,2.6,0.8,2.7525,0.67598,3.0,0.6,0.6,1.8,1.05982,2.27656,16.0,1.6,1.9,1.0,2.01236,0.9421099999999999,8.0,0.8,1.0,1.8,1.3637299999999999,2.2445999999999997,2.0,0.6,2.05514,0.6836,1.6,2.2,1.44436,2.64898,6.114583333333333,6.21875,2,2,4.0,19.0,1.9411764705882353,0.7058823529411765,33.0,12.0,1.281060606060606,0.6742424242424242,0.6742424242424242,1.2136363636363636,0.0,0.0,0.0,0.0,1.0,0.0,2.1646,0.0783,1.0,H
be1d0c62-eee0-4144-86dc-0f15261f2ebd,841d399a-1498-4405-8af6-f76979b381f4,2024,19,19,2024-12-29T14:30:00+00:00,618e770e-c6ac-4c3f-9994-bd2160f675bc,33d2f100-682f-4a5e-9aa3-5cc57e1e8571,Leicester City FC,Manchester City FC,18,18,0,0,0.0,0.0,4.0,0.8,1.2,2.6,1.0803,2.19766,5.0,1.0,1.6,1.4,1.80808,1.35536,5.0,0.5,1.0,2.6,1.08654,2.11418,8.0,0.8,1.1,1.7,2.0063299999999997,1.94723,1.4,2.2,1.3588200000000001,2.0991600000000004,1.0,2.0,1.67638,2.45914,2.7708333333333335,3.0833333333333335,2,3,18.0,7.0,0.7777777777777778,1.5555555555555556,14.0,28.0,0.6767485822306238,1.759546313799622,0.7444234404536862,1.1504725897920605,0.0,0.0,0.0,0.0,0.0,2.0,1.8421,1.58,1.0,A
7ef16a99-1ea4-4149-984b-e80a49f25739,eb6e067b-d2c1-437d-9dd5-51bbc378632e,2024,19,19,2024-12-29T15:00:00+00:00,c23d6b7a-dfaf-44a3-b016-1feb2dddec44,fbffa344-2426-4b4b-9886-b8cd56ec69a1,Tottenham Hotspur FC,Wolverhampton Wanderers FC,18,18,0,0,0.0,0.0,3.0,0.6,2.2,2.4,2.00642,2.72528,6.0,1.2,1.4,1.6,1.10454,1.11564,10.0,1.0,2.1,1.7,1.92151,2.30081,14.0,1.4,1.9,1.7,1.1401400000000002,1.4329100000000001,2.4,2.8,1.8633400000000002,2.8038999999999996,2.0,1.8,1.18168,1.1433,3.0,2.8958333333333335,3,2,12.0,17.0,1.2777777777777777,0.8333333333333334,23.0,15.0,1.423728813559322,1.1525423728813557,1.2881355932203389,1.1525423728813557,0.0,0.0,0.0,0.0,2.0,2.0,2.2843,0.6407,1.0,D
cef2dda1-c0b1-4e1c-bada-2e0318ae1a37,10d0463d-d222-42d7-a0c6-f471a622b969,2024,19,19,2024-12-29T15:00:00+00:00,74bd08fa-27db-4bb0-8490-f57f6ed6b8e9,f5c6f090-f823-4206-a821-17c11d35de43,Crystal Palace FC,Southampton FC,18,18,0,0,0.0,0.0,8.0,1.6,1.4,1.6,1.5961,1.52714,1.0,0.2,0.2,2.4,1.2095600000000002,3.07868,14.0,1.4,1.3,1.5,1.74784,1.5624,5.0,0.5,0.5,1.9,1.02257,2.6313199999999997,1.0,2.0,1.611,1.5864800000000001,0.2,1.0,0.5527,1.9423199999999998,3.0,3.0,2,3,16.0,20.0,0.9444444444444444,0.3333333333333333,17.0,6.0,0.8796261682242991,1.0149532710280373,0.3383177570093458,1.285607476635514,0.0,0.0,0.0,0.0,2.0,1.0,3.0542,1.2185,1.0,H
919415ea-85dc-4879-866c-5d8cbcb40fad,435a7de8-f40b-4564-8c0e-36237942540f,2024,19,19,2024-12-29T15:00:00+00:00,60cb8be0-9c1e-4019-8b60-fd9ac2aa9f2d,5421e81a-b7dd-48b1-9982-42644e8dcf9f,Everton FC,Nottingham Forest FC,17,18,0,0,0.0,0.0,6.0,1.2,1.0,1.0,0.8244,1.59072,12.0,2.4,1.6,1.2,1.20092,1.37748,12.0,1.2,0.8,0.7,1.08617,1.363,21.0,2.1,1.6,1.3,1.42471,1.1844100000000002,1.0,0.2,1.14838,1.3984999999999999,1.6,1.8,1.0732599999999999,1.5866,3.1041666666666665,3.0,2,2,16.0,4.0,1.0,1.8888888888888888,17.0,34.0,0.5412639405204461,0.4736059479553903,1.0825278810408923,0.8795539033457249,0.0,0.0,0.0,0.0,0.0,2.0,0.6152,2.0275,1.0,A
db561cef-1236-4833-922c-350252839e29,1647df4b-db30-4073-8aff-4abd246b8603,2024,19,19,2024-12-29T15:00:00+00:00,b552a1a6-4302-43ca-884c-0f91ac4f984b,6601a105-9986-4276-89bf-143cdf03198a,Fulham FC,AFC Bournemouth,18,18,0,0,0.0,0.0,9.0,1.8,1.6,1.0,1.02714,1.4932,11.0,2.2,1.4,0.4,2.36942,1.3588799999999999,17.0,1.7,1.5,1.2,1.26044,1.34003,18.0,1.8,1.7,1.1,2.2108,1.47824,1.4,1.4,0.84352,1.17818,2.4,1.4,2.24392,1.65136,3.0,3.0,2,3,8.0,7.0,1.5555555555555556,1.6111111111111112,28.0,29.0,1.0166666666666666,0.8133333333333332,1.152222222222222,0.7455555555555555,0.0,0.0,0.0,0.0,2.0,2.0,0.9616,1.7069,1.0,D
2e3044a8-67fd-45e2-98ae-dba34f0179f2,1d9470b5-73d8-4811-8f35-551db50670ef,2024,19,19,2024-12-29T17:15:00+00:00,21ec0474-e758-4563-97a9-912aab00b4f5,54ed0f97-ad19-421c-a5c2-9b9d3fcbc72d,West Ham United FC,Liverpool FC,18,17,0,0,0.0,0.0,8.0,1.6,1.2,1.2,1.80482,1.96936,11.0,2.2,3.2,1.8,3.02534,0.99506,15.0,1.5,1.2,1.5,1.54514,2.11861,24.0,2.4,2.7,1.5,2.63862,1.16216,1.4,1.6,1.55594,2.06218,3.0,2.0,2.809,1.1921599999999999,3.09375,2.8854166666666665,3,2,13.0,1.0,1.2777777777777777,2.4705882352941178,23.0,42.0,0.8117647058823529,1.0147058823529413,1.8264705882352943,1.0147058823529413,0.0,0.0,0.0,0.0,0.0,5.0,0.5183,3.2987,1.0,A
e51ff55e-f61f-46d7-a0f7-786e10c6430e,9a81c4e3-d5fe-4974-b876-4620f74e999d,2024,19,19,2024-12-30T19:45:00+00:00,67d3236c-6589-4978-b178-f6dcf50166d4,1cb320b2-b42f-4131-8f5f-ef42e7f82540,Ipswich Town FC,Chelsea FC,18,18,0,0,0.0,0.0,3.0,0.6,0.6,1.8,0.98292,2.3563,10.0,2.0,2.4,1.4,2.81402,1.9347400000000001,8.0,0.8,1.0,1.7,1.2541600000000002,2.30026,21.0,2.1,2.1,1.1,2.29054,1.7380400000000003,0.6,1.8,1.28522,2.39742,2.4,1.2,2.78992,1.87286,2.9791666666666665,4.197916666666667,2,2,19.0,4.0,0.6666666666666666,1.9444444444444444,12.0,35.0,0.6739526411657559,1.145719489981785,1.4153005464480874,0.7413479052823316,0.0,0.0,0.0,0.0,2.0,0.0,1.5009,1.6062,1.0,H
84840e2e-9bc3-496c-b7c3-065c15cdb0a0,e21aba52-5648-49ab-9fb5-176f666c6407,2024,19,19,2024-12-30T19:45:00+00:00,f8f456e7-3e20-4803-ba4e-b1762a31812c,db14882b-951f-4db5-860b-4ca2b8583311,Aston Villa FC,Brighton & Hove Albion FC,18,18,0,0,0.0,0.0,9.0,1.8,1.4,1.4,1.68098,1.54592,3.0,0.6,1.0,1.8,1.2447199999999998,1.4575600000000002,11.0,1.1,1.1,1.9,1.84498,1.6401599999999998,11.0,1.1,1.3,1.6,1.4724499999999998,1.5658800000000002,1.8,1.0,2.56172,0.9115800000000001,1.4,1.8,1.16226,1.40848,4.197916666666667,3.0104166666666665,2,2,9.0,10.0,1.5555555555555556,1.4444444444444444,28.0,26.0,0.7426497277676951,1.282758620689655,0.8776769509981851,1.0802177858439201,0.0,0.0,0.0,0.0,2.0,2.0,1.88,0.938,1.0,D
a1e72bb8-7643-4919-b0ad-4134837dc665,a89601f7-df50-4cf1-af73-06c68b3313df,2024,19,19,2024-12-30T20:00:00+00:00,48fc005c-cbfc-4e4d-b7f1-459dce6cf940,c4045d6d-a715-4821-a800-cd9b505ad54b,Manchester United FC,Newcastle United FC,18,18,0,0,0.0,0.0,3.0,0.6,0.8,2.2,1.28332,1.38218,10.0,2.0,3.2,1.4,2.6988600000000003,1.09006,11.0,1.1,1.4,1.5,1.5470700000000002,1.42858,17.0,1.7,2.2,1.3,1.9484100000000002,1.23968,2.0,1.4,1.7828,0.97484,2.2,1.6,1.7645399999999998,1.5805399999999998,4.104166666666667,4.208333333333333,2,2,14.0,7.0,1.2222222222222223,1.6111111111111112,22.0,29.0,0.9434234234234234,1.010810810810811,1.4825225225225227,0.8760360360360361,0.0,0.0,0.0,0.0,0.0,2.0,1.0007,2.2424,1.0,A
3e06935c-99eb-4d80-82bd-f9ce016a1902,499f5db6-034b-46fa-9059-a01fecbd5e1f,2024,19,19,2025-01-01T17:30:00+00:00,66a313d1-2e21-49ad-a1c7-6f04cae6be69,ead1bc2e-8799-410a-a809-66a274bbab2c,Brentford FC,Arsenal FC,18,18,0,0,0.0,0.0,4.0,0.8,1.2,1.8,1.2535,2.013,11.0,2.2,1.8,0.4,2.3855399999999998,0.44455999999999996,14.0,1.4,1.8,1.7,1.623,1.8147199999999999,19.0,1.9,2.0,0.8,2.15474,0.73152,3.0,2.0,2.07904,1.59566,2.4,1.2,2.47176,1.0184,4.916666666666667,4.885416666666667,2,2,12.0,3.0,1.3333333333333333,2.0,24.0,36.0,1.21508078994614,1.147576301615799,1.3500897666068221,0.5400359066427289,0.0,0.0,0.0,0.0,1.0,3.0,0.2726,1.9985,1.0,A
a13eb054-a25a-48b5-81eb-bdf6cff71d13,70ab4cfa-8639-4738-9414-c5083d7c45fe,2024,20,20,2025-01-04T12:30:00+00:00,c23d6b7a-dfaf-44a3-b016-1feb2dddec44,c4045d6d-a715-4821-a800-cd9b505ad54b,Tottenham Hotspur FC,Newcastle United FC,19,19,0,0,0.0,0.0,4.0,0.8,2.6,2.6,2.3385000000000002,2.1979800000000003,12.0,2.4,3.0,0.8,2.84322,0.84466,11.0,1.1,2.3,1.8,2.04802,2.26702,20.0,2.0,2.3,1.1,1.99842,1.1779600000000001,2.0,3.0,1.9006999999999998,2.4345399999999997,2.4,1.2,1.8645600000000002,1.4571,5.895833333333333,4.6875,3,3,11.0,5.0,1.263157894736842,1.6842105263157894,24.0,32.0,1.5497326203208555,1.2128342245989305,1.5497326203208555,0.7411764705882353,1.0,0.0,0.0,3.0,1.0,2.0,1.0033,2.4296,1.0,A
a763ca77-e95f-4fa8-a66b-fce14fbe04f7,c14e7378-b45e-440f-8bca-4e9510b77ba0,2024,20,20,2025-01-04T15:00:00+00:00,6601a105-9986-4276-89bf-143cdf03198a,60cb8be0-9c1e-4019-8b60-fd9ac2aa9f2d,AFC Bournemouth,Everton FC,19,18,0,0,0.0,0.0,9.0,1.8,1.6,0.8,2.05536,1.4264199999999998,6.0,1.2,1.0,0.6,0.7941,1.6439,18.0,1.8,1.8,1.2,2.34862,1.377,9.0,0.9,0.6,0.9,0.98689,1.44835,1.0,0.8,2.17768,1.30512,0.2,1.2,0.8408,1.4507999999999999,6.0,6.0,3,3,7.0,16.0,1.5789473684210527,0.9444444444444444,30.0,17.0,1.2127659574468086,0.8085106382978723,0.40425531914893614,0.6063829787234043,1.0,1.0,0.0,5.0,1.0,0.0,2.6185,0.561,1.0,H
f215f11f-5908-43de-9685-101ef957a21d,3444b64d-bbf5-4427-9b1a-e22c88cd9889,2024,20,20,2025-01-04T15:00:00+00:00,f5c6f090-f823-4206-a821-17c11d35de43,66a313d1-2e21-49ad-a1c7-6f04cae6be69,Southampton FC,Brentford FC,19,19,0,0,0.0,0.0,1.0,0.2,0.2,1.8,1.07124,2.5229,4.0,0.8,1.2,1.8,1.08148,1.76936,5.0,0.5,0.6,2.0,1.1074199999999998,2.62045,11.0,1.1,1.5,1.7,1.2406000000000001,1.8488699999999998,0.8,2.8,1.49244,3.32032,0.6,1.4,1.16696,2.0337799999999997,6.0,2.8958333333333335,3,3,20.0,12.0,0.3157894736842105,1.263157894736842,6.0,24.0,0.4056637168141593,1.352212389380531,1.0141592920353983,1.1493805309734513,1.0,0.0,0.0,4.0,0.0,5.0,0.2496,5.5487,1.0,A
77deec8f-0fd6-44bf-a940-e8986de07d20,5b1bc025-294a-4df8-8110-e333692ba77e,2024,20,20,2025-01-04T15:00:00+00:00,74bd08fa-27db-4bb0-8490-f57f6ed6b8e9,1cb320b2-b42f-4131-8f5f-ef42e7f82540,Crystal Palace FC,Chelsea FC,19,19,0,0,0.0,0.0,8.0,1.6,1.6,1.8,1.8760999999999999,1.6765,7.0,1.4,1.4,1.6,1.96864,1.8529,14.0,1.4,1.4,1.6,1.9553999999999998,1.58233,18.0,1.8,1.9,1.2,2.28937,1.7139,1.2,2.2,2.0261199999999997,1.6263400000000001,2.2,1.4,2.86902,1.7409399999999997,6.0,4.802083333333333,3,3,15.0,4.0,1.0526315789473684,1.8421052631578947,20.0,35.0,0.9431578947368421,1.0778947368421052,1.28,0.8084210526315789,1.0,0.0,1.0,2.0,1.0,1.0,1.2766,1.5154,1.0,D
599cfa84-83bc-4140-9c0d-8ff1c933603d,dfc220d4-3192-4a16-bb9d-ee1b7fe3ffe9,2024,20,20,2025-01-04T15:00:00+00:00,f8f456e7-3e20-4803-ba4e-b1762a31812c,618e770e-c6ac-4c3f-9994-bd2160f675bc,Aston Villa FC,Leicester City FC,19,19,0,0,0.0,0.0,7.0,1.4,1.2,1.6,1.41364,1.50698,1.0,0.2,0.6,2.8,0.8926000000000001,1.93822,11.0,1.1,1.2,2.0,1.8355799999999998,1.70109,5.0,0.5,0.9,2.5,1.18751,2.01769,2.0,1.2,2.5429199999999996,1.0334400000000001,0.6,3.0,0.81426,2.1292,4.802083333333333,6.020833333333333,2,3,9.0,19.0,1.5263157894736843,0.7368421052631579,29.0,14.0,0.8097902097902098,1.3496503496503498,0.6073426573426574,1.687062937062937,1.0,1.0,0.0,3.0,2.0,1.0,2.3456,0.8155,1.0,H
d10ba339-72ac-4851-ae4a-eacabd0f27df,1c80bad3-010f-4f0d-92c4-764ce6517c68,2024,20,20,2025-01-04T15:00:00+00:00,33d2f100-682f-4a5e-9aa3-5cc57e1e8571,21ec0474-e758-4563-97a9-912aab00b4f5,Manchester City FC,West Ham United FC,19,19,0,0,0.0,0.0,5.0,1.0,1.4,1.4,1.48374,1.56334,8.0,1.6,1.0,1.6,1.33304,2.0729800000000003,8.0,0.8,1.2,1.7,1.84804,2.09444,12.0,1.2,1.0,1.9,1.29766,2.18588,1.2,1.4,2.33628,1.4353200000000002,1.0,1.4,1.53434,2.17504,6.020833333333333,5.90625,2,3,8.0,13.0,1.631578947368421,1.2105263157894737,31.0,23.0,0.8097391304347825,1.1471304347826086,0.6747826086956521,1.282086956521739,1.0,1.0,0.0,4.0,4.0,1.0,1.9799,1.5329,1.0,H
5837b9ff-3291-404f-b9ff-52323f3ec91a,7f9c469e-d91a-4302-8c6f-106322e07e23,2024,20,20,2025-01-04T17:30:00+00:00,db14882b-951f-4db5-860b-4ca2b8583311,ead1bc2e-8799-410a-a809-66a274bbab2c,Brighton & Hove Albion FC,Arsenal FC,19,19,0,0,0.0,0.0,4.0,0.8,1.2,1.6,1.21244,1.7002400000000002,11.0,2.2,2.0,0.6,2.1918800000000003,0.44786000000000004,11.0,1.1,1.3,1.6,1.4148999999999998,1.64281,21.0,2.1,2.1,0.7,2.2457599999999998,0.62343,1.2,1.4,1.78264,1.7232800000000001,3.0,1.2,2.6892,0.90098,4.90625,3.0,2,3,11.0,2.0,1.4210526315789473,2.0526315789473686,27.0,39.0,0.8741379310344828,1.0758620689655172,1.4120689655172414,0.47068965517241373,1.0,0.0,1.0,2.0,1.0,1.0,1.7651,1.8114,1.0,D
4f11e88f-ac73-4d6d-8630-a3e25048fe4c,5a77766c-36c9-4c1e-a336-47b7cda965f6,2024,20,20,2025-01-05T14:00:00+00:00,b552a1a6-4302-43ca-884c-0f91ac4f984b,67d3236c-6589-4978-b178-f6dcf50166d4,Fulham FC,Ipswich Town FC,19,19,0,0,0.0,0.0,7.0,1.4,1.4,1.2,1.0861399999999999,1.6146999999999998,6.0,1.2,1.0,1.6,1.1887599999999998,2.3467,17.0,1.7,1.6,1.3,1.20707,1.42224,11.0,1.1,0.9,1.3,1.23855,2.05122,1.4,1.6,0.7497999999999999,1.37172,1.4,1.6,1.2231,2.2031,6.958333333333333,5.760416666666667,3,2,9.0,18.0,1.5263157894736843,0.7894736842105263,29.0,15.0,1.07766323024055,0.8756013745704468,0.6061855670103093,0.8756013745704468,1.0,0.0,1.0,2.0,2.0,2.0,2.6547,1.4434,1.0,D
6fd9424f-f815-41d9-b04f-920d33ab2bcc,1535543f-248b-41bd-89f3-d964e8c2d401,2024,20,20,2025-01-05T16:30:00+00:00,54ed0f97-ad19-421c-a5c2-9b9d3fcbc72d,48fc005c-cbfc-4e4d-b7f1-459dce6cf940,Liverpool FC,Manchester United FC,18,19,0,0,0.0,0.0,11.0,2.2,3.8,1.8,2.94498,0.9497199999999999,3.0,0.6,0.8,2.2,1.43224,1.2372999999999998,24.0,2.4,3.0,1.4,2.74597,1.08009,11.0,1.1,1.3,1.5,1.3845399999999999,1.35351,2.2,0.8,2.4378599999999997,0.98626,0.8,1.6,1.31134,1.88232,6.96875,5.854166666666667,3,2,1.0,14.0,2.5,1.1578947368421053,45.0,22.0,2.0170648464163823,0.941296928327645,0.8740614334470991,1.0085324232081911,1.0,1.0,0.0,3.0,2.0,2.0,2.862,1.6747,1.0,D
54f723d7-f5de-43c9-8184-183108fe963f,a44c4758-0e6e-4d9f-b144-296285c4bf8a,2024,20,20,2025-01-06T20:00:00+00:00,fbffa344-2426-4b4b-9886-b8cd56ec69a1,5421e81a-b7dd-48b1-9982-42644e8dcf9f,Wolverhampton Wanderers FC,Nottingham Forest FC,19,19,0,0,0.0,0.0,7.0,1.4,1.8,1.2,1.06314,1.2727,15.0,3.0,2.0,0.6,1.44598,0.8601800000000001,14.0,1.4,1.9,1.7,1.09314,1.50999,21.0,2.1,1.5,1.2,1.37297,1.16269,1.8,1.6,1.0986,1.72252,1.4,1.6,0.9697799999999999,1.5431599999999999,8.208333333333334,8.208333333333334,2,2,17.0,3.0,0.8421052631578947,1.9473684210526316,16.0,37.0,1.2752542372881357,1.1410169491525424,1.0067796610169493,0.8054237288135593,1.0,0.0,1.0,2.0,0.0,3.0,1.9046,2.5723,1.0,A
dbf7e820-bd9a-4889-9812-54c2a64fc575,a3740020-c30d-46b3-8ba1-611e760dc1a0,2024,21,21,2025-01-14T19:30:00+00:00,1cb320b2-b42f-4131-8f5f-ef42e7f82540,6601a105-9986-4276-89bf-143cdf03198a,Chelsea FC,AFC Bournemouth,20,20,0,0,0.0,0.0,5.0,1.0,0.8,1.2,1.7570599999999998,1.45724,9.0,1.8,1.4,0.6,1.8808,1.22526,18.0,1.8,1.9,1.2,2.31984,1.6255099999999998,18.0,1.8,1.7,1.1,2.36554,1.19783,1.8,1.0,1.79116,1.6032199999999999,2.6,1.6,2.51956,1.44888,10.1875,10.1875,1,1,4.0,7.0,1.8,1.65,36.0,33.0,1.275210792580101,0.8053962900505902,1.1409780775716696,0.7382799325463745,1.0,1.0,0.0,1.0,2.0,2.0,2.5381,1.1485,1.0,D
c4e1cdcf-01e4-4732-99db-0e8602e6388b,f00c4bc4-c46e-42c7-8f09-df7f652b431e,2024,21,21,2025-01-14T19:30:00+00:00,21ec0474-e758-4563-97a9-912aab00b4f5,b552a1a6-4302-43ca-884c-0f91ac4f984b,West Ham United FC,Fulham FC,20,20,0,0,0.0,0.0,5.0,1.0,0.8,2.2,1.4,2.17382,7.0,1.4,1.6,1.4,1.58688,1.4167200000000002,12.0,1.2,1.1,2.0,1.43772,2.14886,15.0,1.5,1.6,1.4,1.32952,1.49266,1.0,2.4,1.06098,2.19672,1.6,1.0,1.6773600000000002,1.5018799999999999,10.1875,9.229166666666666,1,1,14.0,9.0,1.15,1.5,23.0,30.0,0.7370184254606366,1.340033500837521,1.0720268006700169,0.9380234505862647,1.0,0.0,1.0,2.0,3.0,2.0,0.9373,2.8358,1.0,H
71d4a20b-321e-4fe5-988f-9faf918f64df,c5229302-49e7-4454-80fd-aa6dad9b4e24,2024,21,21,2025-01-14T19:30:00+00:00,66a313d1-2e21-49ad-a1c7-6f04cae6be69,33d2f100-682f-4a5e-9aa3-5cc57e1e8571,Brentford FC,Manchester City FC,20,20,0,0,0.0,0.0,4.0,0.8,1.4,1.4,1.8420200000000002,1.42798,7.0,1.4,1.8,1.2,1.5628,1.62696,14.0,1.4,1.9,1.5,1.72155,1.73081,11.0,1.1,1.5,1.6,1.8107600000000001,2.0027999999999997,2.4,2.0,1.31424,1.66396,1.2,1.6,1.52184,2.3377,10.1875,10.1875,2,1,11.0,6.0,1.35,1.7,27.0,34.0,1.2687707641196013,1.0016611295681064,1.0016611295681064,1.0684385382059802,1.0,0.0,0.0,3.0,2.0,2.0,2.3909,2.6532,1.0,D
ba0bfb85-56de-48c0-9242-4c8ceb361591,7a43606f-081f-4b47-b3da-16323e18af64,2024,21,21,2025-01-14T20:00:00+00:00,5421e81a-b7dd-48b1-9982-42644e8dcf9f,54ed0f97-ad19-421c-a5c2-9b9d3fcbc72d,Nottingham Forest FC,Liverpool FC,20,19,0,0,0.0,0.0,15.0,3.0,2.0,0.2,1.8302,0.94716,11.0,2.2,3.6,1.6,3.07184,0.9805400000000001,21.0,2.1,1.5,1.2,1.39519,1.33992,24.0,2.4,3.0,1.4,2.89682,1.13873,1.6,0.8,1.7761600000000002,0.78222,3.8,2.0,3.05408,1.17392,8.0,9.145833333333334,1,1,3.0,1.0,2.0,2.4210526315789473,40.0,46.0,1.0,0.7999999999999999,2.0,0.9333333333333332,1.0,1.0,0.0,1.0,1.0,1.0,0.5292,2.7229,1.0,D
0846f11a-630f-4970-b80d-cb29d927b48f,3889ff10-a4a0-4ce9-96b4-6ebf1c06779c,2024,21,21,2025-01-15T19:30:00+00:00,618e770e-c6ac-4c3f-9994-bd2160f675bc,74bd08fa-27db-4bb0-8490-f57f6ed6b8e9,Leicester City FC,Crystal Palace FC,20,20,0,0,0.0,0.0,0.0,0.0,0.4,2.8,0.77082,2.1829799999999997,8.0,1.6,1.4,1.6,1.8884599999999998,1.66266,4.0,0.4,0.9,2.6,1.0352000000000001,2.11863,14.0,1.4,1.3,1.5,1.8182099999999999,1.5688499999999999,1.2,2.0,1.5607600000000001,1.9061800000000002,1.6,1.0,1.8846800000000001,1.53832,11.1875,11.1875,1,1,19.0,15.0,0.7,1.05,14.0,21.0,0.6009868421052632,1.7361842105263159,0.8680921052631579,1.0016447368421053,1.0,0.0,1.0,4.0,0.0,2.0,2.099,2.2647,1.0,A
ccb3cc04-5272-4cfa-895d-bffdfba3cd01,4c04f7c5-298b-41fe-a633-186c3fa9b7c7,2024,21,21,2025-01-15T19:30:00+00:00,c4045d6d-a715-4821-a800-cd9b505ad54b,fbffa344-2426-4b4b-9886-b8cd56ec69a1,Newcastle United FC,Wolverhampton Wanderers FC,20,20,0,0,0.0,0.0,15.0,3.0,3.0,0.2,2.93784,0.69612,7.0,1.4,1.6,1.4,1.14892,1.5475400000000001,20.0,2.0,2.4,1.2,2.1554100000000003,1.18716,13.0,1.3,1.7,1.8,1.1185800000000001,1.50237,2.2,1.0,2.13228,0.89882,2.0,1.8,1.08768,1.29746,11.291666666666666,8.979166666666666,1,1,5.0,17.0,1.75,0.8,35.0,16.0,1.605245901639344,0.802622950819672,1.1370491803278688,1.2039344262295082,1.0,1.0,0.0,3.0,3.0,0.0,2.1333,1.4743,1.0,H
94804662-585e-4fae-9411-eafa85431301,9adf2792-59f7-47b6-9f1b-6e85937b5321,2024,21,21,2025-01-15T19:30:00+00:00,60cb8be0-9c1e-4019-8b60-fd9ac2aa9f2d,f8f456e7-3e20-4803-ba4e-b1762a31812c,Everton FC,Aston Villa FC,19,20,0,0,0.0,0.0,3.0,0.6,0.2,0.8,0.6065,1.99806,7.0,1.4,1.4,1.8,1.38008,1.59292,8.0,0.8,0.5,0.9,0.95451,1.56067,14.0,1.4,1.3,1.7,1.8213899999999998,1.57289,1.0,0.6,1.13298,1.4459,0.4,2.8,1.12824,2.36874,11.1875,11.1875,1,1,16.0,8.0,0.8947368421052632,1.6,17.0,32.0,0.33442088091353994,0.601957585644372,0.869494290375204,1.1370309951060358,1.0,0.0,0.0,5.0,0.0,1.0,1.2313,1.2852,1.0,A
2bc77b60-b158-4618-a9af-4b71b08cecff,a6b1be42-860b-4915-aab9-4bd9fffaf7d6,2024,21,21,2025-01-15T20:00:00+00:00,ead1bc2e-8799-410a-a809-66a274bbab2c,c23d6b7a-dfaf-44a3-b016-1feb2dddec44,Arsenal FC,Tottenham Hotspur FC,20,20,0,0,0.0,0.0,11.0,2.2,2.0,0.6,2.0675,0.7706799999999999,4.0,0.8,2.2,2.2,1.8881800000000002,2.16924,22.0,2.2,2.2,0.7,2.33577,0.71397,8.0,0.8,2.0,1.9,1.9385999999999999,2.2612300000000003,1.6,0.4,1.8377200000000002,0.44464,1.8,0.6,1.97968,1.79772,11.104166666666666,11.3125,1,1,3.0,13.0,2.0,1.2,40.0,24.0,1.4762214983713355,0.46970684039087945,1.3420195439739413,1.2749185667752443,1.0,1.0,0.0,1.0,2.0,1.0,2.255,0.7771,1.0,H
5ebbed01-499e-4f33-a380-494e80d062e5,41abc604-7eed-476d-83ae-61dbad71f7c5,2024,21,21,2025-01-16T19:30:00+00:00,67d3236c-6589-4978-b178-f6dcf50166d4,db14882b-951f-4db5-860b-4ca2b8583311,Ipswich Town FC,Brighton & Hove Albion FC,20,20,0,0,0.0,0.0,7.0,1.4,1.2,1.6,1.16408,2.17938,4.0,0.8,1.0,1.4,1.3411,1.7776399999999999,11.0,1.1,1.0,1.4,1.2492699999999999,2.08283,12.0,1.2,1.3,1.5,1.4898399999999998,1.64291,0.8,1.6,1.31816,2.25094,1.6,1.8,1.14672,1.4224,11.229166666666666,12.083333333333334,1,1,17.0,11.0,0.8,1.4,16.0,28.0,0.6709886547811994,0.939384116693679,0.8722852512155592,1.006482982171799,1.0,0.0,1.0,0.0,0.0,2.0,0.2681,1.0634,1.0,A
1e68cbd5-6f2e-46e0-b050-445fbfd30fd1,6061a479-7eb3-47d2-a985-51be32e35b69,2024,21,21,2025-01-16T20:00:00+00:00,48fc005c-cbfc-4e4d-b7f1-459dce6cf940,f5c6f090-f823-4206-a821-17c11d35de43,Manchester United FC,Southampton FC,20,20,0,0,0.0,0.0,4.0,0.8,0.8,2.0,1.47324,1.67946,1.0,0.2,0.2,2.6,1.044,3.12996,11.0,1.1,1.4,1.6,1.33596,1.51864,2.0,0.2,0.5,2.5,1.07835,2.99674,1.8,1.6,1.55084,1.18118,0.4,1.2,0.7224,1.92058,11.145833333333334,12.208333333333334,1,1,15.0,20.0,1.15,0.3,23.0,6.0,0.9408723747980614,1.0752827140549275,0.3360258481421648,1.680129240710824,1.0,1.0,0.0,3.0,3.0,1.0,3.1085,1.3671,1.0,H
0885144e-66f9-4f94-b6f9-3df14a8f2fa3,05b9250c-b86b-4b84-a0e2-8b083610e960,2024,22,22,2025-01-18T12:30:00+00:00,c4045d6d-a715-4821-a800-cd9b505ad54b,6601a105-9986-4276-89bf-143cdf03198a,Newcastle United FC,AFC Bournemouth,21,21,0,0,0.0,0.0,15.0,3.0,2.8,0.2,2.57358,0.9536199999999999,9.0,1.8,1.6,0.8,1.7008200000000002,1.3692199999999999,20.0,2.0,2.4,1.1,2.1818400000000002,1.2167400000000002,19.0,1.9,1.7,1.0,2.23116,1.2951700000000002,2.6,1.0,2.387,1.01142,2.6,1.4,2.2508,1.6435600000000001,2.7083333333333335,3.7083333333333335,2,2,4.0,8.0,1.8095238095238095,1.619047619047619,38.0,34.0,1.6102728731942215,0.7380417335473516,1.140609951845907,0.6709470304975923,1.0,0.0,1.0,2.0,1.0,4.0,0.8378,2.7017,1.0,A
838d1166-3ee4-4768-ab31-09a138feb128,5b6daebb-27d9-46b9-90f4-a4f7cc6ea5b4,2024,22,22,2025-01-18T15:00:00+00:00,618e770e-c6ac-4c3f-9994-bd2160f675bc,b552a1a6-4302-43ca-884c-0f91ac4f984b,Leicester City FC,Fulham FC,21,21,0,0,0.0,0.0,0.0,0.0,0.4,2.4,1.15326,1.845,6.0,1.2,1.6,1.6,1.8968,1.18478,4.0,0.4,0.9,2.5,1.20337,2.22141,12.0,1.2,1.6,1.7,1.38777,1.39035,1.0,2.0,1.78696,1.7957999999999998,1.8,1.4,1.94546,1.5123799999999998,2.8125,3.8125,2,2,19.0,10.0,0.6666666666666666,1.4285714285714286,14.0,30.0,0.6019108280254777,1.6719745222929936,1.070063694267516,1.1369426751592355,1.0,0.0,0.0,3.0,0.0,2.0,0.6769,2.3682,1.0,A
dc99e952-050a-4f9c-9d4a-4bf4b793593b,ed9e2a04-d70d-443a-9574-760859ef3d8f,2024,22,22,2025-01-18T15:00:00+00:00,21ec0474-e758-4563-97a9-912aab00b4f5,74bd08fa-27db-4bb0-8490-f57f6ed6b8e9,West Ham United FC,Crystal Palace FC,21,21,0,0,0.0,0.0,7.0,1.4,1.2,2.4,1.2238,2.3313,8.0,1.6,1.2,1.4,1.74016,1.81782,14.0,1.4,1.4,2.2,1.41908,2.34584,17.0,1.7,1.5,1.3,1.84864,1.55342,1.6,2.8,1.0237,2.59068,1.6,0.6,1.80792,1.62808,3.8125,2.8125,2,2,13.0,15.0,1.2380952380952381,1.1428571428571428,26.0,24.0,0.9377777777777777,1.4736507936507939,1.0047619047619047,0.8707936507936508,1.0,1.0,0.0,2.0,0.0,2.0,0.2211,1.6256,1.0,A
e8852609-4b96-4541-a96c-e84286bf742a,f00a524d-59b6-4044-a2f9-624e0fca70ac,2024,22,22,2025-01-18T15:00:00+00:00,66a313d1-2e21-49ad-a1c7-6f04cae6be69,54ed0f97-ad19-421c-a5c2-9b9d3fcbc72d,Brentford FC,Liverpool FC,21,20,0,0,0.0,0.0,5.0,1.0,1.6,1.4,1.9884799999999998,1.44032,11.0,2.2,3.4,1.4,3.1970199999999998,0.82914,12.0,1.2,1.8,1.5,1.8041699999999998,1.7469000000000001,22.0,2.2,2.9,1.4,2.98807,1.09008,2.2,2.0,1.4794800000000001,1.6961400000000002,3.6,1.8,3.32796,1.0621,3.8125,3.7916666666666665,2,2,11.0,1.0,1.3333333333333333,2.35,28.0,47.0,1.207594936708861,1.0063291139240507,1.9455696202531647,0.9392405063291139,1.0,0.0,0.0,2.0,0.0,2.0,1.2002,4.1625,1.0,A
2e46f7b9-0f06-473d-b360-607b9f5aa043,dfb9a7db-ceec-4f34-8e05-51d945653335,2024,22,22,2025-01-18T17:30:00+00:00,ead1bc2e-8799-410a-a809-66a274bbab2c,f8f456e7-3e20-4803-ba4e-b1762a31812c,Arsenal FC,Aston Villa FC,21,21,0,0,0.0,0.0,13.0,2.6,2.4,0.8,2.25676,0.8996599999999999,10.0,2.0,1.4,1.4,1.55924,1.3819599999999999,24.0,2.4,2.3,0.7,2.36522,0.66761,17.0,1.7,1.4,1.5,1.7835699999999999,1.42782,1.6,0.2,2.07106,0.32936,0.4,2.0,0.88778,2.1955,2.8958333333333335,2.9166666666666665,2,1,2.0,8.0,2.0476190476190474,1.6666666666666667,43.0,35.0,1.5454258675078865,0.4703470031545741,0.9406940063091482,1.0078864353312302,1.0,1.0,0.0,2.0,2.0,2.0,1.6446,1.206,1.0,D
9875a78e-a02b-4121-bc3e-f99611644f62,b330e56c-eab7-4495-b607-5458db749ade,2024,22,22,2025-01-19T14:00:00+00:00,48fc005c-cbfc-4e4d-b7f1-459dce6cf940,db14882b-951f-4db5-860b-4ca2b8583311,Manchester United FC,Brighton & Hove Albion FC,21,21,0,0,0.0,0.0,4.0,0.8,1.0,2.0,1.6856200000000001,1.82526,7.0,1.4,1.2,0.8,1.28914,1.2300200000000001,11.0,1.1,1.4,1.7,1.52312,1.6136199999999998,12.0,1.2,1.3,1.4,1.30906,1.40939,1.8,1.8,1.92516,1.37114,1.6,1.6,1.11328,1.0937,2.75,2.7708333333333335,2,1,13.0,10.0,1.2380952380952381,1.4761904761904763,26.0,31.0,0.9391849529780563,1.1404388714733542,0.8721003134796238,0.9391849529780563,1.0,0.0,0.0,3.0,1.0,3.0,1.3182,2.1717,1.0,A
1827751b-8281-47f8-b5b8-dc8944c608f7,0d8c4d86-4476-45ec-964c-65f98197c262,2024,22,22,2025-01-19T14:00:00+00:00,5421e81a-b7dd-48b1-9982-42644e8dcf9f,f5c6f090-f823-4206-a821-17c11d35de43,Nottingham Forest FC,Southampton FC,21,21,0,0,0.0,0.0,13.0,2.6,1.8,0.2,1.47882,1.4138600000000001,1.0,0.2,0.4,2.2,1.0627,2.97302,22.0,2.2,1.5,1.0,1.33026,1.42531,2.0,0.2,0.6,2.6,1.13579,3.21631,1.2,1.0,1.41198,1.30034,0.6,1.4,0.83728,2.35972,4.75,2.75,2,1,3.0,20.0,1.9523809523809523,0.2857142857142857,41.0,6.0,1.0046728971962617,0.6697819314641744,0.40186915887850466,1.7414330218068534,1.0,1.0,0.0,1.0,3.0,2.0,2.3642,1.2592,1.0,H
c17dfd42-af71-418d-9955-ede25ddee16c,b23c16f4-7cef-4977-a6bd-b100578a1a26,2024,22,22,2025-01-19T14:00:00+00:00,60cb8be0-9c1e-4019-8b60-fd9ac2aa9f2d,c23d6b7a-dfaf-44a3-b016-1feb2dddec44,Everton FC,Tottenham Hotspur FC,20,21,0,0,0.0,0.0,2.0,0.4,0.2,1.0,0.8263199999999999,1.9933599999999998,1.0,0.2,1.4,2.6,1.2649599999999999,2.36552,8.0,0.8,0.5,0.9,0.8990600000000001,1.6351600000000002,8.0,0.8,2.0,1.9,1.8412199999999999,2.26834,0.8,0.6,1.20228,1.40388,2.0,0.8,1.93126,2.053,3.7708333333333335,3.75,1,1,16.0,15.0,0.85,1.1428571428571428,17.0,24.0,0.33384853168469864,0.6009273570324576,1.3353941267387945,1.2686244204018546,1.0,0.0,0.0,4.0,3.0,2.0,2.5609,1.3572,1.0,H
160aadd1-4161-4018-b67c-cb8d372dba56,9aafdcba-03e2-4abd-a568-852a9f25ce16,2024,22,22,2025-01-19T16:30:00+00:00,67d3236c-6589-4978-b178-f6dcf50166d4,33d2f100-682f-4a5e-9aa3-5cc57e1e8571,Ipswich Town FC,Manchester City FC,21,21,0,0,0.0,0.0,4.0,0.8,0.8,1.8,0.8709999999999999,2.14456,8.0,1.6,2.0,1.2,1.9658200000000001,1.6958199999999999,8.0,0.8,0.8,1.5,1.05769,2.01408,12.0,1.2,1.6,1.6,1.81575,1.95477,0.6,1.8,0.9743600000000001,2.2098,1.4,1.6,1.5318200000000002,2.24164,2.875,4.875,1,1,18.0,8.0,0.7619047619047619,1.6666666666666667,16.0,35.0,0.5325153374233129,0.9984662576687117,1.0650306748466258,1.0650306748466258,1.0,0.0,0.0,5.0,0.0,6.0,0.7956,3.2023,1.0,A
a5b6dba1-fb75-465c-a217-fb7336b7efb4,b4645057-622a-40ea-8f46-ae88be861ebb,2024,22,22,2025-01-20T20:00:00+00:00,1cb320b2-b42f-4131-8f5f-ef42e7f82540,fbffa344-2426-4b4b-9886-b8cd56ec69a1,Chelsea FC,Wolverhampton Wanderers FC,21,21,0,0,0.0,0.0,3.0,0.6,0.8,1.4,1.7463799999999998,1.3552199999999999,7.0,1.4,1.4,1.6,1.19628,1.6275,18.0,1.8,2.0,1.3,2.44958,1.5443099999999998,10.0,1.0,1.5,2.1,1.1747299999999998,1.63643,1.8,1.2,1.9751999999999998,1.48446,1.2,2.2,1.1147399999999998,1.58068,6.020833333333333,5.020833333333333,1,2,6.0,17.0,1.7619047619047619,0.7619047619047619,37.0,16.0,1.325227963525836,0.8613981762917934,0.993920972644377,1.3914893617021278,1.0,1.0,0.0,8.0,3.0,1.0,3.1488,1.0673,1.0,H
03da5e03-7a22-4bab-ba48-46e20ac96cff,a5f01708-c768-4b2f-aa5b-c5df17f5fe1b,2024,23,23,2025-01-25T15:00:00+00:00,6601a105-9986-4276-89bf-143cdf03198a,5421e81a-b7dd-48b1-9982-42644e8dcf9f,AFC Bournemouth,Nottingham Forest FC,22,22,0,0,0.0,0.0,9.0,1.8,1.8,1.0,1.8755000000000002,1.07972,13.0,2.6,2.0,0.6,1.75868,1.5119,22.0,2.2,2.0,0.9,2.3101700000000003,1.25589,25.0,2.5,1.8,0.9,1.52637,1.38521,0.8,0.6,2.21152,0.9467800000000001,2.0,1.0,1.4036199999999999,1.5920400000000001,7.104166666666667,6.041666666666667,2,2,7.0,3.0,1.6818181818181819,2.0,37.0,44.0,1.3232628398791542,0.5954682779456194,1.1909365558912388,0.5954682779456194,1.0,0.0,1.0,2.0,5.0,0.0,2.8254,0.9962,1.0,H
af65b193-900e-41e6-aba6-549c59345b51,3a522a9c-01cc-4145-9772-e3d5f82f9f54,2024,23,23,2025-01-25T15:00:00+00:00,fbffa344-2426-4b4b-9886-b8cd56ec69a1,ead1bc2e-8799-410a-a809-66a274bbab2c,Wolverhampton Wanderers FC,Arsenal FC,22,22,0,0,0.0,0.0,4.0,0.8,1.0,2.2,1.18268,2.09952,11.0,2.2,1.8,1.0,1.97482,0.81982,7.0,0.7,1.2,2.3,1.14756,1.8795899999999999,22.0,2.2,2.2,0.9,2.3636600000000003,0.7479,1.4,1.8,1.14948,1.7072800000000001,3.0,1.2,2.65938,1.00586,4.791666666666667,6.895833333333333,2,2,17.0,2.0,0.7272727272727273,2.0,16.0,44.0,0.7916041979010494,1.5172413793103448,1.451274362818591,0.5937031484257871,1.0,0.0,0.0,2.0,0.0,1.0,0.5147,0.8874,1.0,A
67cb325a-d926-4659-8fbb-85b726487402,5ed3fa44-84b1-467b-973a-2a7f22375789,2024,23,23,2025-01-25T15:00:00+00:00,db14882b-951f-4db5-860b-4ca2b8583311,60cb8be0-9c1e-4019-8b60-fd9ac2aa9f2d,Brighton & Hove Albion FC,Everton FC,22,21,0,0,0.0,0.0,9.0,1.8,1.6,0.8,1.45472,1.2477800000000001,4.0,0.8,0.8,1.4,1.1243400000000001,1.96162,12.0,1.2,1.4,1.4,1.4031699999999998,1.35005,10.0,1.0,0.8,1.1,1.06855,1.6585100000000002,1.0,1.2,1.83296,1.86342,0.2,1.2,0.59584,1.86644,6.041666666666667,6.041666666666667,2,2,9.0,16.0,1.5454545454545454,0.9523809523809523,34.0,20.0,0.9263473053892215,0.9263473053892215,0.5293413173652695,0.7278443113772456,1.0,1.0,0.0,3.0,0.0,1.0,0.6438,0.8709,1.0,A
4c4689db-48ef-4bde-b754-933a641b64b2,f3fcb1d8-0920-4414-8c62-d0cc3aba6e6f,2024,23,23,2025-01-25T15:00:00+00:00,f5c6f090-f823-4206-a821-17c11d35de43,c4045d6d-a715-4821-a800-cd9b505ad54b,Southampton FC,Newcastle United FC,22,22,0,0,0.0,0.0,0.0,0.0,0.8,2.8,1.25854,3.19534,12.0,2.4,2.2,1.0,2.09436,1.2811,2.0,0.2,0.6,2.6,1.10772,3.13389,20.0,2.0,2.5,1.3,2.11584,1.39263,0.6,3.8,1.4343,4.0729,2.2,1.2,1.97668,1.4220599999999999,6.041666666666667,7.104166666666667,2,2,20.0,7.0,0.2727272727272727,1.7272727272727273,6.0,38.0,0.3982062780269058,1.725560538116592,1.6591928251121075,0.862780269058296,1.0,0.0,0.0,1.0,1.0,3.0,0.8256,3.0832,1.0,A
3bbb7700-39e7-4e63-a986-0e223265f958,97065600-dabe-4227-97b7-84999bdb4049,2024,23,23,2025-01-25T15:00:00+00:00,54ed0f97-ad19-421c-a5c2-9b9d3fcbc72d,67d3236c-6589-4978-b178-f6dcf50166d4,Liverpool FC,Ipswich Town FC,21,22,0,0,0.0,0.0,11.0,2.2,2.6,0.8,2.9890999999999996,0.82868,4.0,0.8,0.8,2.2,0.8172599999999999,2.13824,22.0,2.2,2.9,1.4,3.13612,1.04376,7.0,0.7,0.7,2.0,0.93854,2.2074000000000003,2.2,1.0,2.64818,1.11806,1.2,1.2,1.18038,1.9147200000000002,7.0,5.9375,2,2,1.0,18.0,2.380952380952381,0.7272727272727273,50.0,16.0,1.9218424962852896,0.9277860326894501,0.4638930163447251,1.325408618127786,1.0,1.0,0.0,2.0,4.0,1.0,2.1681,0.8047,1.0,H
64a9c52b-8aa9-4793-8c48-acdf918be2ae,42feb85a-e655-4f46-bd9d-a914550a64ca,2024,23,23,2025-01-25T17:30:00+00:00,33d2f100-682f-4a5e-9aa3-5cc57e1e8571,1cb320b2-b42f-4131-8f5f-ef42e7f82540,Manchester City FC,Chelsea FC,22,22,0,0,0.0,0.0,11.0,2.2,3.0,0.8,2.38702,1.4429599999999998,5.0,1.0,1.4,1.6,2.07296,1.35452,15.0,1.5,2.2,1.2,1.92008,1.7038799999999998,18.0,1.8,2.1,1.3,2.4828,1.55424,1.8,1.6,2.09968,1.6679000000000002,2.0,1.4,2.6087800000000003,1.80266,6.041666666666667,4.895833333333333,2,2,7.0,5.0,1.7272727272727273,1.8181818181818181,38.0,40.0,1.4536873156342183,0.7929203539823009,1.3876106194690265,0.8589970501474926,1.0,1.0,0.0,2.0,3.0,1.0,2.2321,1.4984,1.0,H
6851e969-4587-4be4-a505-e2151d860965,ade52503-4edb-4251-ab86-0e2bd6f23a42,2024,23,23,2025-01-26T14:00:00+00:00,74bd08fa-27db-4bb0-8490-f57f6ed6b8e9,66a313d1-2e21-49ad-a1c7-6f04cae6be69,Crystal Palace FC,Brentford FC,22,22,0,0,0.0,0.0,11.0,2.2,1.4,0.4,1.74424,1.2511800000000002,5.0,1.0,1.6,1.4,2.07472,2.07984,19.0,1.9,1.5,1.1,1.8497599999999998,1.2710700000000001,11.0,1.1,1.8,1.7,1.7898800000000001,2.00364,1.4,2.0,1.88936,1.4787599999999999,1.4,1.0,2.1288600000000004,1.7976599999999998,7.958333333333333,7.958333333333333,2,2,12.0,11.0,1.2272727272727273,1.2727272727272727,27.0,28.0,0.9897360703812317,0.7258064516129032,1.187683284457478,1.1217008797653958,1.0,0.0,0.0,3.0,1.0,2.0,1.2318,1.9204,1.0,A
409f036c-2f18-40be-a529-702d2c81ddd2,0b12478d-2c9f-4438-8faf-c7f6d7adb2c4,2024,23,23,2025-01-26T14:00:00+00:00,c23d6b7a-dfaf-44a3-b016-1feb2dddec44,618e770e-c6ac-4c3f-9994-bd2160f675bc,Tottenham Hotspur FC,Leicester City FC,22,22,0,0,0.0,0.0,1.0,0.2,1.2,2.0,1.2959,1.8372800000000002,0.0,0.0,0.4,2.2,1.1309,2.09158,5.0,0.5,1.8,2.2,1.64649,2.30853,4.0,0.4,0.8,2.5,1.17426,2.17657,2.0,3.0,1.7511800000000002,2.48368,0.6,3.2,0.50964,2.33108,7.0,7.958333333333333,2,2,15.0,19.0,1.0909090909090908,0.6363636363636364,24.0,14.0,1.1877372262773722,1.4516788321167884,0.5278832116788321,1.6496350364963503,1.0,0.0,1.0,2.0,1.0,2.0,1.2748,1.4047,1.0,A
e935d130-083e-4ee8-9884-fcef9bb37ad6,91ec9985-b38b-4551-ae27-2dffc6d43d57,2024,23,23,2025-01-26T16:30:00+00:00,f8f456e7-3e20-4803-ba4e-b1762a31812c,21ec0474-e758-4563-97a9-912aab00b4f5,Aston Villa FC,West Ham United FC,22,22,0,0,0.0,0.0,8.0,1.6,1.4,1.6,1.3884599999999998,1.49162,6.0,1.2,1.0,2.6,1.0221399999999998,2.38766,17.0,1.7,1.4,1.5,1.59971,1.4308400000000001,11.0,1.1,1.2,2.4,1.34691,2.35862,2.0,1.0,2.40312,0.8736599999999999,1.2,1.6,1.81446,2.101,7.958333333333333,8.0625,2,2,8.0,14.0,1.6363636363636365,1.1818181818181819,36.0,26.0,0.9238372093023255,0.9898255813953488,0.791860465116279,1.583720930232558,1.0,1.0,0.0,3.0,1.0,1.0,0.9079,1.6789,1.0,D
09a9c6c8-f0c5-4baf-a9ce-826d84763c89,eb6a88d8-aa65-4fad-846f-6f1a9c54bd5b,2024,23,23,2025-01-26T19:00:00+00:00,b552a1a6-4302-43ca-884c-0f91ac4f984b,48fc005c-cbfc-4e4d-b7f1-459dce6cf940,Fulham FC,Manchester United FC,22,22,0,0,0.0,0.0,8.0,1.6,2.0,1.6,2.11992,1.26416,4.0,0.8,1.2,2.0,1.4922,1.89394,15.0,1.5,1.7,1.3,1.55287,1.32414,10.0,1.0,1.4,1.9,1.52803,1.6320799999999998,1.6,1.2,1.1373,1.3926,1.0,1.6,1.12108,1.8561,8.166666666666666,7.208333333333333,2,2,10.0,14.0,1.5,1.1818181818181819,33.0,26.0,1.1234782608695653,0.8591304347826088,0.9252173913043478,1.2556521739130435,1.0,0.0,0.0,1.0,0.0,1.0,0.5606,0.202,1.0,A
1e472392-f454-4b3e-8094-0abacc3d8367,2bdececc-ac8c-44d0-9633-0c337ae4d600,2024,24,24,2025-02-01T12:30:00+00:00,5421e81a-b7dd-48b1-9982-42644e8dcf9f,db14882b-951f-4db5-860b-4ca2b8583311,Nottingham Forest FC,Brighton & Hove Albion FC,23,23,0,0,0.0,0.0,10.0,2.0,1.8,1.6,1.69788,1.8654600000000001,8.0,1.6,1.6,1.0,1.3164,1.22972,22.0,2.2,1.7,1.4,1.4494,1.62147,11.0,1.1,1.3,1.4,1.28056,1.3436400000000002,1.6,0.8,1.64912,1.1783800000000002,2.0,1.2,1.32774,1.2240199999999999,6.895833333333333,6.895833333333333,2,2,3.0,9.0,1.9130434782608696,1.4782608695652173,44.0,34.0,1.1267727930535456,0.927930535455861,0.8616497829232996,0.927930535455861,1.0,0.0,1.0,4.0,7.0,0.0,4.0677,0.7563,1.0,H
2c78652f-59a0-4756-b3f7-619f8f1433a3,28478379-a067-4ae9-a213-4be5dac274fc,2024,24,24,2025-02-01T15:00:00+00:00,c4045d6d-a715-4821-a800-cd9b505ad54b,b552a1a6-4302-43ca-884c-0f91ac4f984b,Newcastle United FC,Fulham FC,23,23,0,0,0.0,0.0,12.0,2.4,2.2,1.2,2.14526,1.4011200000000001,5.0,1.0,1.6,1.6,1.8761800000000002,0.9933,22.0,2.2,2.7,1.3,2.42206,1.24559,14.0,1.4,1.6,1.3,1.45166,1.24325,2.8,1.4,2.255,1.3632,1.8,1.4,1.96844,1.25568,7.0,5.833333333333333,1,2,5.0,10.0,1.7826086956521738,1.434782608695652,41.0,33.0,1.7793696275071635,0.8567335243553009,1.0544412607449858,0.8567335243553009,1.0,0.0,0.0,4.0,1.0,2.0,1.2272,1.6088,1.0,A
2599ef94-9f2b-4a2c-a650-91c24b75ec78,16324379-93ce-4e6c-90e5-21ca496484b2,2024,24,24,2025-02-01T15:00:00+00:00,60cb8be0-9c1e-4019-8b60-fd9ac2aa9f2d,618e770e-c6ac-4c3f-9994-bd2160f675bc,Everton FC,Leicester City FC,22,23,0,0,0.0,0.0,6.0,1.2,0.8,1.2,1.1678600000000001,1.58644,3.0,0.6,0.6,1.8,1.3676400000000002,1.9666599999999999,12.0,1.2,0.9,1.1,0.99613,1.5885799999999999,7.0,0.7,0.9,2.2,1.22397,2.08216,1.4,1.0,1.39544,1.4067,1.0,2.8,0.70712,2.33866,7.0,6.041666666666667,2,2,16.0,17.0,1.0454545454545454,0.7391304347826086,23.0,17.0,0.5931526390870185,0.7249643366619116,0.5931526390870185,1.4499286733238232,1.0,0.0,1.0,2.0,4.0,0.0,3.1126,0.4471,1.0,H
780777f0-b280-46d1-ba21-7427fc1fa008,6cc5959f-0f97-444b-91f7-cf9caf092aef,2024,24,24,2025-02-01T15:00:00+00:00,6601a105-9986-4276-89bf-143cdf03198a,54ed0f97-ad19-421c-a5c2-9b9d3fcbc72d,AFC Bournemouth,Liverpool FC,23,22,0,0,0.0,0.0,11.0,2.2,2.8,1.0,2.2002,1.17894,11.0,2.2,2.8,0.8,3.04284,0.94542,22.0,2.2,2.1,0.7,2.2848100000000002,1.26891,22.0,2.2,3.0,1.3,3.03409,0.9702399999999999,1.6,0.2,2.39428,0.8999,3.4,1.4,3.52278,0.9941599999999999,7.0,7.0,1,2,7.0,1.0,1.7391304347826086,2.409090909090909,40.0,53.0,1.3821276595744683,0.460709219858156,1.974468085106383,0.8556028368794326,1.0,0.0,0.0,3.0,0.0,2.0,1.6527,2.7219,1.0,A
9b0262a2-593a-4dbf-b028-8a3dc133b88c,b3f7eebf-30ef-4e00-ba41-cb4cae0faff4,2024,24,24,2025-02-01T15:00:00+00:00,67d3236c-6589-4978-b178-f6dcf50166d4,f5c6f090-f823-4206-a821-17c11d35de43,Ipswich Town FC,Southampton FC,23,23,0,0,0.0,0.0,4.0,0.8,1.0,2.8,0.96254,2.1389400000000003,0.0,0.0,1.0,3.2,0.984,3.4317599999999997,7.0,0.7,0.8,2.3,0.97273,2.24762,1.0,0.1,0.6,2.8,1.09678,3.25522,0.6,2.8,1.03914,2.51942,0.8,1.8,0.90212,2.45858,7.0,7.0,2,2,19.0,20.0,0.6956521739130435,0.2608695652173913,16.0,6.0,0.5272984441301274,1.515983026874116,0.3954738330975955,1.8455445544554456,1.0,0.0,1.0,2.0,1.0,2.0,1.9485,1.1757,1.0,A
49db1802-e77a-4910-9c57-481faafcc6e5,985784f9-dcb9-417b-bc9f-3665a6b3bf3c,2024,24,24,2025-02-01T17:30:00+00:00,fbffa344-2426-4b4b-9886-b8cd56ec69a1,f8f456e7-3e20-4803-ba4e-b1762a31812c,Wolverhampton Wanderers FC,Aston Villa FC,23,23,0,0,0.0,0.0,1.0,0.2,0.6,2.4,1.12032,2.2052199999999997,9.0,1.8,1.6,1.2,1.52494,1.26166,7.0,0.7,1.0,2.0,1.11243,1.6604299999999999,18.0,1.8,1.5,1.3,1.60296,1.40379,1.0,2.0,1.06986,1.72622,0.8,2.0,0.7963,1.98802,7.104166666666667,6.041666666666667,2,2,18.0,8.0,0.6956521739130435,1.608695652173913,16.0,37.0,0.6591549295774648,1.3183098591549296,0.9887323943661972,0.8569014084507043,1.0,0.0,0.0,4.0,2.0,0.0,2.0015,0.7428,1.0,H
282cf0fe-dbe2-4d3c-9df0-0f43a70264c6,145f6fe8-5f68-444f-8ad6-434a45fa482b,2024,24,24,2025-02-02T14:00:00+00:00,66a313d1-2e21-49ad-a1c7-6f04cae6be69,c23d6b7a-dfaf-44a3-b016-1feb2dddec44,Brentford FC,Tottenham Hotspur FC,23,23,0,0,0.0,0.0,7.0,1.4,2.0,1.6,2.26656,2.05912,1.0,0.2,1.4,2.2,1.33934,1.8581800000000002,11.0,1.1,1.6,1.7,1.76003,2.03606,4.0,0.4,1.8,2.3,1.67288,2.2917300000000003,1.4,2.2,1.2757399999999999,2.34712,1.6,1.4,1.5418,2.13338,7.0,7.0,1,2,11.0,16.0,1.3478260869565217,1.0434782608695652,31.0,24.0,1.056179775280899,1.122191011235955,1.1882022471910112,1.518258426966292,1.0,0.0,0.0,4.0,0.0,2.0,1.6648,0.9454,1.0,A
b89d3d80-6766-4308-83f3-407fe48fc744,997c1ada-19d9-463a-a2f4-aaa223467d06,2024,24,24,2025-02-02T14:00:00+00:00,48fc005c-cbfc-4e4d-b7f1-459dce6cf940,74bd08fa-27db-4bb0-8490-f57f6ed6b8e9,Manchester United FC,Crystal Palace FC,23,23,0,0,0.0,0.0,7.0,1.4,1.4,1.6,1.46082,1.84076,10.0,2.0,1.6,0.8,1.89058,1.3948800000000001,10.0,1.0,1.1,1.9,1.3720700000000001,1.61147,18.0,1.8,1.5,1.2,1.74334,1.4610100000000001,1.2,2.4,1.83648,1.65214,1.6,0.2,1.8101600000000002,1.06338,6.791666666666667,7.0,2,1,12.0,14.0,1.2608695652173914,1.173913043478261,29.0,27.0,0.727170868347339,1.2560224089635854,0.9915966386554622,0.7932773109243697,1.0,0.0,1.0,0.0,0.0,2.0,1.5071,2.4463,1.0,A
a96a31a4-ccbb-4caa-86a8-f19a3ac51020,55d90111-5729-4e29-9caa-8e1dbe2efeed,2024,24,24,2025-02-02T16:30:00+00:00,ead1bc2e-8799-410a-a809-66a274bbab2c,33d2f100-682f-4a5e-9aa3-5cc57e1e8571,Arsenal FC,Manchester City FC,23,23,0,0,0.0,0.0,11.0,2.2,1.8,1.0,1.71938,0.9071,13.0,2.6,3.4,0.8,2.3295000000000003,1.6119799999999997,22.0,2.2,1.8,0.7,2.05246,0.67583,18.0,1.8,2.5,1.1,2.06879,1.48367,1.4,0.6,2.06794,0.48994,2.6,1.2,2.02328,1.66066,8.0625,7.958333333333333,1,2,2.0,4.0,2.0434782608695654,1.7826086956521738,47.0,41.0,1.1916201117318437,0.4634078212290503,1.655027932960894,0.7282122905027933,1.0,0.0,1.0,4.0,5.0,1.0,1.532,0.7432,1.0,H
6efb8c4e-4091-4828-9b67-8a7d10ceb0f5,972ebe97-6dc0-4c8a-a386-ce193451ae96,2024,24,24,2025-02-03T20:00:00+00:00,1cb320b2-b42f-4131-8f5f-ef42e7f82540,21ec0474-e758-4563-97a9-912aab00b4f5,Chelsea FC,West Ham United FC,23,23,0,0,0.0,0.0,5.0,1.0,1.4,1.8,2.06138,1.44508,4.0,0.8,1.0,2.8,0.9776999999999999,2.12958,15.0,1.5,1.9,1.6,2.4377,1.68991,12.0,1.2,1.1,2.0,1.39126,2.0494700000000003,2.2,1.2,2.35682,1.30582,1.0,1.8,1.96168,1.9830200000000002,9.104166666666666,8.145833333333334,2,1,6.0,15.0,1.7391304347826086,1.173913043478261,40.0,27.0,1.2526315789473683,1.054847645429363,0.7252077562326871,1.3185595567867037,1.0,1.0,0.0,3.0,2.0,1.0,1.3907,1.1868,1.0,H
386676c9-e4f3-4739-9ba4-0a7fd095ceb6,2b3e0757-eed5-4da8-b43d-3f45af9edf40,2024,15,15,2025-02-12T19:30:00+00:00,60cb8be0-9c1e-4019-8b60-fd9ac2aa9f2d,54ed0f97-ad19-421c-a5c2-9b9d3fcbc72d,Everton FC,Liverpool FC,23,23,0,0,0.0,0.0,9.0,1.8,1.6,0.8,1.66734,1.27036,11.0,2.2,2.2,0.8,2.92748,1.1723000000000001,15.0,1.5,1.3,0.7,1.23072,1.4571299999999998,22.0,2.2,3.0,1.3,2.93623,1.06101,1.4,1.0,1.71816,1.3265799999999999,3.2,0.8,3.62162,1.02058,11.1875,11.1875,1,1,16.0,1.0,1.1304347826086956,2.4347826086956523,26.0,56.0,0.857103448275862,0.46151724137931033,1.9779310344827585,0.857103448275862,0.0,0.0,0.0,0.0,2.0,2.0,0.9105,0.9291,1.0,D
1da466dd-c7d1-4741-bf22-03cf04370817,867e5020-3254-4ff3-b4e2-208e28879f0b,2024,25,25,2025-02-14T20:00:00+00:00,db14882b-951f-4db5-860b-4ca2b8583311,1cb320b2-b42f-4131-8f5f-ef42e7f82540,Brighton & Hove Albion FC,Chelsea FC,24,24,0,0,0.0,0.0,7.0,1.4,1.2,2.0,1.28006,1.66726,8.0,1.6,1.8,1.6,2.01828,1.38226,11.0,1.1,1.2,1.8,1.24625,1.6837500000000003,15.0,1.5,1.6,1.6,1.99346,1.6175799999999998,0.6,1.2,1.3874799999999998,1.51694,1.2,1.8,1.7418400000000003,1.86706,13.3125,11.0,1,1,10.0,4.0,1.4166666666666667,1.7916666666666667,34.0,43.0,0.7901234567901234,1.1851851851851851,1.0534979423868314,1.0534979423868314,1.0,0.0,0.0,6.0,3.0,0.0,2.0689,0.6498,1.0,H
58eebc5e-8245-4d04-acdd-278341faedeb,39e0ede7-8a14-4ae1-bbeb-37f6aa382ad8,2024,25,25,2025-02-15T12:30:00+00:00,618e770e-c6ac-4c3f-9994-bd2160f675bc,ead1bc2e-8799-410a-a809-66a274bbab2c,Leicester City FC,Arsenal FC,24,24,0,0,0.0,0.0,3.0,0.6,0.6,2.2,1.08864,2.27318,11.0,2.2,2.2,1.0,1.62608,1.00122,4.0,0.4,0.6,2.5,0.9906200000000001,2.1056999999999997,22.0,2.2,2.1,0.8,1.9089800000000001,0.72454,0.4,2.2,1.36622,1.6939999999999997,2.2,0.8,2.03698,0.86172,13.895833333333334,12.833333333333334,1,1,18.0,2.0,0.7083333333333334,2.0833333333333335,17.0,50.0,0.3950819672131148,1.6461748633879782,1.3827868852459018,0.5267759562841531,1.0,0.0,0.0,6.0,0.0,2.0,0.2332,1.75,1.0,A
3814a952-f2a7-4598-a248-c0cc915e1172,c9980982-6e03-4a9e-8f7e-d1ac5048debd,2024,25,25,2025-02-15T15:00:00+00:00,f5c6f090-f823-4206-a821-17c11d35de43,6601a105-9986-4276-89bf-143cdf03198a,Southampton FC,AFC Bournemouth,24,24,0,0,0.0,0.0,3.0,0.6,1.2,3.0,0.9754400000000001,3.21062,10.0,2.0,2.4,1.0,2.1893599999999998,1.5310000000000001,4.0,0.4,0.7,2.4,1.02334,2.86676,19.0,1.9,2.0,0.9,2.12236,1.47871,0.4,3.8,1.2914400000000001,4.05186,2.6,1.2,2.17534,1.63792,14.0,14.0,1,1,20.0,7.0,0.375,1.6666666666666667,9.0,40.0,0.46158038147138963,1.5825613079019074,1.3188010899182563,0.5934604904632153,1.0,0.0,0.0,4.0,1.0,3.0,0.9744,2.0872,1.0,A
3169d8fc-5abf-4021-aa6a-0b4bcbc7206b,355366f0-647f-4d7f-b96d-67837fc9f2af,2024,25,25,2025-02-15T15:00:00+00:00,33d2f100-682f-4a5e-9aa3-5cc57e1e8571,c4045d6d-a715-4821-a800-cd9b505ad54b,Manchester City FC,Newcastle United FC,24,24,0,0,0.0,0.0,10.0,2.0,3.2,1.8,2.16214,1.54996,9.0,1.8,2.0,1.6,1.94222,1.5227400000000002,15.0,1.5,2.3,1.6,1.8229399999999998,1.5566499999999999,21.0,2.1,2.5,1.2,2.3927199999999997,1.1837,2.4,1.0,2.1143,1.30668,2.6,1.2,2.5891200000000003,1.12798,12.9375,14.0,1,1,6.0,7.0,1.7083333333333333,1.7083333333333333,41.0,41.0,1.5146341463414632,1.053658536585366,1.646341463414634,0.7902439024390243,1.0,0.0,1.0,2.0,4.0,0.0,2.12,0.1572,1.0,H
a58a5567-4137-4d14-8664-fef263ac551c,a07203df-a244-4974-8bd4-76236cda43ee,2024,25,25,2025-02-15T15:00:00+00:00,b552a1a6-4302-43ca-884c-0f91ac4f984b,5421e81a-b7dd-48b1-9982-42644e8dcf9f,Fulham FC,Nottingham Forest FC,24,24,0,0,0.0,0.0,7.0,1.4,1.6,1.4,2.00562,0.8973599999999999,10.0,2.0,2.8,1.6,2.1059200000000002,1.8936800000000003,14.0,1.4,1.5,1.3,1.54588,1.25603,25.0,2.5,2.4,1.1,1.77595,1.3769300000000002,1.0,1.2,1.1160999999999999,1.21312,2.0,1.4,1.4424199999999998,1.51678,14.0,14.104166666666666,1,0,10.0,3.0,1.5,1.9583333333333333,36.0,47.0,0.9865229110512129,0.8549865229110513,1.5784366576819406,0.7234501347708896,1.0,1.0,0.0,1.0,2.0,1.0,2.2099,0.3313,1.0,H
76bc057b-4a3a-431c-8368-b118177eb3ee,7bb6df10-0fc3-4841-99ae-6810ee544fb3,2024,25,25,2025-02-15T15:00:00+00:00,f8f456e7-3e20-4803-ba4e-b1762a31812c,67d3236c-6589-4978-b178-f6dcf50166d4,Aston Villa FC,Ipswich Town FC,24,24,0,0,0.0,0.0,8.0,1.6,1.2,1.2,1.2974999999999999,1.4743600000000001,1.0,0.2,0.8,3.2,1.05206,2.05284,15.0,1.5,1.2,1.4,1.35557,1.4906700000000002,7.0,0.7,0.9,2.4,1.1204100000000001,2.19977,1.6,1.0,1.94136,0.9829000000000001,1.0,1.8,0.9045400000000001,1.99816,13.895833333333334,14.0,1,1,10.0,19.0,1.5416666666666667,0.6666666666666666,37.0,16.0,0.7892617449664429,0.9208053691275168,0.5919463087248322,1.5785234899328857,1.0,0.0,1.0,4.0,1.0,1.0,2.8984,0.3329,1.0,D
dc028e0f-96c9-4101-a32d-85bdd51b3b49,a8457d00-b78b-43af-a375-729c323a1963,2024,25,25,2025-02-15T15:00:00+00:00,21ec0474-e758-4563-97a9-912aab00b4f5,66a313d1-2e21-49ad-a1c7-6f04cae6be69,West Ham United FC,Brentford FC,24,24,0,0,0.0,0.0,4.0,0.8,1.2,2.2,1.1114000000000002,1.74798,7.0,1.4,1.8,1.4,2.545,1.8485,12.0,1.2,1.1,1.9,1.22222,1.9104800000000002,11.0,1.1,1.5,1.6,1.81324,1.8089299999999997,1.2,2.2,0.8208399999999999,2.11592,1.8,1.2,2.24432,1.725,11.791666666666666,13.041666666666666,1,1,16.0,11.0,1.125,1.2916666666666667,27.0,31.0,0.7244979919678716,1.2514056224899597,0.9879518072289156,1.0538152610441767,1.0,0.0,1.0,2.0,0.0,1.0,0.6735,1.965,1.0,A
8e0d0420-2e94-4e23-a24f-a6bd0f0b5dbc,c5f6f2b4-167e-4360-bc09-b4b4b8260421,2024,25,25,2025-02-15T17:30:00+00:00,74bd08fa-27db-4bb0-8490-f57f6ed6b8e9,60cb8be0-9c1e-4019-8b60-fd9ac2aa9f2d,Crystal Palace FC,Everton FC,24,24,0,0,0.0,0.0,10.0,2.0,1.6,0.6,1.7689999999999997,1.4526000000000001,10.0,2.0,2.0,1.0,1.73724,0.93248,18.0,1.8,1.6,1.2,1.8225500000000001,1.56455,13.0,1.3,1.1,0.9,1.17187,1.4652699999999999,1.4,2.2,1.67652,1.85864,0.4,1.2,0.59682,1.77046,13.145833333333334,2.9166666666666665,1,1,12.0,15.0,1.25,1.125,30.0,27.0,1.0566844919786096,0.7925133689839572,0.7264705882352941,0.5943850267379679,1.0,0.0,0.0,3.0,1.0,2.0,2.3065,1.0157,1.0,A
7c990c0d-a114-4a9b-ab0f-d1a4c6a3a067,02ea4078-d796-4f63-8205-36a02c7dc7c7,2024,25,25,2025-02-16T14:00:00+00:00,54ed0f97-ad19-421c-a5c2-9b9d3fcbc72d,fbffa344-2426-4b4b-9886-b8cd56ec69a1,Liverpool FC,Wolverhampton Wanderers FC,24,24,0,0,0.0,0.0,11.0,2.2,2.2,0.8,2.5408999999999997,1.01946,3.0,0.6,0.6,2.0,1.39248,1.8969200000000002,22.0,2.2,2.9,1.2,2.8063700000000003,1.0,10.0,1.0,1.2,1.6,1.22781,1.58481,2.6,1.2,2.5454,0.94632,1.4,2.0,1.15866,1.9106400000000001,3.7708333333333335,14.854166666666666,1,0,1.0,17.0,2.375,0.7916666666666666,57.0,19.0,1.9153129161118507,0.7925432756324899,0.7925432756324899,1.0567243675099867,1.0,1.0,0.0,3.0,2.0,1.0,1.8676,1.0533,1.0,H
dda4b6ae-860b-4f60-8cf8-e5ec9efb1381,d43ebbc5-ca35-4570-bc48-fdeea1cb1ee4,2024,25,25,2025-02-16T16:30:00+00:00,c23d6b7a-dfaf-44a3-b016-1feb2dddec44,48fc005c-cbfc-4e4d-b7f1-459dce6cf940,Tottenham Hotspur FC,Manchester United FC,24,24,0,0,0.0,0.0,3.0,0.6,1.4,1.8,1.07156,2.063,7.0,1.4,1.4,1.6,1.5621,1.88154,7.0,0.7,2.0,2.2,1.70503,2.13049,10.0,1.0,1.1,1.9,1.4971700000000001,1.55942,2.0,3.2,1.80396,2.4500800000000003,1.0,1.4,0.9076600000000001,1.5708,14.104166666666666,14.104166666666666,0,0,15.0,14.0,1.125,1.2083333333333333,27.0,29.0,1.3209549071618039,1.4530503978779843,0.7265251989389921,1.2549071618037135,1.0,1.0,0.0,3.0,1.0,0.0,1.9711,1.4265,1.0,H
f7e02bca-06eb-4675-a125-41f7a1665fdf,936b7b97-1a8b-4833-93aa-f741a1df7e11,2024,29,29,2025-02-19T19:30:00+00:00,f8f456e7-3e20-4803-ba4e-b1762a31812c,54ed0f97-ad19-421c-a5c2-9b9d3fcbc72d,Aston Villa FC,Liverpool FC,25,25,0,0,0.0,0.0,6.0,1.2,1.0,1.2,1.40806,1.3778400000000002,13.0,2.6,2.4,0.8,2.36984,1.12428,13.0,1.3,1.2,1.5,1.39407,1.48538,24.0,2.4,2.9,1.1,2.78343,0.97671,1.6,1.2,2.01836,0.9723200000000001,2.4,0.6,2.76702,0.96218,4.1875,3.2291666666666665,1,2,9.0,1.0,1.52,2.4,38.0,60.0,0.7947019867549668,0.9933774834437086,1.9205298013245033,0.728476821192053,1.0,0.0,0.0,2.0,2.0,2.0,1.0227,2.0428,1.0,D
68bba3fa-9f2b-4f68-af2e-87a5362aee1d,2f1ad0d6-3ec6-48f6-a65a-986d000e0162,2024,26,26,2025-02-21T20:00:00+00:00,618e770e-c6ac-4c3f-9994-bd2160f675bc,66a313d1-2e21-49ad-a1c7-6f04cae6be69,Leicester City FC,Brentford FC,25,25,0,0,0.0,0.0,3.0,0.6,0.4,2.2,0.97218,2.15406,7.0,1.4,1.0,1.4,1.8282599999999998,1.9332799999999999,3.0,0.3,0.4,2.5,0.8714999999999999,2.16852,11.0,1.1,1.2,1.4,1.8351400000000002,1.68063,0.0,2.2,1.12798,1.8196400000000001,1.8,0.6,2.41078,1.2163599999999999,6.3125,6.208333333333333,1,1,19.0,11.0,0.68,1.36,17.0,34.0,0.26455862977602107,1.6534914361001318,0.7936758893280632,0.9259552042160737,1.0,0.0,0.0,5.0,0.0,4.0,0.7279,2.0347,1.0,A
48324b45-09ed-4b89-9a98-ae97fa763dd2,fbc785dd-9fef-4ea2-b863-ab55a09fa12e,2024,26,26,2025-02-22T12:30:00+00:00,60cb8be0-9c1e-4019-8b60-fd9ac2aa9f2d,48fc005c-cbfc-4e4d-b7f1-459dce6cf940,Everton FC,Manchester United FC,25,25,0,0,0.0,0.0,13.0,2.6,2.4,1.0,1.6941200000000003,1.13674,6.0,1.2,1.0,1.4,1.5124600000000001,1.70336,15.0,1.5,1.3,1.0,1.26022,1.5650499999999998,10.0,1.0,0.9,1.7,1.49285,1.69141,1.8,1.4,1.6861000000000002,1.20922,1.0,1.2,1.14174,1.3716599999999999,6.791666666666667,5.833333333333333,2,1,14.0,15.0,1.2,1.16,30.0,29.0,0.8587155963302753,0.6605504587155964,0.5944954128440367,1.1229357798165138,1.0,0.0,0.0,4.0,2.0,2.0,2.1044,0.6457,1.0,D
342b2fc7-8c3e-48db-8591-074c693a8be5,06bcb502-cd14-4c86-aa4f-44301428989b,2024,26,26,2025-02-22T15:00:00+00:00,b552a1a6-4302-43ca-884c-0f91ac4f984b,74bd08fa-27db-4bb0-8490-f57f6ed6b8e9,Fulham FC,Crystal Palace FC,25,25,0,0,0.0,0.0,9.0,1.8,1.6,1.2,1.9166599999999998,0.67494,9.0,1.8,1.6,0.8,1.97498,1.35266,16.0,1.6,1.6,1.3,1.75177,1.04583,17.0,1.7,1.5,1.2,1.9317199999999999,1.50766,1.2,1.2,1.5278800000000001,0.79272,1.8,0.2,1.96858,1.2704600000000001,7.0,6.895833333333333,1,1,8.0,14.0,1.56,1.2,39.0,30.0,1.0555410691003912,0.8576271186440679,0.9895697522816167,0.7916558018252934,1.0,1.0,0.0,2.0,0.0,2.0,0.2343,1.462,1.0,A
1edede2f-8d8d-4895-b831-e103eba97da4,a5d2857d-a6fc-4863-b0d5-74e574abf79b,2024,26,26,2025-02-22T15:00:00+00:00,ead1bc2e-8799-410a-a809-66a274bbab2c,21ec0474-e758-4563-97a9-912aab00b4f5,Arsenal FC,West Ham United FC,25,25,0,0,0.0,0.0,13.0,2.6,2.4,0.8,1.6138,0.69484,4.0,0.8,1.0,1.6,0.9395200000000001,1.7449999999999999,24.0,2.4,2.2,0.7,1.8406500000000001,0.73276,9.0,0.9,0.9,1.9,1.16976,1.95941,2.0,0.8,1.78098,0.58736,1.0,1.6,1.6236000000000002,1.70504,7.104166666666667,7.0,1,1,2.0,16.0,2.12,1.08,53.0,27.0,1.4533159947984398,0.46241872561768527,0.5945383615084525,1.2551365409622885,1.0,1.0,0.0,7.0,0.0,1.0,1.3726,1.0268,1.0,A
01bd7a90-a477-45e3-8aa2-3891e6c3e050,d090027b-d680-4826-8987-7dc68d81f28c,2024,26,26,2025-02-22T15:00:00+00:00,6601a105-9986-4276-89bf-143cdf03198a,fbffa344-2426-4b4b-9886-b8cd56ec69a1,AFC Bournemouth,Wolverhampton Wanderers FC,25,25,0,0,0.0,0.0,10.0,2.0,2.8,1.2,2.0831000000000004,1.61368,3.0,0.6,0.8,1.8,1.2222199999999999,1.7559799999999999,19.0,1.9,2.1,0.9,1.98195,1.41947,10.0,1.0,1.2,1.6,1.18557,1.6517600000000001,1.4,0.6,2.0693799999999998,1.3195000000000001,1.4,2.0,1.07418,2.04454,7.0,6.041666666666667,1,1,5.0,17.0,1.72,0.76,43.0,19.0,1.390909090909091,0.5961038961038961,0.7948051948051948,1.0597402597402599,1.0,1.0,0.0,6.0,0.0,1.0,0.6297,2.1012,1.0,A
ade6b9b5-817b-4366-bcf3-0eec83333650,309734d2-0623-4f83-b5a8-c0a0e9dd433a,2024,26,26,2025-02-22T15:00:00+00:00,f5c6f090-f823-4206-a821-17c11d35de43,db14882b-951f-4db5-860b-4ca2b8583311,Southampton FC,Brighton & Hove Albion FC,25,25,0,0,0.0,0.0,3.0,0.6,1.4,2.6,1.1204,2.51832,9.0,1.8,1.6,1.8,1.3408200000000001,1.43494,4.0,0.4,0.8,2.6,1.0822,2.82414,13.0,1.3,1.3,1.6,1.34096,1.60629,0.4,3.4,1.1043,3.30268,1.6,2.2,1.25464,1.7526800000000002,7.0,7.791666666666667,1,1,20.0,11.0,0.36,1.48,9.0,37.0,0.5312581063553826,1.7265888456549936,0.8632944228274968,1.0625162127107652,1.0,0.0,1.0,2.0,0.0,4.0,0.1541,5.1202,1.0,A
7194c008-0755-47f8-9a15-d238215dfa75,faf80cc3-c132-4e67-bd0a-287d24d2fcc8,2024,26,26,2025-02-22T15:00:00+00:00,67d3236c-6589-4978-b178-f6dcf50166d4,c23d6b7a-dfaf-44a3-b016-1feb2dddec44,Ipswich Town FC,Tottenham Hotspur FC,25,25,0,0,0.0,0.0,1.0,0.2,0.6,3.0,0.82996,2.10158,6.0,1.2,1.4,1.4,1.26512,1.86238,8.0,0.8,0.9,2.3,0.99702,2.14048,10.0,1.0,1.8,1.8,1.57665,2.01581,0.6,2.8,1.11548,2.0563000000000002,2.0,1.2,1.6061,1.8109000000000002,7.0,5.9375,1,1,18.0,14.0,0.68,1.2,17.0,30.0,0.5969032258064516,1.5254193548387096,1.1938064516129032,1.1938064516129032,1.0,1.0,0.0,3.0,1.0,4.0,1.1539,1.5874,1.0,A
4fcfb64f-c4c6-43d2-acae-cf9cf7be12f5,c5b3e8fb-c8cb-4f33-b367-5989a9448bd6,2024,26,26,2025-02-22T17:30:00+00:00,f8f456e7-3e20-4803-ba4e-b1762a31812c,1cb320b2-b42f-4131-8f5f-ef42e7f82540,Aston Villa FC,Chelsea FC,26,25,0,0,0.0,0.0,4.0,0.8,1.2,1.6,1.35556,1.54014,7.0,1.4,1.6,2.0,1.84516,1.5407199999999999,14.0,1.4,1.3,1.5,1.4574,1.46105,12.0,1.2,1.2,1.6,1.80111,1.49898,1.6,1.4,1.81092,1.16162,0.4,1.8,1.35714,1.62986,2.9166666666666665,7.895833333333333,2,1,10.0,6.0,1.5,1.72,39.0,43.0,0.86,0.9923076923076923,0.7938461538461538,1.0584615384615386,1.0,0.0,0.0,3.0,2.0,1.0,2.6941,2.1742,1.0,H
30b82de2-c2f7-472c-8566-87a87c1ff70b,eeea8f22-5458-4e3e-a011-6b1199fd81ac,2024,26,26,2025-02-23T14:00:00+00:00,c4045d6d-a715-4821-a800-cd9b505ad54b,5421e81a-b7dd-48b1-9982-42644e8dcf9f,Newcastle United FC,Nottingham Forest FC,25,25,0,0,0.0,0.0,6.0,1.2,1.6,2.2,1.48774,1.7460799999999999,7.0,1.4,2.4,2.0,1.65772,1.95474,21.0,2.1,2.3,1.2,2.21279,1.2211,22.0,2.2,2.2,1.1,1.74396,1.4509500000000002,2.4,1.2,2.19632,1.23942,1.6,1.4,1.3784399999999999,1.66482,7.958333333333333,7.958333333333333,1,1,8.0,3.0,1.64,1.88,41.0,47.0,1.5215836526181352,0.7938697318007663,1.4554278416347384,0.7277139208173692,1.0,1.0,0.0,4.0,4.0,3.0,3.4586,2.386,1.0,H
44f5d911-a664-4b7d-a8fc-4f4bf1ff4083,15106bf6-65c1-4ee6-a139-0645bf2c880f,2024,26,26,2025-02-23T16:30:00+00:00,33d2f100-682f-4a5e-9aa3-5cc57e1e8571,54ed0f97-ad19-421c-a5c2-9b9d3fcbc72d,Manchester City FC,Liverpool FC,25,26,0,0,0.0,0.0,10.0,2.0,3.2,1.6,2.19016,1.2748199999999998,11.0,2.2,2.4,1.2,1.9459,1.08878,17.0,1.7,2.5,1.4,1.8764800000000001,1.45089,22.0,2.2,2.5,1.0,2.4675000000000002,0.9587299999999999,2.6,1.0,1.89796,1.17768,1.8,1.0,2.51584,1.06306,8.0625,3.875,1,3,4.0,1.0,1.76,2.3461538461538463,44.0,61.0,1.6455696202531647,0.9215189873417722,1.6455696202531647,0.6582278481012659,1.0,0.0,0.0,2.0,0.0,2.0,0.5825,0.8071,1.0,A
6568b790-d3e3-4854-a6c6-3008fe8878d9,e596c475-cd9a-42ce-8feb-2368dfcc937b,2024,27,27,2025-02-25T19:30:00+00:00,74bd08fa-27db-4bb0-8490-f57f6ed6b8e9,f8f456e7-3e20-4803-ba4e-b1762a31812c,Crystal Palace FC,Aston Villa FC,26,27,0,0,0.0,0.0,9.0,1.8,1.6,0.8,1.81444,0.97972,6.0,1.2,1.2,1.4,1.65318,1.6460599999999999,17.0,1.7,1.4,1.1,1.7772999999999999,1.39877,14.0,1.4,1.3,1.5,1.52082,1.56884,1.2,2.2,1.89486,1.7448599999999999,0.8,1.8,0.76978,1.99844,3.1875,3.0833333333333335,2,3,13.0,8.0,1.2692307692307692,1.5555555555555556,33.0,42.0,0.9227272727272727,0.7250000000000001,0.8568181818181819,0.9886363636363636,1.0,0.0,1.0,4.0,4.0,1.0,4.0252,0.6672,1.0,H
52df2e1d-bc90-44f0-923d-76637df9ea6e,6edb523e-3dac-494c-aaeb-87b656590689,2024,27,27,2025-02-25T19:30:00+00:00,db14882b-951f-4db5-860b-4ca2b8583311,6601a105-9986-4276-89bf-143cdf03198a,Brighton & Hove Albion FC,AFC Bournemouth,26,26,0,0,0.0,0.0,9.0,1.8,2.0,1.8,2.15218,1.4121400000000002,9.0,1.8,2.4,1.0,1.97934,1.5263,16.0,1.6,1.6,1.3,1.7206599999999999,1.32108,18.0,1.8,2.0,0.9,1.84008,1.4477600000000002,1.0,1.0,1.42728,1.4599,2.8,1.2,1.89452,1.51944,3.1875,3.1875,2,2,9.0,6.0,1.5384615384615385,1.6538461538461537,40.0,43.0,1.0519447929736512,0.8547051442910916,1.314930991217064,0.5917189460476788,1.0,1.0,0.0,3.0,2.0,1.0,2.5793,1.7017,1.0,H
3a418353-e83a-4c52-8f1e-9f3a77ccbeee,05bbaf28-5056-4df6-b33c-c32136f91f64,2024,27,27,2025-02-25T19:30:00+00:00,fbffa344-2426-4b4b-9886-b8cd56ec69a1,b552a1a6-4302-43ca-884c-0f91ac4f984b,Wolverhampton Wanderers FC,Fulham FC,26,26,0,0,0.0,0.0,6.0,1.2,1.0,1.2,1.3476,1.45526,9.0,1.8,1.2,1.0,1.39636,0.77988,13.0,1.3,1.2,1.4,1.27194,1.54138,15.0,1.5,1.4,1.3,1.6465800000000002,0.9823299999999999,1.0,1.2,1.29696,1.25898,2.0,1.4,1.97566,1.29894,3.1875,3.1875,2,2,17.0,10.0,0.8461538461538461,1.5,22.0,39.0,0.789,0.9205,0.9205,0.8547500000000001,1.0,1.0,0.0,5.0,1.0,2.0,0.929,1.4347,1.0,A
f3be5523-94ec-4642-a1b6-1dee98e4c77b,87d3fa99-b0d9-4117-8947-23005d6d6223,2024,27,27,2025-02-25T20:15:00+00:00,1cb320b2-b42f-4131-8f5f-ef42e7f82540,f5c6f090-f823-4206-a821-17c11d35de43,Chelsea FC,Southampton FC,26,26,0,0,0.0,0.0,6.0,1.2,1.4,2.0,1.77238,1.84984,3.0,0.6,1.2,2.8,0.8778,2.92066,9.0,0.9,1.1,1.7,1.7593800000000002,1.6025300000000002,4.0,0.4,0.8,2.5,0.9702500000000001,2.94684,2.0,1.4,2.24508,1.3681,1.2,1.8,1.0600999999999998,2.3456,3.1145833333333335,3.21875,2,2,7.0,20.0,1.6538461538461537,0.34615384615384615,43.0,9.0,0.7232876712328768,1.1178082191780823,0.526027397260274,1.6438356164383563,1.0,1.0,0.0,6.0,4.0,0.0,2.9823,0.845,1.0,H
962c2736-ac1a-48e9-9ae3-1da6fbf94292,3fbcde88-c985-4b9c-8e5d-267046247e40,2024,27,27,2025-02-26T19:30:00+00:00,c23d6b7a-dfaf-44a3-b016-1feb2dddec44,33d2f100-682f-4a5e-9aa3-5cc57e1e8571,Tottenham Hotspur FC,Manchester City FC,26,26,0,0,0.0,0.0,9.0,1.8,2.0,1.2,1.42718,1.64216,9.0,1.8,2.8,1.6,1.7760200000000002,0.95806,10.0,1.0,1.7,1.9,1.3460699999999999,2.00384,17.0,1.7,2.4,1.4,1.87092,1.32694,1.6,2.4,1.5472,2.22072,2.4,1.8,1.855,1.7241,4.1875,3.125,2,2,13.0,5.0,1.2692307692307692,1.6923076923076923,33.0,44.0,1.1164807930607188,1.2478314745972738,1.5762081784386617,0.919454770755886,1.0,1.0,0.0,4.0,0.0,1.0,1.2843,2.3864,1.0,A
551b0e85-7f3e-4e94-9963-093675ebb14c,62533fe4-b829-4d24-b048-65cf7baf56e5,2024,27,27,2025-02-26T19:30:00+00:00,5421e81a-b7dd-48b1-9982-42644e8dcf9f,ead1bc2e-8799-410a-a809-66a274bbab2c,Nottingham Forest FC,Arsenal FC,26,26,0,0,0.0,0.0,6.0,1.2,2.8,2.6,2.02908,2.1018800000000004,10.0,2.0,2.0,0.8,1.4373200000000002,0.74478,19.0,1.9,2.3,1.4,1.7539500000000001,1.75787,23.0,2.3,2.2,0.8,1.8470400000000002,0.82222,2.8,0.8,2.10948,1.2370800000000002,2.4,0.6,1.90032,0.8781599999999999,3.2291666666666665,4.1875,2,2,4.0,2.0,1.8076923076923077,2.0384615384615383,47.0,53.0,1.5143564356435641,0.9217821782178217,1.4485148514851487,0.5267326732673268,1.0,0.0,0.0,3.0,0.0,0.0,0.5086,1.3177,1.0,D
b5dfc5f5-8015-4387-af6b-1b79ecd5772f,b276bc8d-d74b-485e-9dc3-20dfcb00c98e,2024,27,27,2025-02-26T19:30:00+00:00,48fc005c-cbfc-4e4d-b7f1-459dce6cf940,67d3236c-6589-4978-b178-f6dcf50166d4,Manchester United FC,Ipswich Town FC,26,26,0,0,0.0,0.0,4.0,0.8,0.8,1.6,1.0199,1.85082,1.0,0.2,0.8,3.4,1.00712,2.2063800000000002,8.0,0.8,0.9,1.8,1.35276,1.8380400000000001,5.0,0.5,0.8,2.6,0.9390599999999999,2.17547,0.8,2.2,1.8439599999999998,2.01116,1.2,1.8,0.87856,2.22466,4.291666666666667,4.1875,2,2,15.0,18.0,1.1538461538461537,0.6538461538461539,30.0,17.0,0.5948019801980199,1.1896039603960398,0.5287128712871287,1.7183168316831685,1.0,0.0,1.0,2.0,3.0,2.0,1.402,1.045,1.0,H
bdca79e3-897e-4efd-922e-68972aad22da,301f901a-0f06-4ef0-8a09-3b73eb57d1e9,2024,27,27,2025-02-26T19:30:00+00:00,66a313d1-2e21-49ad-a1c7-6f04cae6be69,60cb8be0-9c1e-4019-8b60-fd9ac2aa9f2d,Brentford FC,Everton FC,26,26,0,0,0.0,0.0,9.0,1.8,1.4,1.0,1.75702,1.54822,11.0,2.2,2.2,1.0,1.6028200000000001,0.99444,14.0,1.4,1.5,1.2,1.87275,1.49427,15.0,1.5,1.5,1.2,1.36358,1.47803,0.6,2.2,1.2594999999999998,2.1449,0.8,0.6,0.6466200000000001,1.87944,4.979166666666667,4.291666666666667,2,3,11.0,15.0,1.4230769230769231,1.1923076923076923,37.0,31.0,0.9889298892988929,0.7911439114391143,0.9889298892988929,0.7911439114391143,1.0,0.0,1.0,0.0,1.0,1.0,1.3401,1.4496,1.0,D
1caf53a1-12ea-4c46-ba01-664e78f44a06,0fea4944-d745-4ff2-8b74-273589a632ed,2024,27,27,2025-02-26T20:15:00+00:00,54ed0f97-ad19-421c-a5c2-9b9d3fcbc72d,c4045d6d-a715-4821-a800-cd9b505ad54b,Liverpool FC,Newcastle United FC,27,26,0,0,0.0,0.0,11.0,2.2,2.0,1.0,1.6737000000000002,1.04434,6.0,1.2,1.8,2.8,1.7528000000000001,1.9284200000000002,22.0,2.2,2.4,0.9,2.35827,0.99488,21.0,2.1,2.3,1.5,2.16319,1.44102,2.6,1.4,2.17882,1.00798,2.2,1.2,2.22926,1.2027800000000002,3.15625,3.2604166666666665,3,2,1.0,6.0,2.3703703703703702,1.6923076923076923,64.0,44.0,1.5842944785276072,0.5941104294478528,1.518282208588957,0.9901840490797545,1.0,0.0,1.0,6.0,2.0,0.0,1.4003,0.4588,1.0,H
1aa0e959-1120-4d2b-b0a8-8b5d121e1e3f,5b8b6769-431d-4645-8efa-b6884fc3bbb8,2024,27,27,2025-02-27T20:00:00+00:00,21ec0474-e758-4563-97a9-912aab00b4f5,618e770e-c6ac-4c3f-9994-bd2160f675bc,West Ham United FC,Leicester City FC,26,26,0,0,0.0,0.0,4.0,0.8,0.6,1.2,0.9574199999999999,1.45236,3.0,0.6,0.4,2.6,0.6979599999999999,2.10806,11.0,1.1,0.9,1.8,1.09061,1.8918300000000001,3.0,0.3,0.4,2.5,0.92561,1.97653,0.8,2.2,0.71592,2.21378,0.8,2.8,0.61502,2.5174,5.208333333333333,6.0,2,2,16.0,19.0,1.1538461538461537,0.6538461538461539,30.0,17.0,0.5948592411260709,1.1897184822521418,0.26438188494492043,1.6523867809057526,1.0,0.0,0.0,4.0,2.0,0.0,1.7044,0.2896,1.0,H
ae053955-1889-4751-a0ec-f4c31eac08e9,2d04310d-634b-4eee-92ea-f59d2caa0365,2024,28,28,2025-03-08T12:30:00+00:00,5421e81a-b7dd-48b1-9982-42644e8dcf9f,33d2f100-682f-4a5e-9aa3-5cc57e1e8571,Nottingham Forest FC,Manchester City FC,27,27,0,0,0.0,0.0,4.0,0.8,2.2,2.2,1.6579599999999999,2.11358,9.0,1.8,1.8,1.6,1.6128399999999998,1.0558,17.0,1.7,2.1,1.4,1.70832,1.8127400000000002,20.0,2.0,2.4,1.2,1.9999300000000002,1.24938,2.4,0.6,1.7539799999999999,1.4227400000000001,2.4,1.4,2.11302,1.56898,9.708333333333334,9.708333333333334,2,2,3.0,4.0,1.7777777777777777,1.7407407407407407,48.0,47.0,1.3897435897435897,0.9264957264957264,1.5882783882783882,0.7941391941391941,1.0,0.0,0.0,3.0,1.0,0.0,0.5015,0.7212,1.0,H
b42a3645-bfa7-4f74-8355-379740cade50,8d865bc4-dc6e-4b4c-be52-139d3276610a,2024,28,28,2025-03-08T15:00:00+00:00,db14882b-951f-4db5-860b-4ca2b8583311,b552a1a6-4302-43ca-884c-0f91ac4f984b,Brighton & Hove Albion FC,Fulham FC,27,27,0,0,0.0,0.0,9.0,1.8,1.8,1.8,2.2337,1.4888400000000002,9.0,1.8,1.2,1.2,1.20966,0.8303,18.0,1.8,1.7,1.3,1.84421,1.36831,17.0,1.7,1.6,1.4,1.66479,1.04723,1.2,0.6,1.6785,1.199,2.0,1.2,2.00536,1.06534,10.8125,10.8125,2,2,8.0,9.0,1.5925925925925926,1.5555555555555556,43.0,42.0,1.1278048780487804,0.862439024390244,1.0614634146341464,0.928780487804878,1.0,0.0,0.0,4.0,2.0,1.0,1.9442,0.7082,1.0,H
859eb0bd-9334-4f03-a3fe-5e8d925f82b8,6777f266-03fa-423c-92e4-67d3c9c28716,2024,28,28,2025-03-08T15:00:00+00:00,54ed0f97-ad19-421c-a5c2-9b9d3fcbc72d,f5c6f090-f823-4206-a821-17c11d35de43,Liverpool FC,Southampton FC,28,27,0,0,0.0,0.0,11.0,2.2,2.0,1.0,1.40938,0.80556,3.0,0.6,0.8,3.0,0.79496,3.0442799999999997,22.0,2.2,2.1,0.9,2.16843,0.9889300000000001,3.0,0.3,0.8,2.9,1.02675,3.11981,2.6,1.0,2.03948,0.8425,1.2,2.6,1.1731,2.69154,9.78125,10.78125,2,2,1.0,20.0,2.392857142857143,0.3333333333333333,67.0,9.0,1.393195625759417,0.5970838396111786,0.5307411907654921,1.9239368165249089,1.0,1.0,0.0,5.0,3.0,1.0,4.99,0.5116,1.0,H
5701e825-2a9c-48b2-ab96-e9d18085a5d9,6d13e3f5-c456-4cf2-b6ec-8b1bdb237f8c,2024,28,28,2025-03-08T15:00:00+00:00,74bd08fa-27db-4bb0-8490-f57f6ed6b8e9,67d3236c-6589-4978-b178-f6dcf50166d4,Crystal Palace FC,Ipswich Town FC,27,27,0,0,0.0,0.0,9.0,1.8,2.0,1.0,2.29436,1.06894,1.0,0.2,1.2,2.8,1.057,1.84632,20.0,2.0,1.7,0.7,2.0193,1.16006,5.0,0.5,1.0,2.5,0.93713,1.9922799999999998,1.8,1.4,2.37886,1.2674400000000001,1.2,2.2,0.74086,2.2575600000000002,10.8125,9.8125,2,2,12.0,18.0,1.3333333333333333,0.6296296296296297,36.0,17.0,1.1264812575574366,0.4638452237001209,0.6626360338573156,1.656590084643289,1.0,1.0,0.0,1.0,1.0,0.0,3.1388,1.6328,1.0,H
d2131d8d-1ed8-4081-bd31-8c4ac061ad6b,5bc8006d-d736-4202-be18-a89bc6e0d70a,2024,28,28,2025-03-08T17:30:00+00:00,66a313d1-2e21-49ad-a1c7-6f04cae6be69,f8f456e7-3e20-4803-ba4e-b1762a31812c,Brentford FC,Aston Villa FC,27,28,0,0,0.0,0.0,10.0,2.0,1.6,0.8,1.7850000000000001,1.00564,5.0,1.0,1.2,2.0,1.60504,2.1153199999999996,15.0,1.5,1.6,1.1,1.9298600000000001,1.5427399999999998,14.0,1.4,1.4,1.6,1.56499,1.6884900000000003,0.8,2.0,1.37372,2.24184,0.8,2.2,0.82534,2.34626,9.916666666666666,10.916666666666666,1,2,12.0,10.0,1.4074074074074074,1.5,38.0,42.0,1.0628019323671498,0.7306763285024156,0.9299516908212561,1.0628019323671498,1.0,0.0,0.0,4.0,0.0,1.0,0.6377,1.2964,1.0,A
4a443d0b-002c-472b-90c7-5123cf8ee16c,d08a8188-ade1-4b41-8416-f9b7aa1708bd,2024,28,28,2025-03-08T20:00:00+00:00,fbffa344-2426-4b4b-9886-b8cd56ec69a1,60cb8be0-9c1e-4019-8b60-fd9ac2aa9f2d,Wolverhampton Wanderers FC,Everton FC,27,27,0,0,0.0,0.0,6.0,1.2,1.0,1.0,1.3199400000000001,1.1124399999999999,9.0,1.8,2.2,1.2,1.71856,1.1337000000000002,10.0,1.0,1.0,1.6,1.25131,1.60598,15.0,1.5,1.5,1.2,1.44321,1.36007,1.0,1.2,1.23526,1.19922,1.0,0.8,0.9101000000000001,1.8857199999999998,11.020833333333334,10.020833333333334,1,1,17.0,16.0,0.8148148148148148,1.1851851851851851,22.0,32.0,0.6658624849215923,1.0653799758745477,0.9987937273823885,0.7990349819059107,1.0,0.0,0.0,4.0,1.0,1.0,0.8124,1.3672,1.0,D
2b09501f-3ed6-4d3c-9848-7f88999947c3,bd026a5f-6c8e-4777-93ba-fcdfb1b0e0ed,2024,28,28,2025-03-09T14:00:00+00:00,1cb320b2-b42f-4131-8f5f-ef42e7f82540,618e770e-c6ac-4c3f-9994-bd2160f675bc,Chelsea FC,Leicester City FC,27,27,0,0,0.0,0.0,6.0,1.2,1.6,1.8,1.73908,1.8053800000000002,3.0,0.6,0.4,2.6,0.6205,1.9753,11.0,1.1,1.5,1.7,1.9060200000000003,1.57995,3.0,0.3,0.4,2.4,0.8756999999999999,2.0334399999999997,2.4,1.2,2.3232399999999997,1.2053800000000001,0.8,2.4,0.63558,2.06736,11.739583333333334,9.75,1,1,5.0,19.0,1.7037037037037037,0.6296296296296297,46.0,17.0,1.0,1.1333333333333333,0.26666666666666666,1.5999999999999999,1.0,1.0,0.0,3.0,1.0,0.0,1.7684,0.1085,1.0,H
163d446c-5d7f-4939-8c5f-90a8227f4e97,c0357161-b6a5-4207-bd71-4afba5704812,2024,28,28,2025-03-09T14:00:00+00:00,c23d6b7a-dfaf-44a3-b016-1feb2dddec44,6601a105-9986-4276-89bf-143cdf03198a,Tottenham Hotspur FC,AFC Bournemouth,27,27,0,0,0.0,0.0,9.0,1.8,1.6,0.8,1.4125999999999999,1.6072600000000001,6.0,1.2,1.8,1.2,1.7793400000000001,1.8745999999999998,10.0,1.0,1.4,1.4,1.35425,1.72227,15.0,1.5,1.8,1.1,1.82742,1.47716,1.0,1.4,1.56356,1.65758,2.4,1.6,1.8692,1.5782399999999999,10.770833333333334,11.770833333333334,1,1,13.0,9.0,1.2222222222222223,1.5925925925925926,33.0,43.0,0.935576923076923,0.935576923076923,1.2028846153846153,0.7350961538461539,1.0,0.0,0.0,1.0,2.0,2.0,1.3505,2.2254,1.0,D
4c08144d-2224-48fb-866a-b6bc7643d7c0,e4b0b67d-873e-4e0b-adce-049d688cd979,2024,28,28,2025-03-09T16:30:00+00:00,48fc005c-cbfc-4e4d-b7f1-459dce6cf940,ead1bc2e-8799-410a-a809-66a274bbab2c,Manchester United FC,Arsenal FC,27,27,0,0,0.0,0.0,7.0,1.4,1.2,1.4,1.03666,1.62548,10.0,2.0,1.6,0.4,1.37194,0.6053,11.0,1.1,1.2,1.7,1.26443,1.75971,21.0,2.1,1.7,0.7,1.6733799999999999,0.71256,1.4,2.0,1.6672999999999998,1.8544999999999998,1.4,0.4,1.553,0.65884,10.875,10.875,1,1,15.0,2.0,1.2222222222222223,2.0,33.0,54.0,0.8009569377990431,1.134688995215311,1.134688995215311,0.4672248803827751,1.0,0.0,0.0,2.0,1.0,1.0,1.3111,1.83,1.0,D
3d866db0-7a96-4098-adf5-7bfb8d313d66,04a85e5e-e2ca-40a5-8fe6-80d49e1699d5,2024,28,28,2025-03-10T20:00:00+00:00,21ec0474-e758-4563-97a9-912aab00b4f5,c4045d6d-a715-4821-a800-cd9b505ad54b,West Ham United FC,Newcastle United FC,27,27,0,0,0.0,0.0,7.0,1.4,1.0,0.8,1.25408,1.1851600000000002,6.0,1.2,1.6,2.4,1.677,1.66814,13.0,1.3,1.0,1.7,1.13811,1.78641,18.0,1.8,1.9,1.7,1.88568,1.47462,1.0,2.0,0.81092,2.0029399999999997,1.4,1.6,1.67424,1.2699799999999999,11.0,11.989583333333334,1,1,16.0,9.0,1.2222222222222223,1.6296296296296295,33.0,44.0,0.6682577565632458,1.136038186157518,1.269689737470167,1.136038186157518,1.0,1.0,0.0,2.0,0.0,1.0,0.824,1.6298,1.0,A
d6012a9f-4821-46f3-bffe-ba8e85044d96,1eaa16fe-a380-4008-825f-ce6cb5f5bd24,2024,29,29,2025-03-15T15:00:00+00:00,60cb8be0-9c1e-4019-8b60-fd9ac2aa9f2d,21ec0474-e758-4563-97a9-912aab00b4f5,Everton FC,West Ham United FC,28,28,0,0,0.0,0.0,7.0,1.4,1.6,1.4,1.36948,1.20676,6.0,1.2,0.8,0.8,1.0831,1.3295400000000002,16.0,1.6,1.6,1.1,1.51841,1.23856,10.0,1.0,0.9,1.8,1.0304,1.72956,2.2,1.4,1.98394,0.93286,1.0,1.4,1.4653,1.56988,6.791666666666667,4.791666666666667,1,1,15.0,16.0,1.1785714285714286,1.1785714285714286,33.0,33.0,1.0717520858164482,0.7368295589988082,0.6028605482717521,1.2057210965435041,1.0,0.0,1.0,0.0,1.0,1.0,1.189,0.516,1.0,D
9733e762-e14c-45c4-9283-fe3bfcb31c11,32751e5f-a891-4d22-ab0c-fcc67558af18,2024,29,29,2025-03-15T15:00:00+00:00,33d2f100-682f-4a5e-9aa3-5cc57e1e8571,db14882b-951f-4db5-860b-4ca2b8583311,Manchester City FC,Brighton & Hove Albion FC,28,28,0,0,0.0,0.0,6.0,1.2,1.2,1.6,1.31066,0.85642,12.0,2.4,2.2,1.8,2.49378,1.4563000000000001,19.0,1.9,2.3,1.2,1.8200800000000001,1.2342,20.0,2.0,1.9,1.4,1.90509,1.34301,2.4,1.0,1.88684,0.92978,2.2,2.0,2.00992,1.53762,7.104166666666667,7.0,1,1,5.0,7.0,1.6785714285714286,1.6428571428571428,47.0,46.0,1.542449464922711,0.804756242568371,1.2741973840665874,0.9388822829964328,1.0,0.0,0.0,3.0,2.0,2.0,2.0264,2.1112,1.0,D
bb7b0788-83b8-4b7d-a530-28bfb8c3bfc4,0539d80b-a0c3-47fb-8f87-e3241f3e435f,2024,29,29,2025-03-15T15:00:00+00:00,f5c6f090-f823-4206-a821-17c11d35de43,fbffa344-2426-4b4b-9886-b8cd56ec69a1,Southampton FC,Wolverhampton Wanderers FC,28,28,0,0,0.0,0.0,3.0,0.6,0.8,3.0,0.73216,3.42564,7.0,1.4,1.2,1.0,1.37948,1.2084,3.0,0.3,0.9,3.1,0.85808,3.4287,8.0,0.8,0.9,1.7,1.2499,1.7068100000000002,0.4,3.2,0.8804000000000001,3.54808,1.0,2.0,1.26736,2.01274,7.0,6.791666666666667,1,1,20.0,17.0,0.32142857142857145,0.8214285714285714,9.0,23.0,0.6028402366863905,2.076449704142012,0.6028402366863905,1.138698224852071,1.0,0.0,0.0,2.0,1.0,2.0,1.2821,0.5407,1.0,A
1b6db626-1b04-41f3-a0c5-96f4ea687665,d9fb26e9-5c80-44cb-a235-4bb2d770a9f7,2024,29,29,2025-03-15T15:00:00+00:00,67d3236c-6589-4978-b178-f6dcf50166d4,5421e81a-b7dd-48b1-9982-42644e8dcf9f,Ipswich Town FC,Nottingham Forest FC,28,28,0,0,0.0,0.0,1.0,0.2,1.0,2.2,1.2226199999999998,2.04046,7.0,1.4,2.4,1.2,1.55902,1.6927400000000001,5.0,0.5,1.0,2.5,1.0925799999999999,2.0896999999999997,17.0,1.7,2.1,1.4,1.6284500000000002,1.7791000000000001,0.8,2.8,1.1334,1.7269999999999999,1.8,2.2,1.66266,2.20274,7.0,7.104166666666667,1,1,18.0,3.0,0.6071428571428571,1.8214285714285714,17.0,51.0,0.6698113207547169,1.6745283018867925,1.4066037735849057,0.9377358490566037,1.0,0.0,0.0,1.0,2.0,4.0,0.5208,1.3072,1.0,A
21657d1e-d8f4-4d8b-8d13-88fb8219b656,9b91b1bf-a0c9-4a1c-a22f-1040a735794a,2024,29,29,2025-03-15T17:30:00+00:00,6601a105-9986-4276-89bf-143cdf03198a,66a313d1-2e21-49ad-a1c7-6f04cae6be69,AFC Bournemouth,Brentford FC,28,28,0,0,0.0,0.0,4.0,0.8,1.2,1.6,1.6593399999999998,1.94546,7.0,1.4,1.2,0.8,1.5284600000000002,1.0185600000000001,15.0,1.5,2.0,1.3,1.9297700000000002,1.5622,14.0,1.4,1.6,1.2,1.89751,1.53884,1.2,0.6,1.7856400000000001,1.37608,2.4,0.2,2.4859999999999998,0.84364,6.145833333333333,7.0,1,1,9.0,12.0,1.5714285714285714,1.3571428571428572,44.0,38.0,1.334894613583138,0.8676814988290399,1.0679156908665106,0.8009367681498829,1.0,0.0,0.0,5.0,1.0,2.0,2.0271,1.6032,1.0,A
f20ea23f-99ff-4154-a15e-474c1dfe0a47,53b2f77a-aa7f-4626-9d41-06cf35462c98,2024,29,29,2025-03-16T13:30:00+00:00,b552a1a6-4302-43ca-884c-0f91ac4f984b,c23d6b7a-dfaf-44a3-b016-1feb2dddec44,Fulham FC,Tottenham Hotspur FC,28,28,0,0,0.0,0.0,9.0,1.8,1.4,1.4,1.23918,1.17874,10.0,2.0,1.8,0.8,1.42774,1.7713999999999999,14.0,1.4,1.5,1.5,1.55768,1.08602,11.0,1.1,1.6,1.5,1.38354,1.81479,1.2,1.6,1.32422,1.02912,1.8,1.4,1.14494,1.7869599999999999,7.9375,6.979166666666667,1,1,10.0,13.0,1.5,1.2142857142857142,42.0,34.0,1.0011668611435238,1.0011668611435238,1.0679113185530922,1.0011668611435238,1.0,0.0,1.0,2.0,2.0,0.0,1.0397,1.4087,1.0,H
81a9f608-99d4-4a65-81c1-d8acf5597548,ed50ea81-95ae-489a-a3f2-d4f31440278c,2024,29,29,2025-03-16T13:30:00+00:00,ead1bc2e-8799-410a-a809-66a274bbab2c,1cb320b2-b42f-4131-8f5f-ef42e7f82540,Arsenal FC,Chelsea FC,28,28,0,0,0.0,0.0,8.0,1.6,1.6,0.6,1.5604600000000002,0.7645799999999999,9.0,1.8,1.6,1.2,1.7930800000000002,1.3806600000000002,19.0,1.9,1.7,0.8,1.63992,0.8358399999999999,14.0,1.4,1.5,1.5,1.9272300000000002,1.41287,2.0,1.0,1.79376,0.76628,0.6,2.2,1.4888,1.95452,6.875,6.979166666666667,1,1,2.0,4.0,1.9642857142857142,1.75,55.0,49.0,1.1359720605355064,0.5345750873108266,1.0023282887077998,1.0023282887077998,1.0,0.0,1.0,2.0,1.0,0.0,0.6957,0.286,1.0,H
8f20d77d-6066-4964-b0e4-3c4e8b88277a,a827f88a-90aa-41cd-81f6-5a52a7d79fad,2024,29,29,2025-03-16T19:00:00+00:00,618e770e-c6ac-4c3f-9994-bd2160f675bc,48fc005c-cbfc-4e4d-b7f1-459dce6cf940,Leicester City FC,Manchester United FC,28,28,0,0,0.0,0.0,0.0,0.0,0.0,2.6,0.36126,2.07402,5.0,1.0,1.2,1.6,1.25848,1.8793600000000001,3.0,0.3,0.3,2.2,0.86445,2.02034,12.0,1.2,1.3,1.6,1.35965,1.86006,0.0,2.4,1.11582,1.99952,1.0,1.4,0.8615600000000001,1.66492,7.208333333333333,7.104166666666667,1,1,19.0,15.0,0.6071428571428571,1.2142857142857142,17.0,34.0,0.20093023255813952,1.4734883720930234,0.8706976744186047,1.0716279069767443,1.0,0.0,0.0,3.0,0.0,3.0,1.3046,1.1389,1.0,A
9106797d-60e8-4031-af2b-828f87c2a19d,4c5ce94d-fa89-4cdc-bbc4-b313884315d4,2024,30,30,2025-04-01T18:45:00+00:00,ead1bc2e-8799-410a-a809-66a274bbab2c,b552a1a6-4302-43ca-884c-0f91ac4f984b,Arsenal FC,Fulham FC,29,29,0,0,0.0,0.0,8.0,1.6,0.8,0.4,1.3932,0.67314,9.0,1.8,1.4,1.2,1.1253600000000001,1.21504,19.0,1.9,1.5,0.7,1.5096399999999999,0.83718,16.0,1.6,1.5,1.3,1.56549,1.0562,2.0,1.0,1.49998,0.8078199999999999,1.8,1.4,1.79114,1.14292,16.21875,16.21875,0,0,2.0,8.0,2.0,1.5517241379310345,58.0,45.0,1.0046349942062573,0.46882966396292003,1.0046349942062573,0.870683661645423,1.0,0.0,1.0,2.0,2.0,1.0,2.3019,1.4421,1.0,H
5e5fc67c-6c39-4d44-8642-ecb61daab672,d95bb77c-648b-4bf9-8142-21b78dc70d87,2024,30,30,2025-04-01T18:45:00+00:00,fbffa344-2426-4b4b-9886-b8cd56ec69a1,21ec0474-e758-4563-97a9-912aab00b4f5,Wolverhampton Wanderers FC,West Ham United FC,29,29,0,0,0.0,0.0,7.0,1.4,1.2,1.2,1.08732,1.31626,7.0,1.4,0.8,0.6,0.94894,1.2892,10.0,1.0,0.9,1.6,1.2399,1.60659,11.0,1.1,1.0,1.4,1.03017,1.51859,0.8,1.4,1.23244,1.40088,1.0,1.6,1.18828,1.36802,17.15625,17.15625,0,0,17.0,16.0,0.896551724137931,1.1724137931034482,26.0,34.0,0.6027713625866051,1.071593533487298,0.6697459584295612,0.9376443418013857,1.0,0.0,0.0,3.0,1.0,0.0,1.1036,1.7306,1.0,H
820cdd0c-cec5-4034-be5e-c43c017f5a46,9b1c2ac9-1e6f-449d-a090-b48521d9d096,2024,30,30,2025-04-01T19:00:00+00:00,5421e81a-b7dd-48b1-9982-42644e8dcf9f,48fc005c-cbfc-4e4d-b7f1-459dce6cf940,Nottingham Forest FC,Manchester United FC,29,29,0,0,0.0,0.0,7.0,1.4,1.8,1.6,1.00692,1.6456400000000002,8.0,1.6,1.8,1.2,1.18484,1.6510200000000002,17.0,1.7,2.3,1.6,1.55642,1.76966,15.0,1.5,1.6,1.4,1.37347,1.76628,2.4,0.6,1.59424,1.35546,1.6,1.0,1.01756,1.76054,17.166666666666668,16.0,0,0,3.0,13.0,1.8620689655172413,1.2758620689655173,54.0,37.0,1.5439446366782006,1.0740484429065744,1.0740484429065744,0.9397923875432526,1.0,1.0,0.0,5.0,1.0,0.0,0.5121,1.8669,1.0,H
76013358-b280-4a51-95c5-27aacd9d30e5,b3f21926-9dc3-4128-962c-de0c7ea5867d,2024,30,30,2025-04-02T18:45:00+00:00,f5c6f090-f823-4206-a821-17c11d35de43,74bd08fa-27db-4bb0-8490-f57f6ed6b8e9,Southampton FC,Crystal Palace FC,29,28,0,0,0.0,0.0,0.0,0.0,0.6,3.2,0.75344,3.1440799999999998,12.0,2.4,2.0,0.6,2.67576,1.01142,3.0,0.3,0.9,3.1,0.8644400000000001,3.1773499999999997,22.0,2.2,1.8,0.7,2.2831699999999997,1.2031500000000002,0.6,3.4,0.69716,3.276,1.6,0.0,1.65974,1.05268,18.15625,25.15625,0,0,20.0,12.0,0.3103448275862069,1.3928571428571428,9.0,39.0,0.6055299539170508,2.085714285714286,1.2110599078341016,0.47096774193548385,1.0,0.0,0.0,3.0,1.0,1.0,0.6873,0.9378,1.0,D
7ca3d73b-c6fa-48a9-9666-13c7c1663173,fdc240d7-c817-4022-a223-cf43854c0511,2024,30,30,2025-04-02T18:45:00+00:00,db14882b-951f-4db5-860b-4ca2b8583311,f8f456e7-3e20-4803-ba4e-b1762a31812c,Brighton & Hove Albion FC,Aston Villa FC,29,29,0,0,0.0,0.0,13.0,2.6,2.6,0.8,2.76476,1.04804,8.0,1.6,1.4,1.6,1.7157600000000002,1.84256,20.0,2.0,1.9,1.4,2.02241,1.35765,16.0,1.6,1.3,1.4,1.50663,1.6584600000000003,1.6,0.8,1.8002600000000002,1.1484,1.0,1.6,1.03952,1.90806,18.15625,25.052083333333332,0,0,7.0,9.0,1.6206896551724137,1.5517241379310345,47.0,45.0,1.2797701149425287,0.9429885057471263,0.875632183908046,0.9429885057471263,1.0,0.0,1.0,4.0,0.0,3.0,0.558,1.2072,1.0,A
3783302e-ffe8-4ef3-89ce-3b9f592c6e62,d9dc241e-7744-400e-86ce-afc873247387,2024,30,30,2025-04-02T18:45:00+00:00,33d2f100-682f-4a5e-9aa3-5cc57e1e8571,618e770e-c6ac-4c3f-9994-bd2160f675bc,Manchester City FC,Leicester City FC,29,29,0,0,0.0,0.0,7.0,1.4,1.4,1.0,1.5673,0.97226,0.0,0.0,0.0,2.4,0.53276,1.6792799999999999,17.0,1.7,2.3,1.4,1.8647200000000002,1.26111,3.0,0.3,0.3,2.3,0.8107,1.97623,2.6,1.2,1.78818,1.22136,0.6,2.0,0.61308,2.04116,18.15625,16.989583333333332,0,0,5.0,19.0,1.6551724137931034,0.5862068965517241,48.0,17.0,1.5491408934707904,0.9429553264604811,0.2020618556701031,1.5491408934707904,1.0,1.0,0.0,2.0,2.0,0.0,2.0717,0.1047,1.0,H
2104ccf4-363a-47a7-8e48-84971aad207a,9c1094e1-b08b-4201-bb35-568432f5ea3e,2024,30,30,2025-04-02T18:45:00+00:00,c4045d6d-a715-4821-a800-cd9b505ad54b,66a313d1-2e21-49ad-a1c7-6f04cae6be69,Newcastle United FC,Brentford FC,28,29,0,0,0.0,0.0,6.0,1.2,1.2,2.2,1.38632,1.66782,10.0,2.0,1.6,0.6,1.51614,1.2349,18.0,1.8,1.7,1.7,1.7657900000000002,1.53447,17.0,1.7,1.7,1.0,2.03057,1.5417,2.4,1.8,2.09712,1.67926,2.8,0.4,2.6144000000000003,0.9819799999999999,22.947916666666668,18.052083333333332,0,0,7.0,11.0,1.6785714285714286,1.4137931034482758,47.0,41.0,1.1462857142857141,1.1462857142857141,1.1462857142857141,0.6742857142857143,1.0,0.0,0.0,6.0,2.0,1.0,2.2658,1.532,1.0,H
a383b031-39f6-4bf6-bee3-76c3a77a5faa,f21bf5e0-8679-48cd-af45-f1662bc6b21d,2024,30,30,2025-04-02T18:45:00+00:00,6601a105-9986-4276-89bf-143cdf03198a,67d3236c-6589-4978-b178-f6dcf50166d4,AFC Bournemouth,Ipswich Town FC,29,29,0,0,0.0,0.0,4.0,0.8,1.4,1.6,1.73422,1.72172,1.0,0.2,1.2,2.6,0.9370799999999999,2.06676,14.0,1.4,1.9,1.3,1.9617900000000001,1.62636,2.0,0.2,1.0,2.9,0.9945700000000001,2.0598,1.4,1.0,1.9506800000000002,1.5967,1.2,2.2,1.05176,2.4524,18.052083333333332,18.15625,0,0,10.0,18.0,1.5172413793103448,0.5862068965517241,44.0,17.0,1.2810933940774487,0.8765375854214124,0.6742596810933941,1.9553530751708428,1.0,1.0,0.0,3.0,1.0,2.0,1.9964,1.4126,1.0,A
14dd798b-cb90-4a9d-bfd0-18475140416a,74c1526f-e024-4405-9123-9f56531e077f,2024,30,30,2025-04-02T19:00:00+00:00,54ed0f97-ad19-421c-a5c2-9b9d3fcbc72d,60cb8be0-9c1e-4019-8b60-fd9ac2aa9f2d,Liverpool FC,Everton FC,29,29,0,0,0.0,0.0,13.0,2.6,2.2,0.8,2.22156,0.72578,7.0,1.4,1.4,1.2,1.42518,1.1241400000000001,24.0,2.4,2.2,0.8,2.38123,0.8726200000000001,17.0,1.7,1.7,1.1,1.58121,1.02831,2.6,1.0,2.6576,0.90062,1.0,0.8,1.05288,1.54426,25.166666666666668,18.166666666666668,0,0,1.0,15.0,2.413793103448276,1.1724137931034482,70.0,34.0,1.4833144154370035,0.5393870601589104,1.1461975028376845,0.7416572077185017,1.0,0.0,1.0,4.0,1.0,0.0,1.2972,0.8231,1.0,H
d7368835-e733-46e0-bfa5-be59ff5a38c5,08bb906a-05dc-4ca8-af3e-45be67d36728,2024,30,30,2025-04-03T19:00:00+00:00,1cb320b2-b42f-4131-8f5f-ef42e7f82540,c23d6b7a-dfaf-44a3-b016-1feb2dddec44,Chelsea FC,Tottenham Hotspur FC,29,29,0,0,0.0,0.0,6.0,1.2,1.2,1.2,1.5721399999999999,1.28244,7.0,1.4,1.4,1.2,1.5204,1.64638,14.0,1.4,1.5,1.4,1.7952100000000002,1.3323500000000001,10.0,1.0,1.4,1.5,1.29598,1.8546900000000002,2.4,0.8,2.36566,0.8712199999999999,1.8,1.6,1.21516,1.73486,18.229166666666668,18.229166666666668,0,0,6.0,14.0,1.6896551724137931,1.1724137931034482,49.0,34.0,1.0136054421768708,0.946031746031746,0.946031746031746,1.0136054421768708,1.0,1.0,0.0,7.0,1.0,0.0,1.3044,1.4027,1.0,H
f0731fef-8539-4eb7-98a5-56a94ab7489d,aa38741b-e681-49b5-8293-b3d8d42fa330,2024,31,31,2025-04-05T11:30:00+00:00,60cb8be0-9c1e-4019-8b60-fd9ac2aa9f2d,ead1bc2e-8799-410a-a809-66a274bbab2c,Everton FC,Arsenal FC,30,30,0,0,0.0,0.0,4.0,0.8,1.0,1.2,1.38666,0.92228,8.0,1.6,0.8,0.6,1.50358,0.9149200000000001,17.0,1.7,1.7,1.1,1.54039,1.02951,21.0,2.1,1.6,0.7,1.55869,0.80488,2.4,1.4,1.97548,0.77902,1.0,0.4,1.5192999999999999,0.86654,2.6875,3.6979166666666665,1,1,15.0,2.0,1.1333333333333333,2.033333333333333,34.0,61.0,1.1513023782559455,0.744960362400906,1.0835787089467723,0.4740656851642129,1.0,0.0,1.0,0.0,1.0,1.0,1.2288,1.4031,1.0,D
d547d94d-f4c2-46e5-bdac-8ed2258b5274,06113552-3674-4330-97ae-639cf1eaead8,2024,31,31,2025-04-05T14:00:00+00:00,21ec0474-e758-4563-97a9-912aab00b4f5,6601a105-9986-4276-89bf-143cdf03198a,West Ham United FC,AFC Bournemouth,30,30,0,0,0.0,0.0,7.0,1.4,0.8,0.6,1.16036,1.11692,1.0,0.2,1.0,1.8,1.71606,1.8093599999999999,11.0,1.1,0.9,1.1,1.0499399999999999,1.43096,11.0,1.1,1.9,1.5,1.8995799999999998,1.7115200000000002,1.0,1.2,0.87206,1.6691600000000002,2.4,1.6,1.9728999999999999,1.6560200000000003,3.8020833333333335,2.8020833333333335,1,1,16.0,10.0,1.1333333333333333,1.4666666666666666,34.0,44.0,0.6101694915254237,0.7457627118644068,1.2881355932203389,1.0169491525423728,1.0,0.0,1.0,2.0,2.0,2.0,0.9078,1.9487,1.0,D
81291f2d-e9bf-4700-bcc2-1a3f23068783,32c64ea4-67fb-4387-9a4b-3891c6c607a9,2024,31,31,2025-04-05T14:00:00+00:00,74bd08fa-27db-4bb0-8490-f57f6ed6b8e9,db14882b-951f-4db5-860b-4ca2b8583311,Crystal Palace FC,Brighton & Hove Albion FC,29,30,0,0,0.0,0.0,10.0,2.0,1.8,0.8,2.37406,0.8474600000000001,10.0,2.0,2.0,1.4,2.46258,1.15952,20.0,2.0,1.7,0.7,2.07153,1.15003,19.0,1.9,1.8,1.6,1.9017,1.29723,1.6,1.2,2.39578,1.3503,2.2,2.0,2.24456,1.5669,2.8020833333333335,2.8020833333333335,1,1,12.0,8.0,1.3793103448275863,1.5666666666666667,40.0,47.0,1.1511811023622047,0.47401574803149604,1.2188976377952756,1.0834645669291338,1.0,1.0,0.0,4.0,2.0,1.0,0.444,1.2723,1.0,H
f7bc7445-9af3-4dc8-b182-622e40c9d7cf,41a67ca3-c7f4-4087-82cb-a743931650d6,2024,31,31,2025-04-05T14:00:00+00:00,67d3236c-6589-4978-b178-f6dcf50166d4,fbffa344-2426-4b4b-9886-b8cd56ec69a1,Ipswich Town FC,Wolverhampton Wanderers FC,30,30,0,0,0.0,0.0,3.0,0.6,1.4,2.6,1.1530200000000002,1.8863599999999998,10.0,2.0,1.2,0.8,1.09738,1.2888600000000001,4.0,0.4,1.0,2.8,0.99149,1.9939699999999998,13.0,1.3,1.0,1.3,1.1598,1.5224199999999999,0.8,3.6,0.9373799999999999,1.6672,1.0,1.8,1.24736,1.8123,2.8020833333333335,3.8020833333333335,1,1,18.0,17.0,0.6666666666666666,0.9666666666666667,20.0,29.0,0.6771300448430493,1.895964125560538,0.6771300448430493,0.8802690582959641,1.0,1.0,0.0,3.0,1.0,2.0,0.8724,2.8096,1.0,A
767effa8-2e7a-4cbc-9940-c61f1d35b981,a05a0b80-029a-4926-b748-7bbe17714fef,2024,31,31,2025-04-05T16:30:00+00:00,f8f456e7-3e20-4803-ba4e-b1762a31812c,5421e81a-b7dd-48b1-9982-42644e8dcf9f,Aston Villa FC,Nottingham Forest FC,30,30,0,0,0.0,0.0,10.0,2.0,1.8,1.4,1.37752,1.8875800000000003,10.0,2.0,1.8,1.2,1.04308,1.57704,16.0,1.6,1.4,1.3,1.3927900000000002,1.63271,17.0,1.7,2.1,1.6,1.3504,1.76589,1.6,1.2,1.97374,1.40886,2.2,2.6,1.5186,2.18386,2.90625,3.8958333333333335,1,1,7.0,3.0,1.6,1.9,48.0,57.0,0.9479329608938547,0.8802234636871509,1.4218994413407822,1.0833519553072626,1.0,0.0,0.0,3.0,2.0,1.0,2.6335,0.9677,1.0,H
fec0fb22-ba00-4dc0-8186-47699b63b2da,cf726979-6ebd-4aa7-80dc-dbc2868697af,2024,31,31,2025-04-06T13:00:00+00:00,c23d6b7a-dfaf-44a3-b016-1feb2dddec44,f5c6f090-f823-4206-a821-17c11d35de43,Tottenham Hotspur FC,Southampton FC,30,30,0,0,0.0,0.0,4.0,0.8,1.2,1.4,1.40672,1.62196,1.0,0.2,0.6,2.8,0.6960200000000001,2.9142,10.0,1.0,1.3,1.4,1.33592,1.7421700000000002,4.0,0.4,1.0,2.7,0.9082100000000001,2.71626,1.0,1.4,1.3768,1.97452,1.2,2.8,1.03172,3.0787,2.75,3.7604166666666665,1,1,16.0,20.0,1.1333333333333333,0.3333333333333333,34.0,10.0,0.8801781737193765,0.9478841870824053,0.6770601336302895,1.8280623608017819,1.0,1.0,0.0,5.0,3.0,1.0,2.648,0.7804,1.0,H
8a1e72e8-823a-453c-8876-8ec1b2c27fc6,c2f76f86-06a5-47ac-b241-75825f0c1240,2024,31,31,2025-04-06T13:00:00+00:00,66a313d1-2e21-49ad-a1c7-6f04cae6be69,1cb320b2-b42f-4131-8f5f-ef42e7f82540,Brentford FC,Chelsea FC,30,30,0,0,0.0,0.0,7.0,1.4,1.6,1.0,1.42954,1.55336,9.0,1.8,1.4,0.6,1.70306,1.1492,14.0,1.4,1.3,1.2,1.6289000000000002,1.74332,16.0,1.6,1.5,1.3,1.7741099999999999,1.34496,0.6,1.6,1.44674,2.10142,0.6,2.0,1.22476,1.79348,3.7604166666666665,2.75,1,1,12.0,4.0,1.3666666666666667,1.7333333333333334,41.0,52.0,0.8791574279379157,0.811529933481153,1.0144124168514412,0.8791574279379157,1.0,0.0,0.0,3.0,0.0,0.0,1.3612,1.4783,1.0,D
12df99bb-d511-43fa-a4eb-0eafdb8a41db,f8c93dae-669a-45e4-969e-c5c59e65c31f,2024,31,31,2025-04-06T13:00:00+00:00,b552a1a6-4302-43ca-884c-0f91ac4f984b,54ed0f97-ad19-421c-a5c2-9b9d3fcbc72d,Fulham FC,Liverpool FC,30,30,0,0,0.0,0.0,6.0,1.2,1.2,1.4,0.9718,1.60916,13.0,2.6,2.0,0.6,2.10748,0.67974,15.0,1.5,1.4,1.3,1.44423,1.14205,26.0,2.6,2.2,0.7,2.2386600000000003,0.90201,1.2,1.2,1.3398400000000001,0.9694800000000001,2.0,0.8,2.1326799999999997,1.07372,4.760416666666667,3.75,1,1,10.0,1.0,1.5,2.433333333333333,45.0,73.0,0.9498891352549887,0.8820399113082039,1.4926829268292683,0.4749445676274944,1.0,0.0,1.0,4.0,3.0,2.0,1.7276,1.4064,1.0,H
4b0186a7-4be0-40b6-aa3f-97389a3c8e75,0698f6f7-d3f5-4490-9f25-ed53b582e683,2024,31,31,2025-04-06T15:30:00+00:00,48fc005c-cbfc-4e4d-b7f1-459dce6cf940,33d2f100-682f-4a5e-9aa3-5cc57e1e8571,Manchester United FC,Manchester City FC,30,30,0,0,0.0,0.0,8.0,1.6,1.8,1.2,1.27292,1.35922,7.0,1.4,1.0,1.0,1.55764,0.96176,14.0,1.4,1.4,1.3,1.39269,1.5312899999999998,17.0,1.7,2.1,1.3,1.8739000000000001,1.11829,1.6,1.8,1.7293800000000001,1.77202,2.0,1.6,1.9412600000000002,1.30086,4.854166666666667,3.8645833333333335,1,1,14.0,5.0,1.2333333333333334,1.7,37.0,51.0,0.9477398015435501,0.8800441014332966,1.4216097023153254,0.8800441014332966,1.0,1.0,0.0,3.0,0.0,0.0,1.2332,0.6879,1.0,D
1c6ab6e3-5faa-40ce-b315-053240cfcecb,10a7f8a6-e168-4302-be16-00dfc3bc5fe3,2024,31,31,2025-04-07T19:00:00+00:00,618e770e-c6ac-4c3f-9994-bd2160f675bc,c4045d6d-a715-4821-a800-cd9b505ad54b,Leicester City FC,Newcastle United FC,30,29,0,0,0.0,0.0,0.0,0.0,0.0,2.4,0.50706,1.74362,9.0,1.8,1.4,2.0,1.5940400000000001,1.65246,3.0,0.3,0.2,2.3,0.73962,1.94884,18.0,1.8,1.7,1.8,1.76813,1.5876000000000001,0.0,2.6,1.0083199999999999,1.9113,1.2,1.6,1.55172,1.2346400000000002,5.010416666666667,5.010416666666667,1,1,19.0,7.0,0.5666666666666667,1.7241379310344827,17.0,50.0,0.135832414553473,1.5620727673649393,1.1545755237045203,1.2224917309812569,1.0,0.0,0.0,4.0,0.0,3.0,0.3546,3.4411,1.0,A
f45a13e3-c20d-4c79-8dd7-c92b993d52f5,8e494197-fb8e-48a4-a308-d0b378629f40,2024,32,32,2025-04-12T11:30:00+00:00,33d2f100-682f-4a5e-9aa3-5cc57e1e8571,74bd08fa-27db-4bb0-8490-f57f6ed6b8e9,Manchester City FC,Crystal Palace FC,31,30,0,0,0.0,0.0,8.0,1.6,1.0,0.6,1.5787200000000001,1.04698,13.0,2.6,2.0,0.6,2.00156,0.89878,17.0,1.7,1.9,1.1,1.6773700000000002,1.00252,22.0,2.2,1.8,0.7,1.98827,1.12572,2.2,1.0,1.80654,0.9357200000000001,1.8,0.2,1.74728,0.94976,5.833333333333333,6.895833333333333,2,2,6.0,11.0,1.6774193548387097,1.4333333333333333,52.0,43.0,1.2903296703296703,0.7470329670329672,1.2224175824175825,0.47538461538461535,1.0,0.0,1.0,4.0,5.0,2.0,4.5972,1.3381,1.0,H
6972a4cf-016e-43b3-8ae9-d7a4601846b4,3ebf608d-fe1f-4490-89cf-4a372a7cbf8e,2024,32,32,2025-04-12T14:00:00+00:00,f5c6f090-f823-4206-a821-17c11d35de43,f8f456e7-3e20-4803-ba4e-b1762a31812c,Southampton FC,Aston Villa FC,31,31,0,0,0.0,0.0,1.0,0.2,0.8,2.6,0.82128,2.41976,12.0,2.4,1.8,1.2,1.69968,1.67256,4.0,0.4,1.0,2.7,0.84954,2.67021,16.0,1.6,1.5,1.4,1.5276200000000002,1.6063500000000002,0.8,2.6,0.7847000000000001,2.35382,1.4,1.6,1.02392,1.7734,6.041666666666667,6.895833333333333,2,2,20.0,7.0,0.3225806451612903,1.6451612903225807,10.0,51.0,0.6761177753544166,1.825517993456925,1.014176663031625,0.9465648854961831,1.0,0.0,0.0,1.0,0.0,3.0,0.4123,2.9993,1.0,A
aebfa12c-493f-4136-9bbb-f0ee0e3aab0f,00d40dd1-d27b-4bae-b7af-820aa03c5f3c,2024,32,32,2025-04-12T14:00:00+00:00,db14882b-951f-4db5-860b-4ca2b8583311,618e770e-c6ac-4c3f-9994-bd2160f675bc,Brighton & Hove Albion FC,Leicester City FC,31,31,0,0,0.0,0.0,7.0,1.4,1.4,1.8,1.693,1.2175,0.0,0.0,0.0,2.2,0.4324,2.0248999999999997,16.0,1.6,1.7,1.8,1.92259,1.31482,3.0,0.3,0.2,2.4,0.56518,2.06648,1.4,1.2,1.55884,1.02756,0.4,2.0,0.47092,1.9863799999999998,7.0,4.791666666666667,2,2,9.0,19.0,1.5161290322580645,0.5483870967741935,47.0,17.0,1.1493478260869565,1.2169565217391305,0.13521739130434782,1.6226086956521737,1.0,0.0,1.0,4.0,2.0,2.0,3.6978,1.9844,1.0,D
2bb3389c-719e-4d1f-8334-7871ba125d1a,2e39a1a9-59d4-47e5-87ed-bf20509bbc27,2024,32,32,2025-04-12T14:00:00+00:00,5421e81a-b7dd-48b1-9982-42644e8dcf9f,60cb8be0-9c1e-4019-8b60-fd9ac2aa9f2d,Nottingham Forest FC,Everton FC,31,31,0,0,0.0,0.0,10.0,2.0,1.4,0.8,0.75942,1.41202,4.0,0.8,0.8,1.0,1.2115399999999998,1.07376,16.0,1.6,2.1,1.7,1.39425,1.7569500000000002,15.0,1.5,1.5,1.0,1.4071799999999999,1.0341,2.4,0.4,1.5908200000000001,1.18426,1.0,0.8,1.1053000000000002,1.28,6.895833333333333,7.104166666666667,2,2,3.0,15.0,1.8387096774193548,1.1290322580645162,57.0,35.0,1.4181818181818182,1.148051948051948,1.0129870129870129,0.6753246753246753,1.0,1.0,0.0,2.0,0.0,1.0,0.4239,1.2604,1.0,A
226d78e6-4a24-47aa-9da5-7e5b73617431,d93a9675-d881-4d04-a6c7-4970ac2f4ccc,2024,32,32,2025-04-12T16:30:00+00:00,ead1bc2e-8799-410a-a809-66a274bbab2c,66a313d1-2e21-49ad-a1c7-6f04cae6be69,Arsenal FC,Brentford FC,31,31,0,0,0.0,0.0,9.0,1.8,1.0,0.6,1.50968,0.9553200000000001,5.0,1.0,0.8,1.0,1.29484,1.7034399999999998,19.0,1.9,1.5,0.7,1.4735,0.8500499999999999,14.0,1.4,1.1,1.0,1.52593,1.6258299999999999,2.0,1.0,1.50936,0.9408199999999999,2.0,0.8,1.8110600000000001,1.38522,7.208333333333333,6.145833333333333,2,2,2.0,12.0,2.0,1.3548387096774193,62.0,42.0,1.0151351351351352,0.4737297297297297,0.7444324324324325,0.6767567567567567,1.0,1.0,0.0,4.0,1.0,1.0,0.7674,0.5886,1.0,D
e1c6157c-1001-4104-98da-0282a4245298,c0d86a93-4f94-4047-a418-8c50fdb4ad18,2024,32,32,2025-04-13T13:00:00+00:00,54ed0f97-ad19-421c-a5c2-9b9d3fcbc72d,21ec0474-e758-4563-97a9-912aab00b4f5,Liverpool FC,West Ham United FC,31,31,0,0,0.0,0.0,12.0,2.4,2.0,0.8,1.9802,0.82072,5.0,1.0,1.0,1.0,1.13656,1.23214,23.0,2.3,2.2,1.0,1.9630500000000002,0.95475,9.0,0.9,0.8,1.1,1.0469899999999999,1.34225,2.4,0.6,2.34464,0.7303,0.8,1.0,1.22782,1.19276,7.0,7.958333333333333,2,2,1.0,16.0,2.3548387096774195,1.1290322580645162,73.0,35.0,1.4903991370010787,0.6774541531823085,0.5419633225458468,0.7451995685005394,1.0,1.0,0.0,5.0,2.0,1.0,1.429,1.466,1.0,H
d32480f3-9f42-4f79-8fb2-fac5fe0216e8,ad81e34c-e8f6-49f4-8cde-65b5d997226d,2024,32,32,2025-04-13T13:00:00+00:00,fbffa344-2426-4b4b-9886-b8cd56ec69a1,c23d6b7a-dfaf-44a3-b016-1feb2dddec44,Wolverhampton Wanderers FC,Tottenham Hotspur FC,31,31,0,0,0.0,0.0,10.0,2.0,1.4,1.0,1.2390599999999998,1.3374000000000001,4.0,0.8,1.0,1.4,1.61884,1.54726,16.0,1.6,1.2,1.1,1.2933299999999999,1.39633,13.0,1.3,1.5,1.3,1.52301,1.59471,1.0,0.8,1.07224,1.23254,1.6,1.4,1.34028,1.54474,7.958333333333333,7.0,2,2,17.0,15.0,1.032258064516129,1.1935483870967742,32.0,37.0,0.8129032258064516,0.7451612903225807,1.0161290322580645,0.8806451612903226,1.0,0.0,1.0,4.0,4.0,2.0,2.2298,1.6289,1.0,H
24e7e798-f5d8-4e19-81a7-9781cc51471d,09758f18-db18-4095-90d4-c845b37eecaa,2024,32,32,2025-04-13T13:00:00+00:00,1cb320b2-b42f-4131-8f5f-ef42e7f82540,67d3236c-6589-4978-b178-f6dcf50166d4,Chelsea FC,Ipswich Town FC,31,31,0,0,0.0,0.0,10.0,2.0,1.2,0.2,1.56388,0.88262,3.0,0.6,1.4,2.2,1.09672,2.1308,16.0,1.6,1.3,1.1,1.6681300000000001,1.36623,4.0,0.4,1.1,2.8,1.05192,2.16859,2.2,0.4,2.11892,0.9220599999999999,1.2,2.0,1.0455999999999999,2.32074,7.0,7.958333333333333,2,2,6.0,18.0,1.7096774193548387,0.6451612903225806,53.0,20.0,0.8777777777777779,0.7427350427350429,0.7427350427350429,1.8905982905982905,1.0,0.0,0.0,2.0,2.0,2.0,2.9076,1.603,1.0,D
8d8aae93-88af-47ac-8147-98d4e01e6199,c69d3d85-35e8-4d8e-bcd4-90f85a5b2df1,2024,32,32,2025-04-13T15:30:00+00:00,c4045d6d-a715-4821-a800-cd9b505ad54b,48fc005c-cbfc-4e4d-b7f1-459dce6cf940,Newcastle United FC,Manchester United FC,30,31,0,0,0.0,0.0,12.0,2.4,2.0,1.2,2.25082,1.29938,8.0,1.6,1.4,0.8,1.39042,1.07592,18.0,1.8,1.8,1.7,1.8692800000000003,1.52273,12.0,1.2,1.1,1.2,1.20516,1.4633699999999998,2.2,2.0,1.9845400000000002,1.94056,1.2,0.8,1.056,1.29056,5.854166666666667,7.0,2,2,7.0,13.0,1.7666666666666666,1.2258064516129032,53.0,38.0,1.2140425531914893,1.146595744680851,0.7419148936170212,0.8093617021276595,1.0,1.0,0.0,2.0,4.0,1.0,2.6383,0.7866,1.0,H
91f94507-ed58-42c3-acad-4a1ee653cfcd,7f67733e-d0e7-45b0-beec-9cb500fea4c0,2024,32,32,2025-04-14T19:00:00+00:00,6601a105-9986-4276-89bf-143cdf03198a,b552a1a6-4302-43ca-884c-0f91ac4f984b,AFC Bournemouth,Fulham FC,31,31,0,0,0.0,0.0,2.0,0.4,1.4,2.0,1.97986,1.5706799999999999,9.0,1.8,1.8,1.4,1.2704600000000001,1.59804,11.0,1.1,1.9,1.5,1.9796,1.54849,18.0,1.8,1.5,1.2,1.33341,1.18896,1.4,1.4,1.82626,1.76702,1.6,1.2,1.5124,1.41584,9.208333333333334,8.25,2,2,10.0,8.0,1.4516129032258065,1.5483870967741935,45.0,48.0,1.2787301587301587,1.0095238095238095,1.0095238095238095,0.8076190476190476,1.0,0.0,1.0,4.0,1.0,0.0,1.8577,1.072,1.0,H
159c916c-0bf1-4f77-8ce7-982905126cb4,44769d98-f9a0-4322-971e-3a5ba1706206,2024,29,29,2025-04-16T18:30:00+00:00,c4045d6d-a715-4821-a800-cd9b505ad54b,74bd08fa-27db-4bb0-8490-f57f6ed6b8e9,Newcastle United FC,Crystal Palace FC,31,31,0,0,0.0,0.0,12.0,2.4,2.0,0.8,2.08676,0.9795,10.0,2.0,2.0,1.6,1.9767800000000002,1.77136,18.0,1.8,1.9,1.8,1.91978,1.45396,19.0,1.9,1.8,1.2,1.89561,1.37554,2.4,2.2,2.08554,1.80302,1.8,1.2,1.56196,1.4494,3.125,4.291666666666667,3,3,4.0,12.0,1.8064516129032258,1.3870967741935485,56.0,43.0,1.2813953488372092,1.213953488372093,1.213953488372093,0.8093023255813953,1.0,0.0,1.0,2.0,5.0,0.0,2.3295,2.3755,1.0,H
59fa7c1b-547d-43fb-bd43-689302fa88ca,19d75a27-ac71-4807-907b-e0156fb1cfb6,2024,33,33,2025-04-19T14:00:00+00:00,74bd08fa-27db-4bb0-8490-f57f6ed6b8e9,6601a105-9986-4276-89bf-143cdf03198a,Crystal Palace FC,AFC Bournemouth,32,32,0,0,0.0,0.0,7.0,1.4,1.2,2.4,1.6468399999999999,2.10382,5.0,1.0,1.4,1.6,2.0110599999999996,1.26922,16.0,1.6,1.6,1.7,1.9706,1.58638,11.0,1.1,1.6,1.4,1.8952000000000002,1.5719100000000001,1.8,1.2,2.22926,1.30168,2.4,1.6,2.13294,1.32996,2.8125,4.791666666666667,3,2,12.0,8.0,1.34375,1.5,43.0,48.0,1.0767613038906416,1.1440588853838065,1.0767613038906416,0.9421661409043113,1.0,0.0,1.0,0.0,0.0,0.0,0.3378,0.6641,1.0,D
f984ab6e-3aab-415b-93a7-e01c2336fb8c,9ba40b98-1485-44c7-b34d-14b4fc1d8e69,2024,33,33,2025-04-19T14:00:00+00:00,60cb8be0-9c1e-4019-8b60-fd9ac2aa9f2d,33d2f100-682f-4a5e-9aa3-5cc57e1e8571,Everton FC,Manchester City FC,32,32,0,0,0.0,0.0,6.0,1.2,0.8,0.8,1.1737,0.8905200000000001,8.0,1.6,1.8,1.0,2.02088,1.0577400000000001,15.0,1.5,1.5,1.0,1.44613,1.01211,17.0,1.7,1.8,1.3,1.8168600000000001,1.05677,2.0,1.2,1.7090599999999998,0.7882,1.6,1.2,1.5482,1.06932,7.0,7.104166666666667,1,2,13.0,5.0,1.1875,1.71875,38.0,55.0,1.0126182965299684,0.6750788643533123,1.2151419558359622,0.877602523659306,1.0,0.0,1.0,2.0,0.0,2.0,0.8168,1.8799,1.0,A
cfe2dad5-1973-4412-91da-c1292fe37e4b,6cc30b79-0082-4ab0-ad69-f26197be2e5c,2024,33,33,2025-04-19T14:00:00+00:00,21ec0474-e758-4563-97a9-912aab00b4f5,f5c6f090-f823-4206-a821-17c11d35de43,West Ham United FC,Southampton FC,32,32,0,0,0.0,0.0,2.0,0.4,0.8,1.4,1.08888,1.46002,1.0,0.2,0.8,2.4,0.7347400000000001,2.42316,9.0,0.9,0.9,1.1,1.17148,1.3225900000000002,4.0,0.4,0.8,2.7,0.76485,2.73372,0.8,1.2,0.86616,1.49174,1.2,2.8,0.9143800000000001,2.9866,6.041666666666667,7.0,2,2,17.0,20.0,1.09375,0.3125,35.0,10.0,0.6081846799580273,0.7433368310598112,0.5406086044071353,1.8245540398740818,1.0,1.0,0.0,1.0,1.0,1.0,0.9842,0.9229,1.0,D
7bf3d10e-34a7-405d-9286-ed3a68b55ff7,cf4e7e99-f88a-4589-b770-877095ad9703,2024,33,33,2025-04-19T14:00:00+00:00,66a313d1-2e21-49ad-a1c7-6f04cae6be69,db14882b-951f-4db5-860b-4ca2b8583311,Brentford FC,Brighton & Hove Albion FC,32,32,0,0,0.0,0.0,5.0,1.0,0.8,1.0,1.14454,1.567,5.0,1.0,1.4,2.0,1.9167,1.27404,15.0,1.5,1.2,0.9,1.4647700000000001,1.28632,14.0,1.4,1.6,1.9,2.0751999999999997,1.38144,0.2,1.2,1.2408,1.86644,2.0,2.4,2.28634,1.6020800000000002,6.895833333333333,7.0,2,2,12.0,10.0,1.34375,1.5,43.0,48.0,0.8117277486910994,0.6087958115183246,1.0823036649214661,1.2852356020942408,1.0,0.0,1.0,0.0,4.0,2.0,2.9552,1.2411,1.0,H
6fc681aa-d7a5-423e-94f2-ce0d6dc96298,eab0bdf6-4c4b-4930-8338-0d966f786335,2024,33,33,2025-04-19T16:30:00+00:00,f8f456e7-3e20-4803-ba4e-b1762a31812c,c4045d6d-a715-4821-a800-cd9b505ad54b,Aston Villa FC,Newcastle United FC,32,32,0,0,0.0,0.0,12.0,2.4,2.0,1.0,1.7607199999999998,1.3201800000000001,15.0,3.0,3.0,0.4,2.4609,1.17454,18.0,1.8,1.6,1.2,1.7069500000000002,1.48312,21.0,2.1,2.3,1.4,2.06895,1.42134,1.6,1.2,2.03132,1.4393,1.4,1.4,1.75402,1.1049,7.104166666666667,2.9166666666666665,2,3,7.0,3.0,1.6875,1.84375,54.0,59.0,1.0788761706555672,0.8091571279916753,1.5508844953173775,0.9440166493236212,1.0,0.0,0.0,3.0,4.0,1.0,3.0537,1.2718,1.0,H
3fc74387-1956-4eae-8d56-3971a0e8ee0e,b68e2928-e070-4999-9a67-0b79d98a7f41,2024,33,33,2025-04-20T13:00:00+00:00,b552a1a6-4302-43ca-884c-0f91ac4f984b,1cb320b2-b42f-4131-8f5f-ef42e7f82540,Fulham FC,Chelsea FC,32,32,0,0,0.0,0.0,6.0,1.2,1.4,1.4,1.19792,1.7837800000000001,8.0,1.6,0.8,0.6,1.54894,1.03422,15.0,1.5,1.3,1.3,1.2037900000000001,1.30704,14.0,1.4,1.2,1.2,1.6440100000000002,1.4198,1.4,1.2,1.15442,0.96208,0.4,1.8,1.2173399999999999,1.8104,5.75,7.0,2,2,9.0,7.0,1.5,1.6875,48.0,54.0,0.8747412008281574,0.8747412008281574,0.8074534161490683,0.8074534161490683,1.0,1.0,0.0,3.0,1.0,2.0,0.3061,0.7517,1.0,A
2682d8ea-f105-4814-9414-0c0b5578294b,d556b79e-e194-4fb1-9b7a-4851ce85c242,2024,33,33,2025-04-20T13:00:00+00:00,48fc005c-cbfc-4e4d-b7f1-459dce6cf940,fbffa344-2426-4b4b-9886-b8cd56ec69a1,Manchester United FC,Wolverhampton Wanderers FC,32,32,0,0,0.0,0.0,5.0,1.0,1.0,1.2,1.2673400000000001,1.39458,13.0,2.6,2.0,1.0,1.49922,1.37624,12.0,1.2,1.1,1.3,1.152,1.51003,19.0,1.9,1.5,1.0,1.40958,1.24434,1.0,1.6,1.35432,1.63618,1.4,1.4,1.5144199999999999,1.56012,6.895833333333333,7.0,2,1,14.0,17.0,1.1875,1.09375,38.0,35.0,0.7401444788441693,0.8747162022703819,1.0092879256965945,0.672858617131063,1.0,0.0,0.0,2.0,0.0,1.0,1.1397,0.1878,1.0,A
b9e4c809-1e57-4df4-92e2-4d55a6baaeb2,f3c41e88-aab3-448a-ae39-781c7640a685,2024,33,33,2025-04-20T13:00:00+00:00,67d3236c-6589-4978-b178-f6dcf50166d4,ead1bc2e-8799-410a-a809-66a274bbab2c,Ipswich Town FC,Arsenal FC,32,32,0,0,0.0,0.0,4.0,0.8,1.4,2.0,1.20832,2.43192,9.0,1.8,1.2,0.8,1.39962,0.9713199999999999,5.0,0.5,1.3,2.4,1.13266,2.1391199999999997,19.0,1.9,1.4,0.6,1.38578,0.78831,1.0,3.6,1.05824,2.0164400000000002,1.0,0.4,1.43764,0.75928,7.0,7.854166666666667,1,1,18.0,2.0,0.65625,1.96875,21.0,63.0,0.8764948453608248,1.6181443298969072,0.9439175257731958,0.4045360824742268,1.0,0.0,0.0,1.0,0.0,4.0,0.1929,2.8136,1.0,A
d49007c8-fa8c-45e1-adc9-c5e93e12953d,f44aa8c5-3cfd-4ab2-8298-95837f8fac07,2024,33,33,2025-04-20T15:30:00+00:00,618e770e-c6ac-4c3f-9994-bd2160f675bc,54ed0f97-ad19-421c-a5c2-9b9d3fcbc72d,Leicester City FC,Liverpool FC,32,32,0,0,0.0,0.0,1.0,0.2,0.4,2.2,0.7713599999999999,2.4235800000000003,12.0,2.4,2.0,1.0,2.10458,0.99742,4.0,0.4,0.4,2.4,0.6959299999999999,2.19944,23.0,2.3,2.0,1.0,1.88914,1.02088,0.0,2.8,0.65944,2.14658,2.0,1.4,1.58146,1.1792,8.0625,7.104166666666667,2,1,19.0,1.0,0.5625,2.375,18.0,76.0,0.2694045174537988,1.6164271047227925,1.3470225872689938,0.6735112936344969,1.0,0.0,0.0,4.0,0.0,1.0,0.2322,4.5271,1.0,A
90c5bf14-ffa2-4864-8841-0f15a0d5c1c2,4fa58ce2-8c36-4047-b7e2-dba29f58b9e6,2024,33,33,2025-04-21T19:00:00+00:00,c23d6b7a-dfaf-44a3-b016-1feb2dddec44,5421e81a-b7dd-48b1-9982-42644e8dcf9f,Tottenham Hotspur FC,Nottingham Forest FC,32,32,0,0,0.0,0.0,4.0,0.8,1.4,2.0,1.6877600000000001,1.51594,9.0,1.8,1.4,1.0,0.7424799999999999,1.40056,13.0,1.3,1.5,1.4,1.55018,1.5615999999999999,13.0,1.3,1.8,1.6,1.20022,1.7570700000000001,1.4,1.2,1.70574,1.64468,1.8,3.0,1.19768,2.3296400000000004,8.25,9.208333333333334,1,1,16.0,6.0,1.15625,1.78125,37.0,57.0,1.0123076923076924,0.9448205128205128,1.2147692307692308,1.079794871794872,1.0,0.0,0.0,1.0,1.0,2.0,2.4024,0.5577,1.0,A
8afa6c93-4442-432d-aabf-f6f963d6d75d,3d69cd16-c93e-4f05-8f9c-f472213499b3,2024,34,34,2025-04-22T19:00:00+00:00,33d2f100-682f-4a5e-9aa3-5cc57e1e8571,f8f456e7-3e20-4803-ba4e-b1762a31812c,Manchester City FC,Aston Villa FC,33,33,0,0,0.0,0.0,11.0,2.2,2.2,0.8,2.25262,1.1208,15.0,3.0,2.6,0.4,2.23802,0.7695000000000001,17.0,1.7,1.7,1.2,1.7816400000000001,0.9886100000000001,20.0,2.0,1.9,1.2,1.92153,1.44241,2.6,1.2,2.27956,0.90366,1.6,1.2,1.38258,1.5269400000000002,3.2083333333333335,3.1041666666666665,2,2,5.0,7.0,1.7575757575757576,1.7272727272727273,58.0,57.0,1.1472392638036808,0.8098159509202453,1.2822085889570551,0.8098159509202453,1.0,0.0,0.0,3.0,2.0,1.0,1.3623,1.8591,1.0,H
4ccfea86-900f-42d7-930d-815304eefce8,3e67c5bd-f232-4bab-b783-c194cbb6d389,2024,34,34,2025-04-23T19:00:00+00:00,ead1bc2e-8799-410a-a809-66a274bbab2c,74bd08fa-27db-4bb0-8490-f57f6ed6b8e9,Arsenal FC,Crystal Palace FC,33,33,0,0,0.0,0.0,11.0,2.2,1.8,0.6,1.59634,0.74768,5.0,1.0,1.0,2.4,1.08664,1.91008,19.0,1.9,1.7,0.6,1.5784,0.75613,17.0,1.7,1.5,1.5,1.8812000000000002,1.46075,1.8,0.8,1.33392,0.81734,1.4,2.2,1.7119399999999998,1.8710799999999999,3.25,4.208333333333333,2,3,2.0,12.0,2.0,1.3333333333333333,66.0,44.0,1.1471967380224262,0.40489296636085625,1.0122324159021407,1.0122324159021407,1.0,1.0,0.0,6.0,2.0,2.0,1.9215,2.5052,1.0,D
965f8ce9-9988-46ca-a9ae-f0555cee0daf,12fe4360-0183-4f62-8701-2219308fa8dc,2024,34,34,2025-04-26T11:30:00+00:00,1cb320b2-b42f-4131-8f5f-ef42e7f82540,60cb8be0-9c1e-4019-8b60-fd9ac2aa9f2d,Chelsea FC,Everton FC,33,33,0,0,0.0,0.0,8.0,1.6,1.0,0.8,1.3456,1.07374,5.0,1.0,0.6,1.0,1.06362,1.10402,17.0,1.7,1.3,1.0,1.56934,1.2272,12.0,1.2,1.1,1.2,1.21655,1.1553900000000001,2.0,0.6,2.0706800000000003,1.0292,1.0,0.8,1.1832,1.2360200000000001,5.9375,6.895833333333333,2,2,6.0,13.0,1.7272727272727273,1.1515151515151516,57.0,38.0,0.8763451776649747,0.6741116751269035,0.741522842639594,0.8089340101522843,1.0,0.0,1.0,0.0,1.0,0.0,0.7683,0.9168,1.0,H
e6ba2a84-a150-48b0-a281-1b608790547d,e448e077-50e1-4c74-969e-353d248336ab,2024,34,34,2025-04-26T14:00:00+00:00,db14882b-951f-4db5-860b-4ca2b8583311,21ec0474-e758-4563-97a9-912aab00b4f5,Brighton & Hove Albion FC,West Ham United FC,33,33,0,0,0.0,0.0,2.0,0.4,1.4,2.6,1.7760799999999999,1.72344,3.0,0.6,1.0,1.4,1.12092,1.31864,14.0,1.4,1.8,2.2,2.1349299999999998,1.58987,9.0,0.9,0.9,1.1,1.10201,1.32409,1.8,1.4,2.1696400000000002,1.2502600000000001,0.8,1.2,1.1852399999999998,1.29698,7.0,7.0,2,2,10.0,17.0,1.4545454545454546,1.0909090909090908,48.0,36.0,1.2158215010141988,1.4860040567951318,0.6079107505070994,0.7430020283975659,1.0,0.0,1.0,2.0,3.0,2.0,1.2943,1.2413,1.0,H
1b5cb6af-9552-426c-963c-45992e95e90b,0b289bfc-42a6-4e10-bef3-bce5dbbf3aff,2024,34,34,2025-04-26T14:00:00+00:00,f5c6f090-f823-4206-a821-17c11d35de43,b552a1a6-4302-43ca-884c-0f91ac4f984b,Southampton FC,Fulham FC,33,33,0,0,0.0,0.0,2.0,0.4,0.8,2.0,0.817,1.6219999999999999,6.0,1.2,1.4,1.4,1.1175000000000002,1.54528,5.0,0.5,0.8,2.5,0.77458,2.5238199999999997,15.0,1.5,1.4,1.4,1.17834,1.3620100000000002,0.6,2.6,0.70204,2.33704,1.2,1.4,1.25316,1.652,7.0,6.041666666666667,2,2,20.0,10.0,0.3333333333333333,1.4545454545454546,11.0,48.0,0.5392532795156408,1.6851664984863775,0.9436932391523714,0.9436932391523714,1.0,0.0,1.0,0.0,1.0,2.0,0.9356,1.9956,1.0,A
17f6e496-dad7-41ee-8552-673da924d5c8,837ea273-d1bc-41c7-9c17-4787aa413ec3,2024,34,34,2025-04-26T14:00:00+00:00,fbffa344-2426-4b4b-9886-b8cd56ec69a1,618e770e-c6ac-4c3f-9994-bd2160f675bc,Wolverhampton Wanderers FC,Leicester City FC,33,33,0,0,0.0,0.0,15.0,3.0,2.0,0.8,1.3743,1.33074,1.0,0.2,0.4,2.2,0.7961,2.97532,22.0,2.2,1.6,0.9,1.37689,1.26957,1.0,0.1,0.2,2.4,0.57868,2.52467,1.8,1.0,1.41526,1.38084,0.4,2.2,0.5868599999999999,2.47098,6.041666666666667,5.9375,2,2,15.0,19.0,1.1515151515151516,0.5454545454545454,38.0,18.0,1.0784708249496981,0.6066398390342052,0.13480885311871227,1.617706237424547,1.0,1.0,0.0,3.0,3.0,0.0,2.5767,1.0498,1.0,H
48b691b2-bc47-45fd-9ac3-d7ac909b6df8,eaed84bf-48dd-4ed2-a449-c0839a97e2ca,2024,34,34,2025-04-26T14:00:00+00:00,c4045d6d-a715-4821-a800-cd9b505ad54b,67d3236c-6589-4978-b178-f6dcf50166d4,Newcastle United FC,Ipswich Town FC,33,33,0,0,0.0,0.0,12.0,2.4,3.0,1.2,2.3893,1.62048,4.0,0.8,1.4,2.6,0.92034,2.36688,18.0,1.8,2.1,1.7,1.88781,1.6441500000000002,5.0,0.5,1.2,2.4,1.07148,2.20367,3.2,1.4,2.38388,1.73778,1.4,1.6,1.20526,2.4686399999999997,6.895833333333333,6.041666666666667,3,2,6.0,18.0,1.7878787878787878,0.6363636363636364,59.0,21.0,1.4154463390170513,1.1458375125376128,0.808826479438315,1.61765295887663,1.0,1.0,0.0,4.0,3.0,0.0,4.1154,0.1272,1.0,H
754141d9-ed3e-4b6a-a45d-596c9187f01c,c61ac59f-f2f9-4def-8fc5-847b01738640,2024,34,34,2025-04-27T13:00:00+00:00,6601a105-9986-4276-89bf-143cdf03198a,48fc005c-cbfc-4e4d-b7f1-459dce6cf940,AFC Bournemouth,Manchester United FC,33,33,0,0,0.0,0.0,5.0,1.0,1.0,1.2,1.6987999999999999,1.06668,4.0,0.8,0.8,1.2,1.23306,1.06614,9.0,0.9,1.1,1.4,1.67907,1.50607,9.0,0.9,1.0,1.4,1.24577,1.47275,0.6,1.4,1.6327200000000002,1.7821799999999999,1.2,1.6,1.17292,1.7061,7.958333333333333,7.0,2,2,10.0,15.0,1.4848484848484849,1.1515151515151516,49.0,38.0,0.7414000000000001,0.9436,0.674,0.9436,1.0,1.0,0.0,3.0,1.0,1.0,0.61,1.9104,1.0,D
3ae4e418-49df-4121-b5af-bb31c5c95b66,e239f221-60f9-45a3-a83f-bf467cb8f867,2024,34,34,2025-04-27T15:30:00+00:00,54ed0f97-ad19-421c-a5c2-9b9d3fcbc72d,c23d6b7a-dfaf-44a3-b016-1feb2dddec44,Liverpool FC,Tottenham Hotspur FC,33,33,0,0,0.0,0.0,12.0,2.4,1.8,1.0,2.72994,0.9521000000000001,3.0,0.6,1.2,2.0,1.8981400000000002,1.1824,23.0,2.3,1.9,1.0,2.06966,0.87883,13.0,1.3,1.5,1.4,1.66294,1.4769,2.0,0.6,2.1968199999999998,0.86256,1.6,1.6,1.3946200000000002,1.47852,7.0,5.854166666666667,1,1,1.0,16.0,2.393939393939394,1.121212121212121,79.0,37.0,1.2818363273453095,0.6746506986027945,1.0119760479041917,0.9445109780439122,1.0,1.0,0.0,9.0,5.0,1.0,2.511,0.5128,1.0,H
b0af7bbd-aa51-47f3-b994-1626638fe5a8,25c4d5bd-9c2b-45c9-abe9-a3ac2dc63ba4,2024,34,34,2025-05-01T18:30:00+00:00,5421e81a-b7dd-48b1-9982-42644e8dcf9f,66a313d1-2e21-49ad-a1c7-6f04cae6be69,Nottingham Forest FC,Brentford FC,33,33,0,0,0.0,0.0,9.0,1.8,1.6,1.2,0.75372,1.7368000000000001,8.0,1.6,1.6,1.2,1.6080400000000001,1.55594,16.0,1.6,2.0,1.2,1.1563700000000001,1.7147700000000001,15.0,1.5,1.4,1.0,1.5682500000000001,1.28725,1.8,0.2,1.20276,1.1845,1.8,0.8,1.5447,1.2923399999999998,9.979166666666666,12.1875,1,1,6.0,11.0,1.8181818181818181,1.393939393939394,60.0,46.0,1.3452380952380951,0.807142857142857,0.9416666666666665,0.6726190476190476,1.0,1.0,0.0,2.0,0.0,2.0,0.6706,1.5205,1.0,A
65ff22a2-5a3a-4b32-bfd5-cd6fa4dfd401,ec487599-365b-41ea-8cf7-9c8cc4c19d18,2024,35,35,2025-05-02T19:00:00+00:00,33d2f100-682f-4a5e-9aa3-5cc57e1e8571,fbffa344-2426-4b4b-9886-b8cd56ec69a1,Manchester City FC,Wolverhampton Wanderers FC,34,34,0,0,0.0,0.0,13.0,2.6,2.2,0.6,2.1198,1.0703799999999999,15.0,3.0,2.2,0.6,1.7815,1.28428,20.0,2.0,1.8,0.8,1.84355,1.02132,22.0,2.2,1.7,0.9,1.4344100000000002,1.30027,2.2,1.4,2.1280200000000002,1.24404,1.4,0.8,1.33852,1.1583,10.0,6.208333333333333,2,2,4.0,13.0,1.7941176470588236,1.2058823529411764,61.0,41.0,1.2118811881188118,0.5386138613861386,1.1445544554455445,0.6059405940594059,1.0,1.0,0.0,3.0,1.0,0.0,0.8595,0.6225,1.0,H
72dddd41-536a-4b1f-b348-8cc8f43376bd,01d2c789-e845-4a8e-b39d-6338683679a0,2024,35,35,2025-05-03T11:30:00+00:00,f8f456e7-3e20-4803-ba4e-b1762a31812c,b552a1a6-4302-43ca-884c-0f91ac4f984b,Aston Villa FC,Fulham FC,34,34,0,0,0.0,0.0,12.0,2.4,2.6,0.8,2.35056,0.91442,6.0,1.2,1.4,1.6,1.30868,1.4506599999999998,20.0,2.0,2.0,1.2,2.03316,1.37849,15.0,1.5,1.4,1.4,1.2170200000000002,1.33285,2.2,1.2,2.46048,1.3578800000000002,1.2,1.4,1.3305200000000001,1.59368,10.6875,6.895833333333333,2,2,7.0,8.0,1.6764705882352942,1.5,57.0,51.0,1.3491592482690404,0.8094955489614243,0.9444114737883283,0.9444114737883283,1.0,1.0,0.0,4.0,1.0,0.0,1.2901,0.7028,1.0,H
d31a55b1-0f25-4cf6-b6d1-1a4ce67b7234,92328093-e869-4921-bc09-0bf8c1cfdf39,2024,35,35,2025-05-03T14:00:00+00:00,60cb8be0-9c1e-4019-8b60-fd9ac2aa9f2d,67d3236c-6589-4978-b178-f6dcf50166d4,Everton FC,Ipswich Town FC,34,34,0,0,0.0,0.0,4.0,0.8,0.4,1.0,1.00918,1.15448,4.0,0.8,1.0,2.4,0.84162,2.92852,11.0,1.1,0.9,1.1,1.21718,1.13931,5.0,0.5,1.1,2.5,0.88935,2.4976399999999996,1.2,1.6,1.2499,1.07476,1.2,2.0,1.16412,2.71204,7.104166666666667,7.0,2,2,15.0,18.0,1.1176470588235294,0.6176470588235294,38.0,21.0,0.6083003952569169,0.7434782608695653,0.7434782608695653,1.6897233201581026,1.0,1.0,0.0,2.0,2.0,2.0,0.8085,1.1435,1.0,D
458a1cba-d4b8-4518-ab3d-35d3e9012b59,fc3615bb-a984-4259-bf3f-61a4044bc4fd,2024,35,35,2025-05-03T14:00:00+00:00,618e770e-c6ac-4c3f-9994-bd2160f675bc,f5c6f090-f823-4206-a821-17c11d35de43,Leicester City FC,Southampton FC,34,34,0,0,0.0,0.0,1.0,0.2,0.4,2.2,0.74514,3.26288,2.0,0.4,0.8,2.0,0.7477,1.91298,1.0,0.1,0.2,2.3,0.63895,2.4710799999999997,2.0,0.2,0.7,2.6,0.75057,2.52853,0.0,2.6,0.5705,2.57836,1.0,2.4,0.84712,2.7106000000000003,7.0,7.0,2,2,19.0,20.0,0.5294117647058824,0.3235294117647059,18.0,11.0,0.13503937007874017,1.5529527559055116,0.4726377952755905,1.755511811023622,1.0,1.0,0.0,5.0,2.0,0.0,1.6074,0.5508,1.0,H
8e5d436e-8e21-46fd-983c-a3569bea73e4,5a358390-f55a-4dfb-a9e7-3f3f383fa352,2024,35,35,2025-05-03T16:30:00+00:00,ead1bc2e-8799-410a-a809-66a274bbab2c,6601a105-9986-4276-89bf-143cdf03198a,Arsenal FC,AFC Bournemouth,34,34,0,0,0.0,0.0,9.0,1.8,2.0,1.0,1.8415,1.19152,6.0,1.2,1.0,1.0,1.41538,1.12812,17.0,1.7,1.4,0.7,1.61735,0.93233,10.0,1.0,1.2,1.3,1.5748,1.42492,1.2,1.0,1.41182,1.16974,1.6,1.4,1.7254200000000002,1.22996,9.895833333333334,6.145833333333333,2,1,2.0,10.0,1.9705882352941178,1.4705882352941178,67.0,50.0,0.9461689587426326,0.4730844793713163,0.8110019646365423,0.8785854616895875,1.0,0.0,0.0,2.0,1.0,2.0,2.0548,1.4178,1.0,A
fe58a42f-9d5d-44c0-821b-8d21c8887c03,d76ade3c-50fe-4d77-95ae-dda88722d3dc,2024,35,35,2025-05-04T13:00:00+00:00,66a313d1-2e21-49ad-a1c7-6f04cae6be69,48fc005c-cbfc-4e4d-b7f1-459dce6cf940,Brentford FC,Manchester United FC,34,34,0,0,0.0,0.0,8.0,1.6,1.6,1.0,1.5915,1.28464,2.0,0.4,0.4,1.4,1.38736,0.9272199999999999,18.0,1.8,1.6,0.8,1.55382,1.25977,10.0,1.0,1.1,1.3,1.2861,1.28912,1.0,1.2,1.5918,1.28216,1.4,1.6,1.2697,1.43388,2.7708333333333335,7.0,1,2,11.0,15.0,1.4411764705882353,1.1470588235294117,49.0,39.0,1.0812928501469148,0.5406464250734574,0.7433888344760039,0.8785504407443683,1.0,0.0,0.0,3.0,4.0,3.0,3.5874,1.134,1.0,H
e8d304fe-a8f2-49bb-98ce-1f72c65f2478,70f01405-a98e-4c16-8645-99c3adb9a8ef,2024,35,35,2025-05-04T13:00:00+00:00,db14882b-951f-4db5-860b-4ca2b8583311,c4045d6d-a715-4821-a800-cd9b505ad54b,Brighton & Hove Albion FC,Newcastle United FC,34,34,0,0,0.0,0.0,4.0,0.8,1.6,2.6,1.6126999999999998,1.5664200000000001,12.0,2.4,3.2,1.0,2.75922,1.33952,17.0,1.7,2.1,1.7,2.18873,1.3072300000000001,21.0,2.1,2.3,1.5,2.1766300000000003,1.4959900000000002,1.8,1.8,2.0147199999999996,1.36856,1.0,2.0,1.39174,1.5505200000000001,7.958333333333333,7.958333333333333,1,1,11.0,4.0,1.5,1.8235294117647058,51.0,62.0,1.4136186770428016,1.1443579766536964,1.548249027237354,1.009727626459144,1.0,1.0,0.0,1.0,1.0,1.0,0.6879,1.6378,1.0,D
adf62baa-6631-46f2-a5b2-46ac1f036dfb,b8d82c1d-a483-4f8d-855d-a62c5581e2ed,2024,35,35,2025-05-04T13:00:00+00:00,21ec0474-e758-4563-97a9-912aab00b4f5,c23d6b7a-dfaf-44a3-b016-1feb2dddec44,West Ham United FC,Tottenham Hotspur FC,34,34,0,0,0.0,0.0,2.0,0.4,1.2,1.8,1.26598,1.3397000000000001,3.0,0.6,1.4,2.6,1.7189600000000003,1.47666,9.0,0.9,1.0,1.2,1.10746,1.3144500000000001,10.0,1.0,1.4,1.9,1.61968,1.56152,1.0,1.0,1.01878,1.3512,1.4,2.6,1.3081,1.64776,7.958333333333333,6.895833333333333,1,2,17.0,16.0,1.0588235294117647,1.088235294117647,36.0,37.0,0.6737864077669903,0.8085436893203883,0.9433009708737863,1.2801941747572814,1.0,0.0,0.0,5.0,1.0,1.0,1.1517,0.847,1.0,D
3a7f3c2e-3afb-4b6b-bcb9-d807d85ee0d4,edc3ec2c-062e-4ba4-9140-19efe08ecac3,2024,35,35,2025-05-04T15:30:00+00:00,1cb320b2-b42f-4131-8f5f-ef42e7f82540,54ed0f97-ad19-421c-a5c2-9b9d3fcbc72d,Chelsea FC,Liverpool FC,34,34,0,0,0.0,0.0,11.0,2.2,1.2,0.6,1.4420600000000001,1.11796,12.0,2.4,2.2,1.0,2.23414,0.9523400000000001,17.0,1.7,1.2,0.9,1.5070999999999999,1.2002000000000002,25.0,2.5,2.2,0.9,2.22785,0.8390599999999999,1.8,0.4,1.9462,0.9752000000000001,1.8,1.4,1.9425000000000001,0.8951,8.166666666666666,7.0,1,2,5.0,1.0,1.7647058823529411,2.411764705882353,60.0,82.0,0.8093023255813953,0.6069767441860465,1.4837209302325582,0.6069767441860465,1.0,0.0,0.0,3.0,3.0,1.0,3.5194,1.4267,1.0,H
dc8e486a-a959-41a3-b482-e104bd5f5e93,9edef0a5-2801-4bb4-bb26-55e9e164535e,2024,35,35,2025-05-05T19:00:00+00:00,74bd08fa-27db-4bb0-8490-f57f6ed6b8e9,5421e81a-b7dd-48b1-9982-42644e8dcf9f,Crystal Palace FC,Nottingham Forest FC,34,34,0,0,0.0,0.0,5.0,1.0,1.2,2.6,1.40012,2.15692,6.0,1.2,0.8,1.2,0.6264000000000001,1.93674,15.0,1.5,1.5,1.7,1.88709,1.5021900000000001,13.0,1.3,1.3,1.4,0.81666,1.7911899999999998,1.6,0.8,2.05046,1.0504200000000001,2.2,2.2,1.10998,2.2450400000000004,12.0,4.020833333333333,1,2,12.0,6.0,1.3235294117647058,1.7647058823529411,45.0,60.0,1.0106177606177607,1.1453667953667954,0.875868725868726,0.9432432432432433,1.0,0.0,0.0,1.0,1.0,1.0,2.3404,0.6368,1.0,D
34288749-38d1-4eda-9479-e60832193de3,1eb986db-ffe7-473f-bfe1-f6cb33287db3,2024,36,36,2025-05-10T14:00:00+00:00,b552a1a6-4302-43ca-884c-0f91ac4f984b,60cb8be0-9c1e-4019-8b60-fd9ac2aa9f2d,Fulham FC,Everton FC,35,35,0,0,0.0,0.0,6.0,1.2,1.2,1.4,1.16082,1.2483,5.0,1.0,0.8,1.2,1.00626,1.12374,12.0,1.2,1.2,1.4,1.06631,1.42873,9.0,0.9,0.9,1.2,1.19646,1.02301,1.6,1.4,1.10352,1.07202,0.6,0.8,1.16342,0.92838,7.104166666666667,7.0,2,1,11.0,14.0,1.457142857142857,1.1142857142857143,51.0,39.0,0.8092485549132947,0.9441233140655105,0.6069364161849711,0.8092485549132947,1.0,0.0,1.0,2.0,1.0,3.0,1.2087,1.326,1.0,A
ed4ce866-3cc4-4460-b8c2-8b2b7f5d54ae,cd384979-a88f-4521-9cf8-515985d66ec4,2024,36,36,2025-05-10T14:00:00+00:00,f5c6f090-f823-4206-a821-17c11d35de43,33d2f100-682f-4a5e-9aa3-5cc57e1e8571,Southampton FC,Manchester City FC,35,35,0,0,0.0,0.0,1.0,0.2,0.6,2.2,0.7203999999999999,2.0469,13.0,2.6,2.0,0.6,1.87736,1.17394,2.0,0.2,0.6,2.5,0.70821,2.48055,20.0,2.0,1.5,0.8,1.7175,1.06785,0.6,2.4,0.69428,2.31872,0.8,1.2,1.28372,1.07356,7.0,7.791666666666667,2,1,20.0,3.0,0.3142857142857143,1.8285714285714285,11.0,64.0,0.4042226487523992,1.6842610364683301,1.010556621880998,0.5389635316698657,1.0,0.0,0.0,1.0,0.0,0.0,0.137,1.5846,1.0,D
04be1d7b-99dc-4837-aeff-86b5bef15093,d75a512a-1011-4da7-9596-4b8d9e4a05a9,2024,36,36,2025-05-10T14:00:00+00:00,fbffa344-2426-4b4b-9886-b8cd56ec69a1,db14882b-951f-4db5-860b-4ca2b8583311,Wolverhampton Wanderers FC,Brighton & Hove Albion FC,35,35,0,0,0.0,0.0,12.0,2.4,2.0,0.8,1.6852800000000001,1.11006,5.0,1.0,1.8,2.2,1.6386800000000001,1.6525400000000001,22.0,2.2,1.6,0.8,1.39133,1.19946,15.0,1.5,1.9,1.8,2.05063,1.40603,2.0,1.0,1.5303,1.44224,1.8,3.0,2.1002199999999998,1.9294800000000003,7.791666666666667,6.041666666666667,2,2,14.0,10.0,1.1714285714285715,1.4857142857142858,41.0,52.0,1.0809980806142034,0.5404990403071017,1.2836852207293665,1.2161228406909788,1.0,0.0,1.0,4.0,0.0,2.0,0.734,1.4125,1.0,A
605055d5-15e2-42af-8f73-77687ccb70c5,036e4317-7da4-4da4-8d69-841b509e930a,2024,36,36,2025-05-10T14:00:00+00:00,67d3236c-6589-4978-b178-f6dcf50166d4,66a313d1-2e21-49ad-a1c7-6f04cae6be69,Ipswich Town FC,Brentford FC,35,35,0,0,0.0,0.0,2.0,0.4,1.0,2.6,0.7878000000000001,2.6909400000000003,11.0,2.2,2.2,1.2,2.00258,1.0582799999999999,5.0,0.5,1.2,2.6,0.97041,2.2886499999999996,18.0,1.8,1.9,1.1,1.71606,1.30582,1.0,3.2,0.9376999999999999,1.9387,2.0,0.8,1.4558,1.29176,7.0,6.041666666666667,2,2,18.0,10.0,0.6285714285714286,1.4857142857142858,22.0,52.0,0.8114942528735632,1.7582375478927206,1.2848659003831417,0.7438697318007664,1.0,0.0,0.0,7.0,0.0,1.0,0.7174,1.3208,1.0,A
90168e7f-6c4e-44d8-813a-a16e0ee6aed3,0e891f2b-6deb-4506-9e52-a3468777add6,2024,36,36,2025-05-10T16:30:00+00:00,6601a105-9986-4276-89bf-143cdf03198a,f8f456e7-3e20-4803-ba4e-b1762a31812c,AFC Bournemouth,Aston Villa FC,35,35,0,0,0.0,0.0,9.0,1.8,1.2,0.8,1.29966,1.25656,12.0,2.4,2.2,0.8,2.36714,0.94338,10.0,1.0,1.1,1.3,1.50786,1.53296,22.0,2.2,2.0,1.1,1.8723300000000003,1.41548,0.8,1.2,1.42418,1.6198799999999998,1.8,1.2,1.60584,1.3991,7.0,7.208333333333333,2,1,10.0,7.0,1.5142857142857142,1.7142857142857142,53.0,60.0,0.745263157894737,0.8807655502392345,1.3550239234449761,0.745263157894737,1.0,0.0,1.0,2.0,0.0,1.0,1.0227,1.1238,1.0,A
5e470f56-bdc0-47ad-b6d5-0c8bf96c47cd,4e314ab4-0dc6-4e4c-a483-1080071f67cb,2024,36,36,2025-05-11T11:00:00+00:00,c4045d6d-a715-4821-a800-cd9b505ad54b,1cb320b2-b42f-4131-8f5f-ef42e7f82540,Newcastle United FC,Chelsea FC,35,35,0,0,0.0,0.0,10.0,2.0,2.8,1.2,2.3985600000000002,1.40618,11.0,2.2,1.6,0.8,1.88506,1.12276,22.0,2.2,2.4,1.2,2.32469,1.35278,20.0,2.0,1.5,0.7,1.79406,1.13598,3.6,1.0,2.96152,1.44146,0.6,1.4,1.068,1.4252,6.916666666666667,6.8125,1,1,4.0,5.0,1.8,1.8,63.0,63.0,1.6290630975143403,0.8145315487571702,1.0181644359464628,0.47514340344168254,1.0,0.0,0.0,3.0,2.0,0.0,1.6703,0.6464,1.0,H
869d95c6-6360-46a9-bb05-5bbd37f82b2f,b91694b8-6c9a-4f6d-91b3-27c127a5a3fa,2024,36,36,2025-05-11T13:15:00+00:00,48fc005c-cbfc-4e4d-b7f1-459dce6cf940,21ec0474-e758-4563-97a9-912aab00b4f5,Manchester United FC,West Ham United FC,35,35,0,0,0.0,0.0,2.0,0.4,1.0,2.0,1.24078,1.54228,3.0,0.6,1.4,1.8,1.1502000000000001,1.28838,10.0,1.0,1.4,1.6,1.25685,1.45075,10.0,1.0,1.1,1.2,1.1552799999999999,1.20265,0.8,1.2,1.31862,1.2394,1.0,1.4,1.19614,1.2777,7.010416666666667,7.010416666666667,1,1,15.0,17.0,1.1142857142857143,1.0571428571428572,39.0,37.0,0.9511450381679388,1.0870229007633587,0.7473282442748092,0.815267175572519,1.0,0.0,0.0,3.0,0.0,2.0,2.3129,2.1599,1.0,A
beb897ab-442c-466f-b338-1fa4ac924712,7fda3573-fc09-4b43-8238-f2f7f92320d2,2024,36,36,2025-05-11T13:15:00+00:00,5421e81a-b7dd-48b1-9982-42644e8dcf9f,618e770e-c6ac-4c3f-9994-bd2160f675bc,Nottingham Forest FC,Leicester City FC,35,35,0,0,0.0,0.0,4.0,0.8,0.8,1.4,0.65134,2.03144,4.0,0.8,0.8,1.8,1.04568,2.9587,14.0,1.4,1.3,1.3,0.8472099999999999,1.80424,4.0,0.4,0.4,2.1,0.77637,2.35116,0.4,0.6,0.5233399999999999,1.33734,0.4,2.0,0.7074,2.3638,5.760416666666667,7.96875,2,1,7.0,19.0,1.7428571428571429,0.6,61.0,21.0,0.884,0.884,0.272,1.428,1.0,1.0,0.0,4.0,2.0,2.0,1.7691,1.2295,1.0,D
aa29e7c4-5d3f-454a-8508-71dcde86cbff,ea78f50c-9b98-47f4-b76e-33021afbb068,2024,36,36,2025-05-11T13:15:00+00:00,c23d6b7a-dfaf-44a3-b016-1feb2dddec44,74bd08fa-27db-4bb0-8490-f57f6ed6b8e9,Tottenham Hotspur FC,Crystal Palace FC,35,35,0,0,0.0,0.0,4.0,0.8,1.6,2.6,1.6078199999999998,1.44612,3.0,0.6,1.0,2.6,1.7794,2.02982,8.0,0.8,1.4,2.0,1.50727,1.53404,16.0,1.6,1.5,1.6,1.8904799999999997,1.4643000000000002,1.4,1.2,1.93126,1.4752800000000001,1.4,2.6,1.7237200000000001,1.95396,7.010416666666667,5.760416666666667,2,1,17.0,12.0,1.0857142857142856,1.3142857142857143,38.0,46.0,0.9510436432637571,1.3586337760910816,1.0189753320683113,1.0869070208728653,1.0,0.0,0.0,1.0,0.0,2.0,0.8068,3.9855,1.0,A
e21bd503-610e-4f01-b3e5-35015f5f6552,434ae226-219e-4b86-83ad-55a8dfb6b6e4,2024,36,36,2025-05-11T15:30:00+00:00,54ed0f97-ad19-421c-a5c2-9b9d3fcbc72d,ead1bc2e-8799-410a-a809-66a274bbab2c,Liverpool FC,Arsenal FC,35,35,0,0,0.0,0.0,9.0,1.8,2.2,1.6,2.26004,1.4916,6.0,1.2,1.8,1.2,1.79208,1.18666,22.0,2.2,2.1,1.1,2.1837600000000004,1.08567,14.0,1.4,1.3,0.9,1.6478300000000001,1.05079,2.6,0.6,2.3255000000000003,0.75446,1.6,0.4,1.82288,0.69492,7.0,7.958333333333333,2,1,1.0,2.0,2.342857142857143,1.9142857142857144,82.0,67.0,1.4278409090909092,0.7479166666666667,0.8839015151515152,0.6119318181818182,1.0,0.0,1.0,4.0,2.0,2.0,2.7468,2.188,1.0,D
a4aa42c7-571f-4aac-8194-30ddc1e792f0,5b947603-50a3-44b7-b230-592a3c1ff241,2024,37,37,2025-05-16T18:30:00+00:00,f8f456e7-3e20-4803-ba4e-b1762a31812c,c23d6b7a-dfaf-44a3-b016-1feb2dddec44,Aston Villa FC,Tottenham Hotspur FC,36,36,0,0,0.0,0.0,12.0,2.4,2.0,0.6,2.0652,0.9543800000000001,1.0,0.2,1.0,2.8,1.23958,2.08714,24.0,2.4,1.9,0.9,1.8824400000000001,1.3134700000000001,5.0,0.5,1.0,2.1,1.4292099999999999,1.8172000000000001,2.2,1.0,2.13882,1.43186,0.8,2.6,1.16002,1.64732,6.083333333333333,5.21875,2,2,6.0,17.0,1.75,1.0555555555555556,63.0,38.0,1.290566037735849,0.6113207547169811,0.6792452830188679,1.4264150943396225,1.0,0.0,0.0,5.0,2.0,0.0,1.6906,0.523,1.0,H
ea7c7a9f-9060-49bc-b3da-09603d2d411f,3d69acca-e275-41a5-ab02-878983b0b80f,2024,37,37,2025-05-16T19:15:00+00:00,1cb320b2-b42f-4131-8f5f-ef42e7f82540,48fc005c-cbfc-4e4d-b7f1-459dce6cf940,Chelsea FC,Manchester United FC,36,36,0,0,0.0,0.0,10.0,2.0,1.6,1.2,1.7186800000000002,1.18458,1.0,0.2,1.0,2.4,1.45672,1.83668,20.0,2.0,1.4,0.7,1.64128,1.0336,9.0,0.9,1.2,1.6,1.42357,1.4563000000000001,1.6,0.6,2.05362,1.09154,1.6,2.0,1.3673600000000001,1.73048,5.34375,5.25,2,2,6.0,16.0,1.75,1.0833333333333333,63.0,39.0,0.951789077212806,0.475894538606403,0.8158192090395481,1.087758945386064,1.0,0.0,1.0,2.0,1.0,0.0,1.2957,0.3376,1.0,H
4309f86b-c3c4-4060-bcc2-c811d5037614,8d6d31f7-ed5f-4b7c-b2cc-7c6ebc946008,2024,37,37,2025-05-18T11:00:00+00:00,60cb8be0-9c1e-4019-8b60-fd9ac2aa9f2d,f5c6f090-f823-4206-a821-17c11d35de43,Everton FC,Southampton FC,36,36,0,0,0.0,0.0,7.0,1.4,1.2,1.2,1.0257,1.08486,2.0,0.4,0.4,1.6,0.59172,1.8342199999999997,11.0,1.1,1.0,1.1,1.11862,1.07931,3.0,0.3,0.6,2.1,0.7065,2.12699,1.2,1.6,1.2295,1.11764,0.6,2.6,0.72214,2.64238,7.875,7.875,1,1,13.0,20.0,1.1666666666666667,0.3333333333333333,42.0,12.0,0.6810912511759173,0.749200376293509,0.40865475070555035,1.4302916274694262,1.0,0.0,0.0,1.0,2.0,0.0,2.6779,1.0503,1.0,H
85d11dc6-1f1a-4617-a682-18edec65ec28,da472219-769c-4810-81e4-b30b18c9863f,2024,37,37,2025-05-18T13:15:00+00:00,21ec0474-e758-4563-97a9-912aab00b4f5,5421e81a-b7dd-48b1-9982-42644e8dcf9f,West Ham United FC,Nottingham Forest FC,36,36,0,0,0.0,0.0,5.0,1.0,1.4,1.4,1.40062,1.3612199999999999,5.0,1.0,1.0,1.4,0.8116199999999999,1.75064,10.0,1.0,1.2,1.2,1.26859,1.2966799999999998,15.0,1.5,1.2,1.1,0.78552,1.58133,1.2,1.0,1.11442,1.1276,2.2,2.0,1.1710800000000001,2.27114,7.0,7.0,1,2,15.0,7.0,1.1111111111111112,1.7222222222222223,40.0,62.0,0.8180281690140844,0.8180281690140844,0.8180281690140844,0.7498591549295774,1.0,0.0,0.0,3.0,1.0,2.0,0.8505,2.1476,1.0,A
b1926e14-20f2-4037-bf40-3760a8415606,b6ecb841-430c-4c74-bdc6-275c5e452925,2024,37,37,2025-05-18T14:00:00+00:00,66a313d1-2e21-49ad-a1c7-6f04cae6be69,b552a1a6-4302-43ca-884c-0f91ac4f984b,Brentford FC,Fulham FC,36,36,0,0,0.0,0.0,13.0,2.6,2.4,1.2,1.9945,0.9061,3.0,0.6,0.8,1.6,1.0570400000000002,1.23222,18.0,1.8,1.6,1.1,1.64467,1.30477,12.0,1.2,1.3,1.5,1.16375,1.41513,1.8,1.4,1.97632,1.31988,0.8,1.4,1.18414,1.6659,8.0,8.0,1,1,8.0,11.0,1.5277777777777777,1.4166666666666667,55.0,51.0,1.0906367041198504,0.7498127340823971,0.8861423220973784,1.0224719101123596,1.0,0.0,0.0,3.0,2.0,3.0,2.4305,1.6174,1.0,A
a29c00d5-c8e5-411a-9580-e700a9b381c1,9a3cbf23-238f-4f95-a8ae-896e978b8e7e,2024,37,37,2025-05-18T14:00:00+00:00,618e770e-c6ac-4c3f-9994-bd2160f675bc,67d3236c-6589-4978-b178-f6dcf50166d4,Leicester City FC,Ipswich Town FC,36,36,0,0,0.0,0.0,5.0,1.0,1.2,1.6,1.22066,2.6243,2.0,0.4,0.8,2.4,0.7567999999999999,2.39318,5.0,0.5,0.6,1.9,0.82653,2.3245999999999998,5.0,0.5,1.1,2.3,0.92676,2.26199,0.4,2.2,0.84534,2.33852,1.2,1.8,1.18382,2.59334,7.03125,8.0,1,1,19.0,18.0,0.6111111111111112,0.6111111111111112,22.0,22.0,0.40820130475302885,1.292637465051258,0.7483690587138864,1.564771668219944,1.0,0.0,1.0,2.0,2.0,0.0,0.7885,1.3696,1.0,H
b4420c68-c3af-4dcf-86ce-2d4f3230abe7,69ba9810-2ce2-4de4-8c54-c76d2c16d276,2024,37,37,2025-05-18T15:30:00+00:00,ead1bc2e-8799-410a-a809-66a274bbab2c,c4045d6d-a715-4821-a800-cd9b505ad54b,Arsenal FC,Newcastle United FC,36,36,0,0,0.0,0.0,6.0,1.2,2.0,1.4,1.94906,1.49026,10.0,2.0,2.4,1.0,2.20496,1.37814,15.0,1.5,1.5,1.0,1.72937,1.22279,22.0,2.2,2.2,0.9,2.14586,1.17882,1.4,1.2,1.54826,1.24794,1.2,1.4,1.68786,1.2641,7.0,7.1875,1,1,2.0,3.0,1.8888888888888888,1.8333333333333333,68.0,66.0,1.0213953488372094,0.6809302325581396,1.4980465116279071,0.6128372093023255,1.0,0.0,0.0,1.0,1.0,0.0,1.1596,2.2463,1.0,H
80ef96dd-1f46-4588-886f-6f559c8f1402,c548279c-c0d7-4b82-bd45-df14a6e0e1f7,2024,37,37,2025-05-19T19:00:00+00:00,db14882b-951f-4db5-860b-4ca2b8583311,54ed0f97-ad19-421c-a5c2-9b9d3fcbc72d,Brighton & Hove Albion FC,Liverpool FC,36,36,0,0,0.0,0.0,8.0,1.6,2.0,1.8,1.6667200000000002,1.71054,10.0,2.0,2.2,1.4,2.52812,1.58368,15.0,1.5,1.7,1.8,1.6798600000000001,1.46402,22.0,2.2,2.1,1.1,2.2541599999999997,1.2022,1.6,1.8,1.63644,1.35578,1.6,1.6,2.04202,1.4168800000000001,9.208333333333334,8.145833333333334,1,1,9.0,1.0,1.5277777777777777,2.3055555555555554,55.0,83.0,1.1596654275092935,1.2278810408921932,1.4325278810408921,0.7503717472118959,1.0,0.0,0.0,3.0,3.0,2.0,2.1779,3.065,1.0,H
6f7cf51f-8d5d-4af8-8cef-d66d3a8ff565,53ac2e92-ad20-4bd0-adca-525137c2fa11,2024,37,37,2025-05-20T19:00:00+00:00,74bd08fa-27db-4bb0-8490-f57f6ed6b8e9,fbffa344-2426-4b4b-9886-b8cd56ec69a1,Crystal Palace FC,Wolverhampton Wanderers FC,36,36,0,0,0.0,0.0,6.0,1.2,1.0,1.6,2.30888,1.2717399999999999,9.0,1.8,1.6,1.0,1.2701600000000002,1.21808,16.0,1.6,1.5,1.6,2.14283,1.52155,19.0,1.9,1.5,1.0,1.25461,1.27774,1.6,0.6,2.0572399999999997,0.97464,1.2,0.6,1.25236,0.9566800000000001,9.239583333333334,10.208333333333334,1,1,12.0,14.0,1.3611111111111112,1.1388888888888888,49.0,41.0,1.0212765957446808,1.0893617021276596,1.0212765957446808,0.6808510638297872,1.0,0.0,1.0,4.0,4.0,2.0,1.6845,1.4289,1.0,H
e4c6feba-72c5-4fc3-9c2c-e22531e28580,647f060a-b0fd-4291-9b67-679d2bc5b814,2024,37,37,2025-05-20T19:00:00+00:00,33d2f100-682f-4a5e-9aa3-5cc57e1e8571,6601a105-9986-4276-89bf-143cdf03198a,Manchester City FC,AFC Bournemouth,36,36,0,0,0.0,0.0,13.0,2.6,2.0,0.6,2.0567,0.9547000000000001,8.0,1.6,0.8,0.6,1.11446,1.29976,21.0,2.1,1.5,0.6,1.81771,1.00084,10.0,1.0,1.1,1.3,1.54716,1.43522,2.4,1.0,2.18342,1.2071200000000002,1.4,1.4,1.59154,1.44604,10.208333333333334,10.104166666666666,1,1,6.0,11.0,1.8055555555555556,1.4722222222222223,65.0,53.0,1.0183992640294388,0.4073597056117755,0.7468261269549218,0.8826126954921802,1.0,0.0,0.0,3.0,3.0,1.0,1.5978,0.962,1.0,H
3e4fcfa6-4892-4534-a9c3-e8ab37adc149,b3f285ee-5034-442a-b6d5-d28b8c8eba7a,2024,38,38,2025-05-25T15:00:00+00:00,6601a105-9986-4276-89bf-143cdf03198a,618e770e-c6ac-4c3f-9994-bd2160f675bc,AFC Bournemouth,Leicester City FC,37,37,0,0,0.0,0.0,5.0,1.0,0.8,1.2,0.9353199999999999,1.4049200000000002,7.0,1.4,1.2,1.2,0.98148,2.1586600000000002,10.0,1.0,1.1,1.4,1.47319,1.3370700000000002,8.0,0.8,0.8,1.7,0.8764200000000001,2.2911200000000003,0.8,1.2,1.50278,1.4243999999999999,0.8,2.0,0.89538,2.37674,4.833333333333333,7.041666666666667,1,1,11.0,18.0,1.4324324324324325,0.6756756756756757,53.0,25.0,0.7461044912923924,0.9495875343721356,0.542621448212649,1.153070577451879,1.0,0.0,0.0,1.0,2.0,0.0,2.7245,0.1567,1.0,H
1c7727de-5f5f-4367-8cd6-e8866dd76966,0d1d015b-f7b3-4581-95c3-06a3d46dfb6c,2024,38,38,2025-05-25T15:00:00+00:00,b552a1a6-4302-43ca-884c-0f91ac4f984b,33d2f100-682f-4a5e-9aa3-5cc57e1e8571,Fulham FC,Manchester City FC,37,37,0,0,0.0,0.0,6.0,1.2,1.4,1.8,1.16612,1.34678,13.0,2.6,1.6,0.4,1.45682,0.87948,12.0,1.2,1.4,1.6,1.18202,1.56528,21.0,2.1,1.7,0.7,1.73885,0.96861,1.4,1.8,0.90328,1.27096,0.6,0.2,1.452,0.7945599999999999,7.041666666666667,4.833333333333333,1,1,11.0,3.0,1.4594594594594594,1.837837837837838,54.0,68.0,0.9504117108874657,1.086184812442818,1.154071363220494,0.47520585544373284,1.0,0.0,0.0,5.0,0.0,2.0,2.218,2.4592,1.0,A
58c23063-4d98-4219-9f4b-1eca6936487e,1ffa2513-a62b-41ea-be3c-e95983d76159,2024,38,38,2025-05-25T15:00:00+00:00,54ed0f97-ad19-421c-a5c2-9b9d3fcbc72d,74bd08fa-27db-4bb0-8490-f57f6ed6b8e9,Liverpool FC,Crystal Palace FC,37,37,0,0,0.0,0.0,7.0,1.4,2.2,1.8,2.85532,1.72606,9.0,1.8,1.8,1.0,2.17068,1.09162,19.0,1.9,2.1,1.4,2.47995,1.36174,16.0,1.6,1.5,1.7,1.9087599999999998,1.59772,2.6,1.0,2.5948,1.1003,1.4,2.6,2.22842,2.06846,5.833333333333333,4.833333333333333,2,1,1.0,12.0,2.2432432432432434,1.4054054054054055,83.0,52.0,1.4268493150684933,0.9512328767123288,1.0191780821917809,1.155068493150685,1.0,1.0,0.0,1.0,1.0,1.0,1.9212,1.4144,1.0,D
35efe5fd-743c-4bfa-87cb-2a0e4fe78414,252f2c50-24c8-4961-b83e-e67744f6d578,2024,38,38,2025-05-25T15:00:00+00:00,48fc005c-cbfc-4e4d-b7f1-459dce6cf940,f8f456e7-3e20-4803-ba4e-b1762a31812c,Manchester United FC,Aston Villa FC,37,37,0,0,0.0,0.0,1.0,0.2,0.8,1.8,1.36692,1.56816,12.0,2.4,1.8,0.6,1.80346,0.97652,6.0,0.6,0.9,1.5,1.3171300000000001,1.48137,24.0,2.4,1.9,0.8,1.7820900000000002,1.14835,0.8,1.2,1.4797799999999999,1.1821199999999998,1.8,0.4,1.6971599999999998,0.7986000000000001,8.822916666666666,8.854166666666666,1,1,16.0,6.0,1.054054054054054,1.7837837837837838,39.0,66.0,0.6120328167730174,1.0200546946216955,1.2920692798541475,0.5440291704649043,1.0,0.0,1.0,0.0,2.0,0.0,2.9626,0.3352,1.0,H
d90d3b6c-7d5d-489c-9bcc-c93008dbd024,5bdbfe0c-9fd6-4a35-8221-d1110f119619,2024,38,38,2025-05-25T15:00:00+00:00,c4045d6d-a715-4821-a800-cd9b505ad54b,60cb8be0-9c1e-4019-8b60-fd9ac2aa9f2d,Newcastle United FC,Everton FC,37,37,0,0,0.0,0.0,7.0,1.4,1.4,1.2,2.18832,1.13496,7.0,1.4,1.4,1.2,1.3092000000000001,1.21014,22.0,2.2,2.2,0.8,2.32461,1.15475,13.0,1.3,1.1,1.0,1.24145,1.05033,3.2,0.4,2.60386,1.09354,1.0,0.8,1.1387,0.9021000000000001,6.979166666666667,7.166666666666667,1,1,4.0,13.0,1.7837837837837838,1.2162162162162162,66.0,45.0,1.4973612374886263,0.5444949954504095,0.7486806187443131,0.6806187443130118,1.0,0.0,1.0,0.0,0.0,1.0,1.1591,1.0728,1.0,A
5196e86f-e243-4876-90a7-7c9bc56046d4,fb3c15dc-e00e-4918-bd04-d0606f693d85,2024,38,38,2025-05-25T15:00:00+00:00,5421e81a-b7dd-48b1-9982-42644e8dcf9f,1cb320b2-b42f-4131-8f5f-ef42e7f82540,Nottingham Forest FC,Chelsea FC,37,37,0,0,0.0,0.0,8.0,1.6,1.4,1.4,1.15636,1.6686599999999998,12.0,2.4,1.4,0.8,1.3963,0.9315,17.0,1.7,1.4,1.2,0.9494199999999999,1.53461,20.0,2.0,1.1,0.7,1.47262,0.98286,0.8,1.0,0.7754399999999999,1.3196999999999999,0.6,1.2,1.06732,1.34548,7.072916666666667,8.822916666666666,1,1,7.0,5.0,1.7567567567567568,1.7837837837837838,65.0,66.0,0.9545454545454546,0.8181818181818182,0.7500000000000001,0.4772727272727273,1.0,0.0,1.0,2.0,0.0,1.0,1.5801,1.3087,1.0,A
a0003551-4e02-4faa-89e9-63ca4c5647f5,02c6868d-5f72-4800-baaf-8f0f50e8db5f,2024,38,38,2025-05-25T15:00:00+00:00,f5c6f090-f823-4206-a821-17c11d35de43,ead1bc2e-8799-410a-a809-66a274bbab2c,Southampton FC,Arsenal FC,37,37,0,0,0.0,0.0,2.0,0.4,0.4,1.4,0.71932,1.76994,8.0,1.6,2.0,1.2,2.0275000000000003,1.8218,3.0,0.3,0.6,1.9,0.72703,2.0965499999999997,17.0,1.7,1.6,1.0,1.71356,1.39656,0.6,1.6,0.69086,1.6116,1.6,0.8,1.9104800000000002,1.19764,7.166666666666667,6.979166666666667,1,2,20.0,2.0,0.32432432432432434,1.9189189189189189,12.0,71.0,0.40980926430517706,1.297729336966394,1.0928247048138056,0.6830154405086285,1.0,0.0,0.0,4.0,1.0,2.0,0.5981,2.4071,1.0,A
5d083a6a-8569-4737-85ee-e5114fbfdb80,dcfde845-88a4-49ee-ac36-ef75b6b97692,2024,38,38,2025-05-25T15:00:00+00:00,c23d6b7a-dfaf-44a3-b016-1feb2dddec44,db14882b-951f-4db5-860b-4ca2b8583311,Tottenham Hotspur FC,Brighton & Hove Albion FC,37,37,0,0,0.0,0.0,1.0,0.2,0.6,2.4,1.0184000000000002,1.9792999999999998,10.0,2.0,2.2,1.8,1.36274,1.92666,5.0,0.5,1.0,2.2,1.35308,1.74762,15.0,1.5,1.8,1.9,1.63972,1.60035,1.2,1.6,1.6984000000000001,1.98708,2.2,1.6,2.2314599999999998,1.26274,8.854166666666666,5.833333333333333,1,1,17.0,8.0,1.027027027027027,1.5675675675675675,38.0,58.0,0.6829710144927535,1.502536231884058,1.2293478260869566,1.2976449275362318,1.0,0.0,0.0,5.0,1.0,4.0,1.8527,3.1162,1.0,A
7807f47d-e223-428c-a468-97bc22403fb3,0545a56a-ca67-45ac-bcc8-01b39cc84727,2024,38,38,2025-05-25T15:00:00+00:00,fbffa344-2426-4b4b-9886-b8cd56ec69a1,66a313d1-2e21-49ad-a1c7-6f04cae6be69,Wolverhampton Wanderers FC,Brentford FC,37,37,0,0,0.0,0.0,6.0,1.2,1.2,1.4,1.10998,1.2292,12.0,2.4,2.6,1.6,2.3628799999999996,1.0760999999999998,19.0,1.9,1.6,1.2,1.3046000000000002,1.30272,17.0,1.7,1.7,1.3,1.7537099999999999,1.32155,1.8,1.0,1.4913,1.4378,1.4,0.8,1.31302,1.28966,4.833333333333333,7.041666666666667,1,1,15.0,10.0,1.1081081081081081,1.4864864864864864,41.0,55.0,1.0907123534715961,0.8180342651036969,1.1588818755635708,0.8862037871956718,1.0,0.0,0.0,8.0,1.0,1.0,1.1089,1.972,1.0,D
2e9e911a-6fa5-4690-9d78-16b615f28e49,8967b65c-0c65-44e6-abd1-0403070206e9,2024,38,38,2025-05-25T15:00:00+00:00,67d3236c-6589-4978-b178-f6dcf50166d4,21ec0474-e758-4563-97a9-912aab00b4f5,Ipswich Town FC,West Ham United FC,37,37,0,0,0.0,0.0,1.0,0.2,0.4,2.4,0.71012,1.96936,5.0,1.0,1.4,1.4,1.27752,1.50494,5.0,0.5,0.9,2.2,0.95922,2.20064,7.0,0.7,1.1,1.4,1.1832,1.48248,0.8,3.0,0.69148,1.96772,1.2,1.4,1.4227599999999998,1.46576,7.041666666666667,7.072916666666667,1,1,19.0,16.0,0.5945945945945946,1.0810810810810811,22.0,40.0,0.614041404140414,1.500990099009901,0.7504950495049505,0.9551755175517551,1.0,0.0,0.0,5.0,1.0,3.0,0.8931,0.9674,1.0,A
f3bb1868-4778-49db-a0c4-5c6119b4ec33,93c3ba23-3edf-4022-893f-e3bce3e5f6e4,2025,1,1,2025-08-15T19:00:00+00:00,54ed0f97-ad19-421c-a5c2-9b9d3fcbc72d,6601a105-9986-4276-89bf-143cdf03198a,Liverpool FC,AFC Bournemouth,38,38,38,38,1.0,1.0,5.0,1.0,2.2,2.0,2.33414,1.9625,7.0,1.4,1.2,1.2,1.3474,1.3687,17.0,1.7,2.0,1.5,2.53204,1.4573,12.0,1.2,1.1,1.2,1.5231,1.21769,2.2,1.0,1.9810400000000001,1.28086,1.4,1.6,1.4436,1.24974,82.16666666666667,82.16666666666667,0,0,0.0,0.0,0.0,0.0,0.0,0.0,1.3632286995515694,1.0224215246636772,0.7497757847533633,0.8179372197309417,2.0,1.0,0.0,2.5,4.0,2.0,2.3301,1.573,1.0,H
75167322-3b6c-41e1-8471-0563242d6f90,b740c732-8f70-443a-b74f-e1c6eed1a454,2025,1,1,2025-08-16T11:30:00+00:00,f8f456e7-3e20-4803-ba4e-b1762a31812c,c4045d6d-a715-4821-a800-cd9b505ad54b,Aston Villa FC,Newcastle United FC,38,38,38,38,1.0,1.0,9.0,1.8,1.0,0.8,1.25976,1.31468,7.0,1.4,1.2,0.6,2.1657800000000003,0.73878,24.0,2.4,1.8,0.6,1.74889,1.04209,19.0,1.9,2.1,0.9,2.27754,1.17963,2.2,0.6,2.2724,1.1279,1.2,1.2,2.04536,1.21596,82.85416666666667,82.85416666666667,0,0,0.0,0.0,0.0,0.0,0.0,0.0,1.223550401427297,0.407850133809099,1.4274754683318467,0.6117752007136485,2.0,0.5,0.0,4.0,0.0,0.0,0.3186,1.401,1.0,D
37b6e477-d0c8-4a85-afd3-015181d694b2,943b3e79-6887-43a4-b904-80d12632a83f,2025,1,1,2025-08-16T14:00:00+00:00,db14882b-951f-4db5-860b-4ca2b8583311,b552a1a6-4302-43ca-884c-0f91ac4f984b,Brighton & Hove Albion FC,Fulham FC,38,38,38,38,1.0,1.0,13.0,2.6,2.6,1.2,1.7377600000000002,1.70616,6.0,1.2,1.2,1.8,1.5485,1.68828,15.0,1.5,2.0,1.9,1.7569200000000003,1.7147999999999999,12.0,1.2,1.3,1.6,1.333,1.6167799999999999,1.8,2.0,1.6831800000000001,1.82714,1.2,1.4,1.36598,1.7631599999999998,82.95833333333333,82.95833333333333,0,0,0.0,0.0,0.0,0.0,0.0,0.0,1.3630686886708296,1.2949152542372881,0.8859946476360393,1.0904549509366637,2.0,0.5,0.0,3.5,1.0,1.0,1.4401,0.9029,1.0,D
fc1944f1-e50e-4224-800d-6454f4fa81c1,a65d12c5-6a14-4256-a365-c44d06424b70,2025,1,1,2025-08-16T14:00:00+00:00,076f94c9-341e-4294-a86a-076741505170,21ec0474-e758-4563-97a9-912aab00b4f5,Sunderland AFC,West Ham United FC,0,38,0,38,0.0,1.0,0.0,0.0,0.0,0.0,0.0,0.0,7.0,1.4,1.8,1.4,1.27416,1.49898,0.0,0.0,0.0,0.0,0.0,0.0,10.0,1.0,1.4,1.4,1.19754,1.4088100000000001,0.0,0.0,0.0,0.0,1.6,1.4,1.51304,1.40658,7.0,82.95833333333333,0,0,0.0,0.0,0.0,0.0,0.0,0.0,0.9208370436331257,0.9208370436331257,0.9549421193232412,0.9549421193232412,0.0,0.0,0.0,0.0,3.0,0.0,0.7244,0.5589,1.0,H
120ea4b5-0c0a-4854-9152-080424cfa230,db4342ca-6004-4900-a8f1-ca51ada350c8,2025,1,1,2025-08-16T14:00:00+00:00,c23d6b7a-dfaf-44a3-b016-1feb2dddec44,2d3435a0-e4e8-4097-a60c-2a0f92c3fede,Tottenham Hotspur FC,Burnley FC,38,0,38,0,1.0,0.0,1.0,0.2,0.6,2.8,0.90846,2.491,0.0,0.0,0.0,0.0,0.0,0.0,4.0,0.4,0.9,2.4,1.4033000000000002,1.8367,0.0,0.0,0.0,0.0,0.0,0.0,1.4,2.2,1.81208,2.1330400000000003,0.0,0.0,0.0,0.0,82.95833333333333,7.0,0,0,0.0,0.0,0.0,0.0,0.0,0.0,0.613854351687389,1.6369449378330374,0.9207815275310836,0.9207815275310836,0.0,0.0,0.0,0.0,3.0,0.0,1.9786,0.7341,1.0,H
5ad00edb-84c5-4df6-926d-1a015acc84c8,a89c1c0a-7c6c-4652-ac20-b2849f50ef1b,2025,1,1,2025-08-16T16:30:00+00:00,fbffa344-2426-4b4b-9886-b8cd56ec69a1,33d2f100-682f-4a5e-9aa3-5cc57e1e8571,Wolverhampton Wanderers FC,Manchester City FC,38,38,38,38,1.0,1.0,4.0,0.8,1.2,1.6,1.2942,1.39566,13.0,2.6,1.6,0.4,1.57268,1.15972,19.0,1.9,1.6,1.2,1.3342500000000002,1.3632,24.0,2.4,1.9,0.6,1.91265,1.14026,1.8,1.0,1.5506,1.55876,0.8,0.2,1.4665599999999999,0.9813000000000001,83.0625,83.0625,0,0,0.0,0.0,0.0,0.0,0.0,0.0,1.091231178033658,0.8184233835252435,1.2958370239149688,0.40921169176262173,2.0,0.0,0.0,2.0,0.0,4.0,0.5194,2.299,1.0,A
fd114dc4-c410-454b-b1d2-d1a7add97f8b,d42b61ca-130b-4e7c-a264-b2f8049f7289,2025,1,1,2025-08-17T13:00:00+00:00,5421e81a-b7dd-48b1-9982-42644e8dcf9f,66a313d1-2e21-49ad-a1c7-6f04cae6be69,Nottingham Forest FC,Brentford FC,38,38,38,38,1.0,1.0,5.0,1.0,1.0,1.4,1.36084,1.44992,10.0,2.0,2.0,1.4,2.1662399999999997,1.0496599999999998,14.0,1.4,1.3,1.3,1.05728,1.59336,18.0,1.8,1.8,1.3,1.88714,1.3028,0.6,1.2,0.99116,1.4372,1.2,0.8,1.38678,1.10602,83.91666666666667,83.91666666666667,0,0,0.0,0.0,0.0,0.0,0.0,0.0,0.8857899382171226,0.8857899382171226,1.226478375992939,0.8857899382171226,2.0,0.5,0.0,2.0,3.0,1.0,1.7555,1.3252,1.0,H
2b65058e-8934-4c15-88e3-ad08b2a6900a,f42cc2d0-1e5c-44af-90c4-f751c9a26e5d,2025,1,1,2025-08-17T13:00:00+00:00,1cb320b2-b42f-4131-8f5f-ef42e7f82540,74bd08fa-27db-4bb0-8490-f57f6ed6b8e9,Chelsea FC,Crystal Palace FC,38,38,38,38,1.0,1.0,12.0,2.4,1.2,0.6,1.5077,1.1863,9.0,1.8,2.0,1.2,2.386,1.34304,20.0,2.0,1.1,0.7,1.42665,1.13002,14.0,1.4,1.5,1.8,1.7363199999999999,1.62656,1.6,0.6,1.9590800000000002,1.13736,1.4,2.6,2.32374,2.31524,83.91666666666667,83.91666666666667,0,0,0.0,0.0,0.0,0.0,0.0,0.0,0.7488126649076517,0.47651715039577835,1.0211081794195251,1.2253298153034302,2.0,0.0,1.0,2.0,0.0,0.0,1.3679,1.0341,1.0,D
a8982215-74f8-4f42-85bd-f4cf0d919817,cd096c37-accd-4a6a-90e8-8acd3952d32b,2025,1,1,2025-08-17T15:30:00+00:00,48fc005c-cbfc-4e4d-b7f1-459dce6cf940,ead1bc2e-8799-410a-a809-66a274bbab2c,Manchester United FC,Arsenal FC,38,38,38,38,1.0,1.0,4.0,0.8,1.2,1.6,1.7315,1.59764,8.0,1.6,1.6,1.4,1.9462,1.90284,8.0,0.8,1.0,1.4,1.48228,1.33189,19.0,1.9,1.7,1.0,1.7712700000000001,1.3252599999999999,0.6,0.8,1.7919,1.04016,2.0,1.0,2.12836,1.21554,84.02083333333333,84.02083333333333,0,0,0.0,0.0,0.0,0.0,0.0,0.0,0.6824978012313105,0.9554969217238346,1.160246262093228,0.6824978012313105,2.0,0.0,0.5,2.0,0.0,1.0,1.3765,1.3304,1.0,A
25f27865-00a4-4c94-94cb-666ceaab441f,af9a2d7c-7c3d-48bc-8d20-e331b3de1f18,2025,1,1,2025-08-18T19:00:00+00:00,fe8b4d06-9254-4fc8-a08f-90f242e51751,60cb8be0-9c1e-4019-8b60-fd9ac2aa9f2d,Leeds United FC,Everton FC,0,38,0,38,0.0,1.0,0.0,0.0,0.0,0.0,0.0,0.0,10.0,2.0,1.6,0.8,1.3604,1.0659800000000001,0.0,0.0,0.0,0.0,0.0,0.0,15.0,1.5,1.1,0.9,1.21201,1.085,0.0,0.0,0.0,0.0,1.0,0.6,1.07982,0.97144,7.0,85.16666666666667,0,0,0.0,0.0,0.0,0.0,0.0,0.0,0.9229349736379615,0.9229349736379615,0.7520210896309316,0.6152899824253076,0.0,0.0,0.0,0.0,1.0,0.0,2.3812,0.6743,1.0,H
3f22d77d-c5cb-4a5f-ae49-cdd3730bee59,74fd6b67-2eec-4e99-84a5-a93dcdfd7db5,2025,2,2,2025-08-22T19:00:00+00:00,21ec0474-e758-4563-97a9-912aab00b4f5,1cb320b2-b42f-4131-8f5f-ef42e7f82540,West Ham United FC,Chelsea FC,39,39,38,38,1.0,1.0,7.0,1.4,1.4,1.4,1.13768,1.385,10.0,2.0,1.0,0.6,1.6276199999999998,1.20976,9.0,0.9,1.3,1.6,1.20183,1.36235,21.0,2.1,1.1,0.6,1.53484,1.1638600000000001,1.0,1.4,0.9436399999999999,1.4992,0.6,0.8,0.89422,1.12268,6.208333333333333,5.25,1,1,18.0,10.0,0.0,1.0,0.0,1.0,0.8902546093064092,1.0956979806848113,0.7532923617208078,0.4108867427568042,2.0,0.0,0.0,3.0,1.0,5.0,0.9786,3.95,1.0,A
5fe9279c-0db1-48bd-8772-f4800827d33c,2277fc66-dc83-4504-9562-e8b563386272,2025,2,2,2025-08-23T11:30:00+00:00,33d2f100-682f-4a5e-9aa3-5cc57e1e8571,c23d6b7a-dfaf-44a3-b016-1feb2dddec44,Manchester City FC,Tottenham Hotspur FC,39,39,38,38,1.0,1.0,13.0,2.6,2.0,0.2,1.7600200000000001,0.89178,4.0,0.8,1.0,1.8,1.20162,2.1356200000000003,26.0,2.6,2.1,0.4,1.93991,0.9810800000000001,7.0,0.7,1.2,2.2,1.46029,1.8061399999999999,2.6,0.8,2.0977,0.97728,0.8,2.6,0.9828800000000001,1.7774999999999999,6.791666666666667,6.895833333333333,1,1,2.0,4.0,3.0,3.0,3.0,3.0,1.434235807860262,0.2731877729257642,0.8195633187772925,1.502532751091703,2.0,0.5,0.0,2.5,0.0,2.0,1.2475,1.2802,1.0,A
bfcdfc27-1754-4153-bccc-ae51dac8a8f8,64879825-5623-411f-9c47-5b38a35b4a4e,2025,2,2,2025-08-23T14:00:00+00:00,6601a105-9986-4276-89bf-143cdf03198a,fbffa344-2426-4b4b-9886-b8cd56ec69a1,AFC Bournemouth,Wolverhampton Wanderers FC,39,39,38,38,1.0,1.0,6.0,1.2,1.4,1.8,1.5399999999999998,1.4526400000000002,1.0,0.2,0.6,2.4,0.8827400000000001,1.6455000000000002,12.0,1.2,1.2,1.4,1.47769,1.29038,16.0,1.6,1.4,1.5,1.3321200000000002,1.46489,1.0,0.8,1.6422599999999998,1.1351,1.4,1.4,1.1179000000000001,1.16764,7.791666666666667,6.895833333333333,1,1,16.0,19.0,0.0,0.0,0.0,0.0,0.8202266782911944,0.9569311246730601,0.9569311246730601,1.025283347863993,2.0,0.5,0.0,3.5,1.0,0.0,1.7846,0.3734,1.0,H
ab80a865-73f7-44ae-96d7-ae023d33ac12,a99d7e69-416f-4018-920a-ee302150b1bb,2025,2,2,2025-08-23T14:00:00+00:00,66a313d1-2e21-49ad-a1c7-6f04cae6be69,f8f456e7-3e20-4803-ba4e-b1762a31812c,Brentford FC,Aston Villa FC,39,39,38,38,1.0,1.0,7.0,1.4,1.8,2.0,2.12718,1.26664,10.0,2.0,0.8,0.4,0.9516600000000001,1.32242,15.0,1.5,1.7,1.5,1.85934,1.2756399999999999,22.0,2.2,1.7,0.6,1.6511099999999999,1.11842,2.0,1.8,2.1944,1.35344,1.6,0.8,1.5049199999999998,1.26358,6.041666666666667,7.104166666666667,1,1,17.0,14.0,0.0,1.0,0.0,1.0,1.1639372822299652,1.0270034843205575,1.1639372822299652,0.41080139372822294,2.0,0.0,0.0,2.5,1.0,0.0,1.1296,0.9769,1.0,H
4c553059-ba52-4740-b516-d594334b4981,ce662aae-0ea8-42d5-9145-d108491c4ab0,2025,2,2,2025-08-23T14:00:00+00:00,2d3435a0-e4e8-4097-a60c-2a0f92c3fede,076f94c9-341e-4294-a86a-076741505170,Burnley FC,Sunderland AFC,1,1,0,0,0.0,0.0,0.0,0.0,0.0,3.0,0.7341,1.9786,3.0,3.0,3.0,0.0,0.7244,0.5589,0.0,0.0,0.0,3.0,0.7341,1.9786,3.0,3.0,3.0,0.0,0.7244,0.5589,0.0,0.0,0.0,0.0,0.0,0.0,0.0,0.0,7.0,7.0,1,1,18.0,3.0,0.0,3.0,0.0,3.0,0.0,2.0574412532637076,2.0574412532637076,0.0,0.0,0.0,0.0,0.0,2.0,0.0,1.0038,1.1213,1.0,H
0227c1ea-753e-43b9-9910-e130803181c1,bde153fa-c6b5-4878-9ea5-ef411159e7ac,2025,2,2,2025-08-23T16:30:00+00:00,ead1bc2e-8799-410a-a809-66a274bbab2c,fe8b4d06-9254-4fc8-a08f-90f242e51751,Arsenal FC,Leeds United FC,39,1,38,0,1.0,0.0,10.0,2.0,1.4,1.0,1.8279800000000002,1.6771,3.0,3.0,1.0,0.0,2.3812,0.6743,19.0,1.9,1.7,1.0,1.83474,1.43431,3.0,3.0,1.0,0.0,2.3812,0.6743,1.4,1.2,1.6410399999999998,1.64,0.0,0.0,0.0,0.0,6.041666666666667,4.895833333333333,1,1,7.0,8.0,3.0,3.0,3.0,3.0,1.1668114682884447,0.6863596872284969,0.6863596872284969,0.0,0.0,0.0,0.0,0.0,5.0,0.0,2.7376,0.1568,1.0,H
2c9148f6-2f1b-4f1e-87a3-f369f7eb2ec8,2fc04ef3-5ec3-41b1-9679-677d8f1434f7,2025,2,2,2025-08-24T13:00:00+00:00,74bd08fa-27db-4bb0-8490-f57f6ed6b8e9,5421e81a-b7dd-48b1-9982-42644e8dcf9f,Crystal Palace FC,Nottingham Forest FC,39,39,38,38,1.0,1.0,9.0,1.8,1.6,0.8,2.09178,1.23232,8.0,1.6,1.6,1.2,1.57782,1.41086,14.0,1.4,1.4,1.7,1.74595,1.69462,14.0,1.4,1.2,1.2,1.1021100000000001,1.6738,1.6,0.8,1.5891,1.12698,2.0,1.4,1.1234,1.74952,7.0,7.0,1,1,14.0,6.0,1.0,3.0,1.0,3.0,0.9591695501730103,1.1647058823529413,0.8221453287197231,0.8221453287197231,2.0,0.0,0.5,1.5,1.0,1.0,1.1019,1.3299,1.0,D
7e4db815-8a6b-4efe-97f2-1f2225e9e1f7,9d742307-ca9f-4ff5-80ea-cec3fc207a6c,2025,2,2,2025-08-24T13:00:00+00:00,60cb8be0-9c1e-4019-8b60-fd9ac2aa9f2d,db14882b-951f-4db5-860b-4ca2b8583311,Everton FC,Brighton & Hove Albion FC,39,39,38,38,1.0,1.0,10.0,2.0,1.6,0.8,1.3119,1.38856,11.0,2.2,2.2,1.0,1.76692,1.63848,14.0,1.4,1.0,0.9,1.16054,1.27152,15.0,1.5,1.9,1.8,1.68981,1.60245,1.2,1.2,1.3442,1.19856,2.2,1.8,1.83066,1.60246,5.75,7.958333333333333,1,1,18.0,14.0,0.0,1.0,0.0,1.0,0.68566493955095,0.6170984455958549,1.3027633851468048,1.2341968911917098,2.0,0.5,0.0,2.0,2.0,0.0,1.8012,2.0849,1.0,H
9f793030-dbba-4da8-9673-b000fe43b6d3,99778466-c984-4904-8bf7-b20f888c3809,2025,2,2,2025-08-24T15:30:00+00:00,b552a1a6-4302-43ca-884c-0f91ac4f984b,48fc005c-cbfc-4e4d-b7f1-459dce6cf940,Fulham FC,Manchester United FC,39,39,38,38,1.0,1.0,4.0,0.8,1.0,1.8,1.32996,1.78918,3.0,0.6,1.0,1.6,1.62472,1.7417200000000002,10.0,1.0,1.2,1.7,1.31932,1.61992,5.0,0.5,0.7,1.5,1.50604,1.33447,1.4,1.8,1.30002,1.4704000000000002,1.0,2.2,1.2071,1.7287,8.0625,7.0,1,1,14.0,18.0,1.0,0.0,1.0,0.0,0.8234482758620689,1.1665517241379308,0.48034482758620684,1.0293103448275862,2.0,0.0,0.0,1.0,1.0,1.0,1.6533,1.546,1.0,D
098718f2-4d6b-4c01-bcf7-ce7051482661,60bac556-106c-4df6-8ac2-8d63d7085d09,2025,2,2,2025-08-25T19:00:00+00:00,c4045d6d-a715-4821-a800-cd9b505ad54b,54ed0f97-ad19-421c-a5c2-9b9d3fcbc72d,Newcastle United FC,Liverpool FC,39,39,38,38,1.0,1.0,5.0,1.0,0.6,0.6,1.6229,0.77706,5.0,1.0,2.0,2.2,2.29796,2.17454,17.0,1.7,1.9,0.8,2.19106,1.05829,17.0,1.7,2.1,1.6,2.26605,1.5634400000000002,2.8,0.4,2.38252,1.0017,1.6,1.8,2.24646,1.6479200000000003,9.3125,10.0,1,1,15.0,6.0,1.0,3.0,1.0,3.0,1.3048192771084337,0.5493975903614458,1.4421686746987952,1.0987951807228915,2.0,0.0,0.5,4.0,2.0,3.0,1.9634,0.6466,1.0,A
71d12150-6b57-4dc9-8708-87be0e465071,90ea7173-644a-4a05-b462-79b06ed02e31,2025,3,3,2025-08-30T11:30:00+00:00,1cb320b2-b42f-4131-8f5f-ef42e7f82540,b552a1a6-4302-43ca-884c-0f91ac4f984b,Chelsea FC,Fulham FC,40,40,38,38,1.0,1.0,10.0,2.0,1.4,0.6,1.71374,1.12014,5.0,1.0,1.2,1.8,1.52006,1.84036,21.0,2.1,1.5,0.7,1.7993999999999999,1.1214499999999998,11.0,1.1,1.2,1.6,1.34044,1.54433,1.4,0.6,1.97178,1.06364,1.2,1.2,1.25814,1.5908,7.6875,5.833333333333333,2,2,4.0,13.0,2.0,1.0,4.0,2.0,1.0282776349614395,0.47986289631533846,0.8226221079691517,1.0968294772922023,2.0,0.5,0.0,3.0,2.0,0.0,2.4324,0.7362,1.0,H
47cbdbeb-336d-45ec-9705-f6997e0004e1,77bdbdba-9db2-40c0-b055-3465b34ba0fb,2025,3,3,2025-08-30T14:00:00+00:00,076f94c9-341e-4294-a86a-076741505170,66a313d1-2e21-49ad-a1c7-6f04cae6be69,Sunderland AFC,Brentford FC,2,40,0,38,0.0,1.0,3.0,1.5,1.5,1.0,0.92285,0.78135,7.0,1.4,1.2,1.4,1.63562,1.23522,3.0,1.5,1.5,1.0,0.92285,0.78135,18.0,1.8,1.7,1.3,1.8191,1.14675,3.0,0.0,0.7244,0.5589,1.2,1.0,1.34542,1.00396,7.0,7.0,2,2,7.0,11.0,1.5,1.5,3.0,3.0,1.0290846877673225,0.6860564585115483,1.1662959794696321,0.8918733960650128,0.0,0.0,0.0,0.0,2.0,1.0,1.5713,1.446,1.0,H
9ef925e5-7ea8-4656-8441-dd910ba5fd76,47facabe-0684-4aa9-b717-9239f34a6fd8,2025,3,3,2025-08-30T14:00:00+00:00,48fc005c-cbfc-4e4d-b7f1-459dce6cf940,2d3435a0-e4e8-4097-a60c-2a0f92c3fede,Manchester United FC,Burnley FC,40,2,38,0,1.0,0.0,4.0,0.8,0.6,1.0,1.7071200000000002,1.3549,3.0,1.5,1.0,1.5,0.86895,1.54995,6.0,0.6,0.8,1.5,1.4739499999999999,1.44859,3.0,1.5,1.0,1.5,0.86895,1.54995,0.4,0.8,1.80498,0.94024,0.0,3.0,0.7341,1.9786,5.9375,7.0,2,2,16.0,10.0,0.5,1.5,1.0,3.0,0.5488054607508533,1.02901023890785,0.6860068259385665,1.02901023890785,0.0,0.0,0.0,0.0,3.0,2.0,4.0224,1.3262,1.0,H
d124d8e2-e857-4967-ad85-3f3ec79d6020,0efae387-2e86-4d50-865b-afb08b5cbb44,2025,3,3,2025-08-30T14:00:00+00:00,c23d6b7a-dfaf-44a3-b016-1feb2dddec44,6601a105-9986-4276-89bf-143cdf03198a,Tottenham Hotspur FC,AFC Bournemouth,40,40,38,38,1.0,1.0,6.0,1.2,1.2,1.6,1.28826,2.15478,6.0,1.2,1.2,1.6,1.6133600000000001,1.1163599999999998,10.0,1.0,1.4,2.1,1.44804,1.80045,15.0,1.5,1.2,1.2,1.45651,1.1864599999999998,1.6,1.8,1.9377,1.8347799999999999,1.4,2.0,1.31312,1.44566,7.104166666666667,7.0,2,1,3.0,10.0,3.0,1.5,6.0,3.0,0.9587085811384876,1.4380628717077315,0.8217502124044179,0.8217502124044179,2.0,0.0,0.5,2.5,0.0,1.0,0.1707,2.1201,1.0,A
7e5501e3-13ea-4d79-901c-9d1c3872b8c8,cd2a20f9-c882-45a1-9a18-bda8750967c7,2025,3,3,2025-08-30T14:00:00+00:00,fbffa344-2426-4b4b-9886-b8cd56ec69a1,60cb8be0-9c1e-4019-8b60-fd9ac2aa9f2d,Wolverhampton Wanderers FC,Everton FC,40,40,38,38,1.0,1.0,1.0,0.2,0.6,2.4,0.83292,1.83052,12.0,2.4,1.6,0.4,1.51044,1.5768400000000002,13.0,1.3,1.3,1.6,1.2591,1.4702899999999999,17.0,1.7,1.2,0.8,1.25835,1.35029,1.6,1.8,1.43376,1.67244,1.0,0.6,1.05006,1.18824,7.0,6.041666666666667,2,2,19.0,10.0,0.0,1.5,0.0,3.0,0.8916808149405773,1.097453310696095,0.8230899830220713,0.5487266553480475,2.0,0.0,0.5,3.0,2.0,3.0,0.9433,2.0379,1.0,A
09f41aab-a3d5-4158-8b48-9374bf5ab1f5,298c173c-18e1-4709-9c04-881dd4e74f6d,2025,3,3,2025-08-30T16:30:00+00:00,fe8b4d06-9254-4fc8-a08f-90f242e51751,c4045d6d-a715-4821-a800-cd9b505ad54b,Leeds United FC,Newcastle United FC,2,40,0,38,0.0,1.0,3.0,1.5,0.5,2.5,1.2690000000000001,1.70595,4.0,0.8,0.8,1.0,1.6880200000000003,0.7687999999999999,3.0,1.5,0.5,2.5,1.2690000000000001,1.70595,14.0,1.4,1.8,1.1,2.04329,1.08749,1.0,0.0,2.3812,0.6743,1.0,1.2,1.9996000000000003,1.1148799999999999,7.0,4.895833333333333,2,1,13.0,16.0,1.5,0.5,3.0,1.0,0.3423499577345731,1.7117497886728654,1.2324598478444633,0.7531699070160609,0.0,0.0,0.0,0.0,0.0,0.0,0.6773,0.3036,1.0,D
d60f8773-f576-42b8-8bb6-234a8d6318e3,753fc931-9a01-4f6d-93c0-2ded4c55b1fa,2025,3,3,2025-08-31T13:00:00+00:00,db14882b-951f-4db5-860b-4ca2b8583311,33d2f100-682f-4a5e-9aa3-5cc57e1e8571,Brighton & Hove Albion FC,Manchester City FC,40,40,38,38,1.0,1.0,10.0,2.0,2.0,1.2,2.04632,1.67116,10.0,2.0,1.8,0.6,1.83762,1.02332,15.0,1.5,1.9,1.7,1.8425,1.66185,23.0,2.3,1.9,0.6,1.8574899999999999,1.09863,2.0,1.6,1.8596,1.76628,1.6,0.0,1.7821200000000001,0.9848800000000001,7.0,8.0625,1,1,18.0,11.0,0.5,1.5,1.0,3.0,1.3041420118343194,1.1668639053254437,1.3041420118343194,0.4118343195266272,2.0,0.5,0.5,3.5,2.0,1.0,2.2086,2.1342,1.0,H
133ddc33-620e-494f-af15-4342fb1dca1c,1519aa2b-42ed-4962-9520-aecc6e6b7086,2025,3,3,2025-08-31T13:00:00+00:00,5421e81a-b7dd-48b1-9982-42644e8dcf9f,21ec0474-e758-4563-97a9-912aab00b4f5,Nottingham Forest FC,West Ham United FC,40,40,38,38,1.0,1.0,8.0,1.6,1.6,1.2,1.71644,1.16316,6.0,1.2,1.4,2.2,1.10306,2.0056000000000003,12.0,1.2,1.2,1.3,1.18389,1.5973000000000002,9.0,0.9,1.4,2.0,1.12663,1.64699,1.0,1.4,1.23984,1.32886,1.6,1.8,1.2787,1.33074,7.0,8.75,2,1,8.0,20.0,2.0,0.0,4.0,0.0,0.8236087689713323,0.8922428330522767,0.9608768971332209,1.3726812816188871,2.0,1.0,0.0,3.0,0.0,3.0,0.716,2.236,1.0,A
2f1328ff-121a-4ea2-a723-1f24abce7706,b886a409-4a7c-4704-b8f8-f20218f398d3,2025,3,3,2025-08-31T15:30:00+00:00,54ed0f97-ad19-421c-a5c2-9b9d3fcbc72d,ead1bc2e-8799-410a-a809-66a274bbab2c,Liverpool FC,Arsenal FC,40,40,38,38,1.0,1.0,8.0,1.6,2.4,2.0,2.14194,1.8633400000000002,13.0,2.6,2.2,0.6,1.96454,1.4249,17.0,1.7,2.3,1.8,2.20099,1.67747,19.0,1.9,2.0,0.9,1.8783100000000001,1.30578,2.8,1.4,2.18762,1.4308400000000001,2.0,0.8,2.0284400000000002,1.2286199999999998,5.854166666666667,7.958333333333333,1,2,4.0,2.0,3.0,3.0,6.0,6.0,1.5784693019343987,1.2353238015138772,1.3725820016820858,0.6176619007569386,2.0,0.0,1.0,4.0,1.0,0.0,0.4814,0.4857,1.0,H
b350826c-9335-4a54-a7fd-01ce2399c982,a3600042-d8eb-4dcb-9d06-7756727bfefc,2025,3,3,2025-08-31T18:00:00+00:00,f8f456e7-3e20-4803-ba4e-b1762a31812c,74bd08fa-27db-4bb0-8490-f57f6ed6b8e9,Aston Villa FC,Crystal Palace FC,40,40,38,38,1.0,1.0,7.0,1.4,0.6,0.6,0.88902,1.40778,9.0,1.8,1.6,0.8,1.84408,1.37094,19.0,1.9,1.4,0.7,1.62808,1.17558,12.0,1.2,1.3,1.7,1.81174,1.7003799999999998,1.8,0.4,1.7973,0.97326,1.0,1.6,2.26294,1.6693799999999999,8.166666666666666,7.208333333333333,1,1,19.0,16.0,0.5,1.0,1.0,2.0,0.9623529411764705,0.48117647058823526,0.8936134453781513,1.1685714285714286,2.0,0.0,0.5,4.5,0.0,3.0,1.2059,2.5971,1.0,A
cd33141f-84d4-4575-8156-5cf27bcf1e40,42af79d3-42d3-41d4-a795-8a7c363d2931,2025,4,4,2025-09-13T11:30:00+00:00,ead1bc2e-8799-410a-a809-66a274bbab2c,5421e81a-b7dd-48b1-9982-42644e8dcf9f,Arsenal FC,Nottingham Forest FC,41,41,38,38,1.0,1.0,12.0,2.4,1.8,0.4,1.62408,0.9718199999999999,7.0,1.4,1.2,1.4,1.5058200000000002,1.36446,18.0,1.8,1.9,0.9,1.78657,1.23104,12.0,1.2,1.1,1.4,1.1587200000000002,1.55755,2.0,1.0,1.72818,1.38294,1.4,1.2,1.1279400000000002,1.86574,12.833333333333334,12.9375,1,1,3.0,10.0,2.0,1.3333333333333333,6.0,4.0,1.305951383067896,0.6186085498742666,0.7560771165129926,0.9622799664710813,2.0,0.5,0.5,1.5,3.0,0.0,2.8817,0.2937,1.0,H
8e6542b4-fb38-4689-bd51-45cca79df61a,5cdfaceb-9991-4703-9268-51c49daa308c,2025,4,4,2025-09-13T14:00:00+00:00,6601a105-9986-4276-89bf-143cdf03198a,db14882b-951f-4db5-860b-4ca2b8583311,AFC Bournemouth,Brighton & Hove Albion FC,41,41,38,38,1.0,1.0,9.0,1.8,1.4,1.4,1.8328399999999998,0.92574,10.0,2.0,2.0,1.4,2.20554,1.9512,17.0,1.7,1.1,1.0,1.47365,1.11275,18.0,1.8,2.0,1.6,1.93613,1.8308699999999998,1.0,0.4,1.5998999999999999,0.9272600000000001,1.8,1.8,1.8254000000000001,1.55742,14.0,13.041666666666666,1,1,7.0,10.0,2.0,1.3333333333333333,6.0,4.0,0.7560200668896322,0.6872909698996655,1.374581939799331,1.099665551839465,2.0,0.0,0.0,3.0,2.0,1.0,1.4419,0.6249,1.0,H
b996a0a8-67ae-428a-ba78-cc481accd845,47182016-a2c6-4995-b5db-b7537fb9ea49,2025,4,4,2025-09-13T14:00:00+00:00,74bd08fa-27db-4bb0-8490-f57f6ed6b8e9,076f94c9-341e-4294-a86a-076741505170,Crystal Palace FC,Sunderland AFC,41,3,38,0,1.0,0.0,9.0,1.8,1.8,0.8,1.5664000000000002,1.45076,6.0,2.0,1.6666666666666667,1.0,1.139,1.0029000000000001,15.0,1.5,1.4,1.2,1.93764,1.36125,6.0,2.0,1.6666666666666667,1.0,1.139,1.0029000000000001,1.6,1.0,1.1817199999999999,1.0664,0.0,2.0,1.1213,1.0038,12.833333333333334,14.0,1,1,8.0,6.0,1.6666666666666667,2.0,5.0,6.0,0.9621351125938281,0.8246872393661384,1.1453989435640812,0.6872393661384487,0.0,0.0,0.0,0.0,0.0,0.0,1.7581,0.3541,1.0,D
385b1e48-5c58-4be3-9a1d-51993ddb5133,9ae6ecb8-8720-44dd-bc49-b82512de7f88,2025,4,4,2025-09-13T14:00:00+00:00,60cb8be0-9c1e-4019-8b60-fd9ac2aa9f2d,f8f456e7-3e20-4803-ba4e-b1762a31812c,Everton FC,Aston Villa FC,41,41,38,38,1.0,1.0,12.0,2.4,1.6,0.6,1.6528200000000002,1.52376,4.0,0.8,0.4,1.2,0.9054399999999999,1.72266,19.0,1.9,1.4,0.9,1.33926,1.30431,16.0,1.6,1.2,0.9,1.48532,1.3385200000000002,1.4,1.0,1.46664,1.51234,1.0,1.0,1.45886,1.3779,14.0,12.833333333333334,1,1,8.0,19.0,2.0,0.3333333333333333,6.0,1.0,0.9644703919933277,0.6200166805671393,0.8266889074228524,0.6200166805671393,2.0,0.0,0.0,3.0,0.0,0.0,1.8927,0.3543,1.0,D
7084dd59-14a7-4a7c-885b-310d2907bf4d,28186c1f-ae7f-4642-b23e-65e823ab4c8a,2025,4,4,2025-09-13T14:00:00+00:00,b552a1a6-4302-43ca-884c-0f91ac4f984b,fe8b4d06-9254-4fc8-a08f-90f242e51751,Fulham FC,Leeds United FC,41,3,38,0,1.0,0.0,5.0,1.0,1.0,1.6,1.42556,2.0616399999999997,4.0,1.3333333333333333,0.3333333333333333,1.6666666666666667,1.0717666666666668,1.2385,8.0,0.8,0.9,1.6,1.2413,1.64693,4.0,1.3333333333333333,0.3333333333333333,1.6666666666666667,1.0717666666666668,1.2385,1.2,2.0,1.42274,1.49786,0.0,5.0,0.1568,2.7376,14.104166666666666,13.895833333333334,0,1,18.0,12.0,0.6666666666666666,1.3333333333333333,2.0,4.0,0.6215179316096747,1.1049207673060886,0.23019182652210174,1.1509591326105089,0.0,0.0,0.0,0.0,1.0,0.0,1.1398,0.8304,1.0,H
95e4153a-7eed-4ef5-97e1-8adf1d498e04,d40b427e-c27e-44fe-ae4b-085735d2793a,2025,4,4,2025-09-13T14:00:00+00:00,c4045d6d-a715-4821-a800-cd9b505ad54b,fbffa344-2426-4b4b-9886-b8cd56ec69a1,Newcastle United FC,Wolverhampton Wanderers FC,41,41,38,38,1.0,1.0,2.0,0.4,0.4,1.0,1.4146800000000002,0.77498,1.0,0.2,1.0,2.6,0.87478,1.9556,12.0,1.2,1.4,1.0,1.8098199999999998,1.0765600000000002,10.0,1.0,1.3,1.8,1.07247,1.58684,2.4,0.8,2.24754,0.9737,1.0,1.4,1.08444,1.26814,13.895833333333334,14.0,1,1,18.0,20.0,0.6666666666666666,0.0,2.0,0.0,0.9683333333333333,0.6916666666666667,0.8991666666666667,1.245,2.0,1.0,0.0,3.0,1.0,0.0,1.1919,0.3759,1.0,H
8685d8d1-e517-4540-ad43-6ecce9b01529,8c56ae49-9e15-43d2-9db2-96cd5a7e6688,2025,4,4,2025-09-13T16:30:00+00:00,21ec0474-e758-4563-97a9-912aab00b4f5,c23d6b7a-dfaf-44a3-b016-1feb2dddec44,West Ham United FC,Tottenham Hotspur FC,41,41,38,38,1.0,1.0,6.0,1.2,1.6,2.2,1.11828,1.68622,6.0,1.2,1.2,1.4,1.16104,1.7817,11.0,1.1,1.5,1.8,1.25945,1.52372,7.0,0.7,1.1,2.1,1.20031,1.93442,1.2,2.2,0.97456,1.96324,1.2,2.4,0.95838,1.7661200000000001,13.145833333333334,14.104166666666666,1,0,18.0,7.0,1.0,2.0,3.0,6.0,1.0391340549542047,1.2469608659450457,0.7620316402997502,1.4547876769358867,2.0,0.0,0.5,3.5,0.0,3.0,0.7932,1.514,1.0,A
20e536ab-dc95-4a21-9996-9404cdf68c25,1884328f-cda9-4fcf-8aea-ef842bae6dd3,2025,4,4,2025-09-13T19:00:00+00:00,66a313d1-2e21-49ad-a1c7-6f04cae6be69,1cb320b2-b42f-4131-8f5f-ef42e7f82540,Brentford FC,Chelsea FC,41,41,38,38,1.0,1.0,4.0,0.8,1.2,1.8,1.66066,1.4060000000000001,13.0,2.6,1.8,0.2,2.07094,0.9333199999999999,17.0,1.7,1.8,1.5,1.82758,1.15605,23.0,2.3,1.7,0.7,1.89481,1.0589499999999998,2.2,1.6,2.29278,1.2895400000000001,1.6,0.8,1.62702,1.17926,14.208333333333334,14.3125,0,0,17.0,5.0,1.0,2.3333333333333335,3.0,7.0,1.2468438538205981,1.0390365448504983,1.1775747508305647,0.4848837209302326,2.0,0.0,0.5,1.5,2.0,2.0,1.1753,0.756,1.0,D
17b0cebd-2a78-4cef-9478-147e8b521d6a,8f65de9f-cdc5-4808-a392-0f9143db9b37,2025,4,4,2025-09-14T13:00:00+00:00,2d3435a0-e4e8-4097-a60c-2a0f92c3fede,54ed0f97-ad19-421c-a5c2-9b9d3fcbc72d,Burnley FC,Liverpool FC,3,41,0,38,0.0,1.0,3.0,1.0,1.3333333333333333,2.0,1.0213666666666665,2.3741,10.0,2.0,2.2,1.6,1.68886,1.52288,3.0,1.0,1.3333333333333333,2.0,1.0213666666666665,2.3741,20.0,2.0,2.2,1.5,2.10849,1.55328,2.0,0.0,1.0038,1.1213,1.8,2.2,2.21436,1.9241,14.958333333333334,13.895833333333334,0,1,17.0,3.0,1.0,3.0,3.0,9.0,0.922737306843267,1.3841059602649006,1.522516556291391,1.0380794701986755,0.0,0.0,0.0,0.0,0.0,1.0,0.168,2.7949,1.0,A
2e116a51-8cef-4bf5-a23a-5dc1b00532a8,811e523d-c3e7-4d0e-9b59-4ecbaadb61d1,2025,4,4,2025-09-14T15:30:00+00:00,33d2f100-682f-4a5e-9aa3-5cc57e1e8571,48fc005c-cbfc-4e4d-b7f1-459dce6cf940,Manchester City FC,Manchester United FC,41,41,38,38,1.0,1.0,9.0,1.8,2.0,1.0,1.94754,1.43764,7.0,1.4,1.2,1.0,2.04902,1.18816,22.0,2.2,2.0,0.8,2.00212,1.19617,8.0,0.8,1.1,1.7,1.7528700000000002,1.51242,2.2,1.2,1.9328600000000002,1.21238,1.2,2.2,1.14292,1.9569400000000001,14.104166666666666,15.0625,0,0,16.0,11.0,1.0,1.3333333333333333,3.0,4.0,1.3862696443341604,0.5545078577336643,0.7624483043837884,1.1783291976840364,2.0,0.0,0.5,1.5,3.0,0.0,1.9973,1.5192,1.0,H
ed8184cc-b35a-45ca-b080-de5b048ce446,2abed589-c4c5-4268-aea7-0c8add69c3c0,2025,5,5,2025-09-20T11:30:00+00:00,54ed0f97-ad19-421c-a5c2-9b9d3fcbc72d,60cb8be0-9c1e-4019-8b60-fd9ac2aa9f2d,Liverpool FC,Everton FC,42,42,38,38,1.0,1.0,13.0,2.6,2.0,1.0,1.63484,1.1209,10.0,2.0,1.2,0.6,1.49578,1.38456,20.0,2.0,2.1,1.4,2.24508,1.42348,17.0,1.7,1.3,0.9,1.40249,1.29735,2.6,1.2,1.9980999999999998,1.2347800000000002,1.4,1.0,1.20556,1.2921200000000002,5.9375,6.895833333333333,1,1,1.0,7.0,3.0,1.75,12.0,7.0,1.4554455445544556,0.9702970297029703,0.900990099009901,0.6237623762376238,2.0,0.5,0.5,2.5,2.0,1.0,1.0617,0.7214,1.0,H
637f2479-0262-4837-8c9a-d6ba216d50a1,0fd91135-b432-4bdc-a25d-cde0e76d5622,2025,5,5,2025-09-20T14:00:00+00:00,db14882b-951f-4db5-860b-4ca2b8583311,c23d6b7a-dfaf-44a3-b016-1feb2dddec44,Brighton & Hove Albion FC,Tottenham Hotspur FC,42,42,38,38,1.0,1.0,7.0,1.4,1.6,1.4,1.89494,1.62658,9.0,1.8,1.8,1.0,1.35924,1.6022200000000002,17.0,1.7,1.9,1.6,1.6288399999999998,1.77662,10.0,1.0,1.2,1.7,1.18882,1.79076,2.0,1.4,1.56176,1.7962399999999998,1.4,1.6,0.9353999999999999,1.4788000000000001,7.0,6.895833333333333,1,1,13.0,3.0,1.0,2.25,4.0,9.0,1.316707818930041,1.10880658436214,0.8316049382716049,1.1781069958847736,2.0,1.0,0.0,5.0,2.0,2.0,1.4047,1.1918,1.0,D
9a6e5098-d250-40d2-84f0-ee3221bd4698,dd063eca-6dcb-4f5a-b103-2a42a4277a1f,2025,5,5,2025-09-20T14:00:00+00:00,2d3435a0-e4e8-4097-a60c-2a0f92c3fede,5421e81a-b7dd-48b1-9982-42644e8dcf9f,Burnley FC,Nottingham Forest FC,4,42,0,38,0.0,1.0,3.0,0.75,1.0,1.75,0.808025,2.4793000000000003,4.0,0.8,0.8,1.8,1.13504,1.7707000000000002,3.0,0.75,1.0,1.75,0.808025,2.4793000000000003,12.0,1.2,1.1,1.6,1.1457000000000002,1.7196799999999999,1.0,0.5,0.5859,1.9581,1.2,1.4,0.99314,1.91538,6.041666666666667,7.104166666666667,1,1,17.0,15.0,0.75,1.0,3.0,4.0,0.6923707957342085,1.2116488925348647,0.7616078753076293,1.1077932731747335,0.0,0.0,0.0,0.0,1.0,1.0,1.1416,0.8308,1.0,D
34af18a2-8ca3-4b3d-a8ee-543e0d99f93d,753669d2-9c40-498a-a712-1d57c84048fe,2025,5,5,2025-09-20T14:00:00+00:00,fbffa344-2426-4b4b-9886-b8cd56ec69a1,fe8b4d06-9254-4fc8-a08f-90f242e51751,Wolverhampton Wanderers FC,Leeds United FC,42,4,38,0,1.0,0.0,1.0,0.2,0.6,2.0,0.66418,1.8570799999999998,4.0,1.0,0.25,1.5,1.011425,1.213825,7.0,0.7,0.9,1.7,0.8870800000000001,1.54314,4.0,1.0,0.25,1.5,1.011425,1.213825,1.2,2.0,1.17646,1.75424,0.0,3.0,0.49360000000000004,1.9386999999999999,7.0,7.0,1,1,20.0,17.0,0.0,1.0,0.0,4.0,0.6235872235872236,1.1778869778869778,0.17321867321867324,1.0393120393120394,0.0,0.0,0.0,0.0,1.0,3.0,1.5661,0.457,1.0,A
ef1e3974-b4b4-4899-bd98-c35bc0b717bd,14f7e425-be6e-41db-995f-252cf84a043a,2025,5,5,2025-09-20T14:00:00+00:00,21ec0474-e758-4563-97a9-912aab00b4f5,74bd08fa-27db-4bb0-8490-f57f6ed6b8e9,West Ham United FC,Crystal Palace FC,42,42,38,38,1.0,1.0,6.0,1.2,1.4,2.4,1.1068200000000001,1.5595,7.0,1.4,1.0,0.4,1.58112,1.2358,11.0,1.1,1.4,1.9,1.19217,1.5322200000000001,16.0,1.6,1.4,0.7,1.8759000000000001,1.16371,0.8,2.4,0.95164,1.8763,1.6,0.6,2.3072600000000003,1.44466,6.895833333333333,7.0,1,1,18.0,10.0,0.75,1.5,3.0,6.0,0.9691428571428571,1.3152653061224489,0.9691428571428571,0.48457142857142854,2.0,0.5,0.0,2.0,1.0,2.0,0.4664,2.3357,1.0,A
5e17b2f9-3fde-441d-b508-c6cb75666a9a,a00a73a4-50be-4eff-be21-5a5c1283e80b,2025,5,5,2025-09-20T16:30:00+00:00,48fc005c-cbfc-4e4d-b7f1-459dce6cf940,1cb320b2-b42f-4131-8f5f-ef42e7f82540,Manchester United FC,Chelsea FC,42,42,38,38,1.0,1.0,7.0,1.4,1.2,1.4,2.28534,1.32848,11.0,2.2,2.0,0.6,1.9629999999999999,1.10086,8.0,0.8,1.0,1.6,1.8261300000000003,1.44832,23.0,2.3,1.7,0.7,1.67965,1.0161799999999999,1.0,1.2,2.36282,1.0679,2.0,1.2,1.4825599999999999,1.14208,6.041666666666667,6.895833333333333,1,1,17.0,6.0,1.0,2.0,4.0,8.0,0.6921824104234527,1.1074918566775245,1.1767100977198697,0.4845276872964169,2.0,0.0,0.5,1.5,2.0,1.0,1.3446,0.4698,1.0,H
260c16de-97ad-4a33-8d57-0911add67407,77861cda-9a29-49c0-9ed4-b82463e7f926,2025,5,5,2025-09-20T19:00:00+00:00,b552a1a6-4302-43ca-884c-0f91ac4f984b,66a313d1-2e21-49ad-a1c7-6f04cae6be69,Fulham FC,Brentford FC,42,42,38,38,1.0,1.0,5.0,1.0,0.6,1.2,1.33004,1.74162,5.0,1.0,1.2,1.6,1.4096199999999999,1.23372,11.0,1.1,1.0,1.5,1.24808,1.5442,17.0,1.7,1.9,1.6,1.88625,1.1549099999999999,0.8,1.6,1.30518,1.38266,1.2,1.2,1.5169000000000001,1.1647399999999999,7.208333333333333,7.0,1,1,13.0,16.0,1.25,1.0,5.0,4.0,0.6921202274573517,1.0381803411860275,1.3150284321689683,1.1073923639317629,2.0,1.0,0.0,4.0,3.0,1.0,1.5243,0.8266,1.0,H
25b0fa4b-1ab6-4bc7-b345-31b5ebea66fa,719b5a32-d012-4a78-bf12-0f9745f82f0a,2025,5,5,2025-09-21T13:00:00+00:00,6601a105-9986-4276-89bf-143cdf03198a,c4045d6d-a715-4821-a800-cd9b505ad54b,AFC Bournemouth,Newcastle United FC,42,42,38,38,1.0,1.0,12.0,2.4,1.6,1.0,1.92882,0.7311599999999999,5.0,1.0,0.6,0.8,1.2038,0.6182399999999999,17.0,1.7,1.2,1.1,1.43207,1.06804,12.0,1.2,1.0,1.0,1.69606,0.8766,1.2,0.6,1.51674,0.8378399999999999,0.4,1.2,1.3721,1.17942,7.958333333333333,7.958333333333333,1,1,5.0,13.0,2.25,1.25,9.0,5.0,0.8297975708502024,0.7606477732793523,0.691497975708502,0.691497975708502,2.0,0.5,0.5,3.5,0.0,0.0,0.5507,0.1536,1.0,D
8e18e53b-7e49-49d7-8195-a3b1c638600d,bd332e42-3b62-4165-baaf-e37bfd5efdf2,2025,5,5,2025-09-21T13:00:00+00:00,076f94c9-341e-4294-a86a-076741505170,f8f456e7-3e20-4803-ba4e-b1762a31812c,Sunderland AFC,Aston Villa FC,4,42,0,38,0.0,1.0,7.0,1.75,1.25,0.75,0.942775,1.1917,2.0,0.4,0.0,1.2,0.63818,1.9966000000000002,7.0,1.75,1.25,0.75,0.942775,1.1917,14.0,1.4,0.9,0.9,1.22082,1.48656,2.5,0.5,1.14785,1.00245,0.4,1.0,0.92986,1.6739799999999998,7.958333333333333,7.958333333333333,1,1,8.0,19.0,1.75,0.5,7.0,2.0,0.8663967611336032,0.5198380566801619,0.6238056680161943,0.6238056680161943,0.0,0.0,0.0,0.0,1.0,1.0,0.9383,0.9394,1.0,D
e0c3311b-2c43-4ab8-9609-17baebd33741,52945b1c-ee61-4d7c-9ab2-740561132b5c,2025,5,5,2025-09-21T15:30:00+00:00,ead1bc2e-8799-410a-a809-66a274bbab2c,33d2f100-682f-4a5e-9aa3-5cc57e1e8571,Arsenal FC,Manchester City FC,42,42,38,38,1.0,1.0,12.0,2.4,2.2,0.4,1.9685,0.5812999999999999,9.0,1.8,2.0,0.8,2.02744,1.54908,20.0,2.0,2.1,0.8,1.998,1.20155,22.0,2.2,1.8,0.6,1.74213,1.21428,2.4,0.8,2.15104,1.32396,1.8,0.4,2.07138,1.17996,8.166666666666666,7.0,1,1,4.0,12.0,2.25,1.5,9.0,6.0,1.4565885206143896,0.554890864995958,1.2485044462409054,0.41616814874696845,2.0,0.5,0.5,5.0,1.0,1.0,0.7186,1.1227,1.0,D
196fbef6-94e4-46af-9630-12d501dbcf7a,799f6cc5-aee8-4726-ab8e-095786c08f6c,2025,6,6,2025-09-27T11:30:00+00:00,66a313d1-2e21-49ad-a1c7-6f04cae6be69,48fc005c-cbfc-4e4d-b7f1-459dce6cf940,Brentford FC,Manchester United FC,43,43,38,38,1.0,1.0,4.0,0.8,1.2,2.0,1.18054,1.3168,7.0,1.4,1.2,1.6,1.96174,1.3554,14.0,1.4,1.6,1.7,1.67339,1.18323,11.0,1.1,1.2,1.6,1.8466200000000002,1.47652,2.6,2.0,2.2556000000000003,1.1450799999999999,1.0,2.0,1.2894400000000001,1.8287400000000003,6.6875,6.791666666666667,2,2,17.0,11.0,0.8,1.4,4.0,7.0,1.1105730427764327,1.1799838579499595,0.8329297820823245,1.1105730427764327,2.0,0.5,0.0,5.0,3.0,1.0,2.7873,2.2361,1.0,H
5f2c35b4-1fd1-4df2-8733-bd6552e456e5,a346f9f8-9027-4b85-b96e-0104062090d7,2025,6,6,2025-09-27T14:00:00+00:00,74bd08fa-27db-4bb0-8490-f57f6ed6b8e9,54ed0f97-ad19-421c-a5c2-9b9d3fcbc72d,Crystal Palace FC,Liverpool FC,43,43,38,38,1.0,1.0,9.0,1.8,1.2,0.4,1.76538,0.9448399999999999,15.0,3.0,2.2,1.0,1.4629400000000001,0.9823000000000001,18.0,1.8,1.6,0.8,2.0756900000000003,1.14394,20.0,2.0,2.2,1.5,1.89854,1.4724,1.2,0.8,1.44454,0.88276,1.6,1.6,2.49206,1.61218,7.0,7.104166666666667,2,2,5.0,1.0,1.8,3.0,9.0,15.0,1.1095736122284796,0.5547868061142398,1.5256637168141596,1.0402252614641996,2.0,0.0,0.5,1.5,2.0,1.0,3.5332,3.1018,1.0,H
b08cb4da-334e-488c-92cc-9997d773c440,01775327-8ade-4d67-ab57-ff246c6f9ab0,2025,6,6,2025-09-27T14:00:00+00:00,1cb320b2-b42f-4131-8f5f-ef42e7f82540,db14882b-951f-4db5-860b-4ca2b8583311,Chelsea FC,Brighton & Hove Albion FC,43,43,38,38,1.0,1.0,8.0,1.6,2.0,1.0,1.79522,1.05376,5.0,1.0,1.2,1.6,1.55264,1.4944,20.0,2.0,1.6,0.8,1.6514600000000002,1.12003,18.0,1.8,1.9,1.4,1.6452000000000002,1.6002800000000001,1.4,0.2,1.8767399999999999,0.89028,1.8,1.8,1.6959200000000003,1.7570000000000001,6.895833333333333,7.0,2,2,6.0,15.0,1.6,1.0,8.0,5.0,1.1094703049759231,0.5547351524879616,1.3174959871589085,0.9707865168539326,2.0,0.5,0.0,4.5,1.0,3.0,2.0265,2.4751,1.0,A
d83c8d47-5242-4279-a93e-2ebe012666f8,47fef256-3307-48bf-b378-51af95d18edd,2025,6,6,2025-09-27T14:00:00+00:00,fe8b4d06-9254-4fc8-a08f-90f242e51751,6601a105-9986-4276-89bf-143cdf03198a,Leeds United FC,AFC Bournemouth,5,43,0,38,0.0,1.0,7.0,1.4,0.8,1.4,0.90054,1.28428,10.0,2.0,1.2,1.0,1.49406,0.73054,7.0,1.4,0.8,1.4,0.90054,1.28428,17.0,1.7,1.2,1.1,1.42073,1.04962,0.5,0.0,1.5292500000000002,0.48895,1.2,1.6,1.3474,1.29824,7.0,6.041666666666667,2,2,13.0,5.0,1.4,2.0,7.0,10.0,0.5542400000000001,0.96992,0.83136,0.7620800000000001,0.0,0.0,0.0,0.0,2.0,2.0,2.0473,1.0603,1.0,D
6b33a49b-1913-4e1e-9106-486f557abb88,1c119c63-e86c-4f5e-a510-1f6f28c5710d,2025,6,6,2025-09-27T14:00:00+00:00,33d2f100-682f-4a5e-9aa3-5cc57e1e8571,2d3435a0-e4e8-4097-a60c-2a0f92c3fede,Manchester City FC,Burnley FC,43,5,38,0,1.0,0.0,7.0,1.4,1.8,1.0,1.7601399999999998,1.2492,4.0,0.8,1.0,1.6,0.8747400000000001,2.1496000000000004,20.0,2.0,1.7,0.7,1.6664100000000002,1.20446,4.0,0.8,1.0,1.6,0.8747400000000001,2.1496000000000004,1.8,0.8,1.41288,1.2486000000000002,1.0,3.0,1.03015,3.0005,5.9375,7.0,2,2,11.0,17.0,1.4,0.8,7.0,4.0,1.1767145135566188,0.48452950558213714,0.6921850079744817,1.1074960127591706,0.0,0.0,0.0,0.0,5.0,1.0,3.2213,0.5095,1.0,H
18160102-1c73-4efb-87a5-3c7b0568b848,acc95380-a415-4a3d-b7f8-e8018172f420,2025,6,6,2025-09-27T16:30:00+00:00,5421e81a-b7dd-48b1-9982-42644e8dcf9f,076f94c9-341e-4294-a86a-076741505170,Nottingham Forest FC,Sunderland AFC,43,5,38,0,1.0,0.0,5.0,1.0,1.0,1.8,0.9851800000000001,1.7372800000000002,8.0,1.6,1.2,0.8,0.9418799999999999,1.14124,10.0,1.0,1.0,1.6,1.17301,1.5936,8.0,1.6,1.2,0.8,0.9418799999999999,1.14124,1.0,1.8,1.29826,1.5239800000000001,0.0,1.0,0.7377,1.38095,7.104166666666667,6.145833333333333,1,1,16.0,8.0,1.0,1.6,5.0,8.0,0.6904761904761905,1.1047619047619048,0.8285714285714285,0.5523809523809524,0.0,0.0,0.0,0.0,0.0,1.0,1.4203,1.9415,1.0,A
c90dd261-158a-4487-873c-a59e86b15f2c,f8955ed9-5428-49d2-85f4-e2ed082bf3a9,2025,6,6,2025-09-27T19:00:00+00:00,c23d6b7a-dfaf-44a3-b016-1feb2dddec44,fbffa344-2426-4b4b-9886-b8cd56ec69a1,Tottenham Hotspur FC,Wolverhampton Wanderers FC,43,43,38,38,1.0,1.0,10.0,2.0,2.0,0.6,1.22706,1.25992,0.0,0.0,0.6,2.4,0.7556200000000001,1.55408,11.0,1.1,1.3,1.7,1.06776,1.87546,4.0,0.4,0.9,2.0,1.02491,1.47487,1.0,1.8,1.44224,2.10272,0.6,1.4,0.5977,1.33204,7.208333333333333,7.208333333333333,1,1,7.0,20.0,2.0,0.0,10.0,0.0,0.8989690721649485,1.175574940523394,0.6223632038065028,1.3830293417922284,2.0,0.0,0.5,5.0,1.0,1.0,0.8187,1.1595,1.0,D
326ad23e-2aa0-471b-bab9-29fcdf7d7ee5,c0aeb292-fcd1-4d48-8793-34981922db82,2025,6,6,2025-09-28T13:00:00+00:00,f8f456e7-3e20-4803-ba4e-b1762a31812c,b552a1a6-4302-43ca-884c-0f91ac4f984b,Aston Villa FC,Fulham FC,43,43,38,38,1.0,1.0,3.0,0.6,0.2,1.0,0.75902,1.5917400000000002,8.0,1.6,1.2,1.0,1.1913,1.4151,12.0,1.2,0.6,0.9,1.00939,1.45321,14.0,1.4,1.2,1.4,1.3699,1.55169,1.4,0.8,1.5117800000000001,1.29914,1.2,1.4,1.1909800000000001,1.70574,7.0,7.75,1,1,18.0,9.0,0.6,1.6,3.0,8.0,0.4152019002375297,0.6228028503562946,0.8304038004750594,0.9688044338875692,2.0,1.0,0.0,2.5,3.0,1.0,1.3658,0.9526,1.0,H
05c025c7-7740-42ee-802d-063e4a4e4d37,c9773aef-ec90-40b1-a42a-9f65e5132ee6,2025,6,6,2025-09-28T15:30:00+00:00,c4045d6d-a715-4821-a800-cd9b505ad54b,ead1bc2e-8799-410a-a809-66a274bbab2c,Newcastle United FC,Arsenal FC,43,43,38,38,1.0,1.0,6.0,1.2,0.6,0.6,1.0027,0.5138199999999999,10.0,2.0,2.0,0.4,1.6308,0.68622,13.0,1.3,0.9,0.6,1.5842399999999999,0.6263,18.0,1.8,1.8,0.9,1.7885000000000002,1.29453,1.6,0.8,2.0200199999999997,0.57378,1.8,0.8,1.84496,1.07914,7.104166666666667,7.0,1,1,15.0,7.0,1.2,2.0,6.0,10.0,0.6222573007103394,0.41483820047355957,1.2445146014206787,0.6222573007103394,2.0,0.5,0.0,1.0,1.0,2.0,0.7399,2.0705,1.0,A
313936d7-70ca-46ff-8c5f-5fd0c7954586,3f085add-65f8-4dc2-98b6-93e8be2c6317,2025,6,6,2025-09-29T19:00:00+00:00,60cb8be0-9c1e-4019-8b60-fd9ac2aa9f2d,21ec0474-e758-4563-97a9-912aab00b4f5,Everton FC,West Ham United FC,43,43,38,38,1.0,1.0,7.0,1.4,1.2,1.0,1.4255,1.36508,3.0,0.6,1.0,2.6,1.00662,1.84802,17.0,1.7,1.4,0.9,1.3929500000000001,1.21553,10.0,1.0,1.4,2.0,1.14039,1.6735,1.2,0.8,1.5994199999999998,1.30258,2.0,1.4,1.4327,1.18814,9.3125,9.208333333333334,1,1,12.0,19.0,1.4,0.6,7.0,3.0,0.9678740157480314,0.6222047244094489,0.9678740157480314,1.3826771653543306,2.0,0.0,1.0,1.0,1.0,1.0,0.9097,0.7758,1.0,D
7d0f454c-1e3c-42c7-bb78-92963e6b0beb,83a5a3c8-794e-43b1-890a-5e9a6a4cdefa,2025,7,7,2025-10-03T19:00:00+00:00,6601a105-9986-4276-89bf-143cdf03198a,b552a1a6-4302-43ca-884c-0f91ac4f984b,AFC Bournemouth,Fulham FC,44,44,38,38,1.0,1.0,11.0,2.2,1.2,0.6,1.3915199999999999,0.67398,7.0,1.4,1.2,1.4,1.2012399999999999,1.40024,17.0,1.7,1.3,1.2,1.46576,1.06331,11.0,1.1,1.1,1.6,1.2656,1.5947099999999998,1.0,0.4,1.50488,0.48647999999999997,1.0,1.8,0.98238,1.79178,6.208333333333333,5.25,2,2,6.0,11.0,1.8333333333333333,1.3333333333333333,11.0,8.0,0.89937106918239,0.830188679245283,0.7610062893081762,1.1069182389937107,2.0,0.5,0.5,2.5,3.0,1.0,1.3346,0.8434,1.0,H
aaa67f13-a0f5-48a6-b519-ad0137e3be80,57cc6b73-ab1f-4639-88d9-11077dfd7f1c,2025,7,7,2025-10-04T11:30:00+00:00,fe8b4d06-9254-4fc8-a08f-90f242e51751,c23d6b7a-dfaf-44a3-b016-1feb2dddec44,Leeds United FC,Tottenham Hotspur FC,6,44,0,38,0.0,1.0,5.0,1.0,1.0,1.8,0.8337600000000001,1.36148,8.0,1.6,1.6,0.8,0.99508,1.345,8.0,1.3333333333333333,1.0,1.5,1.0916666666666666,1.24695,12.0,1.2,1.3,1.3,1.09835,1.7403099999999998,1.0,0.6666666666666666,1.7019333333333335,0.6793999999999999,1.6,1.0,1.0712,1.25754,6.895833333333333,6.6875,2,2,12.0,5.0,1.3333333333333333,1.8333333333333333,8.0,11.0,0.6912225705329154,1.036833855799373,0.89858934169279,0.89858934169279,0.0,0.0,0.0,0.0,1.0,2.0,1.4805,0.6882,1.0,A
a3b55d5e-1992-4001-be4e-0399dc757cbb,fc328e44-b8ff-4f2b-b08a-b7c70e097444,2025,7,7,2025-10-04T14:00:00+00:00,ead1bc2e-8799-410a-a809-66a274bbab2c,21ec0474-e758-4563-97a9-912aab00b4f5,Arsenal FC,West Ham United FC,44,44,38,38,1.0,1.0,10.0,2.0,2.2,0.6,1.77882,0.5589000000000001,4.0,0.8,1.2,2.2,1.05,1.8850799999999999,20.0,2.0,1.8,0.8,1.8034,1.1179999999999999,11.0,1.1,1.3,1.8,1.09384,1.63504,2.2,0.6,1.91046,1.04746,1.8,1.0,1.3396000000000001,1.1112199999999999,5.9375,4.791666666666667,2,2,4.0,19.0,2.1666666666666665,0.6666666666666666,13.0,4.0,1.244096950742768,0.5529319781078968,0.8985144644253323,1.244096950742768,2.0,0.5,0.0,4.0,2.0,0.0,3.0585,0.8645,1.0,H
7a823d58-9ba6-42ae-84d5-dd3dd741b3c9,5fa4b36f-d71c-4920-a7c4-12e2c164e15d,2025,7,7,2025-10-04T14:00:00+00:00,48fc005c-cbfc-4e4d-b7f1-459dce6cf940,076f94c9-341e-4294-a86a-076741505170,Manchester United FC,Sunderland AFC,44,6,38,0,1.0,0.0,7.0,1.4,1.4,2.0,2.13366,1.6467800000000001,8.0,1.6,0.8,0.8,1.1853,1.31352,10.0,1.0,1.2,1.8,1.8791900000000001,1.6942499999999998,11.0,1.8333333333333333,1.1666666666666667,0.6666666666666666,1.1084833333333333,1.18775,1.4,1.2,2.4038,1.1243,0.3333333333333333,0.6666666666666666,1.1389666666666667,1.3940666666666666,7.104166666666667,6.895833333333333,2,2,14.0,6.0,1.1666666666666667,1.8333333333333333,7.0,11.0,0.8299765807962529,1.2449648711943795,0.8069216757741349,0.4610981004423627,0.0,0.0,0.0,0.0,2.0,0.0,1.9298,0.8071,1.0,H
f9811229-beee-47e8-b9eb-4cc6526be261,c860fd81-c46a-46aa-a2e6-dfda16db11d1,2025,7,7,2025-10-04T16:30:00+00:00,1cb320b2-b42f-4131-8f5f-ef42e7f82540,54ed0f97-ad19-421c-a5c2-9b9d3fcbc72d,Chelsea FC,Liverpool FC,44,44,38,38,1.0,1.0,7.0,1.4,2.2,1.6,1.92694,1.3419599999999998,12.0,2.4,1.6,1.0,1.6172799999999998,1.37434,17.0,1.7,1.6,1.1,1.77728,1.27586,17.0,1.7,1.8,1.6,1.95762,1.7744399999999998,1.4,0.8,2.12838,1.20194,1.6,2.0,2.207,2.27238,7.104166666666667,7.104166666666667,2,1,9.0,2.0,1.3333333333333333,2.5,8.0,15.0,1.1074045206547156,0.7613406079501169,1.245830085736555,1.1074045206547156,2.0,0.5,0.0,3.5,2.0,1.0,1.2372,2.0598,1.0,H
2c18aaa0-0e25-4899-a829-8ac9cfc0797f,f98dd4e8-01d3-49d4-91ab-348da2176f07,2025,7,7,2025-10-05T13:00:00+00:00,60cb8be0-9c1e-4019-8b60-fd9ac2aa9f2d,74bd08fa-27db-4bb0-8490-f57f6ed6b8e9,Everton FC,Crystal Palace FC,44,44,38,38,1.0,1.0,8.0,1.6,1.4,1.0,1.47258,1.044,11.0,2.2,1.6,0.6,2.2652,1.29162,18.0,1.8,1.5,0.9,1.39224,1.21628,20.0,2.0,1.6,0.7,2.17849,1.26197,1.4,0.6,1.6179999999999999,1.08176,1.6,0.4,2.2733600000000003,1.15364,5.75,7.958333333333333,1,1,10.0,5.0,1.3333333333333333,2.0,8.0,12.0,1.0381026438569207,0.6228615863141524,1.1073094867807154,0.48444790046656294,2.0,1.0,0.0,3.0,2.0,1.0,2.1388,2.1779,1.0,H
1261e14e-cb0a-4cdd-b3b4-823f1fdc5c22,aeb5b53e-80e9-462c-bd27-889c7bbca140,2025,7,7,2025-10-05T13:00:00+00:00,c4045d6d-a715-4821-a800-cd9b505ad54b,5421e81a-b7dd-48b1-9982-42644e8dcf9f,Newcastle United FC,Nottingham Forest FC,44,44,38,38,1.0,1.0,5.0,1.0,0.8,1.0,0.87048,0.8642,2.0,0.4,0.4,1.8,0.91814,1.8605399999999999,10.0,1.0,0.7,0.8,1.24669,0.8206300000000001,10.0,1.0,1.0,1.5,1.24798,1.6357,1.2,1.2,1.34492,0.96244,1.0,1.4,1.04776,1.6632200000000001,6.895833333333333,7.854166666666667,2,1,15.0,17.0,1.0,0.8333333333333334,6.0,5.0,0.48440651667959655,0.5536074476338247,0.6920093095422808,1.0380139643134212,2.0,1.0,0.0,5.5,2.0,0.0,3.8166,0.3377,1.0,H
0514d037-4571-40a2-bae4-0a320766764e,43c62854-001e-4c7f-864f-289e50f89c2b,2025,7,7,2025-10-05T13:00:00+00:00,fbffa344-2426-4b4b-9886-b8cd56ec69a1,db14882b-951f-4db5-860b-4ca2b8583311,Wolverhampton Wanderers FC,Brighton & Hove Albion FC,44,44,38,38,1.0,1.0,1.0,0.2,0.8,1.8,0.88364,1.25802,7.0,1.4,1.6,1.6,1.7596399999999999,1.7191199999999998,2.0,0.2,0.7,2.1,0.8831900000000001,1.45176,18.0,1.8,1.9,1.3,1.76328,1.6788,0.8,2.6,0.97434,1.63568,2.0,1.2,1.94272,1.57126,7.75,7.958333333333333,1,1,20.0,12.0,0.16666666666666666,1.3333333333333333,1.0,8.0,0.4847405112316034,1.4542215336948103,1.315724244771495,0.9002323780015492,2.0,0.0,0.5,3.0,1.0,1.0,0.3694,1.3916,1.0,D
186063c3-5893-4986-9788-a6f0348c5064,243aac0a-5bf1-45f8-9376-5bf95073b006,2025,7,7,2025-10-05T13:00:00+00:00,f8f456e7-3e20-4803-ba4e-b1762a31812c,2d3435a0-e4e8-4097-a60c-2a0f92c3fede,Aston Villa FC,Burnley FC,44,6,38,0,1.0,0.0,5.0,1.0,0.8,1.2,0.96846,1.50206,4.0,0.8,1.2,2.0,0.82982,2.39814,15.0,1.5,0.8,0.8,0.96006,1.4122400000000002,4.0,0.6666666666666666,1.0,2.1666666666666665,0.8138666666666666,2.3282166666666666,1.2,0.8,1.1742000000000001,1.2353,1.0,3.6666666666666665,0.8565999999999999,3.0741,7.0,7.958333333333333,2,1,16.0,18.0,1.0,0.6666666666666666,6.0,4.0,0.554369682907966,0.554369682907966,0.6929621036349575,1.5014178912090743,0.0,0.0,0.0,0.0,2.0,1.0,1.7357,0.5023,1.0,H
cd6f2cea-394e-44c7-b5b6-0f4023a2bec4,9dbb5db2-48bd-461a-8cef-07a1344477e7,2025,7,7,2025-10-05T15:30:00+00:00,66a313d1-2e21-49ad-a1c7-6f04cae6be69,33d2f100-682f-4a5e-9aa3-5cc57e1e8571,Brentford FC,Manchester City FC,44,44,38,38,1.0,1.0,7.0,1.4,1.6,1.6,1.47296,1.41292,7.0,1.4,2.0,1.2,1.9445999999999999,1.24722,14.0,1.4,1.7,1.8,1.8000699999999998,1.33978,20.0,2.0,2.0,0.7,1.85231,1.0695000000000001,2.4,1.8,2.2220199999999997,1.34408,1.6,0.6,1.91994,1.16032,8.166666666666666,8.0625,1,2,16.0,9.0,1.1666666666666667,1.6666666666666667,7.0,10.0,1.1779320987654323,1.2472222222222222,1.3858024691358026,0.4850308641975309,2.0,0.0,0.5,3.5,0.0,1.0,0.6938,1.0965,1.0,A
8a2d2321-b935-4916-9a34-f5e1f3bb01ba,8533b354-5791-4fcd-ae32-c6e26a8745e2,2025,8,8,2025-10-18T11:30:00+00:00,5421e81a-b7dd-48b1-9982-42644e8dcf9f,1cb320b2-b42f-4131-8f5f-ef42e7f82540,Nottingham Forest FC,Chelsea FC,45,45,38,38,1.0,1.0,1.0,0.2,0.2,2.0,0.7197,2.40348,7.0,1.4,1.6,1.6,1.38438,1.5582,9.0,0.9,0.9,1.6,1.21807,1.7833200000000002,17.0,1.7,1.5,1.1,1.54906,1.33917,1.0,1.6,1.4482,1.6081800000000002,1.8,1.4,1.42618,1.34978,12.9375,13.791666666666666,1,1,17.0,7.0,0.7142857142857143,1.5714285714285714,5.0,11.0,0.6245181187355436,1.1102544333076332,1.040863531225906,0.7632999228989978,2.0,0.0,0.5,1.5,0.0,3.0,2.0555,2.5583,1.0,A
3dc38246-63c1-4bb6-8906-3a948be760f0,5e5a77b7-b7b0-4dd5-834f-830693867584,2025,8,8,2025-10-18T14:00:00+00:00,db14882b-951f-4db5-860b-4ca2b8583311,c4045d6d-a715-4821-a800-cd9b505ad54b,Brighton & Hove Albion FC,Newcastle United FC,45,45,38,38,1.0,1.0,8.0,1.6,1.8,1.4,1.62098,1.43276,8.0,1.6,0.8,0.4,1.24112,0.80242,18.0,1.8,1.9,1.3,1.83365,1.55196,12.0,1.2,0.8,0.7,1.46457,0.7856099999999999,1.8,1.4,1.58384,1.7863399999999998,0.2,0.4,1.14846,0.67882,13.041666666666666,13.041666666666666,1,1,12.0,11.0,1.2857142857142858,1.2857142857142858,9.0,9.0,1.3183076923076924,0.902,0.5550769230769231,0.4856923076923077,2.0,0.5,0.5,1.5,2.0,1.0,0.8571,1.2831,1.0,H
a91323bb-bbff-4c46-bd22-94d3f4cbfd12,5cfb18fe-f26c-4754-bf8c-1cb1536e9a7a,2025,8,8,2025-10-18T14:00:00+00:00,74bd08fa-27db-4bb0-8490-f57f6ed6b8e9,6601a105-9986-4276-89bf-143cdf03198a,Crystal Palace FC,AFC Bournemouth,45,45,38,38,1.0,1.0,10.0,2.0,1.6,0.8,2.4804000000000004,1.4533999999999998,11.0,2.2,1.6,0.8,1.30152,0.76798,19.0,1.9,1.6,0.8,2.1622399999999997,1.4121700000000001,17.0,1.7,1.4,1.2,1.4574399999999998,0.94217,1.6,1.0,2.08362,1.3702999999999999,1.6,2.0,1.42664,1.64014,13.041666666666666,14.791666666666666,1,0,7.0,5.0,1.7142857142857142,2.0,12.0,14.0,1.1100537221795856,0.5550268610897928,0.9712970069071373,0.8325402916346891,2.0,0.0,1.0,0.0,3.0,3.0,4.5628,2.0471,1.0,D
d2479f9d-18aa-445c-a05b-82fb0842000d,4f33fec0-42be-4a52-b5a9-c5ddd0d168dd,2025,8,8,2025-10-18T14:00:00+00:00,2d3435a0-e4e8-4097-a60c-2a0f92c3fede,fe8b4d06-9254-4fc8-a08f-90f242e51751,Burnley FC,Leeds United FC,7,7,0,0,0.0,0.0,1.0,0.2,1.0,2.4,0.72952,2.52102,5.0,1.0,1.2,1.2,1.0985,0.9516,4.0,0.5714285714285714,1.0,2.142857142857143,0.7693571428571427,2.2435714285714288,8.0,1.1428571428571428,1.0,1.5714285714285714,1.1472142857142857,1.1671285714285715,1.0,0.6666666666666666,0.7711333333333333,1.5823333333333334,1.0,2.3333333333333335,0.4814,1.8145,13.041666666666666,14.104166666666666,1,0,18.0,15.0,0.5714285714285714,1.1428571428571428,4.0,8.0,0.692131398013751,1.4831387100294664,0.692131398013751,1.0876350540216086,0.0,0.0,0.0,0.0,2.0,0.0,0.5096,2.3315,1.0,H
e28d5512-c458-428b-9fde-a28b26f71372,423186cc-3b06-47cd-a02f-e53ce9aa20b0,2025,8,8,2025-10-18T14:00:00+00:00,33d2f100-682f-4a5e-9aa3-5cc57e1e8571,60cb8be0-9c1e-4019-8b60-fd9ac2aa9f2d,Manchester City FC,Everton FC,45,45,38,38,1.0,1.0,10.0,2.0,2.2,0.8,1.9143999999999999,1.12994,8.0,1.6,1.4,1.2,1.5401,1.0626000000000002,20.0,2.0,2.0,0.7,1.8760100000000002,1.07663,20.0,2.0,1.5,0.8,1.5252700000000001,1.31972,2.4,0.8,1.7846800000000003,0.97868,1.6,1.2,1.16648,1.3508,12.9375,13.041666666666666,1,1,6.0,9.0,1.8571428571428572,1.5714285714285714,13.0,11.0,1.3852021357742181,0.4848207475209763,1.0389016018306636,0.5540808543096873,2.0,0.5,0.5,2.0,2.0,0.0,2.4799,0.7946,1.0,H
66486479-e7f2-45b9-9758-a10176a03ee0,7c5a99c6-5443-443a-b52d-a0217255eead,2025,8,8,2025-10-18T14:00:00+00:00,076f94c9-341e-4294-a86a-076741505170,fbffa344-2426-4b4b-9886-b8cd56ec69a1,Sunderland AFC,Wolverhampton Wanderers FC,7,45,0,38,0.0,1.0,8.0,1.6,0.8,0.8,1.12246,1.49872,2.0,0.4,1.0,1.8,0.8828400000000001,1.17942,11.0,1.5714285714285714,1.0,0.8571428571428571,1.0654285714285714,1.2937571428571428,3.0,0.3,0.8,2.1,0.85788,1.50497,2.0,0.6666666666666666,1.078,0.9814333333333334,0.6,1.6,0.79204,1.26784,14.0,13.041666666666666,1,1,9.0,20.0,1.5714285714285714,0.2857142857142857,11.0,2.0,0.6930693069306931,0.594059405940594,0.5544554455445545,1.4554455445544556,0.0,0.0,0.0,0.0,2.0,0.0,1.0248,0.6763,1.0,H
872c3d56-a36a-4874-989d-af0eecd0529b,84decd9b-9fec-407b-babb-eb91874cc747,2025,8,8,2025-10-18T16:30:00+00:00,b552a1a6-4302-43ca-884c-0f91ac4f984b,ead1bc2e-8799-410a-a809-66a274bbab2c,Fulham FC,Arsenal FC,45,45,38,38,1.0,1.0,6.0,1.2,1.2,1.8,1.03926,1.3579599999999998,10.0,2.0,1.6,0.6,1.843,0.7004400000000001,11.0,1.1,1.2,1.8,1.27966,1.59916,23.0,2.3,1.9,0.6,1.9037700000000002,1.06267,1.2,1.4,1.5488199999999999,1.39764,1.4,1.0,1.69634,1.1885400000000002,14.895833333333334,14.104166666666666,0,0,14.0,2.0,1.1428571428571428,2.2857142857142856,8.0,16.0,0.8322433460076046,1.248365019011407,1.3177186311787072,0.4161216730038023,2.0,0.0,0.5,2.5,0.0,1.0,0.5023,2.0782,1.0,A
c7c8455b-fc66-4aaa-b06e-a105e74bdf21,38bed38e-a175-4ace-a23b-2a7292c3c3da,2025,8,8,2025-10-19T13:00:00+00:00,c23d6b7a-dfaf-44a3-b016-1feb2dddec44,f8f456e7-3e20-4803-ba4e-b1762a31812c,Tottenham Hotspur FC,Aston Villa FC,45,45,38,38,1.0,1.0,8.0,1.6,1.6,1.0,0.87668,1.3916,8.0,1.6,1.2,1.2,1.12022,1.3766,14.0,1.4,1.4,1.3,1.08247,1.77319,15.0,1.5,0.9,0.9,1.00462,1.39219,1.0,1.6,1.1255,2.22308,0.4,0.8,0.74592,1.58918,15.0625,14.0,0,1,5.0,13.0,2.0,1.2857142857142858,14.0,9.0,0.9723404255319148,0.902887537993921,0.6250759878419453,0.6250759878419453,2.0,0.5,0.0,3.5,1.0,2.0,1.5146,0.3522,1.0,A
5a951674-a2d4-47da-af0a-ab564c03feb6,493e062c-e4be-490d-be48-f0f869d8cb23,2025,8,8,2025-10-19T15:30:00+00:00,54ed0f97-ad19-421c-a5c2-9b9d3fcbc72d,48fc005c-cbfc-4e4d-b7f1-459dce6cf940,Liverpool FC,Manchester United FC,45,45,38,38,1.0,1.0,9.0,1.8,1.2,1.0,1.8999200000000003,1.2291,9.0,1.8,1.6,1.8,2.21042,1.47754,17.0,1.7,1.8,1.5,2.02093,1.5462200000000001,13.0,1.3,1.1,1.4,1.9587700000000001,1.41622,2.0,1.2,1.70824,1.2765,1.0,2.4,1.35458,2.2641999999999998,14.958333333333334,15.0625,0,0,3.0,12.0,2.142857142857143,1.4285714285714286,15.0,10.0,1.2500379075056862,1.0416982562547383,0.7639120545868082,0.9722517058377558,2.0,0.5,0.5,3.5,1.0,2.0,2.6097,2.5312,1.0,A
a1c75d24-0cc6-478f-b030-0e9e45a275e5,c8afea93-cb6b-4e32-b744-d89b24db7efb,2025,8,8,2025-10-20T19:00:00+00:00,21ec0474-e758-4563-97a9-912aab00b4f5,66a313d1-2e21-49ad-a1c7-6f04cae6be69,West Ham United FC,Brentford FC,45,45,38,38,1.0,1.0,4.0,0.8,1.0,1.6,1.02718,1.7067799999999997,4.0,0.8,1.4,1.8,1.3858000000000001,1.43684,10.0,1.0,1.2,1.9,1.06512,1.8561900000000002,11.0,1.1,1.3,1.6,1.51071,1.33603,0.8,2.6,0.8480800000000001,2.15886,1.0,1.8,1.37812,1.33548,16.208333333333332,15.145833333333334,0,0,19.0,16.0,0.5714285714285714,1.0,4.0,7.0,0.8332829046898639,1.3193645990922844,0.9027231467473525,1.1110438729198187,2.0,0.0,0.5,1.5,0.0,2.0,0.2603,3.4664,1.0,A
f4b77422-a15d-436b-823c-7a56c4d23f0d,b8a7d000-ccf7-4f6d-80ad-93a1f6c6e158,2025,9,9,2025-10-24T19:00:00+00:00,fe8b4d06-9254-4fc8-a08f-90f242e51751,21ec0474-e758-4563-97a9-912aab00b4f5,Leeds United FC,West Ham United FC,8,46,0,38,0.0,1.0,4.0,0.8,1.2,1.6,1.42934,0.9928000000000001,1.0,0.2,0.4,2.0,0.63204,2.25686,8.0,1.0,0.875,1.625,1.29525,1.0849375,7.0,0.7,1.0,2.1,0.8751599999999999,1.9715399999999998,1.0,1.0,1.646575,0.6816,1.4,1.4,1.0805200000000001,1.26034,6.208333333333333,4.0,1,1,16.0,19.0,1.0,0.5,8.0,4.0,0.6080060422960726,1.129154078549849,0.6948640483383687,1.4592145015105742,0.0,0.0,0.0,0.0,2.0,1.0,2.2214,0.4987,1.0,H
58be41c3-b83d-4a67-a955-e147fb755872,f58d370c-eaac-4e49-a28e-885e9aa634ee,2025,9,9,2025-10-25T14:00:00+00:00,1cb320b2-b42f-4131-8f5f-ef42e7f82540,076f94c9-341e-4294-a86a-076741505170,Chelsea FC,Sunderland AFC,46,8,38,0,1.0,0.0,7.0,1.4,1.8,1.6,1.4095600000000001,1.82206,8.0,1.6,0.8,0.6,1.01316,1.3447799999999999,20.0,2.0,1.8,0.9,1.74025,1.3776899999999999,14.0,1.75,1.125,0.75,1.06035,1.216575,1.2,0.8,1.67194,1.32856,0.25,1.0,1.056,1.528,7.104166666666667,7.0,1,1,5.0,7.0,1.75,1.75,14.0,14.0,1.250640542577242,0.625320271288621,0.7816503391107762,0.5211002260738508,0.0,0.0,0.0,0.0,1.0,2.0,1.2133,1.5506,1.0,A
64481c18-3d1d-4b83-966a-bfd3624d60a9,79dc44f6-9f1e-4397-a0cf-3fa18952b226,2025,9,9,2025-10-25T14:00:00+00:00,c4045d6d-a715-4821-a800-cd9b505ad54b,b552a1a6-4302-43ca-884c-0f91ac4f984b,Newcastle United FC,Fulham FC,46,46,38,38,1.0,1.0,7.0,1.4,1.0,0.8,1.43702,0.8383800000000001,6.0,1.2,1.2,1.6,0.9924799999999999,1.28712,9.0,0.9,0.7,0.9,1.42585,0.8066800000000001,11.0,1.1,1.1,1.6,1.20902,1.67438,1.2,1.2,1.77418,0.9007,1.2,2.2,1.0105,1.8006799999999998,7.0,6.895833333333333,1,1,15.0,16.0,1.125,1.0,9.0,8.0,0.48631578947368415,0.6252631578947369,0.7642105263157896,1.111578947368421,2.0,0.0,0.0,3.5,2.0,1.0,2.7681,1.52,1.0,H
b3ee5dfe-7a23-4a14-a12f-73d56c6a6fc5,5c0a1dec-7f15-4e84-94a0-4463a66636e4,2025,9,9,2025-10-25T16:30:00+00:00,48fc005c-cbfc-4e4d-b7f1-459dce6cf940,db14882b-951f-4db5-860b-4ca2b8583311,Manchester United FC,Brighton & Hove Albion FC,46,46,38,38,1.0,1.0,9.0,1.8,1.4,1.6,1.91218,1.7342400000000002,8.0,1.6,1.8,1.4,1.35068,1.26254,16.0,1.6,1.3,1.3,1.9806000000000001,1.4612,18.0,1.8,1.9,1.4,1.7781100000000003,1.60687,1.8,0.8,2.32718,0.8537399999999999,1.8,1.4,1.9385400000000002,1.49834,6.041666666666667,7.104166666666667,1,1,9.0,10.0,1.625,1.5,13.0,12.0,0.9030757689422355,0.9030757689422355,1.319879969992498,0.9725431357839459,2.0,0.0,0.0,3.5,4.0,2.0,1.9623,0.9472,1.0,H
cd3e4db1-c8fe-410a-a8f5-04f797d09a31,b78d664c-e5ee-4847-a0e1-6625dde0b046,2025,9,9,2025-10-25T19:00:00+00:00,66a313d1-2e21-49ad-a1c7-6f04cae6be69,54ed0f97-ad19-421c-a5c2-9b9d3fcbc72d,Brentford FC,Liverpool FC,46,46,38,38,1.0,1.0,7.0,1.4,1.6,1.4,1.7898800000000001,1.17464,6.0,1.2,1.2,1.4,2.32558,1.6382,11.0,1.1,1.4,1.6,1.72527,1.29032,16.0,1.6,1.7,1.5,2.00722,1.58054,1.6,1.4,1.6433,1.33658,1.6,1.8,2.3336200000000002,1.81594,5.0,6.145833333333333,1,1,15.0,5.0,1.25,1.875,10.0,15.0,0.9702763256161314,1.108887229275579,1.1781926811053025,1.0395817774458551,2.0,0.0,0.0,2.0,3.0,2.0,3.2713,2.1184,1.0,H
244c39ff-d9f4-4cf7-8600-305df18ad326,1f4e1baf-2959-4710-8b7e-7913769c25fe,2025,9,9,2025-10-26T14:00:00+00:00,f8f456e7-3e20-4803-ba4e-b1762a31812c,33d2f100-682f-4a5e-9aa3-5cc57e1e8571,Aston Villa FC,Manchester City FC,46,46,38,38,1.0,1.0,11.0,2.2,1.6,0.8,0.94948,1.1601,13.0,2.6,2.4,0.4,1.98354,0.8471399999999999,15.0,1.5,1.0,1.0,0.92746,1.44138,22.0,2.2,2.2,0.7,1.96554,1.14239,1.4,1.0,1.26332,1.1952,1.8,0.6,1.82232,1.27168,7.041666666666667,8.0,1,1,12.0,3.0,1.5,2.0,12.0,16.0,0.6919642857142858,0.6919642857142858,1.5223214285714288,0.484375,2.0,0.5,0.0,3.0,1.0,0.0,0.8439,1.3691,1.0,H
6c684f52-0e9e-4191-9855-f5a93c0b07a3,25b2b1b2-5bee-4996-9b9a-20038f17346d,2025,9,9,2025-10-26T14:00:00+00:00,ead1bc2e-8799-410a-a809-66a274bbab2c,74bd08fa-27db-4bb0-8490-f57f6ed6b8e9,Arsenal FC,Crystal Palace FC,46,46,38,38,1.0,1.0,13.0,2.6,1.8,0.4,2.1614999999999998,0.70462,8.0,1.6,1.6,1.4,2.87354,1.62164,25.0,2.5,1.8,0.4,1.8927900000000002,0.8382200000000001,17.0,1.7,1.7,1.1,2.21997,1.5362,2.4,0.2,2.1111999999999997,0.9368000000000001,1.4,0.8,1.9118400000000002,1.42004,7.895833333333333,8.0,1,1,1.0,10.0,2.375,1.625,19.0,13.0,1.24728624535316,0.27717472118959113,1.177992565055762,0.7622304832713755,2.0,0.5,0.5,5.0,1.0,0.0,0.8562,0.3505,1.0,H
11d9ed10-8239-4c54-9548-950de9f78373,0af07426-fba8-4dc7-b241-d0d6af5cb906,2025,9,9,2025-10-26T14:00:00+00:00,fbffa344-2426-4b4b-9886-b8cd56ec69a1,2d3435a0-e4e8-4097-a60c-2a0f92c3fede,Wolverhampton Wanderers FC,Burnley FC,46,8,38,0,1.0,0.0,2.0,0.4,0.6,1.6,0.82944,0.9767999999999999,4.0,0.8,1.0,1.8,0.5662,2.18284,3.0,0.3,0.8,2.1,0.85211,1.4662,7.0,0.875,1.125,1.875,0.7368875,2.2545625,1.0,2.4,0.9014200000000001,1.6315000000000002,1.0,3.25,0.768025,2.7395,8.0,8.0,1,1,20.0,17.0,0.25,0.875,2.0,7.0,0.5551263001485884,1.4572065378900447,0.7806463595839525,1.3010772659732541,0.0,0.0,0.0,0.0,2.0,3.0,2.5813,1.5454,1.0,A
25d775e1-866e-4a85-8222-d5240d429a00,e811eeae-118c-4131-a8b9-178635ad8c6d,2025,9,9,2025-10-26T14:00:00+00:00,6601a105-9986-4276-89bf-143cdf03198a,5421e81a-b7dd-48b1-9982-42644e8dcf9f,AFC Bournemouth,Nottingham Forest FC,46,46,38,38,1.0,1.0,9.0,1.8,2.0,1.4,1.2869199999999998,1.6463999999999999,1.0,0.2,0.2,2.0,0.9875999999999999,2.46794,18.0,1.8,1.7,1.4,1.55988,1.28607,8.0,0.8,0.7,1.7,1.24671,1.9162,1.6,0.4,1.5672599999999999,0.4304,0.8,1.6,0.98794,1.95846,8.0,8.104166666666666,1,1,5.0,18.0,1.875,0.625,15.0,5.0,1.1777942264988897,0.9699481865284973,0.4849740932642487,1.1777942264988897,2.0,0.5,0.5,3.5,2.0,0.0,0.6566,0.3055,1.0,H
9b026664-2731-4fea-b5cb-70ba2e50a49f,0c3454d5-15c7-4cd4-a6cb-55c266544971,2025,9,9,2025-10-26T16:30:00+00:00,60cb8be0-9c1e-4019-8b60-fd9ac2aa9f2d,c23d6b7a-dfaf-44a3-b016-1feb2dddec44,Everton FC,Tottenham Hotspur FC,46,46,38,38,1.0,1.0,5.0,1.0,0.8,1.2,1.2914400000000001,1.36992,8.0,1.6,1.8,1.2,1.14546,1.03802,17.0,1.7,1.2,0.9,1.47213,1.4468400000000001,14.0,1.4,1.5,1.3,1.15325,1.40986,1.4,0.4,1.8840599999999998,1.28864,1.8,1.0,1.0394400000000001,1.3233000000000001,8.104166666666666,7.145833333333333,1,1,14.0,8.0,1.375,1.75,11.0,14.0,0.8319290465631929,0.6239467849223947,1.0399113082039912,0.9012564671101256,2.0,0.5,0.0,4.5,0.0,3.0,1.4032,2.0933,1.0,A
a4098ba7-ec0b-4383-9e8b-865e6042a4ad,66f32d60-cda7-4be6-97e9-ff870e9b0276,2025,10,10,2025-11-01T15:00:00+00:00,74bd08fa-27db-4bb0-8490-f57f6ed6b8e9,66a313d1-2e21-49ad-a1c7-6f04cae6be69,Crystal Palace FC,Brentford FC,47,47,38,38,1.0,1.0,7.0,1.4,1.6,1.6,2.59202,1.7220599999999997,9.0,1.8,1.8,1.4,2.20908,1.44712,14.0,1.4,1.3,1.0,2.08657,1.4789299999999999,14.0,1.4,1.5,1.5,1.8093499999999998,1.34042,2.0,1.4,2.5281,1.6523599999999998,1.2,1.8,1.8072400000000002,1.24406,6.041666666666667,6.833333333333333,1,2,10.0,11.0,1.4444444444444444,1.4444444444444444,13.0,13.0,0.9011799410029498,0.6932153392330384,1.0398230088495575,1.0398230088495575,2.0,0.0,0.0,3.0,2.0,0.0,0.7346,0.8205,1.0,H
eb1ef229-a892-4d2a-8f91-2c1a42fb27b3,97b2dd7e-38c3-4efa-8737-c86b6f4b828a,2025,10,10,2025-11-01T15:00:00+00:00,2d3435a0-e4e8-4097-a60c-2a0f92c3fede,ead1bc2e-8799-410a-a809-66a274bbab2c,Burnley FC,Arsenal FC,9,47,0,38,0.0,1.0,7.0,1.4,1.6,2.0,0.84168,2.14012,13.0,2.6,1.4,0.4,1.7564,0.71598,10.0,1.1111111111111112,1.3333333333333333,1.8888888888888888,0.8267222222222222,2.2908666666666666,25.0,2.5,1.8,0.4,1.8624500000000002,0.64864,1.25,0.5,0.70575,1.769625,1.2,0.6,1.67438,0.73964,6.041666666666667,6.041666666666667,1,2,16.0,1.0,1.1111111111111112,2.4444444444444446,10.0,22.0,0.9248895434462445,1.3102601865488464,1.24860088365243,0.27746686303387336,0.0,0.0,0.0,0.0,0.0,2.0,0.6792,2.5165,1.0,A
58803772-87fd-46ef-9ab5-d4e9ad317d99,4a69c3d8-725f-4e6d-8159-78368ca1998d,2025,10,10,2025-11-01T15:00:00+00:00,b552a1a6-4302-43ca-884c-0f91ac4f984b,fbffa344-2426-4b4b-9886-b8cd56ec69a1,Fulham FC,Wolverhampton Wanderers FC,47,47,38,38,1.0,1.0,3.0,0.6,1.2,2.0,1.06852,1.67466,2.0,0.4,1.0,2.0,1.2705199999999999,1.0474999999999999,8.0,0.8,0.9,1.6,1.19928,1.7081399999999998,3.0,0.3,0.8,2.0,0.96735,1.45229,1.0,1.0,1.40754,1.5480800000000001,0.6,1.8,0.8028000000000001,1.3009,7.041666666666667,6.041666666666667,2,1,17.0,20.0,0.8888888888888888,0.2222222222222222,8.0,2.0,0.6247058823529412,1.1105882352941177,0.5552941176470588,1.388235294117647,2.0,0.5,0.0,4.0,3.0,0.0,1.9121,0.2099,1.0,H
9ec136e3-2ec8-4e4c-a287-0d0ec7f07480,ac4e9930-aa98-4a74-9f88-fd8f54a9c708,2025,10,10,2025-11-01T15:00:00+00:00,5421e81a-b7dd-48b1-9982-42644e8dcf9f,48fc005c-cbfc-4e4d-b7f1-459dce6cf940,Nottingham Forest FC,Manchester United FC,47,47,38,38,1.0,1.0,1.0,0.2,0.2,1.8,0.98996,2.02292,12.0,2.4,2.2,1.4,2.0008,1.5242200000000001,5.0,0.5,0.5,1.8,1.0625,1.8968099999999999,19.0,1.9,1.7,1.4,2.1430700000000003,1.42635,0.6,1.8,1.50548,1.87394,0.8,1.8,1.63402,2.0686600000000004,6.041666666666667,6.9375,1,2,18.0,7.0,0.5555555555555556,1.7777777777777777,5.0,16.0,0.34702861335289803,1.2493030080704328,1.1798972853998533,0.9716801173881144,2.0,1.0,0.0,3.0,2.0,2.0,1.5507,0.9162,1.0,D
fa1305d7-fd3b-4931-8d29-31375f535545,ce63006f-4e08-48dc-af2e-4549ff31f8cf,2025,10,10,2025-11-01T15:00:00+00:00,db14882b-951f-4db5-860b-4ca2b8583311,fe8b4d06-9254-4fc8-a08f-90f242e51751,Brighton & Hove Albion FC,Leeds United FC,47,9,38,0,1.0,0.0,8.0,1.6,2.0,1.8,1.4151399999999998,1.36662,7.0,1.4,1.6,1.6,1.7075399999999998,0.8645799999999999,15.0,1.5,1.8,1.6,1.65504,1.4966,11.0,1.2222222222222223,1.0,1.5555555555555556,1.3981555555555556,1.0198,2.0,1.4,1.61768,1.7154,0.75,2.25,0.943925,1.488275,6.9375,7.833333333333333,1,1,13.0,16.0,1.3333333333333333,1.2222222222222223,12.0,11.0,1.2482809070958303,1.109583028529627,0.6934893928310168,1.0787612777371374,0.0,0.0,0.0,0.0,3.0,0.0,2.6413,0.3592,1.0,H
0fe66e7b-3881-4e63-bb87-ad22c0d6efba,ac2b2e65-af86-43aa-947d-011ce025abf3,2025,10,10,2025-11-01T17:30:00+00:00,c23d6b7a-dfaf-44a3-b016-1feb2dddec44,1cb320b2-b42f-4131-8f5f-ef42e7f82540,Tottenham Hotspur FC,Chelsea FC,47,47,38,38,1.0,1.0,8.0,1.6,1.8,1.2,1.26132,1.1600199999999998,6.0,1.2,1.6,1.6,1.50102,1.89712,17.0,1.7,1.8,1.1,1.3102800000000001,1.38112,17.0,1.7,1.8,1.1,1.73201,1.49899,1.2,1.6,1.26706,1.49642,2.4,1.0,1.80856,1.42682,6.041666666666667,7.145833333333333,2,1,3.0,11.0,1.8888888888888888,1.5555555555555556,17.0,14.0,1.2481751824817517,0.7627737226277372,1.2481751824817517,0.7627737226277372,2.0,0.0,0.0,4.0,0.0,1.0,0.147,3.3425,1.0,A
ddc4fddc-abb0-45e5-8325-9a764c760ca7,150605d6-87ee-4a22-8b39-bf20bc4fa3e5,2025,10,10,2025-11-01T20:00:00+00:00,54ed0f97-ad19-421c-a5c2-9b9d3fcbc72d,f8f456e7-3e20-4803-ba4e-b1762a31812c,Liverpool FC,Aston Villa FC,47,47,38,38,1.0,1.0,3.0,0.6,1.4,2.0,2.19028,2.25886,13.0,2.6,1.8,0.8,1.0474,1.05538,16.0,1.6,1.7,1.5,1.9125599999999998,1.68988,15.0,1.5,0.9,1.0,0.8427899999999999,1.52599,1.8,1.2,1.68082,1.34514,0.6,1.0,0.5916,1.68756,7.041666666666667,6.25,2,2,10.0,11.0,1.6666666666666667,1.6666666666666667,15.0,15.0,1.1804522246535376,1.0415754923413567,0.624945295404814,0.6943836615609045,2.0,0.5,0.5,3.0,2.0,0.0,1.4702,0.435,1.0,H
c7958784-9005-4b52-8445-c599fdb1d0f0,3c31b96b-72bb-42ec-9d01-e8293fe7271c,2025,10,10,2025-11-02T14:00:00+00:00,21ec0474-e758-4563-97a9-912aab00b4f5,c4045d6d-a715-4821-a800-cd9b505ad54b,West Ham United FC,Newcastle United FC,47,47,38,38,1.0,1.0,1.0,0.2,0.6,1.8,0.57314,2.39834,7.0,1.4,1.2,1.0,1.7522600000000002,1.0672000000000001,7.0,0.7,1.0,2.1,0.8399800000000001,1.97892,12.0,1.2,0.9,0.9,1.47803,0.8427199999999999,0.6,2.8,0.6698000000000001,2.68274,0.2,0.6,1.07752,0.71266,8.791666666666666,8.0,2,1,19.0,13.0,0.4444444444444444,1.3333333333333333,4.0,12.0,0.6948288419519301,1.4591405680990532,0.6253459577567371,0.6253459577567371,2.0,0.5,0.0,1.5,3.0,1.0,1.4138,0.5236,1.0,H
c7e1bd69-9d42-41bd-a988-0741432c2ffa,c0228801-c51b-413b-89fb-ef4c51891970,2025,10,10,2025-11-02T16:30:00+00:00,33d2f100-682f-4a5e-9aa3-5cc57e1e8571,6601a105-9986-4276-89bf-143cdf03198a,Manchester City FC,AFC Bournemouth,47,47,38,38,1.0,1.0,10.0,2.0,1.8,0.6,1.8579,0.71208,9.0,1.8,2.0,1.2,1.12986,1.5825200000000001,19.0,1.9,1.9,0.7,1.9426700000000001,1.13058,21.0,2.1,1.8,1.1,1.52934,1.15684,2.6,0.8,2.10876,1.0131000000000001,1.8,2.4,1.5524999999999998,2.14174,7.104166666666667,7.104166666666667,1,1,8.0,2.0,1.7777777777777777,2.0,16.0,18.0,1.3190994916485113,0.4859840232389252,1.249673202614379,0.763689179375454,2.0,0.5,0.0,3.5,3.0,1.0,2.49,0.8998,1.0,H
0597a3a6-86a1-43e5-a26b-82e2421cacae,2aa613a7-21d6-40c4-8e8a-d49f240899ee,2025,10,10,2025-11-03T20:00:00+00:00,076f94c9-341e-4294-a86a-076741505170,60cb8be0-9c1e-4019-8b60-fd9ac2aa9f2d,Sunderland AFC,Everton FC,9,47,0,38,0.0,1.0,10.0,2.0,1.2,0.8,1.25246,1.23582,4.0,0.8,0.8,1.8,1.19354,1.7177200000000004,17.0,1.8888888888888888,1.2222222222222223,0.7777777777777778,1.1148222222222222,1.2162111111111111,14.0,1.4,1.0,1.2,1.34466,1.5511400000000002,2.0,0.5,1.0647,0.90515,1.0,1.4,1.0602,1.60504,9.25,8.145833333333334,1,1,7.0,15.0,1.8888888888888888,1.2222222222222223,17.0,11.0,0.8478558210636415,0.5395446134041355,0.6937002172338885,0.8324402606806661,0.0,0.0,0.0,0.0,1.0,1.0,1.1807,1.0074,1.0,D
e284e53a-879a-4540-85bc-5ed9cf06f2ce,0af5e49d-029f-4bf8-b126-a695c6a906a4,2025,11,11,2025-11-08T12:30:00+00:00,c23d6b7a-dfaf-44a3-b016-1feb2dddec44,48fc005c-cbfc-4e4d-b7f1-459dce6cf940,Tottenham Hotspur FC,Manchester United FC,48,48,38,38,1.0,1.0,7.0,1.4,1.4,1.0,1.05236,1.54758,10.0,2.0,2.2,1.6,1.91512,1.7404,17.0,1.7,1.7,0.8,1.13971,1.40375,17.0,1.7,1.7,1.6,1.9384299999999999,1.5479,1.0,1.0,0.92592,1.54168,1.2,2.0,1.7497399999999999,2.11966,6.791666666666667,6.895833333333333,2,2,6.0,8.0,1.7,1.7,17.0,17.0,1.1800433839479392,0.5553145336225597,1.1800433839479392,1.1106290672451193,2.0,1.0,0.0,2.0,2.0,2.0,1.3553,0.8203,1.0,D
cc1f475b-5f6d-4332-a669-63ab2d13b988,9349394a-4ca8-457f-884b-1fd440a7eb8a,2025,11,11,2025-11-08T15:00:00+00:00,60cb8be0-9c1e-4019-8b60-fd9ac2aa9f2d,b552a1a6-4302-43ca-884c-0f91ac4f984b,Everton FC,Fulham FC,48,48,38,38,1.0,1.0,5.0,1.0,0.8,1.6,1.25074,1.7415200000000002,3.0,0.6,1.2,1.8,1.14608,1.55132,12.0,1.2,1.0,1.3,1.33812,1.5533000000000001,11.0,1.1,1.2,1.4,1.16869,1.4832100000000001,1.0,1.0,1.62912,1.4972400000000001,0.8,2.2,0.99102,1.8681999999999999,4.791666666666667,7.0,2,1,14.0,15.0,1.2,1.1,12.0,11.0,0.6935832732516222,0.9016582552271089,0.8322999279019466,0.9710165825522711,2.0,0.5,0.5,3.0,2.0,0.0,2.3061,0.4245,1.0,H
582d09a8-aa48-4c8e-90fe-c61c7a23a204,810415df-3993-4dd8-8323-332b00f5a97d,2025,11,11,2025-11-08T15:00:00+00:00,21ec0474-e758-4563-97a9-912aab00b4f5,2d3435a0-e4e8-4097-a60c-2a0f92c3fede,West Ham United FC,Burnley FC,48,10,38,0,1.0,0.0,4.0,0.8,1.0,1.6,0.76262,2.03592,6.0,1.2,1.4,2.2,0.7492,2.4772600000000002,7.0,0.7,1.0,2.1,0.88462,1.94197,10.0,1.0,1.2,1.9,0.81197,2.31343,1.0,2.6,0.78246,2.35794,1.4,3.0,0.9235,2.70786,6.041666666666667,7.0,1,2,18.0,17.0,0.7,1.0,7.0,10.0,0.6940244780417567,1.4574514038876891,0.832829373650108,1.3186465082793375,0.0,0.0,0.0,0.0,3.0,2.0,2.9673,1.8748,1.0,H
393c8a6a-c3cc-4ead-8cd2-f47a891e75fe,cbe77c94-5963-43d1-a7b2-b7a52360d675,2025,11,11,2025-11-08T17:30:00+00:00,076f94c9-341e-4294-a86a-076741505170,ead1bc2e-8799-410a-a809-66a274bbab2c,Sunderland AFC,Arsenal FC,10,48,0,38,0.0,1.0,10.0,2.0,1.2,0.8,1.30094,1.24942,15.0,3.0,1.6,0.2,2.11598,0.6272800000000001,18.0,1.8,1.2,0.8,1.12141,1.19533,25.0,2.5,1.8,0.3,1.8733899999999999,0.65675,1.8,0.6,1.0878999999999999,0.9256,1.2,0.4,1.69626,0.75586,4.895833333333333,7.104166666666667,1,2,5.0,1.0,1.8,2.5,18.0,25.0,0.8315638450502151,0.5543758967001434,1.2473457675753228,0.20789096126255377,0.0,0.0,0.0,0.0,2.0,2.0,1.205,2.3294,1.0,D
26a2e5ec-6bfd-4026-9d09-3da0fb0ca1b9,2b425b6a-ada9-40c7-a3be-85b2796a9485,2025,11,11,2025-11-08T20:00:00+00:00,1cb320b2-b42f-4131-8f5f-ef42e7f82540,fbffa344-2426-4b4b-9886-b8cd56ec69a1,Chelsea FC,Wolverhampton Wanderers FC,48,48,38,38,1.0,1.0,9.0,1.8,1.6,1.2,2.0755600000000003,1.6576,2.0,0.4,0.8,2.0,0.9992800000000001,1.33852,17.0,1.7,1.8,1.1,1.93539,1.35568,2.0,0.2,0.7,2.2,0.87745,1.4463,1.2,1.2,1.6554600000000002,1.5711600000000001,0.2,1.6,0.5589999999999999,1.34642,7.104166666666667,7.208333333333333,1,2,8.0,20.0,1.7,0.2,17.0,2.0,1.2463519313304723,0.7616595135908442,0.48469241773962807,1.5233190271816883,2.0,1.0,0.0,6.0,3.0,0.0,3.9834,0.1115,1.0,H
3bee8fd1-e792-47c9-ac5b-c24dfeb5ff7a,f867951c-114c-43ff-a59a-fe4c82fdb8c4,2025,11,11,2025-11-09T14:00:00+00:00,74bd08fa-27db-4bb0-8490-f57f6ed6b8e9,db14882b-951f-4db5-860b-4ca2b8583311,Crystal Palace FC,Brighton & Hove Albion FC,48,48,38,38,1.0,1.0,7.0,1.4,1.6,1.4,2.2718,1.7928799999999998,10.0,2.0,2.2,1.4,1.66246,1.2001,16.0,1.6,1.4,0.9,2.01859,1.36886,15.0,1.5,1.7,1.5,1.6075500000000003,1.34725,1.6,1.0,2.33812,1.5306799999999998,1.4,2.0,1.50474,1.52026,7.958333333333333,7.958333333333333,2,1,9.0,10.0,1.6,1.5,16.0,15.0,0.9693076374018558,0.6231263383297645,1.1770164168451107,1.0385438972162742,2.0,1.0,0.0,3.5,0.0,0.0,0.8395,0.637,1.0,D
b0f13f12-bdb8-4a5e-b632-c6cf39b56924,4cd9b54f-7303-4aba-aeac-688efba47189,2025,11,11,2025-11-09T14:00:00+00:00,66a313d1-2e21-49ad-a1c7-6f04cae6be69,c4045d6d-a715-4821-a800-cd9b505ad54b,Brentford FC,Newcastle United FC,48,48,38,38,1.0,1.0,9.0,1.8,1.6,1.2,2.20786,1.28918,6.0,1.2,1.4,1.6,1.82626,1.23982,13.0,1.3,1.4,1.6,1.6942,1.3029899999999999,12.0,1.2,1.0,1.1,1.41448,0.87682,1.8,1.2,1.8114599999999998,1.43678,0.4,1.0,0.73298,0.7635,7.958333333333333,7.0,1,1,13.0,14.0,1.3,1.2,13.0,12.0,0.9713062098501071,1.110064239828694,0.6937901498929336,0.7631691648822271,2.0,0.5,0.0,4.5,3.0,1.0,2.7373,0.4323,1.0,H
0548048b-aa53-495c-ae61-264f44ba5e7f,8d1d9470-89d7-4a69-a202-15d48495bd37,2025,11,11,2025-11-09T14:00:00+00:00,5421e81a-b7dd-48b1-9982-42644e8dcf9f,fe8b4d06-9254-4fc8-a08f-90f242e51751,Nottingham Forest FC,Leeds United FC,48,10,38,0,1.0,0.0,1.0,0.2,0.4,2.0,1.13394,1.97784,4.0,0.8,1.0,2.0,1.68798,1.07962,6.0,0.6,0.7,1.9,1.0595599999999998,1.85756,11.0,1.1,0.9,1.7,1.29426,1.18195,1.0,2.0,1.4995999999999998,1.79544,0.6,2.4,0.82698,1.71888,7.958333333333333,7.958333333333333,2,1,19.0,16.0,0.6,1.1,6.0,11.0,0.4852669039145907,1.317153024911032,0.6239145907473309,1.1785053380782917,0.0,0.0,0.0,0.0,3.0,1.0,2.491,0.4195,1.0,H
578f80db-b0e3-41fb-b5b1-dc203ae1ba40,64d97863-2a34-4633-9080-46717192abdf,2025,11,11,2025-11-09T14:00:00+00:00,f8f456e7-3e20-4803-ba4e-b1762a31812c,6601a105-9986-4276-89bf-143cdf03198a,Aston Villa FC,AFC Bournemouth,48,48,38,38,1.0,1.0,12.0,2.4,1.6,1.0,0.9465199999999999,1.16176,8.0,1.6,2.2,1.8,1.19968,2.0498000000000003,15.0,1.5,0.9,1.0,0.8527699999999999,1.37675,18.0,1.8,1.7,1.4,1.34687,1.39017,1.2,1.0,1.09398,1.36442,1.8,2.4,1.54006,2.3201799999999997,7.75,6.895833333333333,2,2,13.0,7.0,1.5,1.8,15.0,18.0,0.6234208658623137,0.6926898509581264,1.1775727466288148,0.9697657913413769,2.0,0.5,0.5,1.5,4.0,0.0,1.8828,2.0099,1.0,H
27afc8f8-34d7-418c-aea3-cfbc516005ca,b90e1288-48ad-422b-95e5-518d318c60ea,2025,11,11,2025-11-09T16:30:00+00:00,33d2f100-682f-4a5e-9aa3-5cc57e1e8571,54ed0f97-ad19-421c-a5c2-9b9d3fcbc72d,Manchester City FC,Liverpool FC,48,48,38,38,1.0,1.0,12.0,2.4,2.2,0.6,2.13136,0.74832,3.0,0.6,1.4,1.8,2.27198,2.20158,19.0,1.9,2.0,0.8,1.9457499999999999,0.9987600000000001,18.0,1.8,1.8,1.4,1.8674600000000001,1.59194,2.6,0.8,2.2872,1.00066,1.6,1.8,2.1443000000000003,2.03462,7.0,7.854166666666667,1,1,3.0,6.0,1.9,1.8,19.0,18.0,1.384288747346072,0.5537154989384289,1.245859872611465,0.9690021231422504,2.0,0.0,0.0,2.0,3.0,0.0,1.5954,1.0281,1.0,H
c33465ee-3bce-4da9-a1aa-52b00780310f,3a39cbe0-9fd3-4758-8d0f-6c171e1bce51,2025,12,12,2025-11-22T12:30:00+00:00,2d3435a0-e4e8-4097-a60c-2a0f92c3fede,1cb320b2-b42f-4131-8f5f-ef42e7f82540,Burnley FC,Chelsea FC,11,49,0,38,0.0,1.0,6.0,1.2,1.6,1.8,1.02226,2.42646,12.0,2.4,2.0,0.6,2.46694,1.1848800000000002,10.0,1.0,1.4,1.9,0.9260400000000001,2.4123,19.0,1.9,2.1,1.1,2.19694,1.26342,1.0,0.8,0.7004400000000001,1.919,2.4,1.0,2.2153199999999997,1.1401999999999999,13.895833333333334,13.6875,1,1,17.0,3.0,0.9090909090909091,1.8181818181818181,10.0,20.0,0.9689265536723163,1.3149717514124293,1.4533898305084747,0.7612994350282486,0.0,0.0,0.0,0.0,0.0,2.0,0.6609,1.7209,1.0,A
d10f9ef5-6003-4aee-882c-c8ac4a74ec61,5cf687ec-6838-4ee4-940e-1bd00e45397c,2025,12,12,2025-11-22T15:00:00+00:00,6601a105-9986-4276-89bf-143cdf03198a,21ec0474-e758-4563-97a9-912aab00b4f5,AFC Bournemouth,West Ham United FC,49,49,38,38,1.0,1.0,7.0,1.4,1.8,2.2,1.3896000000000002,2.0169,6.0,1.2,1.4,1.8,1.20092,2.22894,18.0,1.8,1.5,1.4,1.39056,1.34544,10.0,1.0,1.3,2.0,1.12546,2.05701,1.6,0.4,1.15368,0.46016,1.0,1.6,0.9867800000000001,1.526,13.041666666666666,14.0,1,1,9.0,18.0,1.6363636363636365,0.9090909090909091,18.0,10.0,1.038787023977433,0.9695345557122708,0.9002820874471087,1.385049365303244,2.0,0.0,1.0,3.0,2.0,2.0,3.483,0.3908,1.0,D
fb12ba59-254e-4fa6-8d47-b21fda47e13f,5cac45a6-15d3-42d6-a09b-d45c409788bb,2025,12,12,2025-11-22T15:00:00+00:00,db14882b-951f-4db5-860b-4ca2b8583311,66a313d1-2e21-49ad-a1c7-6f04cae6be69,Brighton & Hove Albion FC,Brentford FC,49,49,38,38,1.0,1.0,8.0,1.6,1.6,1.2,1.29484,0.9626999999999999,9.0,1.8,1.6,1.2,2.19786,0.92842,15.0,1.5,1.6,1.4,1.5272400000000002,1.3409099999999998,16.0,1.6,1.6,1.4,1.83541,1.1706699999999999,2.0,1.0,1.71036,1.17424,1.0,2.0,1.57694,1.1692,13.041666666666666,13.041666666666666,1,1,11.0,12.0,1.4545454545454546,1.4545454545454546,16.0,16.0,1.107172995780591,0.9687763713080169,1.107172995780591,0.9687763713080169,2.0,0.0,0.5,3.0,2.0,1.0,0.9775,2.1998,1.0,H
533390f3-6c96-4a94-bbab-bcb9bf8b96f4,0494fac7-2f94-44c6-9c3d-c72d57a60dfa,2025,12,12,2025-11-22T15:00:00+00:00,b552a1a6-4302-43ca-884c-0f91ac4f984b,076f94c9-341e-4294-a86a-076741505170,Fulham FC,Sunderland AFC,49,11,38,0,1.0,0.0,3.0,0.6,1.0,1.6,1.04046,1.73938,8.0,1.6,1.4,1.2,1.15364,1.43124,10.0,1.0,1.1,1.5,1.12085,1.56981,16.0,1.6,1.1,1.0,1.16947,1.3723800000000002,1.6,0.6,1.34636,1.09822,0.6,1.0,1.1549200000000002,1.46506,14.0,13.895833333333334,1,1,15.0,4.0,1.0,1.7272727272727273,11.0,19.0,0.761122807017544,1.0378947368421054,0.761122807017544,0.6919298245614035,0.0,0.0,0.0,0.0,1.0,0.0,2.8373,0.2228,1.0,H
ba058938-bb76-463f-bf17-f456c8cfbeae,067ade23-0e7e-48be-94e1-a84a7460dda6,2025,12,12,2025-11-22T15:00:00+00:00,54ed0f97-ad19-421c-a5c2-9b9d3fcbc72d,5421e81a-b7dd-48b1-9982-42644e8dcf9f,Liverpool FC,Nottingham Forest FC,49,49,38,38,1.0,1.0,3.0,0.6,1.2,2.0,1.8572400000000002,1.81402,4.0,0.8,1.0,2.0,1.34808,1.67344,15.0,1.5,1.4,1.5,1.7372599999999998,1.5941800000000002,6.0,0.6,0.7,1.9,1.1331099999999998,1.7669900000000003,2.0,1.0,1.59062,1.14926,0.4,1.8,0.61952,1.91968,12.9375,13.041666666666666,1,1,10.0,19.0,1.6363636363636365,0.8181818181818182,18.0,9.0,0.9699859747545582,1.0392706872370268,0.4849929873772791,1.3164095371669005,2.0,0.0,0.5,1.5,0.0,3.0,1.7927,1.1946,1.0,A
77a88638-29a7-4654-9925-7bf5dc0be860,36516d84-6552-4dd5-92a6-67f8c14c67c5,2025,12,12,2025-11-22T15:00:00+00:00,fbffa344-2426-4b4b-9886-b8cd56ec69a1,74bd08fa-27db-4bb0-8490-f57f6ed6b8e9,Wolverhampton Wanderers FC,Crystal Palace FC,49,49,38,38,1.0,1.0,1.0,0.2,0.6,2.4,0.78968,1.97146,5.0,1.0,1.2,1.2,1.73306,1.29992,2.0,0.2,0.7,2.1,0.83666,1.61474,16.0,1.6,1.4,0.9,1.9991299999999999,1.2957699999999999,1.2,2.8,1.1959,1.54618,1.2,0.8,1.69906,1.20704,13.791666666666666,13.041666666666666,1,1,20.0,11.0,0.18181818181818182,1.5454545454545454,2.0,17.0,0.4849545136459062,1.4548635409377186,0.9699090272918124,0.6235129461161651,2.0,0.0,0.5,5.0,0.0,2.0,1.6641,1.4493,1.0,A
3d0c7a0b-5098-4325-ba46-7bc64a94d99b,283368c4-e1d0-4fa9-a812-0eeae0904d78,2025,12,12,2025-11-22T17:30:00+00:00,c4045d6d-a715-4821-a800-cd9b505ad54b,33d2f100-682f-4a5e-9aa3-5cc57e1e8571,Newcastle United FC,Manchester City FC,49,49,38,38,1.0,1.0,6.0,1.2,1.4,1.8,1.7647400000000002,1.37318,12.0,2.4,1.8,0.4,1.8061800000000001,0.85204,11.0,1.1,1.1,1.4,1.31761,1.11869,19.0,1.9,1.9,0.8,1.8753900000000001,1.04963,1.6,1.2,2.09598,0.99014,1.4,0.8,1.6042999999999998,0.9968600000000001,13.145833333333334,13.041666666666666,1,1,15.0,3.0,1.0909090909090908,2.0,12.0,22.0,0.762543675751223,0.9705101327742836,1.3171208944793849,0.5545772187281621,2.0,0.0,0.5,3.0,2.0,1.0,2.4056,2.4565,1.0,H
06bca806-2ff0-4d03-8a6a-923a4e252ba5,8d802a03-10ba-4e60-bc30-19aae5406da9,2025,12,12,2025-11-23T14:00:00+00:00,fe8b4d06-9254-4fc8-a08f-90f242e51751,f8f456e7-3e20-4803-ba4e-b1762a31812c,Leeds United FC,Aston Villa FC,11,49,0,38,0.0,1.0,3.0,0.6,0.8,2.2,1.36242,1.36576,12.0,2.4,1.8,0.8,1.04992,1.3732199999999999,8.0,0.8,0.9,2.0,1.09809,1.36362,17.0,1.7,1.3,1.0,1.00919,1.43764,1.2,1.0,1.76154,0.6450199999999999,0.6,1.0,0.61156,1.38908,14.0,14.0,1,1,18.0,9.0,1.0,1.6363636363636365,11.0,18.0,0.6238493723849372,1.3863319386331938,0.901115760111576,0.6931659693165969,0.0,0.0,0.0,0.0,1.0,2.0,1.8467,1.3598,1.0,A
6f2690b0-86ff-4d4a-aa74-ee3bd20b9769,efb34cd7-66a9-4eb5-941c-1e796860ed5b,2025,12,12,2025-11-23T16:30:00+00:00,ead1bc2e-8799-410a-a809-66a274bbab2c,c23d6b7a-dfaf-44a3-b016-1feb2dddec44,Arsenal FC,Tottenham Hotspur FC,49,49,38,38,1.0,1.0,13.0,2.6,1.6,0.4,2.1677600000000004,0.7203,7.0,1.4,1.6,1.2,1.15968,1.47974,23.0,2.3,1.9,0.5,1.97329,0.6396,15.0,1.5,1.6,1.0,1.07738,1.41237,2.4,0.2,2.0505199999999997,0.55764,2.4,0.6,1.3535,1.2658200000000002,14.958333333333334,15.166666666666666,0,0,1.0,9.0,2.3636363636363638,1.6363636363636365,26.0,18.0,1.3169102296450939,0.3465553235908142,1.1089770354906054,0.6931106471816284,2.0,1.0,0.0,2.0,4.0,1.0,2.2783,0.0301,1.0,H
d275cfa8-173e-4aaa-b5f3-e8ab482a3883,ea84dcce-3e54-4158-9eef-4028061fb347,2025,12,12,2025-11-24T20:00:00+00:00,48fc005c-cbfc-4e4d-b7f1-459dce6cf940,60cb8be0-9c1e-4019-8b60-fd9ac2aa9f2d,Manchester United FC,Everton FC,49,49,38,38,1.0,1.0,11.0,2.2,2.4,1.4,1.63196,1.4540000000000002,7.0,1.4,1.0,1.4,1.53002,1.6712600000000002,18.0,1.8,1.9,1.7,1.8828099999999999,1.55039,15.0,1.5,1.2,1.2,1.5013,1.3576300000000001,2.2,1.2,2.12712,0.97614,1.0,1.6,1.04712,1.6093600000000001,16.3125,16.208333333333332,0,0,10.0,13.0,1.6363636363636365,1.3636363636363635,18.0,15.0,1.3149791955617198,1.1765603328710124,0.830513176144244,0.830513176144244,2.0,0.5,0.5,4.0,0.0,1.0,2.2737,0.1551,1.0,A
efdfd3e9-a4c4-4c09-b030-eb2d224b2422,7df9e76f-68fb-4789-9340-f5ee040d2187,2025,13,13,2025-11-29T15:00:00+00:00,66a313d1-2e21-49ad-a1c7-6f04cae6be69,2d3435a0-e4e8-4097-a60c-2a0f92c3fede,Brentford FC,Burnley FC,50,12,38,0,1.0,0.0,9.0,1.8,1.8,1.4,2.49906,0.9046199999999999,6.0,1.2,1.4,1.8,1.05398,2.4234999999999998,13.0,1.3,1.6,1.6,1.9424299999999999,1.17073,7.0,0.7,1.2,2.1,0.89175,2.47226,2.2,1.4,2.133,1.3278599999999998,1.8,3.0,1.15164,2.9056,7.0,7.104166666666667,1,1,13.0,19.0,1.3333333333333333,0.8333333333333334,16.0,10.0,1.1088011088011087,1.1088011088011087,0.8316008316008315,1.4553014553014554,0.0,0.0,0.0,0.0,3.0,1.0,3.7211,0.874,1.0,H
7e9b8633-49d6-40ca-b936-df74eacf914a,d27beee2-314f-402c-b21e-a43be6480d45,2025,13,13,2025-11-29T15:00:00+00:00,33d2f100-682f-4a5e-9aa3-5cc57e1e8571,fe8b4d06-9254-4fc8-a08f-90f242e51751,Manchester City FC,Leeds United FC,50,12,38,0,1.0,0.0,9.0,1.8,1.8,0.8,2.07818,1.1944000000000001,3.0,0.6,0.8,2.2,1.43566,1.50008,19.0,1.9,2.0,0.8,1.9962900000000001,1.1621700000000001,8.0,0.8,1.0,1.7,1.26708,1.22584,3.2,0.4,2.35678,0.95024,0.8,2.0,0.8795200000000001,1.66956,6.895833333333333,6.041666666666667,1,1,3.0,18.0,1.8333333333333333,0.9166666666666666,22.0,11.0,1.3849343469246718,0.5539737387698687,0.6924671734623359,1.177194194885971,0.0,0.0,0.0,0.0,3.0,2.0,2.8529,1.7514,1.0,H
995fcbef-5b7a-4cef-8a26-bd1c974e33f7,53923a22-0d67-4cde-86d1-19178de564a4,2025,13,13,2025-11-29T15:00:00+00:00,076f94c9-341e-4294-a86a-076741505170,6601a105-9986-4276-89bf-143cdf03198a,Sunderland AFC,AFC Bournemouth,12,50,0,38,0.0,1.0,8.0,1.6,1.4,1.0,1.03678,1.61274,5.0,1.0,1.6,2.4,1.8192799999999998,1.92638,16.0,1.6,1.1,0.9,1.07962,1.55573,16.0,1.6,1.6,1.6,1.5604,1.34718,1.6,1.0,1.1840199999999999,1.2797,1.4,2.4,1.62744,2.2307200000000003,7.0,7.0,1,1,7.0,9.0,1.5833333333333333,1.5833333333333333,19.0,19.0,0.7606060606060606,0.6223140495867768,1.10633608815427,1.10633608815427,0.0,0.0,0.0,0.0,3.0,2.0,1.1696,1.7927,1.0,H
d5e874aa-3749-45f8-943e-3f69d11c168b,46afc944-12c9-419c-b5db-e180fc4f0493,2025,13,13,2025-11-29T17:30:00+00:00,60cb8be0-9c1e-4019-8b60-fd9ac2aa9f2d,c4045d6d-a715-4821-a800-cd9b505ad54b,Everton FC,Newcastle United FC,50,50,38,38,1.0,1.0,7.0,1.4,0.8,1.2,1.1332799999999998,1.69042,6.0,1.2,1.4,2.0,1.48254,1.79694,15.0,1.5,1.1,1.2,1.33669,1.3765100000000001,14.0,1.4,1.1,1.2,1.3618299999999999,1.29968,1.0,1.0,1.7300999999999997,1.16516,0.6,1.6,0.5392399999999999,1.2472400000000001,4.895833333333333,7.0,1,1,12.0,14.0,1.5,1.25,18.0,15.0,0.7595058339052849,0.8285518188057652,0.7595058339052849,0.8285518188057652,2.0,0.5,0.5,0.5,1.0,4.0,1.0113,2.4588,1.0,A
a36086a0-fc87-48de-9757-d10c2e619a08,e15d1717-5159-465c-b39e-bcebc9bb6f70,2025,13,13,2025-11-29T20:00:00+00:00,c23d6b7a-dfaf-44a3-b016-1feb2dddec44,b552a1a6-4302-43ca-884c-0f91ac4f984b,Tottenham Hotspur FC,Fulham FC,50,50,38,38,1.0,1.0,4.0,0.8,1.4,1.8,1.02806,1.6393,6.0,1.2,1.0,1.0,1.43924,1.51702,12.0,1.2,1.5,1.4,0.9523699999999999,1.51545,12.0,1.2,1.1,1.4,1.23925,1.43749,0.8,1.4,0.8012599999999999,1.55892,0.6,2.4,0.89534,2.0414,6.145833333333333,7.208333333333333,1,1,10.0,15.0,1.5,1.1666666666666667,18.0,14.0,1.0341997264021887,0.9652530779753762,0.7584131326949385,0.9652530779753762,2.0,0.0,0.5,2.0,1.0,2.0,1.044,0.4947,1.0,A
c7c715d9-2b2b-4edc-9931-ad65c2d6523f,3540d78a-ad16-455a-bc2b-280ff1db2ab1,2025,13,13,2025-11-30T12:00:00+00:00,74bd08fa-27db-4bb0-8490-f57f6ed6b8e9,48fc005c-cbfc-4e4d-b7f1-459dce6cf940,Crystal Palace FC,Manchester United FC,50,50,38,38,1.0,1.0,8.0,1.6,1.4,0.8,1.58734,1.20498,8.0,1.6,2.0,1.6,1.7007400000000001,1.3236,18.0,1.8,1.5,0.8,2.03387,1.32919,17.0,1.7,1.8,1.7,1.95558,1.40057,1.4,0.8,2.28564,1.3921,1.4,2.2,1.6046,2.06006,7.875,5.666666666666667,1,1,6.0,12.0,1.6666666666666667,1.5,20.0,18.0,1.0341296928327646,0.5515358361774745,1.2409556313993175,1.1720136518771331,2.0,0.5,0.5,1.0,1.0,2.0,2.1356,1.4777,1.0,A
aa2df4b2-c4c5-4482-ae62-7e25faae0205,160cda95-041d-4a60-8c26-b86cb1c30ae1,2025,13,13,2025-11-30T14:05:00+00:00,f8f456e7-3e20-4803-ba4e-b1762a31812c,fbffa344-2426-4b4b-9886-b8cd56ec69a1,Aston Villa FC,Wolverhampton Wanderers FC,50,50,38,38,1.0,1.0,12.0,2.4,1.8,0.8,0.9747399999999999,1.6421,0.0,0.0,0.4,2.6,1.04862,1.9829999999999999,20.0,2.0,1.5,1.0,1.04748,1.50935,2.0,0.2,0.7,2.2,0.96573,1.58121,2.0,1.0,1.40682,1.4862,0.2,2.0,0.5066200000000001,1.7861799999999999,7.003472222222222,7.961805555555555,1,1,5.0,20.0,1.75,0.16666666666666666,21.0,2.0,1.034059945504087,0.6893732970027248,0.4825613079019073,1.5166212534059946,2.0,0.5,0.0,3.0,1.0,0.0,1.1549,0.6926,1.0,H
e9bbed1d-fca1-48b9-9be3-430b49b2cd16,cab1e7f0-6634-407b-847a-9484cb858584,2025,13,13,2025-11-30T14:05:00+00:00,5421e81a-b7dd-48b1-9982-42644e8dcf9f,db14882b-951f-4db5-860b-4ca2b8583311,Nottingham Forest FC,Brighton & Hove Albion FC,50,50,38,38,1.0,1.0,7.0,1.4,1.6,1.6,1.51946,1.2686600000000001,10.0,2.0,1.8,1.2,1.21202,1.32878,8.0,0.8,0.9,1.8,1.11958,1.83607,18.0,1.8,1.8,1.3,1.4165,1.38077,1.0,2.0,1.6466999999999998,1.6143,1.4,1.6,1.21516,1.32792,7.961805555555555,7.961805555555555,1,1,16.0,8.0,1.0,1.5833333333333333,12.0,19.0,0.6212389380530974,1.2424778761061948,1.2424778761061948,0.8973451327433629,2.0,0.5,0.5,5.5,0.0,2.0,0.9603,2.0572,1.0,A
c0cdb4e1-b2cd-4416-9c11-ac2f7610804a,99e8d8b2-3f7e-41f8-9ea4-00bdecf48ece,2025,13,13,2025-11-30T14:05:00+00:00,21ec0474-e758-4563-97a9-912aab00b4f5,54ed0f97-ad19-421c-a5c2-9b9d3fcbc72d,West Ham United FC,Liverpool FC,50,50,38,38,1.0,1.0,7.0,1.4,1.8,1.8,1.10618,2.31384,3.0,0.6,1.0,2.2,1.80382,1.8054999999999999,11.0,1.1,1.4,1.7,1.06668,2.01031,12.0,1.2,1.1,1.6,1.85187,1.5173,1.4,2.0,1.1802,1.9429000000000003,1.0,2.0,2.2206,1.96102,7.961805555555555,7.961805555555555,1,1,17.0,13.0,0.9166666666666666,1.5,11.0,18.0,0.9669612508497619,1.174167233174711,0.759755268524813,1.105098572399728,2.0,0.0,0.0,4.0,0.0,2.0,0.3642,1.5679,1.0,A
3ee5866c-8f42-4570-a20b-25bd3deb115c,22bfcbbf-ae4b-4ac6-a1ff-78c7a425da08,2025,13,13,2025-11-30T16:30:00+00:00,1cb320b2-b42f-4131-8f5f-ef42e7f82540,ead1bc2e-8799-410a-a809-66a274bbab2c,Chelsea FC,Arsenal FC,50,50,38,38,1.0,1.0,12.0,2.4,2.0,0.4,2.56368,0.9051,13.0,2.6,2.0,0.6,2.01172,0.55342,19.0,1.9,1.8,1.0,1.9740300000000002,1.23165,23.0,2.3,1.8,0.6,1.9273600000000002,0.62693,1.8,1.2,2.17856,1.38664,1.4,0.8,1.8960599999999999,0.72156,8.166666666666666,7.0,1,1,4.0,1.0,1.9166666666666667,2.4166666666666665,23.0,29.0,1.2439918533604888,0.6911065852002716,1.2439918533604888,0.4146639511201629,2.0,0.0,0.5,1.5,1.0,1.0,0.7919,1.2283,1.0,D
2325a9dd-596a-4e1c-a9c3-22288e03fc51,c433ec05-4129-46bb-885c-8eeafbd94da0,2025,14,14,2025-12-02T19:30:00+00:00,b552a1a6-4302-43ca-884c-0f91ac4f984b,33d2f100-682f-4a5e-9aa3-5cc57e1e8571,Fulham FC,Manchester City FC,51,51,38,38,1.0,1.0,9.0,1.8,1.4,1.0,1.43772,1.31018,9.0,1.8,2.0,1.2,2.15278,1.38576,15.0,1.5,1.3,1.3,1.2151,1.2986499999999999,22.0,2.2,2.2,0.8,2.0681599999999998,1.11645,1.6,0.4,1.58316,0.8335799999999999,0.8,1.2,1.6358000000000001,1.3740999999999999,2.9791666666666665,3.1875,2,2,15.0,2.0,1.3076923076923077,1.9230769230769231,17.0,25.0,0.8989830508474577,0.8989830508474577,1.52135593220339,0.5532203389830509,2.0,0.0,0.0,3.5,4.0,5.0,0.9726,1.9623,1.0,A
28c104a9-176b-4b85-9348-ea69b3b3f9e1,6142f4e3-f099-4e39-af5f-d38ca0b0bab7,2025,14,14,2025-12-02T19:30:00+00:00,6601a105-9986-4276-89bf-143cdf03198a,60cb8be0-9c1e-4019-8b60-fd9ac2aa9f2d,AFC Bournemouth,Everton FC,51,51,38,38,1.0,1.0,4.0,0.8,1.4,2.4,1.7684000000000002,1.24774,7.0,1.4,1.0,1.6,1.17662,1.6862000000000001,13.0,1.3,1.7,1.9,1.52766,1.44707,12.0,1.2,0.9,1.4,1.23403,1.5280600000000002,1.8,0.8,1.49336,0.46364,1.2,1.4,0.94328,1.58786,3.1875,3.0833333333333335,2,2,11.0,14.0,1.4615384615384615,1.3846153846153846,19.0,18.0,1.170754716981132,1.3084905660377357,0.619811320754717,0.9641509433962263,2.0,1.0,0.0,3.0,0.0,1.0,0.6354,1.1957,1.0,A
92f7126a-5130-4392-a5a4-05b3f86ea777,face6b9d-5f9e-45a3-b697-9acb22aae25f,2025,14,14,2025-12-02T20:15:00+00:00,c4045d6d-a715-4821-a800-cd9b505ad54b,c23d6b7a-dfaf-44a3-b016-1feb2dddec44,Newcastle United FC,Tottenham Hotspur FC,51,51,38,38,1.0,1.0,9.0,1.8,2.0,1.8,1.71768,1.82778,4.0,0.8,1.4,1.8,0.93394,1.6678000000000002,16.0,1.6,1.5,1.3,1.57735,1.33308,12.0,1.2,1.6,1.5,1.0397,1.35291,1.6,0.8,2.1844200000000003,1.35212,2.2,1.4,1.10348,1.47198,3.1145833333333335,3.0104166666666665,2,2,14.0,13.0,1.3846153846153846,1.3846153846153846,18.0,18.0,1.0343434343434343,0.8964309764309765,1.1032996632996634,1.0343434343434343,2.0,1.0,0.0,3.0,2.0,2.0,1.8856,1.0521,1.0,D
eb43284a-e287-4f53-9363-92ef8a9471ed,85f1c78b-ed0e-458c-ad3c-a8663f993fc2,2025,14,14,2025-12-03T19:30:00+00:00,db14882b-951f-4db5-860b-4ca2b8583311,f8f456e7-3e20-4803-ba4e-b1762a31812c,Brighton & Hove Albion FC,Aston Villa FC,51,51,38,38,1.0,1.0,10.0,2.0,1.8,1.0,1.45204,1.2642200000000001,12.0,2.4,1.6,0.6,1.13528,1.4777,18.0,1.8,1.8,1.2,1.40136,1.2633800000000002,23.0,2.3,1.6,0.7,1.04238,1.3189,2.2,1.0,1.61784,1.43362,1.0,1.0,0.68814,1.5325,3.2256944444444446,3.2256944444444446,2,2,5.0,4.0,1.6923076923076923,1.8461538461538463,22.0,24.0,1.2402955003357958,0.8268636668905306,1.1024848891873742,0.48233713901947617,2.0,0.0,0.5,3.5,3.0,4.0,1.963,3.1575,1.0,A
d9022e8e-c782-4e01-971f-11d5b4c47b82,5d46a562-91f7-485a-ba74-80f84d87028c,2025,14,14,2025-12-03T19:30:00+00:00,ead1bc2e-8799-410a-a809-66a274bbab2c,66a313d1-2e21-49ad-a1c7-6f04cae6be69,Arsenal FC,Brentford FC,51,51,38,38,1.0,1.0,11.0,2.2,2.0,0.8,1.8417400000000002,0.61134,9.0,1.8,2.0,1.6,2.55,1.02736,24.0,2.4,1.9,0.6,2.00162,0.65798,16.0,1.6,1.8,1.5,2.16994,1.101,2.2,0.4,1.95866,0.5323,1.0,1.8,1.75186,1.0135999999999998,3.125,4.1875,2,2,1.0,12.0,2.3076923076923075,1.4615384615384615,30.0,19.0,1.3056149732620321,0.4122994652406417,1.2368983957219253,1.0307486631016043,2.0,0.5,0.5,3.0,2.0,0.0,2.6313,0.5887,1.0,H
8fe7b1a6-1b46-4d71-8bd5-7ab6efde3042,6054123f-2a56-44d7-9eef-7659df61e770,2025,14,14,2025-12-03T19:30:00+00:00,fbffa344-2426-4b4b-9886-b8cd56ec69a1,5421e81a-b7dd-48b1-9982-42644e8dcf9f,Wolverhampton Wanderers FC,Nottingham Forest FC,51,51,38,38,1.0,1.0,0.0,0.0,0.4,2.4,1.0518800000000001,2.00902,7.0,1.4,1.6,1.4,1.3004200000000001,1.16844,2.0,0.2,0.5,2.0,0.94066,1.49291,8.0,0.8,0.9,1.7,1.14401,1.81819,1.2,2.4,1.42484,1.37624,0.8,1.6,0.59246,2.0578399999999997,3.2256944444444446,3.2256944444444446,2,2,20.0,16.0,0.15384615384615385,0.9230769230769231,2.0,12.0,0.3437917222963952,1.3751668891855808,0.6188251001335114,1.1688918558077437,2.0,0.0,0.5,2.5,0.0,1.0,1.0246,1.1239,1.0,A
56cb2c08-2da4-4dfe-9940-4de40db297e3,997b8ac1-437e-4556-a7b6-c52873e41d07,2025,14,14,2025-12-03T19:30:00+00:00,2d3435a0-e4e8-4097-a60c-2a0f92c3fede,74bd08fa-27db-4bb0-8490-f57f6ed6b8e9,Burnley FC,Crystal Palace FC,13,51,0,38,0.0,1.0,3.0,0.6,1.2,2.4,1.1268600000000002,2.7014199999999997,7.0,1.4,1.0,0.6,1.1019,1.0911,7.0,0.7,1.1,2.1,0.8465300000000001,2.4421299999999997,15.0,1.5,1.3,1.0,1.9877200000000002,1.3563699999999999,0.6,1.2,0.63186,2.03892,1.6,0.8,1.7821000000000002,1.2662799999999999,4.1875,3.3125,2,2,19.0,10.0,0.7692307692307693,1.5384615384615385,10.0,20.0,0.7573048699132756,1.4457638425617079,0.8949966644429621,0.6884589726484324,0.0,0.0,0.0,0.0,0.0,1.0,1.1685,0.9878,1.0,A
964ac05c-9b22-4354-a6cf-3d289240110c,38814ec6-0746-407d-8bca-92cc5438bbfd,2025,14,14,2025-12-03T20:15:00+00:00,54ed0f97-ad19-421c-a5c2-9b9d3fcbc72d,076f94c9-341e-4294-a86a-076741505170,Liverpool FC,Sunderland AFC,51,13,38,0,1.0,0.0,6.0,1.2,1.2,1.8,1.5954599999999999,1.3721,8.0,1.6,1.6,1.4,1.0657400000000001,1.83602,12.0,1.2,1.2,1.6,1.96052,1.50515,16.0,1.6,1.2,1.0,1.03945,1.5904,1.2,1.2,1.4831400000000001,1.0735800000000002,0.6,0.8,0.97522,1.8317599999999998,3.2569444444444446,4.21875,2,2,9.0,7.0,1.6153846153846154,1.6923076923076923,21.0,22.0,0.8272,1.1029333333333333,0.8272,0.6893333333333334,0.0,0.0,0.0,0.0,1.0,1.0,1.3763,0.7127,1.0,D
47053e74-b765-4555-aa06-089b45121de6,83d2ed73-ef52-4c09-9ae5-04f200b88781,2025,14,14,2025-12-03T20:15:00+00:00,fe8b4d06-9254-4fc8-a08f-90f242e51751,1cb320b2-b42f-4131-8f5f-ef42e7f82540,Leeds United FC,Chelsea FC,13,51,0,38,0.0,1.0,3.0,0.6,1.2,2.4,1.3196400000000001,1.96874,10.0,2.0,1.6,0.6,2.2104,0.73966,7.0,0.7,1.2,2.0,1.37449,1.4807700000000001,17.0,1.7,1.7,1.1,1.8099800000000001,1.28086,1.2,1.4,1.6546399999999999,0.78212,1.8,0.8,1.7695,1.07666,4.21875,3.15625,2,2,18.0,4.0,0.8461538461538461,1.8461538461538463,11.0,24.0,0.8276964047936084,1.3794940079893474,1.1725699067909452,0.7587217043941411,0.0,0.0,0.0,0.0,3.0,1.0,2.2047,0.964,1.0,H
30ab8ca9-980e-43ac-8e8e-f19305e5e2f5,533452ca-174a-4b9a-8ff1-b0227451fd2a,2025,14,14,2025-12-04T20:00:00+00:00,48fc005c-cbfc-4e4d-b7f1-459dce6cf940,21ec0474-e758-4563-97a9-912aab00b4f5,Manchester United FC,West Ham United FC,51,51,38,38,1.0,1.0,8.0,1.6,2.0,1.6,1.49004,1.22878,7.0,1.4,1.8,1.8,1.12696,1.93414,17.0,1.7,1.7,1.6,1.70111,1.48151,8.0,0.8,1.1,1.9,0.8795,2.0955000000000004,2.2,1.2,2.30656,0.74108,1.4,1.4,0.9531600000000001,2.0777200000000002,4.333333333333333,4.246527777777778,2,2,9.0,18.0,1.6153846153846154,0.8461538461538461,21.0,11.0,1.1717131474103584,1.102788844621514,0.7581673306772908,1.3095617529880477,2.0,0.0,0.0,2.5,1.0,1.0,2.2767,1.3658,1.0,D
0f56759b-929c-44e4-97a7-ca76b83ad379,bdbf347e-6fb3-48bb-908c-677e95459ff0,2025,15,15,2025-12-06T12:30:00+00:00,f8f456e7-3e20-4803-ba4e-b1762a31812c,ead1bc2e-8799-410a-a809-66a274bbab2c,Aston Villa FC,Arsenal FC,52,52,38,38,1.0,1.0,12.0,2.4,2.2,1.2,1.598,1.5964800000000001,11.0,2.2,2.2,0.8,2.1967600000000003,0.65898,25.0,2.5,2.0,1.0,1.3227,1.32593,24.0,2.4,1.8,0.6,1.9765799999999998,0.6874800000000001,2.2,0.4,1.39662,1.1053000000000002,1.6,0.8,2.04458,0.78366,2.7083333333333335,2.7083333333333335,3,3,3.0,1.0,1.9285714285714286,2.357142857142857,27.0,33.0,1.3793103448275863,0.6896551724137931,1.2413793103448276,0.41379310344827586,2.0,0.0,0.5,3.0,2.0,1.0,2.7199,1.8597,1.0,H
4c02de44-fb1f-467d-b0ef-b1364a80875f,40f2268b-fb79-49ad-aa3d-c302a7945fe7,2025,15,15,2025-12-06T15:00:00+00:00,6601a105-9986-4276-89bf-143cdf03198a,1cb320b2-b42f-4131-8f5f-ef42e7f82540,AFC Bournemouth,Chelsea FC,52,52,38,38,1.0,1.0,1.0,0.2,1.0,2.6,1.76416,1.42578,10.0,2.0,1.6,0.8,2.16054,0.87048,10.0,1.0,1.5,1.9,1.4470100000000001,1.50415,16.0,1.6,1.6,1.2,1.83078,1.3838,1.4,0.8,1.33206,0.5778,1.6,1.0,1.8111000000000002,1.28254,3.8125,2.78125,3,2,14.0,4.0,1.3571428571428572,1.7142857142857142,19.0,24.0,1.0344142951687625,1.3102581072137658,1.1033752481800134,0.8275314361350099,2.0,0.0,0.5,2.5,0.0,0.0,1.4193,0.6726,1.0,D
a5ff2164-f8e5-43d7-9e9b-ada6bff4fc4e,e8a1f121-bcb7-4e40-9f8a-e92f16402dc2,2025,15,15,2025-12-06T15:00:00+00:00,60cb8be0-9c1e-4019-8b60-fd9ac2aa9f2d,5421e81a-b7dd-48b1-9982-42644e8dcf9f,Everton FC,Nottingham Forest FC,52,52,38,38,1.0,1.0,10.0,2.0,1.2,1.0,1.1351200000000001,1.39462,10.0,2.0,1.8,1.0,1.4641,1.2420399999999998,14.0,1.4,1.0,1.4,1.16433,1.55617,11.0,1.1,1.0,1.4,1.22703,1.63248,1.2,1.8,1.55382,1.5860600000000002,1.0,1.0,0.7585,1.68642,3.8125,2.8125,3,3,10.0,16.0,1.5,1.0714285714285714,21.0,15.0,0.6909331568497683,0.9673064195896756,0.6909331568497683,0.9673064195896756,2.0,0.5,0.0,1.5,3.0,0.0,1.2535,0.3123,1.0,H
c020a5e4-baf1-4ace-9f72-b805660dc417,cd843efe-bf19-451e-9bb0-6923f5b39730,2025,15,15,2025-12-06T15:00:00+00:00,33d2f100-682f-4a5e-9aa3-5cc57e1e8571,076f94c9-341e-4294-a86a-076741505170,Manchester City FC,Sunderland AFC,52,14,38,0,1.0,0.0,12.0,2.4,3.0,1.8,2.27142,1.4115,6.0,1.2,1.4,1.4,0.8981600000000001,1.86862,22.0,2.2,2.4,1.2,2.06466,1.06179,16.0,1.6,1.3,1.1,1.07531,1.55222,3.2,0.8,2.5279,0.9966799999999999,0.8,1.0,1.04694,1.7553999999999998,3.8125,2.78125,3,3,3.0,7.0,2.0,1.6428571428571428,28.0,23.0,1.658124174372523,0.8290620871862615,0.8981505944517834,0.7599735799207398,0.0,0.0,0.0,0.0,3.0,0.0,2.4161,0.6265,1.0,H
677c52ab-072c-4bca-935e-6194fc391af1,1ba40b3e-e1be-489a-bc5a-7db81e403e69,2025,15,15,2025-12-06T15:00:00+00:00,c4045d6d-a715-4821-a800-cd9b505ad54b,2d3435a0-e4e8-4097-a60c-2a0f92c3fede,Newcastle United FC,Burnley FC,52,14,38,0,1.0,0.0,7.0,1.4,2.0,2.0,1.54118,1.7342,0.0,0.0,0.6,2.2,1.0514800000000002,2.38272,14.0,1.4,1.6,1.5,1.6467200000000002,1.4007,7.0,0.7,1.1,2.1,0.94658,2.26142,1.8,1.2,2.32316,1.48736,1.6,3.0,1.0612,2.8453399999999998,3.78125,2.8125,3,2,13.0,19.0,1.3571428571428572,0.7142857142857143,19.0,10.0,1.1053394858272907,1.036255767963085,0.7599208965062625,1.4507580751483191,0.0,0.0,0.0,0.0,2.0,1.0,1.8071,1.5838,1.0,H
7f5d19fa-1594-4a01-961c-d956427b8f7b,d11503a2-890d-4906-b387-c2dd4918b6b3,2025,15,15,2025-12-06T15:00:00+00:00,c23d6b7a-dfaf-44a3-b016-1feb2dddec44,66a313d1-2e21-49ad-a1c7-6f04cae6be69,Tottenham Hotspur FC,Brentford FC,52,52,38,38,1.0,1.0,2.0,0.4,1.2,2.2,0.7257,1.76428,6.0,1.2,1.4,1.6,2.01348,1.12994,10.0,1.0,1.5,1.7,0.99351,1.4621499999999998,15.0,1.5,1.6,1.5,2.11128,1.28853,1.0,1.6,0.97592,1.23384,0.8,1.8,1.5804,1.2256,3.78125,2.8125,3,3,13.0,14.0,1.3571428571428572,1.3571428571428572,19.0,19.0,1.0361842105263157,1.174342105263158,1.105263157894737,1.0361842105263157,2.0,1.0,0.0,3.0,2.0,0.0,2.4239,0.4706,1.0,H
42e7c2d7-05c8-4730-924c-49eea3c9e445,f0e16184-adfc-4a5e-922e-0a6feff52363,2025,15,15,2025-12-06T17:30:00+00:00,fe8b4d06-9254-4fc8-a08f-90f242e51751,54ed0f97-ad19-421c-a5c2-9b9d3fcbc72d,Leeds United FC,Liverpool FC,14,52,0,38,0.0,1.0,3.0,0.6,1.4,2.4,1.3163,2.0618000000000003,7.0,1.4,1.0,1.4,1.4470399999999999,0.8603799999999999,10.0,1.0,1.5,2.0,1.51192,1.46319,10.0,1.0,1.2,1.7,1.81866,1.55962,1.8,1.6,1.9601199999999999,0.9141999999999999,1.2,2.0,1.9751999999999998,2.00026,2.8854166666666665,2.8854166666666665,3,2,17.0,12.0,1.0,1.5714285714285714,14.0,22.0,1.0367936925098555,1.3823915900131407,0.8294349540078844,1.1750328515111694,0.0,0.0,0.0,0.0,3.0,3.0,1.7933,2.0481,1.0,D
9df7455f-0f77-4d34-bfe9-326fb604601e,00c74257-3044-4881-8ce5-ad75284ffd7f,2025,15,15,2025-12-07T14:00:00+00:00,db14882b-951f-4db5-860b-4ca2b8583311,21ec0474-e758-4563-97a9-912aab00b4f5,Brighton & Hove Albion FC,West Ham United FC,52,52,38,38,1.0,1.0,10.0,2.0,2.0,1.0,1.6552,1.50326,8.0,1.6,1.8,1.6,1.30038,1.9452000000000003,18.0,1.8,2.0,1.4,1.5351700000000001,1.43494,9.0,0.9,1.2,1.7,0.9367599999999999,2.17177,2.4,1.6,1.5687200000000001,1.63828,1.0,1.6,0.77912,2.38986,3.7708333333333335,2.75,2,2,10.0,18.0,1.5714285714285714,0.8571428571428571,22.0,12.0,1.3795811518324608,0.9657068062827224,0.8277486910994765,1.1726439790575915,2.0,0.5,0.5,3.5,1.0,1.0,2.1008,1.7064,1.0,D
cc866b17-e86d-4ad8-a64e-63745b05081a,dfd73caf-9db5-4f1b-97ff-751bc6b5a5b2,2025,15,15,2025-12-07T16:30:00+00:00,b552a1a6-4302-43ca-884c-0f91ac4f984b,74bd08fa-27db-4bb0-8490-f57f6ed6b8e9,Fulham FC,Crystal Palace FC,52,52,38,38,1.0,1.0,9.0,1.8,2.0,1.6,1.3282399999999999,1.14902,10.0,2.0,1.2,0.4,1.2293600000000002,1.1535600000000001,12.0,1.2,1.6,1.8,1.19838,1.41184,17.0,1.7,1.4,1.0,1.91069,1.43781,2.2,1.4,1.54972,1.0599599999999998,1.2,0.8,1.4602400000000002,1.2588,4.875,3.875,2,2,15.0,6.0,1.2142857142857142,1.6428571428571428,17.0,23.0,1.104313725490196,1.2423529411764704,0.9662745098039215,0.6901960784313725,2.0,0.5,0.0,2.0,1.0,2.0,0.7668,1.7111,1.0,A
875576df-a732-4851-8a4d-3d8595fc5569,f2aa3ce2-b33d-40ff-80ca-72e96eea302f,2025,15,15,2025-12-08T20:00:00+00:00,fbffa344-2426-4b4b-9886-b8cd56ec69a1,48fc005c-cbfc-4e4d-b7f1-459dce6cf940,Wolverhampton Wanderers FC,Manchester United FC,52,52,38,38,1.0,1.0,0.0,0.0,0.0,2.0,0.74054,1.92472,6.0,1.2,1.4,1.4,1.5529199999999999,1.3125,2.0,0.2,0.5,2.0,1.00553,1.48611,18.0,1.8,1.8,1.4,1.7768599999999999,1.41836,0.8,2.0,1.4411,1.19344,1.8,1.8,1.5963,2.08772,5.020833333333333,4.0,2,3,20.0,12.0,0.14285714285714285,1.5714285714285714,2.0,22.0,0.34507501630789306,1.3803000652315722,1.242270058708415,0.9662100456621004,2.0,1.0,0.0,1.5,1.0,4.0,0.2621,4.0471,1.0,A
6a7bd244-4978-462d-aad0-b826d7176d06,e337cea0-0e33-4f54-b8ef-fc46ad11bc7c,2025,16,16,2025-12-13T15:00:00+00:00,54ed0f97-ad19-421c-a5c2-9b9d3fcbc72d,db14882b-951f-4db5-860b-4ca2b8583311,Liverpool FC,Brighton & Hove Albion FC,53,53,38,38,1.0,1.0,5.0,1.0,1.2,2.0,1.5626200000000001,1.13204,8.0,1.6,1.6,1.2,1.5471,1.7727,8.0,0.8,1.3,1.9,1.9172999999999998,1.66681,18.0,1.8,1.9,1.3,1.6047799999999999,1.4864000000000002,1.2,1.4,1.6621200000000003,1.11898,1.6,1.2,1.50162,1.2316,6.895833333333333,6.041666666666667,3,3,10.0,8.0,1.5333333333333334,1.5333333333333334,23.0,23.0,0.8959687906371911,1.3094928478543562,1.3094928478543562,0.8959687906371911,2.0,0.5,0.0,4.0,2.0,0.0,2.4127,1.69,1.0,H
b276b922-b2ca-43e1-baf9-fc4dad1eef9a,eba499c7-8f1d-4669-82e2-4ca5525d3a7b,2025,16,16,2025-12-13T15:00:00+00:00,1cb320b2-b42f-4131-8f5f-ef42e7f82540,60cb8be0-9c1e-4019-8b60-fd9ac2aa9f2d,Chelsea FC,Everton FC,53,53,38,38,1.0,1.0,8.0,1.6,1.4,0.8,1.62656,1.12494,12.0,2.4,1.6,0.8,1.18434,1.2209400000000001,17.0,1.7,1.5,1.0,1.85106,1.39127,17.0,1.7,1.2,1.2,1.21754,1.48123,1.6,1.4,1.85046,1.48506,0.8,1.0,0.77484,1.52628,7.0,7.0,3,3,6.0,8.0,1.6666666666666667,1.6,25.0,24.0,1.0344155844155845,0.6896103896103896,0.8275324675324675,0.8275324675324675,2.0,0.5,0.5,0.5,2.0,0.0,2.6446,1.34,1.0,H
80bcb435-7e24-4421-8de6-3e30fb1163f3,22836f97-e0e4-469f-88c8-03a93b502b8a,2025,16,16,2025-12-13T17:30:00+00:00,2d3435a0-e4e8-4097-a60c-2a0f92c3fede,b552a1a6-4302-43ca-884c-0f91ac4f984b,Burnley FC,Fulham FC,15,53,0,38,0.0,1.0,0.0,0.0,0.8,2.2,1.2324,2.24084,6.0,1.2,1.6,2.0,1.09918,1.44926,6.0,0.6,1.1,2.2,0.9908000000000001,2.35905,9.0,0.9,1.4,1.9,1.12263,1.5002900000000001,0.6,1.2,0.8319600000000001,1.6775000000000002,1.0,2.2,0.84704,1.76372,7.104166666666667,6.041666666666667,2,3,19.0,15.0,0.6666666666666666,1.1333333333333333,10.0,17.0,0.7590142671854735,1.518028534370947,0.966018158236057,1.3110246433203632,0.0,0.0,0.0,0.0,2.0,3.0,2.0549,1.6505,1.0,A
a03e85a3-8288-46a3-a0b2-e8d793a3ce1f,7459f8c8-2645-4dc7-9457-2d3d7f784aeb,2025,16,16,2025-12-13T20:00:00+00:00,ead1bc2e-8799-410a-a809-66a274bbab2c,fbffa344-2426-4b4b-9886-b8cd56ec69a1,Arsenal FC,Wolverhampton Wanderers FC,53,53,38,38,1.0,1.0,8.0,1.6,2.0,1.2,2.0654,1.06712,0.0,0.0,0.2,2.2,0.75098,2.3517200000000003,23.0,2.3,1.8,0.7,2.09069,0.8472,2.0,0.2,0.5,2.1,0.8751300000000001,1.84512,2.0,0.4,1.90858,0.5913,0.2,2.0,0.56996,1.77878,7.3125,5.0,3,3,1.0,20.0,2.2,0.13333333333333333,33.0,2.0,1.2403361344537815,0.4823529411764706,0.3445378151260504,1.447058823529412,2.0,1.0,0.0,1.5,2.0,1.0,1.618,0.62,1.0,H
c57004bc-493f-4c59-954e-0c16d5b76594,34d44a70-1541-48b8-af77-9efc5268300a,2025,16,16,2025-12-14T14:00:00+00:00,076f94c9-341e-4294-a86a-076741505170,c4045d6d-a715-4821-a800-cd9b505ad54b,Sunderland AFC,Newcastle United FC,15,53,0,38,0.0,1.0,5.0,1.0,1.2,1.8,0.78732,2.15036,10.0,2.0,2.2,1.6,1.79788,1.7682000000000002,15.0,1.5,1.2,1.3,1.04413,1.69989,16.0,1.6,1.8,1.6,1.8120699999999998,1.50401,1.8,1.2,1.10368,1.34904,1.4,1.8,0.97028,1.3140399999999999,7.958333333333333,7.958333333333333,2,2,10.0,12.0,1.5333333333333334,1.4666666666666666,23.0,22.0,0.8268387096774192,0.8957419354838709,1.240258064516129,1.1024516129032258,0.0,0.0,0.0,0.0,1.0,0.0,0.63,0.1693,1.0,H
6a89f09d-7830-4f92-a138-fe09bea0bb4d,824a6855-b53c-43d5-9353-a60d9fc7449f,2025,16,16,2025-12-14T14:00:00+00:00,5421e81a-b7dd-48b1-9982-42644e8dcf9f,c23d6b7a-dfaf-44a3-b016-1feb2dddec44,Nottingham Forest FC,Tottenham Hotspur FC,53,53,38,38,1.0,1.0,9.0,1.8,1.4,1.2,1.21642,1.3094999999999999,5.0,1.0,1.6,2.0,1.1810800000000001,1.1899000000000002,10.0,1.0,0.9,1.6,1.17518,1.6436700000000002,12.0,1.2,1.5,1.5,1.1167200000000002,1.36874,1.0,1.8,1.69556,1.5785399999999998,2.0,1.8,1.0111,1.6904600000000003,7.958333333333333,7.958333333333333,3,2,17.0,11.0,1.0,1.4666666666666666,15.0,22.0,0.620889748549323,1.1038039974210188,1.034816247582205,1.034816247582205,2.0,1.0,0.0,2.0,3.0,0.0,2.3266,0.3802,1.0,H
9ac43826-f212-4ad3-901b-eca43de6fb90,2e744f6e-216c-44b3-b40c-accd0f5d27be,2025,16,16,2025-12-14T14:00:00+00:00,74bd08fa-27db-4bb0-8490-f57f6ed6b8e9,33d2f100-682f-4a5e-9aa3-5cc57e1e8571,Crystal Palace FC,Manchester City FC,53,53,38,38,1.0,1.0,10.0,2.0,1.2,0.6,1.42466,1.14282,12.0,2.4,3.0,1.6,2.25664,1.35684,17.0,1.7,1.4,1.0,1.8482300000000003,1.4678499999999999,24.0,2.4,2.6,1.1,2.194,1.05258,1.6,1.2,2.36114,1.61682,1.6,1.6,1.6014199999999998,1.1269,6.895833333333333,7.958333333333333,2,2,5.0,2.0,1.7333333333333334,2.066666666666667,26.0,31.0,0.9657657657657657,0.6898326898326899,1.7935649935649935,0.7588159588159589,2.0,0.0,0.5,5.5,0.0,3.0,1.3009,1.3532,1.0,A
d832060b-84b9-4682-98e7-f9cea3fc59d9,7bbc0f49-3c30-427f-93f0-c2735b7e337b,2025,16,16,2025-12-14T14:00:00+00:00,21ec0474-e758-4563-97a9-912aab00b4f5,f8f456e7-3e20-4803-ba4e-b1762a31812c,West Ham United FC,Aston Villa FC,53,53,38,38,1.0,1.0,6.0,1.2,1.4,1.6,1.3588999999999998,2.26064,15.0,3.0,2.6,1.0,2.05498,1.67438,10.0,1.0,1.2,1.6,1.06076,2.14828,27.0,2.7,2.1,1.0,1.50075,1.41807,1.4,1.8,1.0943999999999998,1.9536799999999999,1.8,1.6,1.24878,1.54656,7.0,8.0625,3,3,18.0,3.0,0.8666666666666667,2.0,13.0,30.0,0.8277456647398843,1.1036608863198458,1.4485549132947977,0.6897880539499036,2.0,0.0,0.5,2.5,2.0,3.0,1.277,0.5951,1.0,A
e34ecff2-7e73-4475-82e7-2e87f2741c23,73cc3678-35c3-4900-a4e4-57165ec13e48,2025,16,16,2025-12-14T16:30:00+00:00,66a313d1-2e21-49ad-a1c7-6f04cae6be69,fe8b4d06-9254-4fc8-a08f-90f242e51751,Brentford FC,Leeds United FC,53,15,38,0,1.0,0.0,6.0,1.2,1.4,1.6,1.9434999999999998,1.4678,4.0,0.8,2.0,2.4,1.6031199999999999,1.94316,15.0,1.5,1.5,1.4,2.07568,1.37849,8.0,0.8,1.5,2.2,1.64555,1.51139,2.4,1.2,2.6421599999999996,1.3514599999999999,1.2,2.4,1.06372,2.01218,8.0625,7.958333333333333,2,2,15.0,17.0,1.2666666666666666,1.0,19.0,15.0,1.033290653008963,0.9644046094750319,1.033290653008963,1.515492957746479,0.0,0.0,0.0,0.0,1.0,1.0,0.697,1.6341,1.0,D
a2408f7a-b51f-4bac-8afe-45ff3349d77f,188f709b-4da3-4cb7-b763-59c03ab27b88,2025,16,16,2025-12-15T20:00:00+00:00,48fc005c-cbfc-4e4d-b7f1-459dce6cf940,6601a105-9986-4276-89bf-143cdf03198a,Manchester United FC,AFC Bournemouth,53,53,38,38,1.0,1.0,8.0,1.6,1.8,1.2,2.1791,1.05478,2.0,0.4,0.8,2.0,1.8680599999999998,1.0623,18.0,1.8,2.0,1.4,2.04711,1.39759,10.0,1.0,1.5,1.9,1.5338699999999998,1.5560500000000002,1.8,1.0,1.9574199999999997,0.749,1.6,3.0,1.56196,2.4305,7.0,9.208333333333334,2,2,8.0,15.0,1.6666666666666667,1.3333333333333333,25.0,20.0,1.3785166240409208,0.9649616368286444,1.0338874680306906,1.3095907928388746,2.0,0.0,0.5,2.5,4.0,4.0,3.212,2.352,1.0,D
5d251b75-ce80-4268-9a86-f073c86d563b,99afab3f-aad0-4186-9128-b28d39588e1c,2025,17,17,2025-12-20T12:30:00+00:00,c4045d6d-a715-4821-a800-cd9b505ad54b,1cb320b2-b42f-4131-8f5f-ef42e7f82540,Newcastle United FC,Chelsea FC,54,54,38,38,1.0,1.0,10.0,2.0,2.0,1.2,1.74528,1.34674,8.0,1.6,1.2,0.8,1.3588,1.37064,16.0,1.6,1.7,1.5,1.75501,1.35996,20.0,2.0,1.6,0.7,1.9128699999999998,1.27776,2.0,1.0,2.5366,1.39002,1.4,0.6,1.85166,1.29748,5.9375,6.895833333333333,2,2,12.0,4.0,1.375,1.75,22.0,28.0,1.16793893129771,1.0305343511450382,1.099236641221374,0.4809160305343511,2.0,0.5,0.0,2.5,2.0,2.0,2.8786,1.0261,1.0,D
5dca10f7-4a8c-42ab-8670-5a1bc81477b7,873cb7d1-6391-4811-89e1-7afe0c4679a3,2025,17,17,2025-12-20T15:00:00+00:00,6601a105-9986-4276-89bf-143cdf03198a,2d3435a0-e4e8-4097-a60c-2a0f92c3fede,AFC Bournemouth,Burnley FC,54,16,38,0,1.0,0.0,3.0,0.6,1.6,2.0,1.93648,1.3281399999999999,0.0,0.0,0.8,2.2,1.26842,1.97748,10.0,1.0,1.7,2.1,1.66304,1.67252,6.0,0.6,1.2,2.0,1.14534,2.20197,1.4,0.8,1.5057800000000001,0.6816,1.6,2.4,1.27606,2.5625,4.791666666666667,6.895833333333333,2,2,13.0,19.0,1.3125,0.625,21.0,10.0,1.1671319796954314,1.441751269035533,0.8238578680203046,1.3730964467005076,0.0,0.0,0.0,0.0,1.0,1.0,1.8185,0.4805,1.0,D
addfefec-ee0c-434c-8021-3bc115e17a06,77831aaa-1856-4724-9fec-37023925d6ce,2025,17,17,2025-12-20T15:00:00+00:00,db14882b-951f-4db5-860b-4ca2b8583311,076f94c9-341e-4294-a86a-076741505170,Brighton & Hove Albion FC,Sunderland AFC,54,16,38,0,1.0,0.0,7.0,1.4,1.6,1.6,1.7576999999999998,2.08734,7.0,1.4,1.0,1.4,0.67232,1.71834,15.0,1.5,1.6,1.4,1.52627,1.52502,15.0,1.5,1.2,1.3,0.9129799999999999,1.57479,2.2,1.4,1.70794,1.7411999999999999,0.6,1.6,0.78394,1.95456,7.0,6.041666666666667,2,2,10.0,8.0,1.4375,1.625,23.0,26.0,1.0991128010139417,0.9617237008871989,0.8243346007604563,0.8930291508238277,0.0,0.0,0.0,0.0,0.0,0.0,0.9193,1.3104,1.0,D
ac078963-0187-4720-a840-37e691feddcf,0032ce23-fccf-456f-8e8e-a9b41df477b9,2025,17,17,2025-12-20T15:00:00+00:00,33d2f100-682f-4a5e-9aa3-5cc57e1e8571,21ec0474-e758-4563-97a9-912aab00b4f5,Manchester City FC,West Ham United FC,54,54,38,38,1.0,1.0,12.0,2.4,3.0,1.6,2.2082,1.4114,3.0,0.6,1.2,1.8,1.02084,2.0047,24.0,2.4,2.4,1.0,2.00719,1.13172,9.0,0.9,1.3,1.8,1.1108799999999999,2.1168199999999997,2.8,0.6,2.36686,1.02008,1.0,1.6,0.96524,2.6280799999999997,6.041666666666667,6.041666666666667,2,2,2.0,18.0,2.125,0.8125,34.0,13.0,1.6517110266159696,0.688212927756654,0.8946768060836503,1.2387832699619772,2.0,1.0,0.0,4.5,3.0,0.0,3.5819,1.0214,1.0,H
1dbb5686-20d2-4043-82cf-ac44f15fe34a,713a4706-5703-48c0-94a0-56ef298367e8,2025,17,17,2025-12-20T15:00:00+00:00,fbffa344-2426-4b4b-9886-b8cd56ec69a1,66a313d1-2e21-49ad-a1c7-6f04cae6be69,Wolverhampton Wanderers FC,Brentford FC,54,54,38,38,1.0,1.0,0.0,0.0,0.4,2.0,0.85268,1.87864,4.0,0.8,1.0,1.6,1.53544,1.7081600000000001,1.0,0.1,0.5,2.2,0.82118,1.92505,13.0,1.3,1.3,1.4,1.86665,1.31829,0.8,2.2,1.1803000000000001,1.91146,0.6,1.6,1.5092,1.40552,6.791666666666667,5.9375,2,2,20.0,15.0,0.125,1.25,2.0,20.0,0.34408602150537637,1.513978494623656,0.8946236559139785,0.9634408602150537,2.0,0.0,0.5,5.0,0.0,2.0,1.2682,1.5631,1.0,A
6b534768-ae1f-4124-a4ac-7357a1ce5f21,40afbe17-9470-45ec-8002-fbf2794d31d3,2025,17,17,2025-12-20T17:30:00+00:00,c23d6b7a-dfaf-44a3-b016-1feb2dddec44,54ed0f97-ad19-421c-a5c2-9b9d3fcbc72d,Tottenham Hotspur FC,Liverpool FC,54,54,38,38,1.0,1.0,4.0,0.8,1.2,2.2,0.9860599999999999,1.49116,8.0,1.6,1.6,1.4,1.83954,1.15096,11.0,1.1,1.4,1.7,1.07287,1.48545,11.0,1.1,1.4,1.7,1.8483899999999998,1.4824899999999999,1.2,1.4,1.29696,1.09606,1.6,2.2,1.7644600000000001,1.65228,6.145833333333333,7.104166666666667,1,2,13.0,8.0,1.375,1.625,22.0,26.0,0.9639924194567276,1.1705622236260265,0.9639924194567276,1.1705622236260265,2.0,0.0,0.0,7.5,1.0,2.0,1.3491,1.2316,1.0,A
e3684b1f-8a4f-4972-8c46-3a999b513976,bb97e94e-33db-47ce-96b4-02d23dafbd9f,2025,17,17,2025-12-20T20:00:00+00:00,60cb8be0-9c1e-4019-8b60-fd9ac2aa9f2d,ead1bc2e-8799-410a-a809-66a274bbab2c,Everton FC,Arsenal FC,54,54,38,38,1.0,1.0,9.0,1.8,1.2,1.2,0.9911200000000001,1.66496,10.0,2.0,2.0,1.0,1.9231200000000002,0.9501200000000001,16.0,1.6,1.1,1.3,1.26057,1.66811,23.0,2.3,1.8,0.7,2.04544,0.83521,1.6,1.6,1.62258,1.49336,1.4,1.0,2.00242,1.17966,7.208333333333333,7.0,1,1,10.0,2.0,1.5,2.25,24.0,36.0,0.757377049180328,0.8950819672131148,1.239344262295082,0.4819672131147541,2.0,0.0,1.0,1.0,0.0,1.0,0.2133,1.8472,1.0,A
414cd350-1892-43c1-b61b-2635b19f05e6,bc2cccfe-2551-4c16-86c4-b32b54f0cded,2025,17,17,2025-12-20T20:00:00+00:00,fe8b4d06-9254-4fc8-a08f-90f242e51751,74bd08fa-27db-4bb0-8490-f57f6ed6b8e9,Leeds United FC,Crystal Palace FC,16,54,0,38,0.0,1.0,5.0,1.0,2.0,2.0,1.84604,1.5843599999999998,9.0,1.8,1.2,1.2,1.51694,1.28606,8.0,0.8,1.4,2.1,1.60423,1.47506,14.0,1.4,1.2,1.2,1.625,1.29299,2.0,1.8,1.90932,1.1117599999999999,1.2,0.8,1.33532,1.31888,6.145833333333333,6.25,1,2,17.0,7.0,1.0,1.625,16.0,26.0,0.9650913673597983,1.4476370510396976,0.8272211720226843,0.8272211720226843,0.0,0.0,0.0,0.0,4.0,1.0,2.9079,1.5306,1.0,H
dee7cd46-94c3-4c27-be48-70c79132a6c0,c9fae596-a512-471c-9a55-0894403f4aa5,2025,17,17,2025-12-21T16:30:00+00:00,f8f456e7-3e20-4803-ba4e-b1762a31812c,48fc005c-cbfc-4e4d-b7f1-459dce6cf940,Aston Villa FC,Manchester United FC,54,54,38,38,1.0,1.0,15.0,3.0,2.4,1.4,1.79744,1.5278,8.0,1.6,2.2,1.6,2.6574400000000002,1.25412,27.0,2.7,2.1,1.1,1.42368,1.45051,19.0,1.9,2.3,1.5,2.1447,1.35406,2.0,0.4,1.6674399999999998,1.28672,2.4,1.4,1.9585000000000001,1.58268,7.104166666666667,5.854166666666667,1,2,3.0,7.0,2.0625,1.625,33.0,26.0,1.4457286432160805,0.7572864321608042,1.5834170854271357,1.0326633165829147,2.0,0.0,0.5,1.0,2.0,1.0,1.8692,1.3046,1.0,H
9dd30f76-1e6d-4837-a6e8-fc8a449cc9f2,409eff23-2fc0-456c-adaf-807c9497baf7,2025,17,17,2025-12-22T20:00:00+00:00,b552a1a6-4302-43ca-884c-0f91ac4f984b,5421e81a-b7dd-48b1-9982-42644e8dcf9f,Fulham FC,Nottingham Forest FC,54,54,38,38,1.0,1.0,9.0,1.8,2.2,2.0,1.34438,1.39902,9.0,1.8,1.4,1.0,1.18354,1.30164,12.0,1.2,1.6,1.8,1.19242,1.5692,13.0,1.3,1.2,1.5,1.2658099999999999,1.48754,1.8,1.6,1.3982199999999998,1.2368599999999998,0.8,1.4,0.6548,1.7088,9.104166666666666,8.25,1,1,15.0,17.0,1.25,1.125,20.0,18.0,1.1014420062695924,1.2391222570532914,0.8260815047021943,1.0326018808777429,2.0,1.0,0.0,2.0,1.0,0.0,1.7057,0.4863,1.0,H
71e4c0a3-83ff-4ba1-bbb6-8d3e3eb17c33,fdadb3b4-fa4c-480d-92f1-b2b0addf8654,2025,18,18,2025-12-26T20:00:00+00:00,48fc005c-cbfc-4e4d-b7f1-459dce6cf940,c4045d6d-a715-4821-a800-cd9b505ad54b,Manchester United FC,Newcastle United FC,55,55,38,38,1.0,1.0,8.0,1.6,2.4,1.8,2.46362,1.59694,8.0,1.6,2.0,1.4,1.8398800000000002,1.06066,16.0,1.6,2.2,1.7,2.08218,1.46027,14.0,1.4,1.7,1.7,1.66121,1.4288,2.2,1.6,2.3309,1.12544,1.4,2.0,0.97342,1.3298999999999999,5.145833333333333,6.3125,2,2,7.0,11.0,1.5294117647058822,1.3529411764705883,26.0,23.0,1.5162907268170427,1.1716791979949874,1.1716791979949874,1.1716791979949874,2.0,0.0,0.0,3.5,1.0,0.0,0.9408,1.13,1.0,H
317a63f6-0b2c-4c78-a9a6-755d3f3370c1,a27b4d05-f05b-4e5b-8002-42017fbb6eb9,2025,18,18,2025-12-27T12:30:00+00:00,5421e81a-b7dd-48b1-9982-42644e8dcf9f,33d2f100-682f-4a5e-9aa3-5cc57e1e8571,Nottingham Forest FC,Manchester City FC,55,55,38,38,1.0,1.0,6.0,1.2,0.8,1.2,1.04188,1.28424,15.0,3.0,3.4,1.2,2.43328,1.13456,13.0,1.3,1.2,1.4,1.28067,1.27645,24.0,2.4,2.6,1.0,2.2557300000000002,1.16448,1.6,1.6,1.87682,1.26628,2.0,1.4,1.64752,1.24336,4.6875,6.895833333333333,2,2,17.0,2.0,1.0588235294117647,2.176470588235294,18.0,37.0,0.828052598622417,0.9660613650594865,1.7941139636819037,0.6900438321853476,2.0,0.5,0.0,2.0,1.0,2.0,0.6001,1.4647,1.0,A
b81fd3d4-fbe7-41a6-99d4-2d25060ba20c,b185d9dd-7bf0-42a6-8ee6-54fc94eea0d7,2025,18,18,2025-12-27T15:00:00+00:00,ead1bc2e-8799-410a-a809-66a274bbab2c,db14882b-951f-4db5-860b-4ca2b8583311,Arsenal FC,Brighton & Hove Albion FC,55,55,38,38,1.0,1.0,10.0,2.0,1.4,0.8,1.8369,0.98676,5.0,1.0,1.2,1.4,1.74606,1.90946,23.0,2.3,1.7,0.7,1.9243100000000002,0.7700899999999999,15.0,1.5,1.5,1.3,1.47904,1.6191200000000001,2.2,0.4,2.08846,0.49076000000000003,1.0,1.4,1.3446,1.30884,6.791666666666667,7.0,2,2,2.0,9.0,2.2941176470588234,1.411764705882353,39.0,24.0,1.173,0.483,1.035,0.897,2.0,0.0,1.0,2.0,2.0,1.0,2.5432,0.7101,1.0,H
a71f5117-825e-40a6-afec-696fd386b1de,8f09a785-9de0-4fa0-9a9e-6106b7be625d,2025,18,18,2025-12-27T15:00:00+00:00,66a313d1-2e21-49ad-a1c7-6f04cae6be69,6601a105-9986-4276-89bf-143cdf03198a,Brentford FC,AFC Bournemouth,55,55,38,38,1.0,1.0,7.0,1.4,1.2,1.2,1.4081,1.7663,3.0,0.6,1.4,1.8,1.6035799999999998,1.3460800000000002,16.0,1.6,1.5,1.3,1.95358,1.3354599999999999,8.0,0.8,1.5,2.1,1.71143,1.63623,2.0,1.2,2.2241,1.23106,2.0,3.4,1.8203,2.66344,7.0,7.0,2,2,12.0,15.0,1.3529411764705883,1.2941176470588236,23.0,22.0,1.034934497816594,0.8969432314410481,1.034934497816594,1.4489082969432316,2.0,1.0,0.0,4.0,4.0,1.0,2.8513,2.5618,1.0,H
f276608a-3ac2-44a8-90fc-3fbe7af30745,b17ae560-86c2-4416-8212-5da56991962a,2025,18,18,2025-12-27T15:00:00+00:00,2d3435a0-e4e8-4097-a60c-2a0f92c3fede,60cb8be0-9c1e-4019-8b60-fd9ac2aa9f2d,Burnley FC,Everton FC,17,55,0,38,0.0,1.0,1.0,0.2,1.0,2.0,1.23234,1.9969999999999999,6.0,1.2,1.0,1.4,1.0027599999999999,1.57966,7.0,0.7,1.2,1.9,1.14316,2.21025,13.0,1.3,0.9,1.3,1.06802,1.63504,0.8,1.6,1.01462,1.84144,0.6,1.0,0.89856,1.84286,7.0,6.791666666666667,2,2,19.0,11.0,0.6470588235294118,1.411764705882353,11.0,24.0,0.826865671641791,1.3092039800995023,0.6201492537313433,0.895771144278607,0.0,0.0,0.0,0.0,0.0,0.0,1.2495,1.252,1.0,D
dead23de-b56c-4515-962b-3b32e5ea32aa,3dbd42e4-fbbe-421a-892d-15b7680ffbad,2025,18,18,2025-12-27T15:00:00+00:00,21ec0474-e758-4563-97a9-912aab00b4f5,b552a1a6-4302-43ca-884c-0f91ac4f984b,West Ham United FC,Fulham FC,55,55,38,38,1.0,1.0,2.0,0.4,0.8,2.0,1.14696,2.02448,9.0,1.8,2.2,2.0,1.11806,1.4517200000000001,9.0,0.9,1.3,1.9,1.1265699999999998,2.16916,15.0,1.5,1.6,1.5,1.27865,1.48437,1.6,2.0,1.2565199999999999,1.60556,1.4,2.0,0.98662,1.90154,7.0,4.791666666666667,2,2,18.0,13.0,0.7647058823529411,1.3529411764705883,13.0,23.0,0.8973880597014925,1.3115671641791042,1.1044776119402986,1.0354477611940298,2.0,0.5,0.5,3.5,0.0,1.0,1.1372,1.1144,1.0,A
337126ad-3bf1-4425-a06d-c7a0864f1927,1dc193b1-f86b-4064-a2f1-c86b8cfa7c11,2025,18,18,2025-12-27T15:00:00+00:00,54ed0f97-ad19-421c-a5c2-9b9d3fcbc72d,fbffa344-2426-4b4b-9886-b8cd56ec69a1,Liverpool FC,Wolverhampton Wanderers FC,55,55,38,38,1.0,1.0,11.0,2.2,2.0,1.0,1.72732,1.18186,0.0,0.0,0.4,2.0,0.7735,1.9014,14.0,1.4,1.5,1.6,1.7655699999999999,1.49368,0.0,0.0,0.4,2.3,0.91106,1.9422000000000001,1.2,1.2,1.93232,1.3127,0.2,2.2,0.46205999999999997,1.9386400000000001,6.895833333333333,7.0,2,2,6.0,20.0,1.7058823529411764,0.11764705882352941,29.0,2.0,1.0366687383467992,1.1057799875699192,0.2764449968924798,1.5895587321317588,2.0,1.0,0.0,3.0,2.0,1.0,1.565,0.7807,1.0,H
27bebca5-ab13-4d0a-baea-edb79b90fecc,60ea75ae-e7e1-4a6b-bb15-5eea8ba19bf0,2025,18,18,2025-12-27T17:30:00+00:00,1cb320b2-b42f-4131-8f5f-ef42e7f82540,f8f456e7-3e20-4803-ba4e-b1762a31812c,Chelsea FC,Aston Villa FC,55,55,38,38,1.0,1.0,6.0,1.2,1.2,1.2,1.21984,1.81418,15.0,3.0,2.4,1.4,1.8993200000000001,1.4193799999999999,18.0,1.8,1.6,0.8,1.89176,1.35964,27.0,2.7,2.1,1.1,1.43703,1.53074,1.8,0.8,1.97408,1.25804,2.2,1.8,1.17992,1.6143,7.208333333333333,6.041666666666667,1,2,5.0,3.0,1.7058823529411764,2.1176470588235294,29.0,36.0,1.1057071960297769,0.5528535980148884,1.4512406947890821,0.7601736972704716,2.0,0.5,0.0,3.0,1.0,2.0,1.9716,2.0592,1.0,A
871299d9-b442-437d-894c-cecd697cea65,8bb6a28d-0f8a-4b33-971f-524c73751afd,2025,18,18,2025-12-28T14:00:00+00:00,076f94c9-341e-4294-a86a-076741505170,fe8b4d06-9254-4fc8-a08f-90f242e51751,Sunderland AFC,Leeds United FC,17,17,0,0,0.0,0.0,8.0,1.6,1.0,1.2,0.8898400000000001,1.33474,8.0,1.6,2.6,1.8,2.05828,1.6185199999999997,16.0,1.6,1.2,1.1,0.9633100000000001,1.47374,11.0,1.1,1.7,2.0,1.74697,1.5593,1.8,1.0,1.04202,1.19502,0.8,2.4,1.29914,1.8383600000000002,7.958333333333333,7.75,2,2,7.0,16.0,1.588235294117647,1.1176470588235294,27.0,19.0,0.8292260061919504,0.760123839009288,1.174736842105263,1.3820433436532509,0.0,0.0,0.0,0.0,1.0,1.0,0.806,2.6065,1.0,D
64673b0a-009a-4219-bc15-14481b926ea1,4e1a8c0c-c8e9-4040-bae8-8d6bc8b20508,2025,18,18,2025-12-28T16:30:00+00:00,74bd08fa-27db-4bb0-8490-f57f6ed6b8e9,c23d6b7a-dfaf-44a3-b016-1feb2dddec44,Crystal Palace FC,Tottenham Hotspur FC,55,55,38,38,1.0,1.0,6.0,1.2,1.0,2.0,1.5332000000000001,1.53482,4.0,0.8,1.2,1.8,1.24986,1.28182,14.0,1.4,1.2,1.4,1.56027,1.3699,8.0,0.8,1.3,1.8,1.13896,1.46056,1.2,1.6,1.91468,1.2671,1.6,2.0,0.84878,1.87484,7.854166666666667,7.958333333333333,1,1,9.0,14.0,1.5294117647058822,1.2941176470588236,26.0,22.0,0.8296846011131724,0.9679653679653678,0.8988249845392702,1.2445269016697587,2.0,1.0,0.0,1.5,0.0,1.0,0.9297,0.8708,1.0,A
55e537eb-10c7-4069-b171-83070febc4d5,af81beca-d328-410f-a94d-a943837da36a,2025,19,19,2025-12-30T19:30:00+00:00,1cb320b2-b42f-4131-8f5f-ef42e7f82540,6601a105-9986-4276-89bf-143cdf03198a,Chelsea FC,AFC Bournemouth,56,56,38,38,1.0,1.0,5.0,1.0,1.2,1.4,1.45578,1.98036,3.0,0.6,1.2,2.0,1.7573999999999999,1.68242,15.0,1.5,1.4,1.0,1.8330899999999999,1.36001,7.0,0.7,1.3,2.2,1.7629000000000001,1.46508,1.6,1.0,2.12096,1.25792,1.6,3.6,1.9232399999999998,2.32114,3.0833333333333335,3.1875,2,2,5.0,15.0,1.6111111111111112,1.2222222222222223,29.0,22.0,0.9690976514215079,0.69221260815822,0.899876390605686,1.5228677379480842,3.0,0.3333333333333333,0.6666666666666666,1.6666666666666667,2.0,2.0,2.3329,3.4914,1.0,D
acd0a78d-8103-4d34-8ae1-3fa38a43528b,fcd0c7fd-a968-4546-8276-4b8b41056eb2,2025,19,19,2025-12-30T19:30:00+00:00,5421e81a-b7dd-48b1-9982-42644e8dcf9f,60cb8be0-9c1e-4019-8b60-fd9ac2aa9f2d,Nottingham Forest FC,Everton FC,56,56,38,38,1.0,1.0,6.0,1.2,1.0,1.2,0.9698399999999999,1.16574,7.0,1.4,0.8,0.6,1.0509,1.3378,13.0,1.3,1.3,1.3,1.13513,1.16709,14.0,1.4,0.9,1.1,1.11376,1.512,1.8,1.4,1.58574,1.04756,0.6,0.6,0.9900399999999999,1.59678,3.2916666666666665,3.1875,2,2,17.0,12.0,1.0,1.3888888888888888,18.0,25.0,0.8992601726263872,0.8992601726263872,0.6225647348951912,0.7609124537607892,3.0,0.3333333333333333,0.0,2.0,0.0,2.0,1.7545,1.6953,1.0,A
a06860ca-7053-4685-a8d4-4eaa222a6b2f,d888502f-1f14-44ec-afa1-cc526e8cb0df,2025,19,19,2025-12-30T19:30:00+00:00,21ec0474-e758-4563-97a9-912aab00b4f5,db14882b-951f-4db5-860b-4ca2b8583311,West Ham United FC,Brighton & Hove Albion FC,56,56,38,38,1.0,1.0,2.0,0.4,0.8,1.8,1.3015599999999998,1.93378,2.0,0.4,1.0,1.8,1.4766400000000002,2.2260400000000002,9.0,0.9,1.3,1.8,1.21426,1.9339600000000001,12.0,1.2,1.4,1.4,1.46434,1.74513,1.6,1.8,1.4319,1.13516,1.0,1.6,1.2083,1.7436,3.1875,3.1875,2,2,18.0,13.0,0.7222222222222222,1.3333333333333333,13.0,24.0,0.8997536945812808,1.2458128078817734,0.9689655172413792,0.9689655172413792,3.0,0.0,0.6666666666666666,3.0,2.0,2.0,2.2764,3.0891,1.0,D
ee0d6492-5573-41cd-9bfd-7cc45f283b87,c5973803-6d47-41e7-9ad5-ab5bfe70c1cf,2025,19,19,2025-12-30T19:30:00+00:00,2d3435a0-e4e8-4097-a60c-2a0f92c3fede,c4045d6d-a715-4821-a800-cd9b505ad54b,Burnley FC,Newcastle United FC,18,56,0,38,0.0,1.0,2.0,0.4,0.8,1.4,1.3074400000000002,1.50318,5.0,1.0,1.2,1.4,1.57412,1.04656,5.0,0.5,1.0,1.9,1.21715,2.1023,14.0,1.4,1.6,1.6,1.6459,1.43717,0.4,1.6,1.1626,1.6255400000000002,1.2,1.8,0.9428000000000001,1.34664,3.1875,3.9791666666666665,2,2,19.0,14.0,0.6666666666666666,1.2777777777777777,12.0,23.0,0.6916461916461917,1.314127764127764,1.1066339066339068,1.1066339066339068,1.0,0.0,0.0,3.0,1.0,3.0,1.3255,2.4925,1.0,A
991a2c5a-5de9-424b-91dc-f66eb1ff07f2,17d29b57-4709-420a-9bb3-330c34431e79,2025,19,19,2025-12-30T20:15:00+00:00,ead1bc2e-8799-410a-a809-66a274bbab2c,f8f456e7-3e20-4803-ba4e-b1762a31812c,Arsenal FC,Aston Villa FC,56,56,38,38,1.0,1.0,12.0,2.4,1.6,0.8,2.0998799999999997,0.9704,15.0,3.0,2.6,1.6,2.08018,1.67518,23.0,2.3,1.8,0.8,1.9708100000000002,0.79087,27.0,2.7,2.1,1.1,1.60773,1.57644,2.2,0.6,1.9853999999999998,0.45987999999999996,2.2,1.8,1.52132,1.7056999999999998,3.21875,3.1145833333333335,2,2,1.0,3.0,2.3333333333333335,2.1666666666666665,42.0,39.0,1.2441176470588236,0.5529411764705883,1.451470588235294,0.7602941176470588,3.0,0.3333333333333333,0.3333333333333333,3.0,4.0,1.0,4.4134,2.942,1.0,H
aaefaf2b-49ce-4f34-8fc2-2cfb3705e774,88c06a60-a412-44e1-9818-c1bedfa384f1,2025,19,19,2025-12-30T20:15:00+00:00,48fc005c-cbfc-4e4d-b7f1-459dce6cf940,fbffa344-2426-4b4b-9886-b8cd56ec69a1,Manchester United FC,Wolverhampton Wanderers FC,56,56,38,38,1.0,1.0,8.0,1.6,2.2,1.6,2.35624,1.39582,0.0,0.0,0.6,2.2,0.79112,1.98342,16.0,1.6,2.1,1.6,1.92314,1.3123,0.0,0.0,0.5,2.3,0.9215,1.9962199999999999,2.0,1.6,2.1330999999999998,1.19002,0.4,2.2,0.48294,2.04668,4.010416666666667,3.21875,2,2,6.0,20.0,1.6111111111111112,0.1111111111111111,29.0,2.0,1.449602932193036,1.1044593769089799,0.34514355528405616,1.5876603543066583,3.0,0.3333333333333333,0.0,2.6666666666666665,1.0,1.0,1.1331,1.2178,1.0,D
06b9958a-cf0c-4f39-b523-e15673bd28d9,5a873079-eb7c-4fa7-940e-f9ec6c1255b3,2025,19,19,2026-01-01T17:30:00+00:00,74bd08fa-27db-4bb0-8490-f57f6ed6b8e9,b552a1a6-4302-43ca-884c-0f91ac4f984b,Crystal Palace FC,Fulham FC,56,56,38,38,1.0,1.0,6.0,1.2,0.8,1.8,1.29202,1.41344,9.0,1.8,2.0,1.8,1.242,1.47036,13.0,1.3,0.9,1.2,1.19696,1.25227,18.0,1.8,1.7,1.4,1.33986,1.39027,0.6,1.2,1.1880600000000001,1.03184,1.4,1.4,1.04082,1.86206,4.041666666666667,5.104166666666667,2,2,11.0,12.0,1.4444444444444444,1.4444444444444444,26.0,26.0,0.6215985356924955,0.8287980475899939,1.174130567419158,0.9669310555216595,3.0,0.6666666666666666,0.0,2.3333333333333335,1.0,1.0,2.3535,1.7543,1.0,D
5bb3eb5a-38d2-4e26-a4d9-7e81f6feff17,fe941a91-05dc-47a3-ae86-c95ae30b88ec,2025,19,19,2026-01-01T17:30:00+00:00,54ed0f97-ad19-421c-a5c2-9b9d3fcbc72d,fe8b4d06-9254-4fc8-a08f-90f242e51751,Liverpool FC,Leeds United FC,56,18,38,0,1.0,0.0,11.0,2.2,2.0,1.2,1.72674,1.26516,9.0,1.8,2.4,1.4,2.2293,1.20914,17.0,1.7,1.6,1.5,1.6611,1.31863,12.0,1.2,1.8,1.9,1.7744700000000002,1.58894,1.4,1.0,1.72338,0.9625999999999999,1.0,2.2,1.3541400000000001,1.8976400000000002,5.104166666666667,4.145833333333333,2,2,4.0,16.0,1.7777777777777777,1.1111111111111112,32.0,20.0,1.1056672760511885,1.0365630712979892,1.243875685557587,1.312979890310786,1.0,0.0,1.0,6.0,0.0,0.0,1.6783,0.1594,1.0,D
e205fe05-40bd-4198-8c3a-2225ea134653,ab7d2a4d-dae4-4cb9-82bd-fde7b69ea3f1,2025,19,19,2026-01-01T20:00:00+00:00,076f94c9-341e-4294-a86a-076741505170,33d2f100-682f-4a5e-9aa3-5cc57e1e8571,Sunderland AFC,Manchester City FC,18,56,0,38,0.0,1.0,6.0,1.2,0.6,1.0,0.8171200000000001,1.4975,15.0,3.0,3.2,1.0,2.15564,0.9042999999999999,14.0,1.4,1.1,1.2,0.9414300000000001,1.66676,24.0,2.4,2.6,1.1,2.15421,1.14503,1.6,1.2,0.9982599999999999,1.5810600000000001,2.2,1.6,1.72116,1.22462,4.25,5.3125,2,2,7.0,2.0,1.5555555555555556,2.2222222222222223,28.0,40.0,0.7614868982327849,0.8307129798903108,1.7998781230956735,0.7614868982327849,1.0,0.0,0.0,3.0,0.0,0.0,0.9621,2.4425,1.0,D
c93720c9-9307-40bc-8b41-7b952eeec9a1,e618327a-87e1-4d5e-b097-f819c0e5ee2a,2025,19,19,2026-01-01T20:00:00+00:00,66a313d1-2e21-49ad-a1c7-6f04cae6be69,c23d6b7a-dfaf-44a3-b016-1feb2dddec44,Brentford FC,Tottenham Hotspur FC,56,56,38,38,1.0,1.0,7.0,1.4,1.4,1.2,1.23414,2.10386,7.0,1.4,1.2,1.4,1.21522,1.36882,16.0,1.6,1.7,1.4,1.89207,1.56561,11.0,1.1,1.3,1.6,1.07458,1.51831,2.8,1.2,2.6556,1.52412,1.4,1.8,0.8853,1.7646799999999998,5.208333333333333,4.145833333333333,2,2,11.0,13.0,1.4444444444444444,1.3888888888888888,26.0,25.0,1.178915295551493,0.9708714198659353,0.9015234613040829,1.1095673369896404,3.0,0.0,0.0,2.6666666666666665,0.0,0.0,0.5563,0.6083,1.0,D
31b51e82-80e5-41ec-b2a3-c259a536aebe,12a78239-69b1-4b76-b816-16450355051c,2025,20,20,2026-01-03T12:30:00+00:00,f8f456e7-3e20-4803-ba4e-b1762a31812c,5421e81a-b7dd-48b1-9982-42644e8dcf9f,Aston Villa FC,Nottingham Forest FC,57,57,38,38,1.0,1.0,12.0,2.4,2.0,1.8,2.03708,2.16526,3.0,0.6,0.8,1.6,1.09596,1.29988,24.0,2.4,2.1,1.5,1.81754,1.8808700000000003,13.0,1.3,1.3,1.3,1.28003,1.27096,2.0,0.4,1.6941400000000002,1.44718,0.8,1.2,0.68452,1.2866199999999999,3.6770833333333335,3.7083333333333335,3,3,3.0,17.0,2.0526315789473686,0.9473684210526315,39.0,18.0,1.4588665447897624,1.0420475319926874,0.9031078610603291,0.9031078610603291,2.0,0.5,0.0,3.0,3.0,1.0,1.4299,0.8982,1.0,H
3a3ed774-5280-4de8-8ba3-3ba8479fc27d,45a56504-069f-48b1-8390-cff06ed274bb,2025,20,20,2026-01-03T15:00:00+00:00,db14882b-951f-4db5-860b-4ca2b8583311,2d3435a0-e4e8-4097-a60c-2a0f92c3fede,Brighton & Hove Albion FC,Burnley FC,57,19,38,0,1.0,0.0,3.0,0.6,0.8,1.4,1.70186,2.04982,2.0,0.4,1.0,1.8,1.33884,1.80412,13.0,1.3,1.4,1.2,1.6785299999999999,1.77654,2.0,0.2,0.8,2.0,1.19516,2.09342,1.8,1.2,1.72038,1.7466599999999999,1.6,2.2,1.2717,2.5790599999999997,3.8125,3.8125,3,3,14.0,19.0,1.3157894736842106,0.631578947368421,25.0,12.0,0.9719148936170212,0.8330699088145896,0.5553799392097265,1.3884498480243161,0.0,0.0,0.0,0.0,2.0,0.0,1.4717,0.2546,1.0,H
0d182eb9-d878-4b87-9da0-f2acab0c8bee,0e0883cc-6c23-4d5f-9d49-3b363ade7ce3,2025,20,20,2026-01-03T15:00:00+00:00,fbffa344-2426-4b4b-9886-b8cd56ec69a1,21ec0474-e758-4563-97a9-912aab00b4f5,Wolverhampton Wanderers FC,West Ham United FC,57,57,38,38,1.0,1.0,1.0,0.2,0.8,2.2,0.8297599999999999,1.9852600000000002,2.0,0.4,1.0,2.0,1.48368,2.09626,1.0,0.1,0.4,2.1,0.78515,1.95499,10.0,1.0,1.4,1.8,1.3920299999999999,2.02073,0.6,2.4,1.36006,1.94576,1.0,1.8,0.9966200000000001,2.73276,3.78125,3.8125,3,3,20.0,18.0,0.15789473684210525,0.7368421052631579,3.0,14.0,0.2778384942319369,1.4586520947176687,0.972434729811779,1.250273224043716,2.0,0.5,0.0,2.0,3.0,0.0,2.2393,0.2357,1.0,H
a4455e41-c5e9-4957-b385-88ee7fdb23ad,8eeccf4b-2a3b-454d-972d-18d6e2a7a6d8,2025,20,20,2026-01-03T17:30:00+00:00,6601a105-9986-4276-89bf-143cdf03198a,ead1bc2e-8799-410a-a809-66a274bbab2c,AFC Bournemouth,Arsenal FC,57,57,38,38,1.0,1.0,4.0,0.8,1.6,2.2,2.3286000000000002,1.9098600000000001,12.0,2.4,2.0,1.0,2.4563,1.44106,5.0,0.5,1.3,2.4,2.04638,1.66782,23.0,2.3,2.1,0.9,2.32653,1.05002,1.0,0.8,1.60256,0.6090199999999999,1.4,1.0,1.95622,1.12186,3.9166666666666665,3.8854166666666665,2,3,15.0,1.0,1.2105263157894737,2.3684210526315788,23.0,45.0,0.9029090909090909,1.666909090909091,1.4585454545454546,0.6250909090909091,2.0,1.0,0.0,2.5,2.0,3.0,0.9478,1.28,1.0,A
93689cd1-0f5c-4a46-8c22-28803c7bfbec,8ef45a00-c77b-4aa2-bf81-4427ef3bd120,2025,20,20,2026-01-04T12:30:00+00:00,fe8b4d06-9254-4fc8-a08f-90f242e51751,48fc005c-cbfc-4e4d-b7f1-459dce6cf940,Leeds United FC,Manchester United FC,19,57,0,38,0.0,1.0,7.0,1.4,1.8,1.2,1.82024,1.3519999999999999,8.0,1.6,2.2,1.6,2.12752,1.3662199999999998,10.0,1.0,1.6,1.8,1.56827,1.7068999999999999,14.0,1.4,1.8,1.5,1.84022,1.3393599999999999,2.6,1.6,2.1948,1.2802399999999998,2.2,1.6,1.7131800000000001,1.43458,2.7916666666666665,4.677083333333333,2,3,16.0,6.0,1.105263157894737,1.5789473684210527,21.0,30.0,1.1098489425981874,1.2485800604229609,1.2485800604229609,1.0404833836858005,0.0,0.0,0.0,0.0,1.0,1.0,0.9701,1.9478,1.0,D
95d74cfb-b0ac-498a-bef0-9bb9d0364d75,f41dbeb7-1401-4a3d-aa54-45336c9c30cd,2025,20,20,2026-01-04T15:00:00+00:00,c4045d6d-a715-4821-a800-cd9b505ad54b,74bd08fa-27db-4bb0-8490-f57f6ed6b8e9,Newcastle United FC,Crystal Palace FC,57,57,38,38,1.0,1.0,7.0,1.4,1.4,1.2,1.6954999999999998,1.10124,4.0,0.8,0.8,2.0,1.56516,1.5306000000000002,14.0,1.4,1.7,1.6,1.61834,1.4177199999999999,14.0,1.4,1.0,1.2,1.39726,1.34208,2.0,1.4,2.349,1.5277,1.2,1.2,1.20586,1.4727000000000001,4.8125,2.8958333333333335,2,2,14.0,11.0,1.368421052631579,1.4210526315789473,26.0,27.0,1.1798430899215449,1.1104405552202776,0.6940253470126735,0.8328304164152082,2.0,0.5,0.5,3.5,2.0,0.0,2.7276,1.2783,1.0,H
a8b203b0-82fc-4a22-8d2b-2ca2a8c54ad7,49510a59-9ea0-4b7d-afcc-2d9691ac089b,2025,20,20,2026-01-04T15:00:00+00:00,c23d6b7a-dfaf-44a3-b016-1feb2dddec44,076f94c9-341e-4294-a86a-076741505170,Tottenham Hotspur FC,Sunderland AFC,57,19,38,0,1.0,0.0,7.0,1.4,0.8,1.0,1.12646,1.10296,6.0,1.2,0.4,0.8,0.867,1.71074,9.0,0.9,1.0,1.6,0.92608,1.43362,12.0,1.2,0.9,1.1,0.8825800000000001,1.78968,1.2,1.4,1.26386,1.27194,0.6,1.2,0.8846,1.75246,2.7916666666666665,2.7916666666666665,2,2,14.0,8.0,1.368421052631579,1.5263157894736843,26.0,29.0,0.6943942133815552,1.1110307414104883,0.6249547920433997,0.7638336347197107,0.0,0.0,0.0,0.0,1.0,1.0,1.4175,0.4675,1.0,D
5372ada6-398f-4f14-9e4c-78b6c383bda9,1bb4bf42-adf2-44c9-930c-dfa388286f94,2025,20,20,2026-01-04T15:00:00+00:00,60cb8be0-9c1e-4019-8b60-fd9ac2aa9f2d,66a313d1-2e21-49ad-a1c7-6f04cae6be69,Everton FC,Brentford FC,57,57,38,38,1.0,1.0,7.0,1.4,1.0,0.6,1.15082,1.56162,8.0,1.6,1.4,0.8,1.22766,1.69926,17.0,1.7,1.1,0.8,1.14297,1.47812,14.0,1.4,1.4,1.2,1.62057,1.4146,1.2,1.6,1.2374800000000001,1.42722,0.6,1.6,1.12854,1.6071000000000002,4.8125,2.7916666666666665,2,2,10.0,12.0,1.4736842105263157,1.4210526315789473,28.0,27.0,0.7642384105960265,0.5558097531607465,0.9726670680313063,0.8337146297411198,2.0,0.0,1.0,1.0,2.0,4.0,1.0057,3.0518,1.0,A
07063188-40b2-4169-bebd-8a35626ed7b7,bd647bc8-1424-4f64-a15f-81f0dc21f6f9,2025,20,20,2026-01-04T15:15:00+00:00,b552a1a6-4302-43ca-884c-0f91ac4f984b,54ed0f97-ad19-421c-a5c2-9b9d3fcbc72d,Fulham FC,Liverpool FC,57,57,38,38,1.0,1.0,10.0,2.0,1.4,1.0,1.39834,1.5486,11.0,2.2,1.8,1.0,1.7871400000000002,1.1545,19.0,1.9,1.7,1.3,1.36329,1.3488099999999998,18.0,1.8,1.4,1.2,1.61709,1.0074400000000001,2.0,1.4,1.6389,0.91848,1.8,2.0,1.59882,1.67466,2.90625,2.90625,3,2,13.0,4.0,1.4210526315789473,1.736842105263158,27.0,33.0,1.178884223155369,0.901499700059988,0.9708458308338332,0.8321535692861428,2.0,0.5,0.5,4.5,2.0,2.0,0.6092,1.7188,1.0,D
6af6a99a-bf39-47d3-8b4b-8537789c5211,bfdbc911-a8ec-41d7-9801-051eabe12ad1,2025,20,20,2026-01-04T17:30:00+00:00,33d2f100-682f-4a5e-9aa3-5cc57e1e8571,1cb320b2-b42f-4131-8f5f-ef42e7f82540,Manchester City FC,Chelsea FC,57,57,38,38,1.0,1.0,13.0,2.6,2.2,0.2,2.25168,0.9022,6.0,1.2,1.4,1.2,1.72956,2.2377000000000002,25.0,2.5,2.6,1.0,2.26155,1.15685,16.0,1.6,1.5,1.0,1.9450500000000002,1.55409,3.0,0.6,2.58726,1.0654400000000002,1.2,1.0,1.54522,1.4621,2.8958333333333335,4.916666666666667,2,2,3.0,6.0,2.1578947368421053,1.5789473684210527,41.0,30.0,1.8017953321364453,0.6929982046678635,1.0394973070017952,0.6929982046678635,2.0,1.0,0.0,3.0,1.0,1.0,1.0305,2.0373,1.0,D
64b2c0b1-bc03-474b-a687-f191bf3bed52,7f3cea14-c290-4f81-bef9-cfe51f8faa05,2025,21,21,2026-01-06T20:00:00+00:00,21ec0474-e758-4563-97a9-912aab00b4f5,5421e81a-b7dd-48b1-9982-42644e8dcf9f,West Ham United FC,Nottingham Forest FC,58,58,38,38,1.0,1.0,1.0,0.2,0.8,2.4,1.18954,2.12396,3.0,0.6,1.0,1.6,1.2131399999999999,1.33516,7.0,0.7,1.1,2.0,1.2742200000000001,2.1923000000000004,12.0,1.2,1.2,1.4,1.21478,1.32233,1.4,2.0,1.60442,1.64826,1.0,1.4,0.80306,1.4412800000000001,3.2083333333333335,3.3125,3,3,18.0,17.0,0.7,0.9,14.0,18.0,0.7627017334130306,1.3867304243873282,0.8320382546323969,0.9707112970711297,3.0,0.3333333333333333,0.0,3.0,1.0,2.0,1.737,1.2668,1.0,A
b84673c8-0eb6-40bd-96cc-6f9c944bd23f,d8c40349-76ac-4847-b37a-949822e4135d,2025,21,21,2026-01-07T19:30:00+00:00,6601a105-9986-4276-89bf-143cdf03198a,c23d6b7a-dfaf-44a3-b016-1feb2dddec44,AFC Bournemouth,Tottenham Hotspur FC,58,58,38,38,1.0,1.0,3.0,0.6,2.0,2.8,2.2343,2.03134,5.0,1.0,0.6,1.2,0.9251799999999999,1.10234,5.0,0.5,1.4,2.4,2.05118,1.5468199999999999,10.0,1.0,1.1,1.6,1.05313,1.14612,1.0,1.4,1.6608,0.80392,0.8,1.8,0.5883,1.5953,4.083333333333333,3.1875,3,3,15.0,13.0,1.15,1.35,23.0,27.0,0.9706443914081144,1.663961813842482,0.7626491646778043,1.1093078758949881,3.0,0.6666666666666666,0.3333333333333333,2.0,3.0,2.0,1.1901,1.6261,1.0,H
e6b034b8-ede3-4c40-ae07-f85fd95f41f3,92f49a8f-887e-4e5e-a357-a09620059eaa,2025,21,21,2026-01-07T19:30:00+00:00,74bd08fa-27db-4bb0-8490-f57f6ed6b8e9,f8f456e7-3e20-4803-ba4e-b1762a31812c,Crystal Palace FC,Aston Villa FC,58,58,38,38,1.0,1.0,1.0,0.2,0.4,2.2,1.4786,1.9227599999999998,12.0,2.4,2.2,1.8,1.77908,1.97296,11.0,1.1,0.8,1.4,1.45163,1.5327899999999999,27.0,2.7,2.4,1.4,1.91703,1.82367,0.4,1.4,1.5118399999999999,1.2186,2.4,2.2,2.02272,2.29434,3.1875,4.291666666666667,3,3,14.0,3.0,1.35,2.1,27.0,42.0,0.5539559785841761,0.9694229625223081,1.6618679357525281,0.9694229625223081,3.0,0.6666666666666666,0.3333333333333333,4.0,0.0,0.0,1.3251,2.0702,1.0,D
32783c4c-d7b1-4e83-a037-0f54e6709b60,0a201e29-0000-4370-9221-a71a65d51582,2025,21,21,2026-01-07T19:30:00+00:00,66a313d1-2e21-49ad-a1c7-6f04cae6be69,076f94c9-341e-4294-a86a-076741505170,Brentford FC,Sunderland AFC,58,20,38,0,1.0,0.0,11.0,2.2,2.2,0.8,1.7439,1.41562,7.0,1.4,0.6,0.4,0.8352,1.5110199999999998,17.0,1.7,1.8,1.2,1.8437000000000001,1.44171,12.0,1.2,0.9,1.1,0.8112600000000001,1.83069,2.2,0.8,2.1126,1.2221,0.4,1.2,0.66798,1.7933,3.1875,3.1875,3,3,7.0,8.0,1.5,1.5,30.0,30.0,1.2485425342058298,0.8323616894705531,0.6242712671029149,0.7629982153480072,1.0,0.0,0.0,3.0,3.0,0.0,3.861,1.5064,1.0,H
bcb0ac57-e691-4b43-a451-2219b258baeb,d8fa600b-bb27-4f05-9919-479172c3f727,2025,21,21,2026-01-07T19:30:00+00:00,60cb8be0-9c1e-4019-8b60-fd9ac2aa9f2d,fbffa344-2426-4b4b-9886-b8cd56ec69a1,Everton FC,Wolverhampton Wanderers FC,58,58,38,38,1.0,1.0,4.0,0.8,0.8,1.4,1.1012600000000001,2.10952,4.0,0.8,1.2,1.4,1.2252,1.22298,16.0,1.6,1.2,1.1,1.1428,1.66523,4.0,0.4,0.7,1.8,0.98809,1.78735,1.6,1.8,1.15798,1.61892,0.6,1.8,0.68452,1.89088,3.1875,4.1875,3,3,13.0,20.0,1.4,0.3,28.0,6.0,0.8323040380047505,0.7629453681710214,0.48551068883610443,1.248456057007126,3.0,0.6666666666666666,0.3333333333333333,3.6666666666666665,1.0,1.0,1.6332,0.7133,1.0,D
93a5f0d8-c30c-4522-a103-535fb3303174,e7b3521a-f35c-4764-9c46-5d8659e02f0c,2025,21,21,2026-01-07T19:30:00+00:00,33d2f100-682f-4a5e-9aa3-5cc57e1e8571,db14882b-951f-4db5-860b-4ca2b8583311,Manchester City FC,Brighton & Hove Albion FC,58,58,38,38,1.0,1.0,11.0,2.2,1.8,0.4,1.9745599999999999,1.18436,5.0,1.0,1.0,1.2,1.57604,1.75946,23.0,2.3,2.4,1.0,2.1155999999999997,1.2706,13.0,1.3,1.3,1.2,1.5615700000000001,1.76608,2.6,0.6,2.29536,1.2929400000000002,1.0,1.2,1.6366800000000001,1.80642,3.0833333333333335,4.1875,3,3,3.0,11.0,2.1,1.4,42.0,28.0,1.6654804270462633,0.693950177935943,0.902135231316726,0.8327402135231317,3.0,0.0,0.3333333333333333,3.3333333333333335,1.0,1.0,2.959,1.3316,1.0,D
12c91e9f-62f0-47b0-a29c-031610f24f94,5acd2910-2c27-434d-a75a-47d7118cf290,2025,21,21,2026-01-07T19:30:00+00:00,b552a1a6-4302-43ca-884c-0f91ac4f984b,1cb320b2-b42f-4131-8f5f-ef42e7f82540,Fulham FC,Chelsea FC,58,58,38,38,1.0,1.0,11.0,2.2,1.6,1.0,1.3668200000000001,1.55014,6.0,1.2,1.6,1.4,2.0025,2.1599399999999997,17.0,1.7,1.6,1.5,1.233,1.4997,14.0,1.4,1.5,1.1,1.81453,1.64244,1.8,1.8,1.37832,1.2202600000000001,1.2,1.2,1.28418,1.6387999999999998,3.1770833333333335,3.0833333333333335,3,3,12.0,6.0,1.4,1.55,28.0,31.0,1.1109004739336492,1.041469194312796,1.041469194312796,0.7637440758293839,3.0,0.3333333333333333,0.0,2.6666666666666665,2.0,1.0,1.0601,2.4511,1.0,H
babd3190-756e-4765-998a-37bba31abc6d,e07524c2-e324-4920-9e7c-8dac865fc311,2025,21,21,2026-01-07T20:15:00+00:00,2d3435a0-e4e8-4097-a60c-2a0f92c3fede,48fc005c-cbfc-4e4d-b7f1-459dce6cf940,Burnley FC,Manchester United FC,20,58,0,38,0.0,1.0,2.0,0.4,0.8,1.8,1.073,1.73704,6.0,1.2,1.6,1.6,1.70766,1.50782,2.0,0.2,0.8,2.0,1.1527,1.98894,14.0,1.4,1.7,1.4,1.94338,1.2812999999999999,0.6,1.8,1.29186,1.62074,2.0,1.4,1.9195,1.31846,4.21875,3.3229166666666665,3,3,19.0,7.0,0.6,1.55,12.0,31.0,0.5554109994086339,1.3885274985215847,1.1802483737433471,0.9719692489651093,1.0,0.0,0.0,5.0,2.0,2.0,0.3197,2.5249,1.0,D
fc9a59fa-c08e-4581-92ef-353085c4b2d3,4dd76f18-ebe8-49b0-bb61-2160795534c4,2025,21,21,2026-01-07T20:15:00+00:00,c4045d6d-a715-4821-a800-cd9b505ad54b,fe8b4d06-9254-4fc8-a08f-90f242e51751,Newcastle United FC,Leeds United FC,58,20,38,0,1.0,0.0,7.0,1.4,1.4,1.0,1.8796,1.0401399999999998,7.0,1.4,1.4,0.8,1.6556000000000002,1.33194,17.0,1.7,1.8,1.3,1.83874,1.4041700000000001,11.0,1.1,1.7,1.6,1.6293600000000001,1.6375499999999998,2.0,1.2,2.3409,1.4793600000000002,1.0,1.6,1.31418,1.70504,3.21875,3.3229166666666665,3,3,10.0,16.0,1.45,1.1,29.0,22.0,1.248849557522124,0.9019469026548673,1.1794690265486725,1.1100884955752213,1.0,0.0,1.0,0.0,4.0,3.0,2.435,2.3532,1.0,H
816ef83e-d3b5-4afe-a0f4-e132f088c571,ffe6b2ca-55e2-4d70-a6bc-0952b5d58418,2025,21,21,2026-01-08T20:00:00+00:00,ead1bc2e-8799-410a-a809-66a274bbab2c,54ed0f97-ad19-421c-a5c2-9b9d3fcbc72d,Arsenal FC,Liverpool FC,58,58,38,38,1.0,1.0,15.0,3.0,2.4,1.0,2.34036,1.08664,11.0,2.2,1.6,0.8,1.7212800000000001,0.91768,23.0,2.3,2.2,1.1,2.20288,1.07688,16.0,1.6,1.4,1.4,1.64195,1.0248599999999999,2.8,0.8,2.6968400000000003,0.97818,1.8,1.8,1.5189,1.14224,5.104166666666667,4.197916666666667,3,3,1.0,4.0,2.4,1.7,48.0,34.0,1.5226792009400707,0.7613396004700353,0.9689776733254993,0.9689776733254993,3.0,0.0,0.6666666666666666,3.0,0.0,0.0,0.7018,0.3186,1.0,D
e2398dd7-81cd-46c5-a9c4-f34fe2407ee4,b8e865dd-276a-481b-84c8-56e16b76e477,2025,22,22,2026-01-17T12:30:00+00:00,48fc005c-cbfc-4e4d-b7f1-459dce6cf940,33d2f100-682f-4a5e-9aa3-5cc57e1e8571,Manchester United FC,Manchester City FC,59,59,38,38,1.0,1.0,6.0,1.2,1.2,1.2,1.57024,1.1013600000000001,9.0,1.8,1.4,0.6,2.29572,1.1905,14.0,1.4,1.7,1.4,2.11384,1.17774,21.0,2.1,2.2,1.1,2.25196,1.30095,1.4,1.4,1.96726,1.24414,2.2,1.4,1.93584,1.24826,9.677083333333334,9.708333333333334,2,2,7.0,2.0,1.5238095238095237,2.0476190476190474,32.0,43.0,1.1786133960047003,0.9706227967097532,1.5252643948296123,0.7626321974148061,3.0,0.3333333333333333,0.3333333333333333,2.0,2.0,0.0,3.0728,0.387,1.0,H
3990795f-93b6-4074-9a3f-115da7d6d9c9,91b49f5a-fcc1-4503-bd38-1cecd4a9d09e,2025,22,22,2026-01-17T15:00:00+00:00,076f94c9-341e-4294-a86a-076741505170,74bd08fa-27db-4bb0-8490-f57f6ed6b8e9,Sunderland AFC,Crystal Palace FC,21,59,0,38,0.0,1.0,4.0,0.8,0.4,1.0,1.01048,2.2493600000000002,2.0,0.4,0.4,1.6,1.4834399999999999,2.06616,11.0,1.1,0.7,1.2,0.8413999999999999,1.98385,11.0,1.1,0.8,1.4,1.50019,1.67611,1.4,1.0,0.95454,1.8680800000000002,1.2,1.4,1.39142,1.8469799999999998,9.8125,9.8125,2,2,10.0,13.0,1.4285714285714286,1.3333333333333333,30.0,28.0,0.48556338028169005,0.832394366197183,0.5549295774647888,0.9711267605633801,1.0,0.0,1.0,0.0,2.0,1.0,1.846,1.1517,1.0,H
858061f0-6ab9-4552-9f58-f4c5cdff5f81,3043b926-af11-4efc-abf8-298a99efc4a1,2025,22,22,2026-01-17T15:00:00+00:00,1cb320b2-b42f-4131-8f5f-ef42e7f82540,66a313d1-2e21-49ad-a1c7-6f04cae6be69,Chelsea FC,Brentford FC,59,59,38,38,1.0,1.0,3.0,0.6,1.4,1.8,1.9637999999999998,2.10396,13.0,2.6,2.6,0.6,2.3767,1.39008,11.0,1.1,1.3,1.3,1.6613,1.7373,17.0,1.7,1.8,1.1,1.95607,1.5491199999999998,1.8,1.0,2.34488,1.64608,1.4,1.6,1.5748000000000002,1.66132,9.8125,9.8125,2,2,9.0,6.0,1.4761904761904763,1.5714285714285714,31.0,33.0,0.9016988869361453,0.9016988869361453,1.248506151142355,0.7629759812536614,3.0,0.3333333333333333,0.6666666666666666,2.3333333333333335,2.0,0.0,1.6226,1.4752,1.0,H
087e3247-4f83-4753-92a6-0d78e18dcbfe,37d31c9b-5ded-492a-9c12-dc3998bda97c,2025,22,22,2026-01-17T15:00:00+00:00,54ed0f97-ad19-421c-a5c2-9b9d3fcbc72d,2d3435a0-e4e8-4097-a60c-2a0f92c3fede,Liverpool FC,Burnley FC,59,21,38,0,1.0,0.0,9.0,1.8,1.2,0.8,1.30246,0.72004,3.0,0.6,0.8,1.6,0.7259599999999999,1.9119199999999998,17.0,1.7,1.4,1.1,1.5710000000000002,0.9355,3.0,0.3,0.8,1.9,0.99719,1.9446999999999999,1.0,1.0,1.765,0.90748,1.0,2.2,1.01354,2.3571400000000002,8.791666666666666,9.78125,2,2,5.0,19.0,1.6666666666666667,0.6190476190476191,35.0,13.0,0.971562317144529,0.76337039204213,0.5551784669397309,1.3185488589818608,1.0,1.0,0.0,1.0,1.0,1.0,3.4905,0.547,1.0,D
24465fa2-0e2c-4f3c-8702-00a4dc964094,e87ca2a7-1953-40f0-b756-2bab787a5de2,2025,22,22,2026-01-17T15:00:00+00:00,fe8b4d06-9254-4fc8-a08f-90f242e51751,b552a1a6-4302-43ca-884c-0f91ac4f984b,Leeds United FC,Fulham FC,21,59,0,38,0.0,1.0,6.0,1.2,1.8,1.4,1.79942,1.67954,11.0,2.2,1.4,0.8,1.2487400000000002,1.62938,11.0,1.1,1.9,1.7,1.82273,1.6319499999999998,20.0,2.0,1.8,1.4,1.29656,1.5142,2.4,1.6,1.94454,1.57006,1.4,1.2,1.08768,1.77914,9.78125,9.8125,2,2,16.0,10.0,1.0476190476190477,1.4761904761904763,22.0,31.0,1.3192285213325539,1.180362361192285,1.2497954412624197,0.9720631209818819,1.0,0.0,0.0,1.0,1.0,0.0,2.169,0.2588,1.0,H
3fa19d1b-e154-4359-ab9d-a1467363d065,65ba19aa-df5e-4af6-878c-a0e54ac1b74a,2025,22,22,2026-01-17T15:00:00+00:00,c23d6b7a-dfaf-44a3-b016-1feb2dddec44,21ec0474-e758-4563-97a9-912aab00b4f5,Tottenham Hotspur FC,West Ham United FC,59,59,38,38,1.0,1.0,5.0,1.0,1.0,1.2,1.17436,0.8750399999999999,1.0,0.2,0.6,2.2,1.2815400000000001,2.2583,9.0,0.9,1.1,1.7,1.08021,1.1831,4.0,0.4,0.9,2.0,1.1511900000000002,2.1315,1.4,1.4,1.51796,0.69694,0.8,2.0,0.9440199999999999,2.7363399999999998,9.8125,10.791666666666666,2,2,14.0,19.0,1.2857142857142858,0.6666666666666666,27.0,14.0,0.7646028037383178,1.1816588785046729,0.6255841121495327,1.3901869158878504,3.0,0.6666666666666666,0.3333333333333333,3.3333333333333335,1.0,2.0,1.6529,2.7676,1.0,A
684c3e0b-38e6-4453-b892-5f0d5a72f2f6,25b77ba8-e56b-4a98-a9fa-d2f2382e739d,2025,22,22,2026-01-17T17:30:00+00:00,5421e81a-b7dd-48b1-9982-42644e8dcf9f,ead1bc2e-8799-410a-a809-66a274bbab2c,Nottingham Forest FC,Arsenal FC,59,59,38,38,1.0,1.0,3.0,0.6,0.8,1.8,1.00118,1.6065200000000002,13.0,2.6,2.0,0.8,2.15712,1.02636,12.0,1.2,1.1,1.4,1.09236,1.4540799999999998,23.0,2.3,2.0,0.9,2.04012,0.98824,1.4,1.4,1.6265,1.20338,1.6,1.4,1.7089199999999998,1.17558,10.895833333333334,8.895833333333334,1,2,17.0,1.0,1.0,2.3333333333333335,21.0,49.0,0.7645481049562682,0.9730612244897958,1.3900874635568512,0.6255393586005831,3.0,0.0,0.3333333333333333,2.0,0.0,0.0,0.3185,2.8632,1.0,D
67dfc702-e2c2-4e21-8cdd-09be4f3fc83e,5543a441-6f02-4b22-8927-37bf59c5e70a,2025,22,22,2026-01-18T14:00:00+00:00,fbffa344-2426-4b4b-9886-b8cd56ec69a1,c4045d6d-a715-4821-a800-cd9b505ad54b,Wolverhampton Wanderers FC,Newcastle United FC,59,59,38,38,1.0,1.0,5.0,1.0,1.2,1.2,1.2438600000000002,1.2260199999999999,10.0,2.0,2.2,1.4,2.3327400000000003,1.38478,5.0,0.5,0.8,1.6,1.04827,1.55233,20.0,2.0,2.1,1.3,2.03901,1.36576,0.8,1.8,1.2916599999999998,1.68382,1.6,1.4,1.33658,1.32898,10.770833333333334,10.739583333333334,1,2,20.0,9.0,0.3333333333333333,1.5238095238095237,7.0,32.0,0.5569679300291546,1.1139358600583091,1.4620408163265306,0.905072886297376,3.0,0.0,0.0,2.3333333333333335,0.0,0.0,0.3902,0.8133,1.0,D
7009b8a0-a177-4b63-bb36-de52bfb98271,ce3ccb58-4111-4f2e-85e5-d21b1fecc003,2025,22,22,2026-01-18T16:30:00+00:00,f8f456e7-3e20-4803-ba4e-b1762a31812c,60cb8be0-9c1e-4019-8b60-fd9ac2aa9f2d,Aston Villa FC,Everton FC,59,59,38,38,1.0,1.0,10.0,2.0,1.6,1.4,2.0741,1.98258,5.0,1.0,1.0,1.2,1.1599,1.7232600000000002,25.0,2.5,2.0,1.4,1.9357700000000002,1.75519,14.0,1.4,1.1,1.2,1.07551,1.6941099999999998,2.4,0.6,1.81134,1.353,0.8,0.4,1.1276199999999998,1.71154,10.875,10.875,1,1,3.0,12.0,2.0476190476190474,1.380952380952381,43.0,29.0,1.3947521865889212,0.9763265306122447,0.7671137026239068,0.8368513119533527,3.0,0.6666666666666666,0.3333333333333333,2.0,0.0,1.0,0.9054,0.7459,1.0,A
a2cace67-213f-48b1-ba58-4a27a234a3f9,61e1c7a6-4049-4e37-b284-e224c7ebf28d,2025,22,22,2026-01-19T20:00:00+00:00,db14882b-951f-4db5-860b-4ca2b8583311,6601a105-9986-4276-89bf-143cdf03198a,Brighton & Hove Albion FC,AFC Bournemouth,59,59,38,38,1.0,1.0,6.0,1.2,1.2,1.0,1.50436,1.8687200000000002,5.0,1.0,1.8,2.4,2.0019199999999997,1.7141600000000001,13.0,1.3,1.4,1.3,1.6310300000000002,1.97803,8.0,0.8,1.7,2.2,1.9692,1.52115,1.6,1.2,1.48646,1.72574,1.8,3.4,2.44156,2.28972,12.020833333333334,12.020833333333334,1,1,12.0,15.0,1.380952380952381,1.2380952380952381,29.0,26.0,0.9773892773892773,0.9075757575757576,1.1868298368298367,1.535897435897436,3.0,0.6666666666666666,0.0,3.0,1.0,1.0,0.9958,1.6974,1.0,D
67fbb5b2-6840-4e5f-b45a-84904658af97,6fdb7f1d-122e-4cbf-a3da-db3a326f03da,2025,23,23,2026-01-24T12:30:00+00:00,21ec0474-e758-4563-97a9-912aab00b4f5,076f94c9-341e-4294-a86a-076741505170,West Ham United FC,Sunderland AFC,60,22,38,0,1.0,0.0,4.0,0.8,1.0,1.8,1.6307800000000001,1.8725,6.0,1.2,0.8,1.2,1.1176,2.29584,6.0,0.6,0.9,1.9,1.38887,1.94849,14.0,1.4,0.9,1.2,1.00372,1.8152899999999998,1.0,2.0,1.35836,1.5266600000000001,0.4,1.6,0.9247,1.99804,6.895833333333333,6.895833333333333,1,1,18.0,9.0,0.7727272727272727,1.5,17.0,33.0,0.6286379511059371,1.3271245634458673,0.6286379511059371,0.8381839348079162,1.0,0.0,0.0,3.0,3.0,1.0,2.1868,0.7138,1.0,H
940af41e-1ce0-4c75-b716-45212bce9ea6,09348636-d528-4878-9b51-429bb48c5bf2,2025,23,23,2026-01-24T15:00:00+00:00,2d3435a0-e4e8-4097-a60c-2a0f92c3fede,c23d6b7a-dfaf-44a3-b016-1feb2dddec44,Burnley FC,Tottenham Hotspur FC,22,60,0,38,0.0,1.0,3.0,0.6,0.8,1.6,0.73926,2.24632,5.0,1.0,1.0,1.2,1.23512,1.18224,4.0,0.4,0.9,1.8,0.9858,2.12166,9.0,0.9,1.1,1.5,1.24249,1.23203,1.0,1.8,1.22362,1.7815400000000001,1.0,1.6,0.9075,1.37766,7.0,7.0,1,1,19.0,14.0,0.6363636363636364,1.2272727272727273,14.0,27.0,0.6282229965156795,1.256445993031359,0.7678281068524971,1.0470383275261324,1.0,0.0,0.0,3.0,2.0,2.0,1.5488,2.5909,1.0,D
4fe9096d-2e3c-4901-9a57-447ba813cbbb,7e6cf084-b07e-4b1e-be48-b80042eb88dc,2025,23,23,2026-01-24T15:00:00+00:00,b552a1a6-4302-43ca-884c-0f91ac4f984b,db14882b-951f-4db5-860b-4ca2b8583311,Fulham FC,Brighton & Hove Albion FC,60,60,38,38,1.0,1.0,8.0,1.6,1.2,1.0,0.95936,1.96592,6.0,1.2,1.4,1.2,1.51966,1.94612,17.0,1.7,1.7,1.5,1.03871,1.70882,11.0,1.1,1.3,1.3,1.6328600000000002,1.92779,2.0,2.0,1.02288,1.6659199999999998,1.2,1.4,1.7756,2.23032,7.0,4.791666666666667,1,1,11.0,12.0,1.4090909090909092,1.3636363636363635,31.0,30.0,1.1858632676709153,1.0463499420625724,0.9068366164542294,0.9068366164542294,3.0,0.3333333333333333,0.3333333333333333,3.0,2.0,1.0,1.1324,1.9465,1.0,H
d9378d77-8403-44fb-8b92-09124bc0d8b7,54867a10-df05-446c-83eb-1c8f1dd36147,2025,23,23,2026-01-24T15:00:00+00:00,33d2f100-682f-4a5e-9aa3-5cc57e1e8571,fbffa344-2426-4b4b-9886-b8cd56ec69a1,Manchester City FC,Wolverhampton Wanderers FC,60,60,38,38,1.0,1.0,6.0,1.2,0.8,1.0,1.6567399999999999,1.6007799999999999,6.0,1.2,1.2,0.8,1.06826,1.07606,21.0,2.1,2.1,1.1,2.04501,1.36767,6.0,0.6,0.8,1.4,0.92088,1.4887299999999999,2.2,0.8,2.56808,1.35364,0.8,1.4,0.80488,1.42084,7.104166666666667,6.041666666666667,1,1,2.0,20.0,1.9545454545454546,0.36363636363636365,43.0,8.0,1.4647773279352228,0.7672643146327357,0.5580104106419896,0.9765182186234816,3.0,1.0,0.0,2.6666666666666665,2.0,0.0,1.0654,0.5427,1.0,H
8e61f048-4361-4e2c-a20a-3ce99465f72c,96b6c1e1-5bb7-434e-8964-4ca6f465c832,2025,23,23,2026-01-24T17:30:00+00:00,6601a105-9986-4276-89bf-143cdf03198a,54ed0f97-ad19-421c-a5c2-9b9d3fcbc72d,AFC Bournemouth,Liverpool FC,60,60,38,38,1.0,1.0,5.0,1.0,1.8,2.4,1.9777,1.81722,7.0,1.4,1.0,0.8,1.75424,0.55962,8.0,0.8,1.6,2.1,1.7906399999999998,1.58165,18.0,1.8,1.5,0.9,1.7407800000000002,0.87074,1.2,1.4,1.20222,1.05098,1.8,1.2,1.377,0.9635199999999999,4.895833333333333,7.104166666666667,1,1,15.0,4.0,1.2272727272727273,1.6363636363636365,27.0,36.0,1.1165800115540152,1.465511265164645,1.0467937608318891,0.6280762564991335,3.0,0.0,0.0,3.6666666666666665,3.0,2.0,3.3147,0.9373,1.0,H
7d00fbad-fab0-40bb-9801-b86518cc8990,56352c5f-e340-47f1-bfed-f11d51ee5c58,2025,23,23,2026-01-25T14:00:00+00:00,66a313d1-2e21-49ad-a1c7-6f04cae6be69,5421e81a-b7dd-48b1-9982-42644e8dcf9f,Brentford FC,Nottingham Forest FC,60,60,38,38,1.0,1.0,10.0,2.0,2.2,1.0,2.35912,1.46096,4.0,0.8,0.8,1.6,0.9676199999999999,1.8380199999999998,17.0,1.7,1.7,1.1,1.8836100000000002,1.61363,10.0,1.0,0.8,1.4,1.00475,1.56113,2.2,0.6,2.33734,1.43692,0.8,1.6,0.8174999999999999,1.4301400000000002,7.958333333333333,7.854166666666667,1,1,8.0,17.0,1.5,1.0,33.0,22.0,1.1849078341013826,0.766705069124424,0.5576036866359447,0.9758064516129031,3.0,0.3333333333333333,0.0,2.6666666666666665,0.0,2.0,2.0041,1.3896,1.0,A
e84119fc-9631-4739-b336-c69d6daf3773,e38a15ff-b488-4633-9fe6-ea3c6ab1c9d4,2025,23,23,2026-01-25T14:00:00+00:00,c4045d6d-a715-4821-a800-cd9b505ad54b,f8f456e7-3e20-4803-ba4e-b1762a31812c,Newcastle United FC,Aston Villa FC,60,60,38,38,1.0,1.0,10.0,2.0,1.8,1.0,1.91968,1.2576,7.0,1.4,1.2,1.4,1.8813400000000002,1.87084,18.0,1.8,1.9,1.2,1.8797799999999998,1.15913,22.0,2.2,1.8,1.4,1.89033,1.64511,2.4,1.6,2.34678,1.4586999999999999,2.0,2.0,2.1648,2.19002,7.0,6.895833333333333,1,1,8.0,3.0,1.5,1.9545454545454546,33.0,43.0,1.324971231300345,0.8368239355581127,1.2552359033371692,0.9762945914844647,3.0,0.3333333333333333,0.3333333333333333,2.6666666666666665,0.0,2.0,1.9548,1.3214,1.0,A
c1d1a7ca-7a47-49a0-8dc0-1a0ec6972fab,65510f41-4059-4e02-9dac-d40102cf7c98,2025,23,23,2026-01-25T14:00:00+00:00,74bd08fa-27db-4bb0-8490-f57f6ed6b8e9,1cb320b2-b42f-4131-8f5f-ef42e7f82540,Crystal Palace FC,Chelsea FC,60,60,38,38,1.0,1.0,2.0,0.4,0.4,1.2,1.40766,1.85378,5.0,1.0,1.4,1.4,2.0831,1.82328,8.0,0.8,0.7,1.6,1.47043,1.6943000000000001,11.0,1.1,1.3,1.3,1.6514700000000002,1.81873,0.4,1.4,1.6089600000000002,1.50524,1.0,1.6,1.4302199999999998,1.71864,7.958333333333333,7.958333333333333,1,1,15.0,6.0,1.2727272727272727,1.5454545454545454,28.0,34.0,0.4883908045977011,1.11632183908046,0.9070114942528736,0.9070114942528736,3.0,0.0,1.0,1.3333333333333333,1.0,3.0,2.4179,3.0882,1.0,A
47916f2e-3740-46ae-9b02-384d81385117,fc969ed6-0c93-4ce0-be6f-80cabce7a9cd,2025,23,23,2026-01-25T16:30:00+00:00,ead1bc2e-8799-410a-a809-66a274bbab2c,48fc005c-cbfc-4e4d-b7f1-459dce6cf940,Arsenal FC,Manchester United FC,60,60,38,38,1.0,1.0,11.0,2.2,1.8,0.8,2.36032,1.0474,9.0,1.8,1.4,0.8,1.92388,0.8049199999999999,21.0,2.1,1.6,0.8,2.09861,1.01708,17.0,1.7,1.9,1.3,2.19375,1.20093,2.0,0.6,2.38154,1.0358800000000001,2.0,1.4,2.2604200000000003,1.11134,7.958333333333333,8.166666666666666,1,1,1.0,6.0,2.272727272727273,1.5909090909090908,50.0,35.0,1.1155963302752294,0.5577981651376147,1.3247706422018348,0.9064220183486239,3.0,0.6666666666666666,0.3333333333333333,1.6666666666666667,2.0,3.0,1.4241,0.6409,1.0,A
751c20f7-7086-463b-a719-a0f1a5d5739b,bb91fb1f-e9bf-4a08-b795-ce5a1f05e44b,2025,23,23,2026-01-26T20:00:00+00:00,60cb8be0-9c1e-4019-8b60-fd9ac2aa9f2d,fe8b4d06-9254-4fc8-a08f-90f242e51751,Everton FC,Leeds United FC,60,22,38,0,1.0,0.0,8.0,1.6,1.2,1.0,1.26642,1.5349,6.0,1.2,1.2,1.2,1.65164,1.42518,14.0,1.4,1.1,1.2,1.13459,1.55728,14.0,1.4,1.9,1.5,1.8549600000000002,1.52185,1.4,2.0,1.0234,1.67668,1.4,1.8,1.70092,1.6938400000000002,8.145833333333334,9.208333333333334,1,1,11.0,16.0,1.4545454545454546,1.1363636363636365,32.0,25.0,0.7660377358490567,0.8356775300171526,1.323156089193825,1.044596912521441,1.0,0.0,0.0,1.0,1.0,1.0,0.8899,1.6766,1.0,D
62fa7364-ee1f-42d6-b849-8c0bafa43f45,06f8fe90-b7e3-4e07-b742-a3cefb151c1c,2025,24,24,2026-01-31T15:00:00+00:00,fe8b4d06-9254-4fc8-a08f-90f242e51751,ead1bc2e-8799-410a-a809-66a274bbab2c,Leeds United FC,Arsenal FC,23,61,0,38,0.0,1.0,6.0,1.2,1.2,1.2,1.4656600000000002,1.44196,8.0,1.6,1.8,1.2,2.1365000000000003,1.03356,15.0,1.5,1.8,1.3,1.8474800000000002,1.32555,20.0,2.0,1.7,1.0,2.11819,1.00198,2.4,1.2,2.009,1.34986,1.2,1.0,1.81568,0.99828,4.791666666666667,5.9375,2,2,16.0,1.0,1.1304347826086956,2.1739130434782608,26.0,50.0,1.2541404911479155,0.9057681324957169,1.1844660194174759,0.6967447173043976,1.0,0.0,0.0,5.0,0.0,4.0,0.1787,3.5443,1.0,A
ebbc7523-2d94-4e50-9c98-b10812cbe35a,35379d3d-19fc-47f1-ae88-5d7e788a5303,2025,24,24,2026-01-31T15:00:00+00:00,fbffa344-2426-4b4b-9886-b8cd56ec69a1,6601a105-9986-4276-89bf-143cdf03198a,Wolverhampton Wanderers FC,AFC Bournemouth,61,61,38,38,1.0,1.0,6.0,1.2,1.0,0.8,1.02066,0.97614,8.0,1.6,2.2,2.0,2.12828,1.43442,6.0,0.6,0.8,1.5,0.90589,1.47978,11.0,1.1,1.7,2.0,1.94284,1.5584200000000001,0.8,1.4,1.03688,1.5566200000000001,2.0,2.8,2.37906,2.11232,7.0,6.895833333333333,2,2,20.0,13.0,0.34782608695652173,1.3043478260869565,8.0,30.0,0.5570370370370371,1.0444444444444445,1.1837037037037037,1.3925925925925926,3.0,0.3333333333333333,0.0,2.6666666666666665,0.0,2.0,2.1035,1.5912,1.0,A
049d8efd-947f-4344-9b87-5aa82b06ad3b,8406c714-6c94-4eba-b07a-e0e5a1040a6d,2025,24,24,2026-01-31T15:00:00+00:00,db14882b-951f-4db5-860b-4ca2b8583311,60cb8be0-9c1e-4019-8b60-fd9ac2aa9f2d,Brighton & Hove Albion FC,Everton FC,61,61,38,38,1.0,1.0,6.0,1.2,1.4,1.2,1.76694,1.66396,8.0,1.6,1.4,1.2,1.194,1.62032,8.0,0.8,1.2,1.5,1.62179,1.9449999999999998,15.0,1.5,1.1,0.9,1.1224500000000002,1.47906,1.4,1.2,1.49012,1.6252600000000001,0.8,0.4,1.24578,1.43788,7.0,4.791666666666667,2,2,13.0,10.0,1.3043478260869565,1.434782608695652,30.0,33.0,0.8359704040978941,1.0449630051223677,0.766306203756403,0.6269778030734207,3.0,0.3333333333333333,0.0,2.0,1.0,1.0,1.4283,1.2813,1.0,D
1a20caa9-4149-43d9-a8f7-f4f74abe2322,4ed12a4e-b5bb-41cc-83f7-1cbf931160e5,2025,24,24,2026-01-31T17:30:00+00:00,1cb320b2-b42f-4131-8f5f-ef42e7f82540,21ec0474-e758-4563-97a9-912aab00b4f5,Chelsea FC,West Ham United FC,61,61,38,38,1.0,1.0,8.0,1.6,1.8,1.2,2.30642,1.89502,7.0,1.4,1.6,1.8,1.8407,1.79238,13.0,1.3,1.5,1.3,1.8811,1.93769,9.0,0.9,1.2,1.8,1.57113,1.86308,1.6,1.0,1.87272,1.9188200000000002,0.8,1.8,1.4193799999999999,2.37032,6.145833333333333,7.208333333333333,1,1,5.0,18.0,1.608695652173913,0.8695652173913043,37.0,20.0,1.045480386583286,0.9060830017055146,0.8363843092666288,1.2545764638999433,3.0,1.0,0.0,4.0,3.0,2.0,2.6613,1.7259,1.0,H
ce3d355a-d4e4-47a2-bba5-94e2e291fcbb,9d5ef061-55d8-4eee-990e-98417390d1d0,2025,24,24,2026-01-31T20:00:00+00:00,54ed0f97-ad19-421c-a5c2-9b9d3fcbc72d,c4045d6d-a715-4821-a800-cd9b505ad54b,Liverpool FC,Newcastle United FC,61,61,38,38,1.0,1.0,4.0,0.8,1.0,1.2,1.6286999999999998,1.0664200000000001,10.0,2.0,1.8,1.2,2.08464,1.33372,15.0,1.5,1.5,1.2,1.67772,1.1657899999999999,15.0,1.5,1.5,1.3,1.82938,1.19014,1.2,0.6,2.10456,0.77796,1.4,0.8,1.4127800000000001,0.8595599999999999,7.104166666666667,6.25,1,2,6.0,10.0,1.565217391304348,1.434782608695652,36.0,33.0,1.0442176870748299,0.8353741496598639,1.0442176870748299,0.9049886621315193,3.0,0.6666666666666666,0.3333333333333333,4.333333333333333,4.0,1.0,3.0997,0.2843,1.0,H
08ff5ce4-84ce-4e14-bdbd-6f8655e5717d,5eceae4b-78a1-448f-a375-9134e450dc57,2025,24,24,2026-02-01T14:00:00+00:00,48fc005c-cbfc-4e4d-b7f1-459dce6cf940,b552a1a6-4302-43ca-884c-0f91ac4f984b,Manchester United FC,Fulham FC,61,61,38,38,1.0,1.0,9.0,1.8,1.8,1.2,1.8639,0.86374,8.0,1.6,1.4,1.2,0.96296,2.12778,17.0,1.7,2.0,1.4,2.11007,1.1297799999999998,17.0,1.7,1.7,1.5,1.1024800000000001,1.79907,1.8,1.2,2.1270800000000003,1.29052,1.4,1.0,1.05454,1.75172,6.895833333333333,7.958333333333333,1,1,6.0,7.0,1.6521739130434783,1.4782608695652173,38.0,34.0,1.390616167326173,0.973431317128321,1.182023742227247,1.0429621254946297,3.0,0.6666666666666666,0.3333333333333333,1.3333333333333333,3.0,2.0,1.8436,1.72,1.0,H
55f50c72-510a-4a3e-81c2-7095de0eb190,ffde748b-81bf-44e8-a6d3-378980e07632,2025,24,24,2026-02-01T14:00:00+00:00,5421e81a-b7dd-48b1-9982-42644e8dcf9f,74bd08fa-27db-4bb0-8490-f57f6ed6b8e9,Nottingham Forest FC,Crystal Palace FC,61,61,38,38,1.0,1.0,7.0,1.4,1.0,1.2,1.12552,1.9459,2.0,0.4,0.6,1.6,1.7053,2.29726,13.0,1.3,1.0,1.2,1.04768,1.55582,8.0,0.8,0.7,1.7,1.4986599999999999,1.85535,0.8,1.2,1.192,1.6921199999999998,1.0,1.8,1.3318999999999999,1.8833600000000001,7.0,7.0,1,1,17.0,15.0,1.0869565217391304,1.2173913043478262,25.0,28.0,0.6944757609921083,0.8333709131905299,0.4861330326944758,1.1806087936865841,3.0,0.3333333333333333,0.6666666666666666,1.6666666666666667,1.0,1.0,0.9873,1.648,1.0,D
8466b0f3-e054-44b6-9e87-2c00c85b5f22,79ad94ca-e88c-44df-a7e6-7f75884ce503,2025,24,24,2026-02-01T14:00:00+00:00,f8f456e7-3e20-4803-ba4e-b1762a31812c,66a313d1-2e21-49ad-a1c7-6f04cae6be69,Aston Villa FC,Brentford FC,61,61,38,38,1.0,1.0,7.0,1.4,1.2,1.2,1.73378,1.86748,7.0,1.4,1.4,1.2,2.18968,1.22652,22.0,2.2,1.9,1.4,1.9069800000000001,1.77133,14.0,1.4,1.4,1.2,1.71191,1.6651900000000002,1.6,0.8,1.61586,1.1001999999999998,1.2,1.6,1.42988,1.79034,7.0,7.0,2,1,3.0,9.0,2.0,1.434782608695652,46.0,33.0,1.3201576576576575,0.9727477477477476,0.9727477477477476,0.8337837837837837,3.0,0.6666666666666666,0.0,2.0,0.0,1.0,2.1532,0.3149,1.0,A
8b46b416-e760-42ff-9cdb-7a05480872a8,51615e1b-d20e-42af-a216-4e6013f17d92,2025,24,24,2026-02-01T16:30:00+00:00,c23d6b7a-dfaf-44a3-b016-1feb2dddec44,33d2f100-682f-4a5e-9aa3-5cc57e1e8571,Tottenham Hotspur FC,Manchester City FC,61,61,38,38,1.0,1.0,3.0,0.6,1.2,1.6,1.57914,1.30606,6.0,1.2,0.8,0.8,1.5768799999999998,1.5893000000000002,10.0,1.0,1.2,1.5,1.39718,1.33744,21.0,2.1,2.0,0.9,1.86626,1.2468,1.2,1.4,1.57748,1.0863999999999998,2.0,1.4,1.52194,1.3817,8.0625,8.0625,1,1,15.0,2.0,1.2173913043478262,2.0,28.0,46.0,0.8346651660101294,1.0433314575126618,1.3911086100168824,0.6259988745075971,3.0,0.6666666666666666,0.0,2.3333333333333335,2.0,2.0,1.4974,2.0361,1.0,D
28fb7251-6f82-496a-9dea-084358499cfa,c3077a24-3515-425a-801e-a442d78191b4,2025,24,24,2026-02-02T20:00:00+00:00,076f94c9-341e-4294-a86a-076741505170,2d3435a0-e4e8-4097-a60c-2a0f92c3fede,Sunderland AFC,Burnley FC,23,23,0,0,0.0,0.0,5.0,1.0,0.8,1.6,1.09916,2.2119,3.0,0.6,1.2,2.0,0.79912,2.5141,11.0,1.1,0.7,1.3,0.95814,1.8547,5.0,0.5,1.0,1.7,1.05328,2.00864,1.4,0.8,1.08274,1.6325399999999999,0.8,1.8,0.74798,2.46178,9.3125,9.208333333333334,1,1,11.0,19.0,1.434782608695652,0.6521739130434783,33.0,15.0,0.48658057271195954,0.9036496350364964,0.6951151038742279,1.1816956765861875,1.0,0.0,0.0,2.0,3.0,0.0,1.8865,0.1264,1.0,H
f520e87c-1c72-4647-bf0a-ac0d18363262,c01808bf-1d7a-494b-9e6b-0349a4f1cf3f,2025,25,25,2026-02-06T20:00:00+00:00,fe8b4d06-9254-4fc8-a08f-90f242e51751,5421e81a-b7dd-48b1-9982-42644e8dcf9f,Leeds United FC,Nottingham Forest FC,24,62,0,38,0.0,1.0,5.0,1.0,1.2,2.0,1.46952,1.8151599999999999,8.0,1.6,1.2,1.0,0.97208,1.93644,12.0,1.2,1.5,1.6,1.6448800000000001,1.58358,11.0,1.1,1.0,1.3,1.03402,1.61816,1.8,1.8,1.6038000000000001,1.8659199999999998,1.0,1.6,0.8706400000000001,1.6260400000000002,6.208333333333333,5.25,2,2,16.0,17.0,1.0833333333333333,1.0833333333333333,26.0,26.0,1.0426008968609866,1.1121076233183858,0.695067264573991,0.9035874439461884,1.0,0.0,0.0,4.0,3.0,1.0,3.3818,1.6608,1.0,H
7f3988f6-7743-407a-8766-3cd80f066e36,436b9b9b-e4fe-46b0-b8ce-b2c221f7b104,2025,25,25,2026-02-07T12:30:00+00:00,48fc005c-cbfc-4e4d-b7f1-459dce6cf940,c23d6b7a-dfaf-44a3-b016-1feb2dddec44,Manchester United FC,Tottenham Hotspur FC,62,62,38,38,1.0,1.0,11.0,2.2,2.2,1.4,2.006,0.96418,3.0,0.6,1.6,2.0,1.75696,1.60202,19.0,1.9,2.2,1.5,2.06676,1.1652,10.0,1.0,1.2,1.5,1.44171,1.35249,2.2,1.4,2.04046,1.36136,1.0,1.6,1.21526,1.3103,5.9375,5.833333333333333,2,2,4.0,14.0,1.7083333333333333,1.2083333333333333,41.0,29.0,1.5281879194630874,1.0419463087248322,0.8335570469798658,1.0419463087248322,3.0,0.0,0.3333333333333333,2.6666666666666665,2.0,0.0,2.1658,0.5934,1.0,H
0b7c31b3-c73a-4f9b-8bb6-b3dd37b1ee66,7fbc9d47-b1e8-48b8-a0d4-2e121bd081f2,2025,25,25,2026-02-07T15:00:00+00:00,ead1bc2e-8799-410a-a809-66a274bbab2c,076f94c9-341e-4294-a86a-076741505170,Arsenal FC,Sunderland AFC,62,24,38,0,1.0,0.0,8.0,1.6,1.8,1.0,1.96268,0.4809,7.0,1.4,1.4,1.6,1.28404,1.7486799999999998,20.0,2.0,1.9,1.0,2.2094899999999997,0.96098,13.0,1.3,0.9,1.2,1.07552,1.72971,2.0,1.2,2.1401,1.0463200000000001,0.4,2.0,0.92492,2.16014,7.0,4.791666666666667,2,1,1.0,8.0,2.2083333333333335,1.5,53.0,36.0,1.3204469273743016,0.6949720670391062,0.6254748603351956,0.8339664804469273,1.0,0.0,1.0,4.0,3.0,0.0,1.194,0.4272,1.0,H
9ca148c1-604d-47b7-a23d-05da81e8fa48,8ca3cc2f-f3e9-401b-9aef-2ff2b1431612,2025,25,25,2026-02-07T15:00:00+00:00,2d3435a0-e4e8-4097-a60c-2a0f92c3fede,21ec0474-e758-4563-97a9-912aab00b4f5,Burnley FC,West Ham United FC,24,62,0,38,0.0,1.0,3.0,0.6,1.0,2.0,0.5593,2.3929,6.0,1.2,1.6,2.0,1.7306000000000001,1.70682,5.0,0.5,1.0,1.9,0.9490700000000001,2.09851,8.0,0.8,1.3,2.0,1.60714,1.90154,1.4,2.0,1.29968,2.10216,1.0,2.2,1.4914,2.44724,4.791666666666667,6.895833333333333,2,1,19.0,18.0,0.625,0.8333333333333334,15.0,20.0,0.6949247071946458,1.320356943669827,0.9034021193530396,1.3898494143892917,1.0,0.0,0.0,5.0,0.0,2.0,1.8464,1.1223,1.0,A
fac982a5-5c1e-489b-8e93-00a30f66b5ad,914e6fb0-a365-4652-9612-f26b644de5b3,2025,25,25,2026-02-07T15:00:00+00:00,fbffa344-2426-4b4b-9886-b8cd56ec69a1,1cb320b2-b42f-4131-8f5f-ef42e7f82540,Wolverhampton Wanderers FC,Chelsea FC,62,62,38,38,1.0,1.0,5.0,1.0,0.8,1.0,1.1978,1.06776,10.0,2.0,2.0,1.2,2.3721,1.54192,6.0,0.6,0.8,1.6,1.0137800000000001,1.52651,16.0,1.6,1.7,1.2,2.0508300000000004,1.88981,0.8,1.6,1.25266,1.6500800000000002,1.4,1.2,1.85506,1.76128,7.0,6.895833333333333,2,2,20.0,5.0,0.3333333333333333,1.6666666666666667,8.0,40.0,0.5562116991643454,1.1124233983286909,1.1819498607242338,0.834317548746518,3.0,0.0,0.0,5.0,1.0,3.0,1.1137,3.7628,1.0,A
945ec2ac-7707-450a-90da-348bd614f6f2,ba9794a0-e892-459a-aeed-32710d3212d4,2025,25,25,2026-02-07T15:00:00+00:00,b552a1a6-4302-43ca-884c-0f91ac4f984b,60cb8be0-9c1e-4019-8b60-fd9ac2aa9f2d,Fulham FC,Everton FC,62,62,38,38,1.0,1.0,7.0,1.4,1.6,1.6,0.9561,2.0258,6.0,1.2,1.2,1.4,1.1112,1.55508,17.0,1.7,1.5,1.3,1.17722,1.7872,13.0,1.3,1.1,1.0,1.13101,1.5583500000000001,1.6,1.2,1.05484,1.66276,0.8,0.6,1.2629000000000001,1.59646,6.041666666666667,7.0,2,2,9.0,10.0,1.4166666666666667,1.4166666666666667,34.0,34.0,1.0422456920511396,0.9032795997776543,0.764313507504169,0.6948304613674263,3.0,0.0,0.3333333333333333,2.6666666666666665,1.0,2.0,2.2013,1.8878,1.0,A
5fd8fed0-d50b-47e3-b679-cba7be4e22e5,8ccf9ed5-d5f5-4111-b785-7b0129cb7222,2025,25,25,2026-02-07T15:00:00+00:00,6601a105-9986-4276-89bf-143cdf03198a,f8f456e7-3e20-4803-ba4e-b1762a31812c,AFC Bournemouth,Aston Villa FC,62,62,38,38,1.0,1.0,10.0,2.0,2.2,1.6,1.7482399999999998,1.38854,7.0,1.4,1.0,0.6,1.57602,1.04778,14.0,1.4,1.9,1.9,2.03842,1.6492,19.0,1.9,1.5,1.2,1.80655,1.6065200000000002,1.8,1.6,1.73808,0.9993000000000001,1.6,1.4,1.79758,2.18838,7.0,6.041666666666667,2,2,12.0,3.0,1.375,1.9166666666666667,33.0,46.0,1.3200887902330742,1.3200887902330742,1.042175360710322,0.8337402885682574,3.0,0.0,0.3333333333333333,2.3333333333333335,1.0,1.0,1.8265,0.6465,1.0,D
6f556954-133b-4b27-9dc5-883fc65a0384,2bdd7130-e025-4758-aee5-5916cfd35d22,2025,25,25,2026-02-07T17:30:00+00:00,c4045d6d-a715-4821-a800-cd9b505ad54b,66a313d1-2e21-49ad-a1c7-6f04cae6be69,Newcastle United FC,Brentford FC,62,62,38,38,1.0,1.0,7.0,1.4,1.4,1.8,1.643,1.68856,9.0,1.8,1.6,1.2,2.1414,1.5355,14.0,1.4,1.4,1.5,1.66925,1.3949,17.0,1.7,1.5,1.0,1.68453,1.61738,2.0,1.6,2.36062,1.5125600000000001,1.4,1.2,1.3751200000000001,1.6947200000000002,6.895833333333333,6.145833333333333,2,2,12.0,8.0,1.375,1.5,33.0,36.0,0.9731707317073169,1.0426829268292683,1.0426829268292683,0.6951219512195121,3.0,0.3333333333333333,0.0,4.333333333333333,2.0,3.0,3.3215,1.6502,1.0,A
97dec193-c0a9-4fd4-85b4-bdab74922f9e,628ec002-d59c-4124-acf6-91dceec0f334,2025,25,25,2026-02-08T14:00:00+00:00,db14882b-951f-4db5-860b-4ca2b8583311,74bd08fa-27db-4bb0-8490-f57f6ed6b8e9,Brighton & Hove Albion FC,Crystal Palace FC,62,62,38,38,1.0,1.0,6.0,1.2,1.2,1.0,1.43478,1.46494,2.0,0.4,0.6,1.6,1.5642,2.14386,9.0,0.9,1.0,1.2,1.56832,1.7573800000000002,6.0,0.6,0.7,1.8,1.5646799999999998,1.83723,1.0,0.6,1.3831799999999999,1.25002,1.0,2.0,1.46394,1.8471199999999999,7.958333333333333,7.0,1,2,13.0,15.0,1.2916666666666667,1.2083333333333333,31.0,29.0,0.6943062465450525,0.8331674958540629,0.48601437258153674,1.2497512437810945,3.0,0.0,0.3333333333333333,2.3333333333333335,0.0,1.0,0.7378,0.9284,1.0,A
8e97b8cb-b2f8-442c-a14c-363b00ad3d2c,d04a0231-26d5-4c25-9314-8460dc80ecba,2025,25,25,2026-02-08T16:30:00+00:00,54ed0f97-ad19-421c-a5c2-9b9d3fcbc72d,33d2f100-682f-4a5e-9aa3-5cc57e1e8571,Liverpool FC,Manchester City FC,62,62,38,38,1.0,1.0,6.0,1.2,1.8,1.4,1.91298,1.0914,6.0,1.2,1.2,1.2,1.4956,1.6963599999999999,17.0,1.7,1.8,1.2,1.8500599999999998,1.12295,19.0,1.9,1.7,0.7,1.87364,1.29928,1.8,0.6,2.44924,0.69228,1.4,1.0,1.5367,1.48666,7.854166666666667,7.0,1,1,6.0,2.0,1.625,1.9583333333333333,39.0,47.0,1.251049723756906,0.8340331491712707,1.1815469613259668,0.4865193370165745,3.0,0.6666666666666666,0.0,2.3333333333333335,1.0,2.0,1.2665,2.4148,1.0,A
2ae2dc3a-5cf8-4112-9364-23b65e5d6545,b9b602ea-f6c4-46f5-b34f-fee9a17788b9,2025,26,26,2026-02-10T19:30:00+00:00,60cb8be0-9c1e-4019-8b60-fd9ac2aa9f2d,6601a105-9986-4276-89bf-143cdf03198a,Everton FC,AFC Bournemouth,63,63,38,38,1.0,1.0,9.0,1.8,1.2,0.8,1.28762,1.38498,11.0,2.2,2.0,1.2,1.9239799999999998,1.2618399999999999,13.0,1.3,1.0,1.1,1.19444,1.74725,14.0,1.4,2.0,2.0,2.0791399999999998,1.6465900000000002,1.4,1.4,0.9991200000000001,1.52024,2.0,2.2,2.3387599999999997,2.2991,3.1875,3.1875,2,2,8.0,11.0,1.48,1.36,37.0,34.0,0.694980694980695,0.7644787644787645,1.38996138996139,1.38996138996139,3.0,0.3333333333333333,0.0,2.3333333333333335,1.0,2.0,2.3311,1.4121,1.0,A
37999fe1-6ab2-4921-99b0-6309a59533f1,2778828e-4363-40fb-9474-772e05cc77bc,2025,26,26,2026-02-10T19:30:00+00:00,c23d6b7a-dfaf-44a3-b016-1feb2dddec44,c4045d6d-a715-4821-a800-cd9b505ad54b,Tottenham Hotspur FC,Newcastle United FC,63,63,38,38,1.0,1.0,2.0,0.4,1.4,2.2,1.59214,1.9416799999999999,4.0,0.8,1.4,2.4,1.76178,1.76294,7.0,0.7,1.0,1.7,1.2586600000000001,1.5220099999999999,11.0,1.1,1.4,1.7,1.8206900000000001,1.40154,1.4,1.4,1.6681599999999999,1.39468,0.8,1.4,0.9778800000000001,1.27724,3.2916666666666665,3.0833333333333335,2,2,15.0,12.0,1.16,1.32,29.0,33.0,0.6949339207048458,1.1813876651982378,0.9729074889867841,1.1813876651982378,3.0,0.0,0.3333333333333333,3.3333333333333335,1.0,2.0,1.6893,2.4699,1.0,A
0016a6dd-39e8-450b-8074-cb140d07af22,db1b3f4a-6564-41e5-be75-e401c45c1f64,2025,26,26,2026-02-10T19:30:00+00:00,1cb320b2-b42f-4131-8f5f-ef42e7f82540,fe8b4d06-9254-4fc8-a08f-90f242e51751,Chelsea FC,Leeds United FC,63,25,38,0,1.0,0.0,12.0,2.4,2.4,1.2,2.7172,1.55856,7.0,1.4,1.6,2.0,1.95186,1.75776,18.0,1.8,2.0,1.3,2.3598500000000002,1.85925,14.0,1.4,1.5,1.4,1.8037300000000003,1.5448499999999998,2.0,1.2,2.2466,2.01834,1.2,1.4,1.6859600000000001,1.30124,3.1875,3.9791666666666665,2,2,5.0,16.0,1.72,1.16,43.0,29.0,1.3897746014293568,0.9033534909290819,1.0423309510720176,0.9728422210005497,1.0,0.0,0.0,4.0,2.0,2.0,3.2118,1.2895,1.0,D
9b2b0ffa-3a32-4e72-a685-09c0cc2a13a1,7ba5ee6e-e315-46a9-86e1-3c0878bc1a30,2025,26,26,2026-02-10T20:15:00+00:00,21ec0474-e758-4563-97a9-912aab00b4f5,48fc005c-cbfc-4e4d-b7f1-459dce6cf940,West Ham United FC,Manchester United FC,63,63,38,38,1.0,1.0,9.0,1.8,2.0,1.4,1.90792,1.62824,13.0,2.6,2.4,1.2,2.0496,0.8888400000000001,10.0,1.0,1.4,1.9,1.54873,1.8760999999999999,19.0,1.9,2.0,1.4,1.87863,1.19833,1.6,1.8,1.72288,1.3558400000000002,2.2,1.6,2.0930600000000004,0.96904,3.21875,3.3229166666666665,2,2,18.0,5.0,0.92,1.76,23.0,44.0,0.972243554580362,1.3194733955019198,1.3889193636862316,0.972243554580362,3.0,0.6666666666666666,0.3333333333333333,2.3333333333333335,1.0,1.0,1.3075,0.7358,1.0,D
2ec2100a-37ac-4d30-a117-c2357879be29,dad657fe-c50c-4480-983f-71290adce22d,2025,26,26,2026-02-11T19:30:00+00:00,f8f456e7-3e20-4803-ba4e-b1762a31812c,db14882b-951f-4db5-860b-4ca2b8583311,Aston Villa FC,Brighton & Hove Albion FC,63,63,38,38,1.0,1.0,5.0,1.0,0.6,0.6,1.4193399999999998,1.23344,3.0,0.6,0.8,1.2,1.2879999999999998,1.5997,17.0,1.7,1.4,1.2,1.59921,1.6032,8.0,0.8,0.9,1.2,1.43202,1.67958,1.4,1.0,1.81552,1.02466,1.0,1.8,1.75346,2.26474,4.1875,3.2291666666666665,2,2,3.0,14.0,1.88,1.24,47.0,31.0,0.9727123287671233,0.8337534246575342,0.6253150684931508,0.8337534246575342,3.0,0.6666666666666666,0.3333333333333333,4.666666666666667,1.0,0.0,0.5761,0.4813,1.0,H
0f7edb83-8b78-4a92-aaff-8ac72a7acbe4,84eaf432-d92b-4a7f-893c-35f00129df3a,2025,26,26,2026-02-11T19:30:00+00:00,5421e81a-b7dd-48b1-9982-42644e8dcf9f,fbffa344-2426-4b4b-9886-b8cd56ec69a1,Nottingham Forest FC,Wolverhampton Wanderers FC,63,63,38,38,1.0,1.0,8.0,1.6,1.2,1.0,1.1246,2.32682,2.0,0.4,0.4,1.6,0.9726799999999999,1.77318,11.0,1.1,1.1,1.3,1.1688699999999999,1.83099,6.0,0.6,0.8,1.5,1.09894,1.49808,1.0,1.0,1.1974,1.61028,0.8,1.6,0.7748999999999999,1.4029399999999999,4.979166666666667,4.1875,2,2,17.0,20.0,1.04,0.32,26.0,8.0,0.7650602409638555,0.9041621029572837,0.5564074479737131,1.0432639649507118,3.0,0.6666666666666666,0.3333333333333333,2.0,0.0,0.0,3.6909,0.407,1.0,D
964dc0c0-85c6-434e-b321-6e2bc77d05f5,e039462c-5c91-4f0e-95f2-797b19d4eeeb,2025,26,26,2026-02-11T19:30:00+00:00,33d2f100-682f-4a5e-9aa3-5cc57e1e8571,b552a1a6-4302-43ca-884c-0f91ac4f984b,Manchester City FC,Fulham FC,63,63,38,38,1.0,1.0,8.0,1.6,1.4,1.2,1.77246,1.5422,6.0,1.2,1.4,1.6,1.27452,2.0596,19.0,1.9,1.6,0.8,1.87351,1.36328,17.0,1.7,1.5,1.3,1.32067,1.80487,2.0,0.4,2.21058,1.1118999999999999,1.4,1.4,1.2996,1.9116399999999998,3.125,4.1875,2,2,2.0,12.0,2.0,1.36,50.0,34.0,1.1145673603504929,0.5572836801752464,1.0449069003285871,0.9055859802847754,3.0,1.0,0.0,5.333333333333333,3.0,0.0,1.6772,1.0528,1.0,H
6ca59c19-6d31-40b9-8f57-9f8ebf592d01,71cf5749-db39-44d1-a814-05ae1cc463d0,2025,26,26,2026-02-11T19:40:00+00:00,74bd08fa-27db-4bb0-8490-f57f6ed6b8e9,2d3435a0-e4e8-4097-a60c-2a0f92c3fede,Crystal Palace FC,Burnley FC,63,25,38,0,1.0,0.0,5.0,1.0,0.8,1.2,1.4942199999999999,1.7459,3.0,0.6,1.0,2.0,0.87766,2.32302,6.0,0.6,0.6,1.7,1.4864099999999998,1.83433,5.0,0.5,0.9,1.9,0.9753299999999999,2.03003,0.4,1.6,1.66542,1.82734,0.6,1.8,0.59846,2.0948599999999997,3.236111111111111,4.194444444444445,2,2,13.0,19.0,1.28,0.6,32.0,15.0,0.4179332968835429,1.1841443411700383,0.6268999453253145,1.3234554401312193,1.0,1.0,0.0,1.0,2.0,3.0,2.1276,0.6913,1.0,A
b029ca71-c29b-43ed-94ed-ca2dd9c09293,a9b94bfa-7d3e-4c74-8ae4-14f94d0e7418,2025,26,26,2026-02-11T20:15:00+00:00,076f94c9-341e-4294-a86a-076741505170,54ed0f97-ad19-421c-a5c2-9b9d3fcbc72d,Sunderland AFC,Liverpool FC,25,63,0,38,0.0,1.0,6.0,1.2,1.2,2.0,1.2759800000000001,1.70398,5.0,1.0,1.6,1.4,1.8225200000000001,1.45252,13.0,1.3,0.9,1.2,1.05559,1.6075,16.0,1.6,1.6,1.1,1.7719,1.1851,1.4,0.4,1.22612,1.29928,1.8,1.8,1.25088,1.55362,4.21875,3.15625,2,2,11.0,6.0,1.44,1.56,36.0,39.0,0.6261723009814614,0.8348964013086151,1.1131952017448201,0.7653217011995639,1.0,0.0,1.0,2.0,0.0,1.0,0.6938,3.0817,1.0,A
17e33fdf-ba42-4394-8812-fc4dbc5ccd2c,78e23426-c860-471d-840d-3f11af53af3c,2025,26,26,2026-02-12T20:00:00+00:00,66a313d1-2e21-49ad-a1c7-6f04cae6be69,ead1bc2e-8799-410a-a809-66a274bbab2c,Brentford FC,Arsenal FC,63,63,38,38,1.0,1.0,9.0,1.8,1.4,1.2,1.86108,1.9986599999999999,8.0,1.6,1.8,0.6,1.9454799999999999,0.37678,20.0,2.0,1.8,1.0,1.80249,1.70714,23.0,2.3,2.1,0.8,2.14292,0.73171,1.6,0.8,1.9939400000000003,1.5400399999999999,1.8,0.8,2.27888,0.87564,5.104166666666667,5.208333333333333,2,2,7.0,1.0,1.56,2.24,39.0,56.0,1.253623978201635,0.696457765667575,1.4625613079019075,0.55716621253406,3.0,0.0,0.3333333333333333,2.6666666666666665,1.0,1.0,1.8115,0.7842,1.0,D
352ccaa9-e6d4-4ee4-b1be-33e9e9c8d2c5,7c158a0d-8eed-4d9b-bbe3-b017c960d738,2025,31,31,2026-02-18T20:00:00+00:00,fbffa344-2426-4b4b-9886-b8cd56ec69a1,ead1bc2e-8799-410a-a809-66a274bbab2c,Wolverhampton Wanderers FC,Arsenal FC,64,64,38,38,1.0,1.0,2.0,0.4,0.2,1.4,0.91142,2.18472,8.0,1.6,2.0,0.8,1.96196,0.6753600000000001,7.0,0.7,0.7,1.3,1.0776400000000002,1.7053699999999998,21.0,2.1,2.0,0.8,2.05954,0.85086,0.8,1.4,1.42298,1.59322,1.8,0.6,2.06378,0.69396,7.020833333333333,6.0,2,2,20.0,1.0,0.34615384615384615,2.1923076923076925,9.0,57.0,0.48775176918889496,0.9058247142079479,1.3935764833968427,0.5574305933587371,3.0,0.0,0.0,2.0,2.0,2.0,0.1731,2.0102,1.0,D
62a74ce1-67f2-4d36-a21e-927918d2b24c,234e2991-88be-4055-b358-abdfc84c3466,2025,27,27,2026-02-21T15:00:00+00:00,f8f456e7-3e20-4803-ba4e-b1762a31812c,fe8b4d06-9254-4fc8-a08f-90f242e51751,Aston Villa FC,Leeds United FC,64,26,38,0,1.0,0.0,7.0,1.4,0.8,0.6,1.12052,1.06468,8.0,1.6,1.4,1.6,1.7391200000000002,1.91312,17.0,1.7,1.2,1.0,1.59731,1.52363,14.0,1.4,1.6,1.5,1.7692700000000001,1.79633,1.2,0.8,1.38676,0.74898,1.4,1.6,1.61704,1.8042000000000002,9.8125,10.8125,2,1,3.0,15.0,1.9230769230769231,1.1538461538461537,50.0,30.0,0.8356328082563823,0.6963606735469853,1.1141770776751765,1.044541010320478,1.0,1.0,0.0,3.0,1.0,1.0,1.2544,1.2786,1.0,D
1564749e-1168-4f3f-85f5-df70f3a5901c,d4eabc45-82a6-4bd2-8485-ee69915c854a,2025,27,27,2026-02-21T15:00:00+00:00,66a313d1-2e21-49ad-a1c7-6f04cae6be69,db14882b-951f-4db5-860b-4ca2b8583311,Brentford FC,Brighton & Hove Albion FC,64,64,38,38,1.0,1.0,7.0,1.4,1.0,1.4,1.4511800000000001,1.8542200000000002,2.0,0.4,0.6,1.2,1.11794,1.1231200000000001,20.0,2.0,1.8,1.0,1.9139400000000002,1.62215,8.0,0.8,0.9,1.1,1.31115,1.4959200000000001,1.6,0.8,2.2168400000000004,1.37006,1.0,1.6,1.51172,1.8974199999999999,8.791666666666666,9.8125,2,2,7.0,14.0,1.5384615384615385,1.1923076923076923,40.0,31.0,1.2540423223005968,0.6966901790558871,0.6270211611502984,0.7663591969614759,3.0,0.3333333333333333,0.3333333333333333,3.0,0.0,2.0,1.6902,1.372,1.0,A
14c157fb-18da-40ca-b95f-759fa16a587f,b187e3a2-2d15-4f36-ae0e-de2bdcf11385,2025,27,27,2026-02-21T15:00:00+00:00,1cb320b2-b42f-4131-8f5f-ef42e7f82540,2d3435a0-e4e8-4097-a60c-2a0f92c3fede,Chelsea FC,Burnley FC,64,26,38,0,1.0,0.0,13.0,2.6,2.6,1.2,2.8693400000000002,1.6044399999999999,5.0,1.0,1.2,2.0,0.95198,2.24356,16.0,1.6,2.0,1.5,2.41657,1.8542,8.0,0.8,1.0,1.8,0.83897,2.07774,2.0,1.6,2.36004,2.00824,1.0,1.8,0.41996,2.15896,10.8125,9.805555555555555,2,2,5.0,19.0,1.6923076923076923,0.6923076923076923,44.0,18.0,1.3940379403794037,1.0455284552845527,0.6970189701897018,1.2546341463414634,1.0,1.0,0.0,2.0,1.0,1.0,2.5153,1.0126,1.0,D
0e75a4f3-ace8-443f-85a7-9f9ab1790ae5,752d54c1-2098-4beb-9255-8fba5bd46024,2025,27,27,2026-02-21T17:30:00+00:00,21ec0474-e758-4563-97a9-912aab00b4f5,6601a105-9986-4276-89bf-143cdf03198a,West Ham United FC,AFC Bournemouth,64,64,38,38,1.0,1.0,10.0,2.0,2.0,1.2,1.8220199999999998,1.52204,11.0,2.2,1.8,1.0,1.9683800000000002,1.4028399999999999,11.0,1.1,1.3,1.7,1.55178,1.8901700000000001,16.0,1.6,1.8,1.7,1.9851500000000002,1.5585,1.4,1.4,1.72898,1.38398,1.6,1.6,2.15078,2.1229199999999997,10.885416666666666,10.916666666666666,1,1,18.0,9.0,0.9230769230769231,1.4230769230769231,24.0,37.0,0.9065511640498106,1.1854899837574444,1.255224688684353,1.1854899837574444,3.0,0.0,1.0,3.3333333333333335,0.0,0.0,2.3441,0.5227,1.0,D
08313f8c-3515-4e0c-a385-cbb57293277b,b9aacda1-8208-4e3b-9afe-192209d8018a,2025,27,27,2026-02-21T20:00:00+00:00,33d2f100-682f-4a5e-9aa3-5cc57e1e8571,c4045d6d-a715-4821-a800-cd9b505ad54b,Manchester City FC,Newcastle United FC,64,64,38,38,1.0,1.0,10.0,2.0,1.8,1.0,1.5161,1.48644,4.0,0.8,1.0,2.0,1.7687599999999999,1.63016,19.0,1.9,1.6,0.8,1.90591,1.33847,14.0,1.4,1.6,1.7,2.05075,1.50747,2.0,0.4,2.0628,1.19716,1.2,1.4,1.4380000000000002,1.4891,10.020833333333334,11.020833333333334,2,1,2.0,10.0,2.0384615384615383,1.3846153846153846,53.0,36.0,1.1174878180833785,0.5587439090416892,1.1174878180833785,1.1873308067135895,3.0,0.3333333333333333,0.3333333333333333,3.0,2.0,1.0,2.2265,0.508,1.0,H
d2aeab0b-72b8-4c66-9205-7cec73f8c282,64652742-3414-4c5d-a62c-e6534c34e82e,2025,27,27,2026-02-22T14:00:00+00:00,076f94c9-341e-4294-a86a-076741505170,b552a1a6-4302-43ca-884c-0f91ac4f984b,Sunderland AFC,Fulham FC,26,64,0,38,0.0,1.0,6.0,1.2,1.2,1.6,1.1134600000000001,1.54812,3.0,0.6,1.0,2.0,1.2730599999999999,1.9048200000000002,10.0,1.0,0.8,1.3,1.06197,1.89874,14.0,1.4,1.2,1.4,1.2609,1.7671,1.2,0.6,1.23888,1.8817599999999999,0.8,1.6,1.1800599999999999,1.8361,10.739583333333334,10.770833333333334,1,1,11.0,13.0,1.3846153846153846,1.3076923076923077,36.0,34.0,0.5587027027027027,0.9078918918918919,0.838054054054054,0.9777297297297296,1.0,0.0,0.0,1.0,1.0,3.0,1.7609,2.167,1.0,A
bec04f9f-748b-4b5f-aa42-d58380448c99,ea36ed2f-a7f8-4930-a086-52aa08dcb485,2025,27,27,2026-02-22T14:00:00+00:00,74bd08fa-27db-4bb0-8490-f57f6ed6b8e9,fbffa344-2426-4b4b-9886-b8cd56ec69a1,Crystal Palace FC,Wolverhampton Wanderers FC,64,65,38,38,1.0,1.0,4.0,0.8,1.2,1.8,1.65472,1.47012,2.0,0.4,0.6,1.8,0.868,2.4241,6.0,0.6,0.8,1.7,1.56908,1.76814,8.0,0.8,0.9,1.3,0.96813,1.75008,0.8,1.6,1.8307600000000002,1.69496,0.6,1.2,0.7323,1.81752,10.76388888888889,3.75,2,2,14.0,20.0,1.2307692307692308,0.37037037037037035,32.0,10.0,0.5583603020496225,1.1865156418554477,0.6281553398058253,0.9073354908306366,3.0,0.6666666666666666,0.3333333333333333,4.0,1.0,0.0,2.0356,1.6775,1.0,H
4b77e3b5-de69-4a0d-8938-928df127680b,35302b11-2c20-46e5-b2c2-b027f965c95a,2025,27,27,2026-02-22T14:00:00+00:00,5421e81a-b7dd-48b1-9982-42644e8dcf9f,54ed0f97-ad19-421c-a5c2-9b9d3fcbc72d,Nottingham Forest FC,Liverpool FC,64,64,38,38,1.0,1.0,6.0,1.2,0.8,0.8,1.60942,2.06082,7.0,1.4,1.8,1.4,2.37514,1.45092,9.0,0.9,0.8,1.3,1.3053,1.8336700000000001,16.0,1.6,1.5,1.1,1.8387999999999998,1.08548,0.4,1.0,1.4702600000000001,1.6156399999999997,1.4,1.2,1.4576,1.33372,10.770833333333334,10.739583333333334,1,2,17.0,6.0,1.0384615384615385,1.6153846153846154,27.0,42.0,0.558921832884097,0.9082479784366577,1.0479784366576819,0.7685175202156335,3.0,0.6666666666666666,0.3333333333333333,2.0,0.0,1.0,0.9348,2.3963,1.0,A
1677c8b6-2817-4e46-b43d-684495264ca7,b9857264-f9c5-49d9-b0b3-85be440d2eee,2025,27,27,2026-02-22T16:30:00+00:00,c23d6b7a-dfaf-44a3-b016-1feb2dddec44,ead1bc2e-8799-410a-a809-66a274bbab2c,Tottenham Hotspur FC,Arsenal FC,64,65,38,38,1.0,1.0,2.0,0.4,1.2,2.0,1.6047799999999999,2.19764,8.0,1.6,2.4,1.2,1.7913599999999998,0.6462800000000001,7.0,0.7,1.1,1.6,1.38957,1.5363399999999998,19.0,1.9,2.1,1.0,2.0758400000000004,0.84684,1.2,1.8,1.5212400000000001,1.79454,2.0,1.0,2.09638,0.6859200000000001,11.875,3.8541666666666665,1,2,16.0,1.0,1.1153846153846154,2.1481481481481484,29.0,58.0,0.7692887931034484,1.1189655172413795,1.4686422413793105,0.6993534482758621,3.0,0.0,0.0,3.0,1.0,4.0,0.3833,3.317,1.0,A
7413c5e7-7bda-41f6-85f5-71ddb86fbe52,3d080103-bca3-4ab4-ab0b-86418219e28d,2025,27,27,2026-02-23T20:00:00+00:00,60cb8be0-9c1e-4019-8b60-fd9ac2aa9f2d,48fc005c-cbfc-4e4d-b7f1-459dce6cf940,Everton FC,Manchester United FC,64,64,38,38,1.0,1.0,8.0,1.6,1.2,1.0,1.4272,1.52474,13.0,2.6,2.2,1.0,1.69178,1.0864,13.0,1.3,1.1,1.1,1.2935500000000002,1.6239999999999999,19.0,1.9,1.7,1.1,1.6310099999999998,1.09388,1.0,1.8,1.21464,1.7402000000000002,1.6,1.6,1.4308,1.17812,13.020833333333334,12.989583333333334,1,1,9.0,5.0,1.4230769230769231,1.7307692307692308,37.0,45.0,0.7684040838259001,0.7684040838259001,1.1875335840945727,0.7684040838259001,3.0,0.3333333333333333,0.3333333333333333,3.0,0.0,1.0,0.5609,1.4547,1.0,A
8ba552d0-7cd7-48c6-9d32-c972ba790cc1,c50ed52e-a98d-4266-a066-5f366d2658e4,2025,28,28,2026-02-27T20:00:00+00:00,fbffa344-2426-4b4b-9886-b8cd56ec69a1,f8f456e7-3e20-4803-ba4e-b1762a31812c,Wolverhampton Wanderers FC,Aston Villa FC,66,65,38,38,1.0,1.0,2.0,0.4,0.6,1.6,1.09496,2.61814,8.0,1.6,1.0,0.6,1.19032,1.17122,8.0,0.8,0.8,1.2,1.05781,1.79714,15.0,1.5,1.1,1.0,1.53583,1.52103,1.2,1.4,1.20396,1.68264,1.2,1.2,1.8078600000000002,2.29828,5.25,6.208333333333333,2,1,20.0,3.0,0.35714285714285715,1.8888888888888888,10.0,51.0,0.5593984962406016,0.8390977443609022,0.7691729323308271,0.6992481203007519,3.0,0.3333333333333333,0.0,2.3333333333333335,2.0,0.0,1.5077,1.3133,1.0,H
71f761b7-cecc-41bc-b875-8281b5a57e9d,7b6ff113-7282-4dca-84f7-7335aaf21218,2025,28,28,2026-02-28T12:30:00+00:00,6601a105-9986-4276-89bf-143cdf03198a,076f94c9-341e-4294-a86a-076741505170,AFC Bournemouth,Sunderland AFC,65,27,38,0,1.0,0.0,11.0,2.2,1.6,0.8,1.7334399999999999,1.6725,3.0,0.6,1.0,2.0,1.0964399999999999,1.7511800000000002,16.0,1.6,1.7,1.6,1.8555700000000002,1.7448599999999999,9.0,0.9,0.9,1.6,1.10702,2.02351,2.0,1.8,1.81952,0.99408,0.4,2.0,0.88506,1.9157199999999999,6.791666666666667,5.9375,1,1,8.0,12.0,1.4074074074074074,1.3333333333333333,38.0,36.0,1.1892703862660945,1.1193133047210302,0.6296137339055794,1.1193133047210302,1.0,0.0,0.0,5.0,1.0,1.0,1.8243,1.0789,1.0,D
3d7e7851-d860-46b3-b73d-3822ca585611,e24c74b2-01c1-4d0e-81cf-ff0b21c720b1,2025,28,28,2026-02-28T15:00:00+00:00,2d3435a0-e4e8-4097-a60c-2a0f92c3fede,66a313d1-2e21-49ad-a1c7-6f04cae6be69,Burnley FC,Brentford FC,27,65,0,38,0.0,1.0,5.0,1.0,1.2,2.0,1.0451000000000001,2.04852,7.0,1.4,1.0,1.4,1.49418,1.8041,8.0,0.8,1.0,1.8,0.89218,2.14742,17.0,1.7,1.6,1.2,1.92665,1.6325299999999998,1.0,1.8,1.25798,1.9965199999999999,2.0,1.2,1.6110399999999998,1.87424,7.0,7.0,1,1,19.0,7.0,0.7037037037037037,1.4814814814814814,19.0,40.0,0.69989281886388,1.259807073954984,1.119828510182208,0.839871382636656,1.0,0.0,0.0,4.0,3.0,4.0,0.8238,2.446,1.0,A
8eee905d-b365-4c5b-8121-27b368c7b8be,9ead97d4-4da5-4654-a3a1-ae3bca791f66,2025,28,28,2026-02-28T15:00:00+00:00,54ed0f97-ad19-421c-a5c2-9b9d3fcbc72d,21ec0474-e758-4563-97a9-912aab00b4f5,Liverpool FC,West Ham United FC,65,65,38,38,1.0,1.0,9.0,1.8,1.8,1.2,2.1563,1.52848,8.0,1.6,1.6,1.0,1.73732,1.296,16.0,1.6,1.4,1.0,1.95527,1.04405,12.0,1.2,1.3,1.4,1.6840499999999998,1.5842500000000002,1.6,1.0,2.2199999999999998,0.8372400000000001,1.2,2.0,1.37458,2.39636,6.041666666666667,6.895833333333333,1,1,6.0,18.0,1.6666666666666667,0.9259259259259259,45.0,25.0,0.977682861719167,0.6983449012279764,0.9078483715963694,0.977682861719167,3.0,1.0,0.0,3.3333333333333335,5.0,2.0,2.0994,1.3517,1.0,H
c2fe2eb4-8ba1-4c37-99c5-e9bf1c01cc9f,787355eb-7db4-466f-bf00-576fe1593b84,2025,28,28,2026-02-28T15:00:00+00:00,c4045d6d-a715-4821-a800-cd9b505ad54b,60cb8be0-9c1e-4019-8b60-fd9ac2aa9f2d,Newcastle United FC,Everton FC,65,65,38,38,1.0,1.0,3.0,0.6,1.2,2.4,1.7076999999999998,1.99742,5.0,1.0,1.0,1.2,1.3902,1.6346,13.0,1.3,1.5,1.7,1.81369,1.6275099999999998,13.0,1.3,1.1,1.1,1.32831,1.58475,2.0,2.0,2.6635,1.52584,1.2,0.4,1.37246,1.5078,6.791666666666667,4.791666666666667,1,1,12.0,9.0,1.3333333333333333,1.3703703703703705,36.0,37.0,1.0452127659574468,1.1845744680851065,0.7664893617021278,0.7664893617021278,3.0,0.3333333333333333,0.3333333333333333,2.0,2.0,3.0,1.1189,2.4073,1.0,A
d30b894b-0cbd-47fa-89c1-49cc2bd35d8e,2dc99ed7-82b1-4559-87f0-707861b6112f,2025,28,28,2026-02-28T17:30:00+00:00,fe8b4d06-9254-4fc8-a08f-90f242e51751,33d2f100-682f-4a5e-9aa3-5cc57e1e8571,Leeds United FC,Manchester City FC,27,65,0,38,0.0,1.0,6.0,1.2,1.4,1.8,1.56104,2.11224,13.0,2.6,2.2,0.8,1.884,0.97348,12.0,1.2,1.3,1.5,1.60634,1.76871,19.0,1.9,1.5,0.9,1.7703700000000002,1.2871299999999999,1.8,1.4,1.9215,1.78846,1.2,1.2,1.7490199999999998,1.47978,7.104166666666667,6.895833333333333,1,1,15.0,2.0,1.1481481481481481,2.074074074074074,31.0,56.0,0.9048275862068965,1.0440318302387268,1.0440318302387268,0.626419098143236,1.0,0.0,0.0,5.0,0.0,1.0,1.3782,2.4683,1.0,A
394a34e9-f5c3-47bf-a4a9-f78cf3dcdecf,9843656b-fdef-4314-b570-34f91d9c13c0,2025,28,28,2026-03-01T14:00:00+00:00,db14882b-951f-4db5-860b-4ca2b8583311,5421e81a-b7dd-48b1-9982-42644e8dcf9f,Brighton & Hove Albion FC,Nottingham Forest FC,65,65,38,38,1.0,1.0,4.0,0.8,0.8,1.0,1.19318,1.12168,5.0,1.0,0.8,1.0,1.7326799999999998,1.9674400000000003,10.0,1.0,1.1,1.1,1.35642,1.5339,9.0,0.9,0.8,1.3,1.35015,1.90273,0.8,0.6,1.1105800000000001,1.09442,1.2,1.6,1.14034,2.0517,7.958333333333333,7.0,1,1,14.0,17.0,1.2592592592592593,1.0,34.0,27.0,0.7663838812301167,0.7663838812301167,0.5573700954400849,0.9057264050901378,3.0,0.3333333333333333,0.3333333333333333,4.333333333333333,2.0,1.0,1.2011,0.8306,1.0,H
885a21db-76e1-4fed-861c-2f1a42836a51,4cd85135-c9bb-4987-bae8-040f659d8bfc,2025,28,28,2026-03-01T14:00:00+00:00,b552a1a6-4302-43ca-884c-0f91ac4f984b,c23d6b7a-dfaf-44a3-b016-1feb2dddec44,Fulham FC,Tottenham Hotspur FC,65,65,38,38,1.0,1.0,6.0,1.2,1.6,2.0,1.6547,1.8232,2.0,0.4,1.2,2.4,1.35086,2.30752,14.0,1.4,1.4,1.5,1.30703,1.8945599999999998,7.0,0.7,1.1,1.8,1.29299,1.7448799999999998,1.6,1.2,1.3417400000000002,1.6980999999999997,1.0,1.4,1.2579,1.27814,7.0,6.895833333333333,1,1,11.0,16.0,1.3703703703703705,1.0740740740740742,37.0,29.0,0.9753308628904181,1.0449973530968766,0.766331392271043,1.253996823716252,3.0,0.6666666666666666,0.3333333333333333,2.3333333333333335,2.0,1.0,2.3207,0.9521,1.0,H
a0de1780-90ec-47ce-89e6-6268849dd22a,0f2553b6-840b-40b9-a61d-bd38b37d21f7,2025,28,28,2026-03-01T14:00:00+00:00,48fc005c-cbfc-4e4d-b7f1-459dce6cf940,74bd08fa-27db-4bb0-8490-f57f6ed6b8e9,Manchester United FC,Crystal Palace FC,65,65,38,38,1.0,1.0,13.0,2.6,2.0,1.0,1.36816,1.12118,7.0,1.4,1.2,1.4,1.8315000000000001,1.43642,22.0,2.2,1.7,0.9,1.64602,0.96305,9.0,0.9,0.8,1.3,1.6195799999999998,1.6451,1.8,0.6,1.83122,1.0096399999999999,0.8,1.8,1.3074,1.84132,5.75,7.0,1,1,4.0,14.0,1.7777777777777777,1.2962962962962963,48.0,35.0,1.1842494714587737,0.6269556025369979,0.5572938689217759,0.9056025369978858,3.0,0.3333333333333333,0.3333333333333333,1.6666666666666667,2.0,1.0,2.3461,0.3847,1.0,H
2b9dde77-7fe5-4c37-961d-71abb3e96511,54bafdb3-70f3-45a2-9c53-575ea9a691aa,2025,28,28,2026-03-01T16:30:00+00:00,ead1bc2e-8799-410a-a809-66a274bbab2c,1cb320b2-b42f-4131-8f5f-ef42e7f82540,Arsenal FC,Chelsea FC,66,65,38,38,1.0,1.0,11.0,2.2,2.8,0.8,2.16994,0.5947600000000001,11.0,2.2,2.4,1.4,3.04788,1.51192,19.0,1.9,2.3,1.0,2.15322,0.81416,16.0,1.6,1.9,1.4,2.56549,1.6676000000000002,2.2,1.0,2.0553,1.00776,2.0,1.4,2.4731,1.70016,7.0,8.0625,2,1,1.0,6.0,2.1785714285714284,1.6666666666666667,61.0,45.0,1.6021108179419525,0.6965699208443272,1.3234828496042217,0.9751978891820581,3.0,0.3333333333333333,0.6666666666666666,1.6666666666666667,2.0,1.0,1.716,1.3527,1.0,H
1054dcdf-71d8-4a87-af23-87012620ff13,a5a9b72b-3026-4234-96b9-2d951f827152,2025,29,29,2026-03-03T19:30:00+00:00,6601a105-9986-4276-89bf-143cdf03198a,66a313d1-2e21-49ad-a1c7-6f04cae6be69,AFC Bournemouth,Brentford FC,66,66,38,38,1.0,1.0,9.0,1.8,1.2,0.6,1.43536,1.7008199999999998,10.0,2.0,1.8,1.6,1.58256,1.69094,17.0,1.7,1.7,1.3,1.7818200000000002,1.56762,17.0,1.7,1.6,1.4,1.88612,1.4587299999999999,2.0,1.8,1.82068,1.11376,2.4,1.8,1.78762,1.78536,3.2916666666666665,3.1875,2,2,10.0,7.0,1.3928571428571428,1.5357142857142858,39.0,43.0,1.1840885142255004,0.9054794520547945,1.114436248682824,0.975131717597471,3.0,0.0,0.0,4.333333333333333,0.0,0.0,2.3177,0.6733,1.0,D
633b84d9-e43f-485c-82a1-e3fee2602d23,aee5de83-85a4-4096-b4be-89e3c04c1717,2025,29,29,2026-03-03T19:30:00+00:00,60cb8be0-9c1e-4019-8b60-fd9ac2aa9f2d,2d3435a0-e4e8-4097-a60c-2a0f92c3fede,Everton FC,Burnley FC,66,28,38,0,1.0,0.0,7.0,1.4,1.4,1.4,1.69368,1.5230599999999999,4.0,0.8,1.4,2.4,0.9000999999999999,2.01954,15.0,1.5,1.4,1.3,1.44384,1.5716899999999998,7.0,0.7,1.3,2.2,0.84961,2.26682,1.0,1.8,1.28416,1.6617000000000002,1.0,1.8,0.52638,2.29832,3.1875,3.1875,2,2,8.0,19.0,1.4285714285714286,0.6785714285714286,40.0,19.0,0.9766069546891464,0.9068493150684931,0.9068493150684931,1.534668071654373,1.0,0.0,1.0,0.0,2.0,0.0,1.1585,0.7622,1.0,H
ff1e6a36-8e53-49e3-a308-b4e7e222d8b4,d0fc7793-a4d6-4055-a9a2-8b925e9a4d76,2025,29,29,2026-03-03T19:30:00+00:00,fe8b4d06-9254-4fc8-a08f-90f242e51751,076f94c9-341e-4294-a86a-076741505170,Leeds United FC,Sunderland AFC,28,28,0,0,0.0,0.0,5.0,1.0,1.2,1.8,1.50136,2.42792,4.0,0.8,1.0,1.6,1.16946,1.67868,11.0,1.1,1.2,1.5,1.48351,1.9349399999999999,9.0,0.9,0.9,1.6,1.13431,1.94529,1.0,1.4,1.6155599999999999,1.9760000000000002,0.6,2.2,0.83876,2.09672,3.0833333333333335,3.2916666666666665,2,2,15.0,12.0,1.1071428571428572,1.3214285714285714,31.0,37.0,0.8374736842105263,1.0468421052631578,0.6281052631578947,1.1166315789473684,1.0,0.0,1.0,2.0,0.0,1.0,0.8882,0.8439,1.0,A
0b39afa8-31fe-40be-9996-5c3638ba9c1d,63a33972-a643-44c0-9e68-9d2f427c3a09,2025,29,29,2026-03-03T20:15:00+00:00,fbffa344-2426-4b4b-9886-b8cd56ec69a1,54ed0f97-ad19-421c-a5c2-9b9d3fcbc72d,Wolverhampton Wanderers FC,Liverpool FC,67,66,38,38,1.0,1.0,5.0,1.0,1.0,1.2,0.9757999999999999,2.56256,12.0,2.4,2.4,1.0,2.38872,1.13588,10.0,1.0,0.9,1.1,1.0868,1.8151599999999999,16.0,1.6,1.7,1.1,2.0087099999999998,1.10115,1.0,1.4,1.05764,1.89816,1.2,1.0,1.69054,1.2508599999999999,4.010416666666667,3.21875,3,2,20.0,5.0,0.4482758620689655,1.7142857142857142,13.0,48.0,0.6287217254076802,0.7684376643871648,1.1875854813256181,0.7684376643871648,3.0,0.0,0.0,3.0,2.0,1.0,0.636,2.1722,1.0,H
b4da4c27-e098-49f0-8dd9-91e8c1853394,9673a2bf-f0cc-449f-ae42-e0b789093650,2025,29,29,2026-03-04T19:30:00+00:00,db14882b-951f-4db5-860b-4ca2b8583311,ead1bc2e-8799-410a-a809-66a274bbab2c,Brighton & Hove Albion FC,Arsenal FC,66,67,38,38,1.0,1.0,7.0,1.4,1.0,0.8,1.0441,1.0613199999999998,11.0,2.2,2.4,1.0,1.8042799999999999,0.8295600000000001,13.0,1.3,1.2,1.0,1.4055199999999999,1.36264,19.0,1.9,2.1,1.0,1.88348,0.65523,1.2,0.8,1.1669399999999999,0.99846,2.2,0.8,2.50378,0.57302,3.2291666666666665,3.125,2,3,12.0,1.0,1.3214285714285714,2.206896551724138,37.0,64.0,0.838235294117647,0.6985294117647058,1.4669117647058825,0.6985294117647058,3.0,0.0,0.6666666666666666,2.3333333333333335,0.0,1.0,0.9192,0.5148,1.0,A
ea8d9d6b-e8ef-42f5-bfbf-2171bffca98a,05c36cfb-d5bc-4334-a876-75f45c8e229d,2025,29,29,2026-03-04T19:30:00+00:00,b552a1a6-4302-43ca-884c-0f91ac4f984b,21ec0474-e758-4563-97a9-912aab00b4f5,Fulham FC,West Ham United FC,66,66,38,38,1.0,1.0,6.0,1.2,1.6,2.0,1.89236,1.6243199999999998,5.0,1.0,1.4,1.8,1.5703,1.57312,14.0,1.4,1.5,1.6,1.42766,1.87605,12.0,1.2,1.5,1.8,1.7055,1.68275,1.8,1.4,1.46474,1.7912599999999999,1.6,2.4,1.44064,2.09986,3.2291666666666665,4.1875,2,2,10.0,18.0,1.4285714285714286,0.8928571428571429,40.0,25.0,1.0488188976377952,1.118740157480315,1.0488188976377952,1.2585826771653543,3.0,0.3333333333333333,0.3333333333333333,2.6666666666666665,0.0,1.0,0.6281,1.4953,1.0,A
019d0140-4166-42a9-bb3f-ce3cde7ad83d,8bd295d4-8745-4d05-8e64-94236a8621b8,2025,29,29,2026-03-04T19:30:00+00:00,33d2f100-682f-4a5e-9aa3-5cc57e1e8571,5421e81a-b7dd-48b1-9982-42644e8dcf9f,Manchester City FC,Nottingham Forest FC,66,66,38,38,1.0,1.0,13.0,2.6,2.0,0.8,2.16458,1.14058,2.0,0.4,0.6,1.4,1.62088,1.80684,19.0,1.9,1.4,0.8,1.87073,1.36494,9.0,0.9,0.8,1.3,1.3732,1.87637,1.8,0.6,1.7917200000000002,1.0944800000000001,1.4,1.8,1.2092,1.95078,4.083333333333333,3.2291666666666665,2,2,2.0,18.0,2.107142857142857,0.9642857142857143,59.0,27.0,0.9798530954879328,0.5599160545645331,0.5599160545645331,0.9098635886673663,3.0,0.6666666666666666,0.0,2.3333333333333335,2.0,2.0,2.7266,1.2364,1.0,D
4a236f89-d1ec-4085-a805-3f801f310859,5eb3e7b4-ab30-46a0-91f4-b5152f269321,2025,29,29,2026-03-04T19:30:00+00:00,f8f456e7-3e20-4803-ba4e-b1762a31812c,1cb320b2-b42f-4131-8f5f-ef42e7f82540,Aston Villa FC,Chelsea FC,66,66,38,38,1.0,1.0,5.0,1.0,0.6,1.0,1.1887,1.0817999999999999,8.0,1.6,2.0,1.6,2.70078,1.37154,12.0,1.2,0.9,1.1,1.4612399999999999,1.47464,16.0,1.6,1.9,1.4,2.5036,1.6332799999999998,1.0,0.8,1.2638,0.74378,1.8,1.4,2.53842,1.4676399999999998,4.979166666666667,3.125,2,2,4.0,6.0,1.8214285714285714,1.6071428571428572,51.0,45.0,0.6295287958115183,0.7694240837696336,1.329005235602094,0.9792670157068062,3.0,0.6666666666666666,0.0,3.0,1.0,4.0,1.0685,3.3888,1.0,A
43bb92c5-3689-44ac-9471-fcf8970557dc,6c058f08-12a3-4765-8daf-7a83ab0573c7,2025,29,29,2026-03-04T20:15:00+00:00,c4045d6d-a715-4821-a800-cd9b505ad54b,48fc005c-cbfc-4e4d-b7f1-459dce6cf940,Newcastle United FC,Manchester United FC,66,66,38,38,1.0,1.0,3.0,0.6,1.6,2.6,1.5405200000000001,2.2146,13.0,2.6,1.8,0.8,1.7091999999999998,0.9133000000000001,13.0,1.3,1.7,1.9,1.81258,1.7741600000000002,22.0,2.2,1.8,1.0,1.78655,0.88852,2.0,2.2,2.31156,1.8020800000000001,1.6,1.2,1.46082,0.91646,4.21875,3.2604166666666665,2,2,13.0,3.0,1.2857142857142858,1.8214285714285714,36.0,51.0,1.1877806788511749,1.3275195822454309,1.257650130548303,0.6986945169712794,3.0,0.6666666666666666,0.0,2.6666666666666665,2.0,1.0,1.9664,1.8057,1.0,H
fb1589ce-dca9-4bec-8ccc-c57c0d6ec1d4,408201d8-184e-4c3e-bfa7-e23443381936,2025,29,29,2026-03-05T20:00:00+00:00,c23d6b7a-dfaf-44a3-b016-1feb2dddec44,74bd08fa-27db-4bb0-8490-f57f6ed6b8e9,Tottenham Hotspur FC,Crystal Palace FC,66,66,38,38,1.0,1.0,1.0,0.2,1.0,2.4,1.0231,2.4619,7.0,1.4,1.2,1.2,1.42486,1.2879999999999998,4.0,0.4,1.1,2.0,1.30112,1.88398,9.0,0.9,0.9,1.4,1.56508,1.7926300000000002,1.2,2.2,1.32808,2.21162,0.8,1.4,1.07822,1.72896,4.25,4.25,2,2,16.0,14.0,1.0357142857142858,1.25,29.0,35.0,0.7685088633993744,1.3972888425443168,0.6287799791449427,0.9781021897810218,3.0,0.3333333333333333,0.0,1.3333333333333333,1.0,3.0,1.2962,1.9152,1.0,A
e2c525c9-8ec3-4f38-9c69-a6890854d2ea,e0fb9178-1fb8-47d0-ba2e-c7126ad8bd31,2025,30,30,2026-03-14T15:00:00+00:00,076f94c9-341e-4294-a86a-076741505170,db14882b-951f-4db5-860b-4ca2b8583311,Sunderland AFC,Brighton & Hove Albion FC,29,67,0,38,0.0,1.0,4.0,0.8,0.6,1.6,0.9609399999999999,1.8310400000000002,6.0,1.2,0.8,0.8,0.94228,0.9080199999999999,11.0,1.1,1.0,1.6,1.12249,1.7898599999999998,12.0,1.2,1.0,0.9,1.1885299999999999,1.18648,1.2,1.0,1.4298600000000001,1.79386,1.2,1.2,1.6441,1.72682,10.8125,9.8125,1,2,11.0,14.0,1.3793103448275863,1.2758620689655173,40.0,37.0,0.6982310093652446,1.1171696149843915,0.6982310093652446,0.6284079084287202,1.0,0.0,1.0,0.0,0.0,1.0,0.6591,1.1283,1.0,A
536cf2dc-c1a7-41b2-8c78-1c8cd40d74f5,32e0d52d-b04b-4da4-a292-f43b17a6557a,2025,30,30,2026-03-14T15:00:00+00:00,2d3435a0-e4e8-4097-a60c-2a0f92c3fede,6601a105-9986-4276-89bf-143cdf03198a,Burnley FC,AFC Bournemouth,29,67,0,38,0.0,1.0,4.0,0.8,1.4,2.2,1.02726,1.87394,7.0,1.4,0.8,0.6,1.58066,1.41478,7.0,0.7,1.2,2.1,0.79328,2.13342,17.0,1.7,1.5,1.1,1.66445,1.4016600000000001,1.6,2.6,1.17284,2.23532,1.4,0.8,1.74296,2.02148,10.8125,10.8125,2,1,19.0,10.0,0.6551724137931034,1.3793103448275863,19.0,40.0,0.8386895475819033,1.4677067082683308,1.0483619344773791,0.7687987519500781,1.0,0.0,1.0,2.0,0.0,0.0,1.677,2.3698,1.0,D
c53fbe3c-aa86-47eb-9a3c-9de1457ac378,49d37301-535d-42a3-9918-225b35460ec5,2025,30,30,2026-03-14T17:30:00+00:00,ead1bc2e-8799-410a-a809-66a274bbab2c,60cb8be0-9c1e-4019-8b60-fd9ac2aa9f2d,Arsenal FC,Everton FC,68,67,38,38,1.0,1.0,11.0,2.2,2.0,1.0,1.66844,0.92796,9.0,1.8,1.6,1.2,1.6691200000000002,1.38984,19.0,1.9,1.9,0.8,1.8069600000000001,0.65237,15.0,1.5,1.4,1.3,1.39016,1.47246,2.2,1.0,1.88986,1.13628,1.8,0.8,1.60352,1.4816799999999999,9.916666666666666,10.916666666666666,2,1,1.0,8.0,2.2333333333333334,1.4827586206896552,67.0,43.0,1.3299011960478417,0.5599583983359334,0.9799271970878835,0.9099323972958918,3.0,0.3333333333333333,0.6666666666666666,1.0,2.0,0.0,1.9086,1.1785,1.0,H
91a8bb0b-4362-4251-a5d1-bf48a785fc50,61213bc4-518a-4a5c-adcb-ce7bde170306,2025,30,30,2026-03-14T17:30:00+00:00,1cb320b2-b42f-4131-8f5f-ef42e7f82540,c4045d6d-a715-4821-a800-cd9b505ad54b,Chelsea FC,Newcastle United FC,67,67,38,38,1.0,1.0,8.0,1.6,2.2,1.4,2.84628,1.2400600000000002,6.0,1.2,1.8,2.0,1.87694,1.9558,18.0,1.8,2.1,1.3,2.60919,1.39099,13.0,1.3,1.6,1.9,1.7599699999999998,1.8221800000000001,2.0,1.4,2.4687799999999998,1.79892,1.4,1.6,1.3136,1.7462399999999998,9.916666666666666,9.885416666666666,2,1,5.0,13.0,1.6551724137931034,1.3448275862068966,48.0,39.0,1.4705454545454546,0.9103376623376624,1.1204155844155845,1.3304935064935064,3.0,0.3333333333333333,0.3333333333333333,3.0,0.0,1.0,1.7251,1.0325,1.0,A
5f17035e-19d0-4f6a-9bf1-cb324224c8ed,cd2ff3f6-8f05-40fc-9e85-c8adad33a019,2025,30,30,2026-03-14T20:00:00+00:00,21ec0474-e758-4563-97a9-912aab00b4f5,33d2f100-682f-4a5e-9aa3-5cc57e1e8571,West Ham United FC,Manchester City FC,67,67,38,38,1.0,1.0,8.0,1.6,1.2,1.2,1.52418,1.16648,13.0,2.6,2.0,0.8,2.30268,1.0883800000000001,14.0,1.4,1.4,1.6,1.6273900000000001,1.43665,19.0,1.9,1.6,1.0,1.8991399999999998,1.39237,1.4,1.2,1.9703600000000001,1.2656399999999999,1.0,1.0,1.9497399999999998,1.6354,10.020833333333334,10.020833333333334,1,1,18.0,2.0,0.9655172413793104,2.0689655172413794,28.0,60.0,0.9813084112149532,1.1214953271028036,1.1214953271028036,0.7009345794392523,3.0,0.0,0.0,4.0,1.0,1.0,0.489,1.9546,1.0,D
31de40b3-8131-45ca-a38a-8874bda71edf,f8f78973-a696-4d4e-821d-88c00bccc57e,2025,30,30,2026-03-15T14:00:00+00:00,74bd08fa-27db-4bb0-8490-f57f6ed6b8e9,fe8b4d06-9254-4fc8-a08f-90f242e51751,Crystal Palace FC,Leeds United FC,67,29,38,0,1.0,0.0,9.0,1.8,1.6,1.2,1.4783000000000002,1.34978,5.0,1.0,1.2,1.2,1.6432600000000002,1.88784,11.0,1.1,1.1,1.4,1.52125,1.74682,10.0,1.0,1.2,1.6,1.55639,1.8515000000000001,1.0,1.4,2.05194,1.8562999999999998,1.4,1.6,1.35146,1.89388,9.75,11.770833333333334,2,1,14.0,15.0,1.3103448275862069,1.0689655172413792,38.0,31.0,0.7713692946058092,0.9817427385892116,0.84149377593361,1.1219917012448133,1.0,0.0,0.0,5.0,0.0,0.0,0.5252,1.1356,1.0,D
cf4a2d39-3f38-404f-9dab-f0fd2d70c4c0,5f59eef4-1346-4e53-93be-9755ed40160d,2025,30,30,2026-03-15T14:00:00+00:00,48fc005c-cbfc-4e4d-b7f1-459dce6cf940,f8f456e7-3e20-4803-ba4e-b1762a31812c,Manchester United FC,Aston Villa FC,67,67,38,38,1.0,1.0,10.0,2.0,1.4,0.8,1.7016200000000001,0.96258,5.0,1.0,0.8,1.6,0.97176,1.6965799999999998,21.0,2.1,1.8,1.1,1.85381,0.9633799999999999,12.0,1.2,0.9,1.1,1.27389,1.37218,2.0,0.8,2.1122799999999997,0.86058,0.8,1.4,1.65868,2.2055,10.739583333333334,10.770833333333334,2,1,3.0,4.0,1.7586206896551724,1.7586206896551724,51.0,51.0,1.2641078838174276,0.7725103734439835,0.6320539419087138,0.7725103734439835,3.0,0.3333333333333333,0.3333333333333333,1.6666666666666667,3.0,1.0,1.6782,1.2107,1.0,H
e302da30-aa9d-4172-a00f-a7c69365bd8a,d8690483-08a5-4215-b1fc-563a73a9c96b,2025,30,30,2026-03-15T14:00:00+00:00,5421e81a-b7dd-48b1-9982-42644e8dcf9f,b552a1a6-4302-43ca-884c-0f91ac4f984b,Nottingham Forest FC,Fulham FC,67,67,38,38,1.0,1.0,2.0,0.4,0.8,1.6,1.6707,2.02256,6.0,1.2,1.2,1.6,1.6739799999999998,1.55466,10.0,1.0,1.0,1.3,1.32139,1.9795000000000003,13.0,1.3,1.4,1.6,1.31504,1.79023,0.2,0.8,1.5372,1.80196,1.2,1.8,1.39058,1.96084,10.770833333333334,10.770833333333334,2,2,18.0,12.0,0.9655172413793104,1.3793103448275863,28.0,40.0,0.7018633540372671,0.9124223602484473,0.9826086956521739,1.1229813664596273,3.0,0.0,0.0,1.6666666666666667,0.0,0.0,0.821,0.934,1.0,D
0d04fda3-7910-4b30-a592-ddbe844677b9,08cc0b3d-f971-4039-b8ca-bea14db0094e,2025,30,30,2026-03-15T16:30:00+00:00,54ed0f97-ad19-421c-a5c2-9b9d3fcbc72d,c23d6b7a-dfaf-44a3-b016-1feb2dddec44,Liverpool FC,Tottenham Hotspur FC,67,67,38,38,1.0,1.0,9.0,1.8,1.8,1.2,2.20322,1.20622,0.0,0.0,0.8,2.6,0.98286,2.43772,15.0,1.5,1.8,1.3,2.0581,1.1488099999999999,3.0,0.3,1.2,2.3,1.36991,2.01987,2.2,1.2,2.32688,0.9514400000000001,1.0,1.8,1.27416,1.55634,11.84375,9.854166666666666,1,1,6.0,16.0,1.6551724137931034,1.0,48.0,29.0,1.2652173913043478,0.913768115942029,0.8434782608695651,1.6166666666666665,3.0,1.0,0.0,6.0,1.0,1.0,1.3008,1.1564,1.0,D
53141b73-560f-4c33-adce-687c748e4153,dfa13682-4e4e-4b0d-9f6b-ce5d944ebb83,2025,30,30,2026-03-16T20:00:00+00:00,66a313d1-2e21-49ad-a1c7-6f04cae6be69,fbffa344-2426-4b4b-9886-b8cd56ec69a1,Brentford FC,Wolverhampton Wanderers FC,67,68,38,38,1.0,1.0,8.0,1.6,1.6,1.6,1.6542400000000002,1.7238399999999998,8.0,1.6,1.2,0.8,0.88026,2.24444,17.0,1.7,1.6,1.4,1.89782,1.6296700000000002,10.0,1.0,0.8,1.2,0.9264699999999999,2.00881,0.8,1.0,1.98462,1.1320999999999999,0.4,1.0,0.91166,1.9116399999999998,13.020833333333334,12.989583333333334,1,1,7.0,20.0,1.5172413793103448,0.5333333333333333,44.0,16.0,1.125129265770424,0.9844881075491209,0.562564632885212,0.8438469493278179,3.0,0.6666666666666666,0.3333333333333333,4.0,2.0,2.0,2.7966,1.8004,1.0,D
db03137c-8021-4b98-a2e1-4dcef0af50c7,1d188380-521d-4fa7-9b7c-90736f40a11f,2025,31,31,2026-03-20T20:00:00+00:00,6601a105-9986-4276-89bf-143cdf03198a,48fc005c-cbfc-4e4d-b7f1-459dce6cf940,AFC Bournemouth,Manchester United FC,68,68,38,38,1.0,1.0,7.0,1.4,0.6,0.4,1.68932,1.62088,10.0,2.0,1.6,1.0,1.6041,1.0860400000000001,18.0,1.8,1.3,0.8,1.80665,1.44136,23.0,2.3,2.0,1.1,1.8268499999999999,0.98744,1.6,1.2,2.09466,0.9924200000000001,1.6,1.4,1.4324000000000001,1.11572,6.208333333333333,5.25,1,1,10.0,3.0,1.3666666666666667,1.8,41.0,54.0,0.9136222910216719,0.5622291021671827,1.4055727554179567,0.7730650154798763,3.0,0.3333333333333333,0.6666666666666666,4.333333333333333,2.0,2.0,1.7666,1.7457,1.0,D
293d316c-7a06-4c32-94b6-8709d124d37b,46622db5-5244-43ac-917f-37cc10b2c4ac,2025,31,31,2026-03-21T12:45:00+00:00,db14882b-951f-4db5-860b-4ca2b8583311,54ed0f97-ad19-421c-a5c2-9b9d3fcbc72d,Brighton & Hove Albion FC,Liverpool FC,68,68,38,38,1.0,1.0,9.0,1.8,1.0,0.6,1.02038,0.8541599999999999,10.0,2.0,1.8,1.0,2.21008,0.95454,12.0,1.2,0.9,0.9,1.15419,1.2269299999999999,15.0,1.5,1.7,1.2,2.0163,1.20353,0.8,1.0,1.0564399999999998,1.0505,1.0,1.0,1.78122,1.2562200000000001,6.90625,5.84375,1,1,12.0,5.0,1.3333333333333333,1.6333333333333333,40.0,49.0,0.6321318228630278,0.6321318228630278,1.1940267765190524,0.842842430484037,3.0,0.3333333333333333,0.0,3.3333333333333335,2.0,1.0,3.4296,0.9568,1.0,H
ac7b6422-5168-4d99-9c35-48d6986b57d7,af2e1f40-fc03-433f-8e07-a06e3b8515f4,2025,31,31,2026-03-21T15:00:00+00:00,b552a1a6-4302-43ca-884c-0f91ac4f984b,2d3435a0-e4e8-4097-a60c-2a0f92c3fede,Fulham FC,Burnley FC,68,30,38,0,1.0,0.0,7.0,1.4,1.0,1.2,1.42052,1.3413,5.0,1.0,1.4,1.8,0.9933799999999999,2.12344,13.0,1.3,1.2,1.4,1.3475199999999998,1.70045,8.0,0.8,1.2,1.9,0.93552,2.22323,1.4,1.2,1.46852,1.74656,1.0,1.8,0.6279,2.23568,6.041666666666667,7.0,1,1,12.0,19.0,1.3666666666666667,0.6666666666666666,41.0,20.0,0.8427763496143957,0.9832390745501284,0.8427763496143957,1.33439588688946,1.0,1.0,0.0,5.0,3.0,1.0,3.4844,1.9256,1.0,H
ed6cc0e7-d82c-4fb9-b246-1d05c2402e74,e085873f-937c-4bbd-9037-46dbee29d8dd,2025,31,31,2026-03-21T17:30:00+00:00,60cb8be0-9c1e-4019-8b60-fd9ac2aa9f2d,1cb320b2-b42f-4131-8f5f-ef42e7f82540,Everton FC,Chelsea FC,68,68,38,38,1.0,1.0,6.0,1.2,1.2,1.4,1.52726,1.3313000000000001,5.0,1.0,1.6,1.4,2.43874,1.22382,15.0,1.5,1.2,1.1,1.40744,1.3581400000000001,17.0,1.7,2.0,1.3,2.5779699999999997,1.39119,1.0,1.0,1.3147199999999999,1.20378,2.4,1.4,2.80872,1.4752399999999999,7.0,7.0,1,1,10.0,6.0,1.4333333333333333,1.6,43.0,48.0,0.8422780913288865,0.7720882503848128,1.4037968188814776,0.9124679322729605,3.0,0.0,0.3333333333333333,1.0,3.0,0.0,1.4453,1.3514,1.0,H
bde61da8-f55d-4894-99f4-c195e2674db9,dc3d7f17-c5b2-4502-8969-b5753a2b1f07,2025,31,31,2026-03-21T20:00:00+00:00,fe8b4d06-9254-4fc8-a08f-90f242e51751,66a313d1-2e21-49ad-a1c7-6f04cae6be69,Leeds United FC,Brentford FC,30,68,0,38,0.0,1.0,3.0,0.6,0.6,1.0,1.19402,1.66072,6.0,1.2,1.4,1.6,1.88352,1.4196199999999999,10.0,1.0,1.1,1.5,1.57294,1.70924,15.0,1.5,1.4,1.4,1.8723000000000003,1.70914,0.8,1.4,1.59918,1.75522,1.6,1.4,1.3119200000000002,2.04776,6.25,5.0,1,1,15.0,8.0,1.0666666666666667,1.5,32.0,45.0,0.7720286885245902,1.0527663934426228,0.9825819672131146,0.9825819672131146,1.0,0.0,1.0,2.0,0.0,0.0,0.4173,0.3022,1.0,D
e033b706-8a0f-4414-836d-66a2cf06cf38,28045ea4-eaa2-45f8-afc1-6bc9cf12054c,2025,31,31,2026-03-22T12:00:00+00:00,c4045d6d-a715-4821-a800-cd9b505ad54b,076f94c9-341e-4294-a86a-076741505170,Newcastle United FC,Sunderland AFC,68,30,38,0,1.0,0.0,9.0,1.8,1.6,1.4,1.41914,1.9707800000000002,4.0,0.8,0.6,1.2,1.00732,1.8178999999999998,13.0,1.3,1.5,1.9,1.59046,1.8668600000000002,10.0,1.0,0.9,1.6,1.1416499999999998,1.7609400000000002,2.0,2.4,2.15932,1.9075600000000001,0.6,2.0,0.91404,1.99086,7.770833333333333,7.875,1,1,11.0,13.0,1.4,1.3333333333333333,42.0,40.0,1.0543032786885245,1.335450819672131,0.6325819672131148,1.1245901639344262,1.0,0.0,0.0,1.0,1.0,2.0,1.2671,2.6666,1.0,A
5d04f6bd-fb96-4fdd-8917-4a315380f361,e6616862-04a1-4c3d-bf01-d09dbc61729b,2025,31,31,2026-03-22T14:15:00+00:00,f8f456e7-3e20-4803-ba4e-b1762a31812c,21ec0474-e758-4563-97a9-912aab00b4f5,Aston Villa FC,West Ham United FC,68,68,38,38,1.0,1.0,4.0,0.8,0.8,2.0,1.0846,1.66692,6.0,1.2,1.0,1.4,1.39752,1.18812,9.0,0.9,0.7,1.3,1.25197,1.45018,15.0,1.5,1.5,1.4,1.65272,1.4081800000000002,0.6,1.4,1.1915200000000001,1.2419,1.8,1.8,1.6925599999999998,1.77762,7.010416666666667,7.760416666666667,1,1,4.0,18.0,1.7,0.9666666666666667,51.0,29.0,0.49196930946291556,0.9136572890025575,1.0542199488491049,0.9839386189258311,3.0,0.6666666666666666,0.3333333333333333,3.3333333333333335,2.0,0.0,2.4853,0.7601,1.0,H
6022ae96-70b9-48fb-b158-4876e1fc39d4,fc93112f-0389-49ef-9c72-a1b19cc95bfa,2025,31,31,2026-03-22T14:15:00+00:00,c23d6b7a-dfaf-44a3-b016-1feb2dddec44,5421e81a-b7dd-48b1-9982-42644e8dcf9f,Tottenham Hotspur FC,Nottingham Forest FC,68,68,38,38,1.0,1.0,1.0,0.2,1.0,2.4,1.0954599999999999,2.26472,3.0,0.6,0.6,1.0,1.50274,1.533,3.0,0.3,1.2,2.3,1.3438,2.1032,11.0,1.1,0.9,1.0,1.31367,1.92991,1.2,2.6,1.30382,2.50116,1.6,1.6,1.27684,2.2101200000000003,6.90625,7.010416666666667,1,1,16.0,17.0,1.0,0.9666666666666667,30.0,29.0,0.8437404190086868,1.6171691364333163,0.6328053142565151,0.7031170158405723,3.0,0.0,0.0,2.3333333333333335,0.0,3.0,1.6189,1.5441,1.0,A
250d9bb2-51e0-4277-9840-a5628b4da8df,41482f64-ac92-4105-b5b4-c5b8e16a52dc,2025,32,32,2026-04-10T19:00:00+00:00,21ec0474-e758-4563-97a9-912aab00b4f5,fbffa344-2426-4b4b-9886-b8cd56ec69a1,West Ham United FC,Wolverhampton Wanderers FC,69,69,38,38,1.0,1.0,5.0,1.0,0.8,1.6,1.28804,1.53802,8.0,1.6,1.6,1.2,1.1589399999999999,2.0655799999999997,15.0,1.5,1.4,1.4,1.55503,1.53003,10.0,1.0,0.9,1.3,1.03518,2.12515,1.2,1.0,1.61288,1.03874,0.6,1.2,1.02818,2.2443400000000002,19.197916666666668,24.958333333333332,0,0,18.0,20.0,0.9354838709677419,0.5483870967741935,29.0,17.0,0.9842857142857142,0.9842857142857142,0.6327551020408163,0.9139795918367347,3.0,0.3333333333333333,0.0,2.3333333333333335,4.0,0.0,2.5438,0.572,1.0,H
e3891c0f-1903-40aa-9886-a3c525e16fcb,bbd91dfa-225a-4120-a9f8-db7875b8b2a6,2025,32,32,2026-04-11T11:30:00+00:00,ead1bc2e-8799-410a-a809-66a274bbab2c,6601a105-9986-4276-89bf-143cdf03198a,Arsenal FC,AFC Bournemouth,69,69,38,38,1.0,1.0,13.0,2.6,2.2,0.8,1.89332,0.8013600000000001,5.0,1.0,0.6,0.6,1.76022,1.5038,21.0,2.1,2.1,0.8,1.9276399999999998,0.73836,16.0,1.6,1.2,0.8,1.8643,1.4533200000000002,1.8,0.8,1.3889,0.78358,1.0,0.4,1.51864,1.8902999999999999,27.75,21.645833333333332,0,0,1.0,13.0,2.2580645161290325,1.3548387096774193,70.0,42.0,1.4755600814663952,0.5621181262729125,0.8431771894093687,0.5621181262729125,3.0,0.3333333333333333,0.0,3.3333333333333335,1.0,2.0,3.1635,1.3946,1.0,A
7c3607c0-029d-40f4-bedd-e449579f5493,74d09c55-d736-414f-b6ad-8fb49d0b24a7,2025,32,32,2026-04-11T14:00:00+00:00,2d3435a0-e4e8-4097-a60c-2a0f92c3fede,db14882b-951f-4db5-860b-4ca2b8583311,Burnley FC,Brighton & Hove Albion FC,31,69,0,38,0.0,1.0,2.0,0.4,1.0,2.0,1.24024,2.3948,12.0,2.4,1.4,0.6,1.6100400000000001,0.9303000000000001,7.0,0.7,1.1,2.0,1.09611,2.3191800000000002,14.0,1.4,1.0,0.9,1.36399,1.02671,1.4,2.0,1.24314,2.21078,1.0,0.8,1.2519399999999998,1.40336,20.958333333333332,21.052083333333332,0,0,19.0,11.0,0.6451612903225806,1.3870967741935485,20.0,43.0,0.7728520589730554,1.4051855617691915,0.7025927808845958,0.6323335027961362,1.0,0.0,0.0,2.0,0.0,2.0,0.812,1.0718,1.0,A
3b61513f-ce2a-49dc-86af-b3c9857882fc,c4a7e7df-af95-4d47-b899-2f2c38178e6c,2025,32,32,2026-04-11T14:00:00+00:00,66a313d1-2e21-49ad-a1c7-6f04cae6be69,60cb8be0-9c1e-4019-8b60-fd9ac2aa9f2d,Brentford FC,Everton FC,69,69,38,38,1.0,1.0,6.0,1.2,1.2,1.4,1.58166,1.34624,9.0,1.8,1.6,1.0,1.3501,1.31916,13.0,1.3,1.1,1.4,1.51642,1.6002299999999998,17.0,1.7,1.4,1.0,1.38865,1.42195,1.2,1.4,2.4326800000000004,1.37052,1.4,1.2,1.50016,1.5125,20.75,20.854166666666668,0,0,8.0,9.0,1.4838709677419355,1.4838709677419355,46.0,46.0,0.7731843575418995,0.9840528186896902,0.9840528186896902,0.7028948704926359,3.0,0.3333333333333333,0.6666666666666666,2.6666666666666665,2.0,2.0,2.263,1.5703,1.0,D
ca0e7cdf-9722-44d4-88a0-20e7f896745b,3e1994b4-f8ba-44b8-8310-0e65a2cf0755,2025,32,32,2026-04-11T16:30:00+00:00,54ed0f97-ad19-421c-a5c2-9b9d3fcbc72d,b552a1a6-4302-43ca-884c-0f91ac4f984b,Liverpool FC,Fulham FC,69,69,38,38,1.0,1.0,7.0,1.4,1.8,1.4,1.7851,1.5017,10.0,2.0,1.6,0.8,1.90684,1.39098,14.0,1.4,1.8,1.4,2.08012,1.47631,13.0,1.3,1.3,1.4,1.58995,1.6479,2.4,1.4,2.25138,1.15084,1.0,1.6,1.22652,1.65434,21.15625,21.0625,0,0,5.0,11.0,1.5806451612903225,1.4193548387096775,49.0,44.0,1.2644703497212366,0.9834769386720729,0.9132285859097821,0.9834769386720729,3.0,0.0,0.6666666666666666,4.333333333333333,2.0,0.0,2.015,1.4202,1.0,H
bac64ebe-3e31-4a21-9a97-f208cc58c3c3,dd562a54-6754-45f6-9676-8a8549d07b1d,2025,32,32,2026-04-12T13:00:00+00:00,076f94c9-341e-4294-a86a-076741505170,c23d6b7a-dfaf-44a3-b016-1feb2dddec44,Sunderland AFC,Tottenham Hotspur FC,31,69,0,38,0.0,1.0,7.0,1.4,1.0,1.2,1.4018799999999998,1.45498,1.0,0.2,0.8,2.6,1.08138,2.07956,13.0,1.3,1.1,1.4,1.25767,1.50155,3.0,0.3,1.0,2.3,1.34308,2.1386,1.2,1.2,1.3692600000000001,1.53102,1.2,2.0,1.38378,1.7052399999999999,21.041666666666668,20.947916666666668,0,0,12.0,18.0,1.3870967741935485,0.967741935483871,43.0,30.0,0.7730632911392407,0.9838987341772152,0.7027848101265823,1.6164050632911393,1.0,0.0,1.0,2.0,1.0,0.0,1.7758,1.016,1.0,H
2680df74-3ec0-435a-917a-d434fa55d892,aecc89b5-d371-4bb3-a4f7-e6092226d114,2025,32,32,2026-04-12T13:00:00+00:00,5421e81a-b7dd-48b1-9982-42644e8dcf9f,f8f456e7-3e20-4803-ba4e-b1762a31812c,Nottingham Forest FC,Aston Villa FC,69,69,38,38,1.0,1.0,5.0,1.0,1.2,1.0,1.07338,1.7753800000000002,4.0,0.8,1.0,2.0,1.46644,1.72268,11.0,1.1,1.0,0.9,1.3414,1.9181000000000001,11.0,1.1,0.9,1.3,1.29348,1.39368,0.2,0.4,1.3504999999999998,1.6497,0.8,1.2,1.31242,1.6584600000000003,20.947916666666668,20.947916666666668,0,0,16.0,4.0,1.032258064516129,1.7419354838709677,32.0,54.0,0.7034412955465587,0.6330971659919028,0.6330971659919028,0.9144736842105263,3.0,0.3333333333333333,0.0,3.3333333333333335,1.0,1.0,0.8505,1.363,1.0,D
b828ab16-7f71-4f4f-a416-141c09f82dee,c9aed212-133b-401f-bb10-314b49caa0f3,2025,32,32,2026-04-12T13:00:00+00:00,74bd08fa-27db-4bb0-8490-f57f6ed6b8e9,c4045d6d-a715-4821-a800-cd9b505ad54b,Crystal Palace FC,Newcastle United FC,68,69,38,38,1.0,1.0,7.0,1.4,1.4,1.2,1.3976600000000001,1.42934,6.0,1.2,1.4,1.6,1.17858,2.16624,12.0,1.2,1.1,1.2,1.44594,1.5876199999999998,10.0,1.0,1.2,1.8,1.4736699999999998,1.8981999999999999,0.8,1.2,1.68628,1.73256,1.0,1.4,1.0215999999999998,1.8261600000000002,27.958333333333332,21.041666666666668,0,0,14.0,13.0,1.3,1.3548387096774193,39.0,42.0,0.7741152679474217,0.844489383215369,0.844489383215369,1.2667340748230538,3.0,0.0,0.3333333333333333,3.0,2.0,1.0,3.1393,1.273,1.0,H
b7397495-476e-4f62-8f40-25187c80c07f,9a4a65b4-a6fe-4c2e-9aa4-1e3e99175299,2025,32,32,2026-04-12T15:30:00+00:00,1cb320b2-b42f-4131-8f5f-ef42e7f82540,33d2f100-682f-4a5e-9aa3-5cc57e1e8571,Chelsea FC,Manchester City FC,69,68,38,38,1.0,1.0,4.0,0.8,1.2,1.6,2.0666599999999997,1.25498,11.0,2.2,1.8,0.8,2.21064,0.9328799999999999,17.0,1.7,1.9,1.4,2.468,1.42971,19.0,1.9,1.6,1.0,1.9915500000000002,1.2375399999999999,1.6,1.2,2.34722,1.30714,1.2,1.2,1.85216,1.54078,21.916666666666668,28.8125,0,0,6.0,2.0,1.5483870967741935,2.033333333333333,48.0,61.0,1.3370015143866734,0.9851590106007067,1.1258960121150934,0.7036850075719333,3.0,0.0,0.3333333333333333,2.6666666666666665,0.0,3.0,1.2211,2.4084,1.0,A
b06c14f2-3349-41ce-98d3-abc0390da1e7,11ea0d5f-e559-4ecd-bbb9-a1c9a95f8479,2025,32,32,2026-04-13T19:00:00+00:00,48fc005c-cbfc-4e4d-b7f1-459dce6cf940,fe8b4d06-9254-4fc8-a08f-90f242e51751,Manchester United FC,Leeds United FC,69,31,38,0,1.0,0.0,10.0,2.0,1.8,1.2,1.8060800000000001,1.17786,3.0,0.6,0.2,0.6,1.01958,1.0788,23.0,2.3,2.0,1.1,1.74893,1.13213,11.0,1.1,0.8,1.1,1.37935,1.49596,2.4,0.8,2.2213000000000003,0.8591599999999999,1.4,1.6,1.5467,1.66326,23.958333333333332,22.958333333333332,0,0,3.0,15.0,1.7741935483870968,1.064516129032258,55.0,33.0,1.407258064516129,0.773991935483871,0.5629032258064516,0.773991935483871,1.0,0.0,1.0,2.0,1.0,2.0,1.3656,2.9512,1.0,A
fadf8067-6e5d-42c9-9793-ffa206f7ef5a,e2e90331-c126-4cef-9960-e7c34a67deac,2025,33,33,2026-04-18T11:30:00+00:00,66a313d1-2e21-49ad-a1c7-6f04cae6be69,b552a1a6-4302-43ca-884c-0f91ac4f984b,Brentford FC,Fulham FC,70,70,38,38,1.0,1.0,7.0,1.4,1.6,1.4,1.6962199999999998,1.3859,7.0,1.4,1.0,1.0,1.75748,1.4418,14.0,1.4,1.3,1.4,1.5952,1.595,13.0,1.3,1.3,1.5,1.70609,1.6324999999999998,1.0,1.8,2.11308,1.3833,1.0,1.8,1.4587999999999999,1.6235399999999998,6.895833333333333,6.791666666666667,1,1,7.0,12.0,1.46875,1.375,47.0,44.0,0.9146451937594363,0.985002516356316,0.9146451937594363,1.0553598389531957,3.0,0.0,0.0,4.0,0.0,0.0,2.3355,0.7907,1.0,D
416a2ad0-1a21-4f7b-888e-c29ca044ff5e,7087af2e-9ac8-4108-a30b-a3a544c08e83,2025,33,33,2026-04-18T14:00:00+00:00,fe8b4d06-9254-4fc8-a08f-90f242e51751,fbffa344-2426-4b4b-9886-b8cd56ec69a1,Leeds United FC,Wolverhampton Wanderers FC,32,70,0,38,0.0,1.0,5.0,1.0,0.4,0.6,1.3541,1.10104,7.0,1.4,1.2,1.6,1.23872,2.1723,11.0,1.1,0.9,1.2,1.45757,1.60664,9.0,0.9,0.9,1.7,1.05336,2.2982,0.6,1.4,1.24884,1.7639,0.4,1.8,0.99992,2.42646,4.791666666666667,7.791666666666667,1,1,15.0,20.0,1.125,0.53125,36.0,17.0,0.634121791645697,0.8454957221942627,0.634121791645697,1.1977856064418722,1.0,1.0,0.0,4.0,3.0,0.0,3.558,0.5686,1.0,H
8fbc28f7-6aa6-47de-a727-6fc5b5131ce4,cc59ac7b-b04f-423e-82a9-c8028fe2b372,2025,33,33,2026-04-18T14:00:00+00:00,c4045d6d-a715-4821-a800-cd9b505ad54b,6601a105-9986-4276-89bf-143cdf03198a,Newcastle United FC,AFC Bournemouth,70,70,38,38,1.0,1.0,6.0,1.2,1.4,1.6,1.33158,2.3487999999999998,7.0,1.4,1.0,0.8,1.9346,1.66768,9.0,0.9,1.3,2.0,1.51964,2.1731100000000003,18.0,1.8,1.3,0.8,1.83402,1.67009,1.4,2.2,1.92574,1.97024,1.2,0.4,1.45808,2.3238399999999997,6.041666666666667,7.104166666666667,1,1,14.0,11.0,1.3125,1.40625,42.0,45.0,0.9158793969849247,1.4090452261306532,0.9158793969849247,0.5636180904522613,3.0,0.0,0.6666666666666666,2.3333333333333335,1.0,2.0,1.6117,3.3666,1.0,A
1729a44b-8c97-4e98-a07e-082310efdfe3,54b86d72-ebcf-4490-b8b2-dc46c41aa958,2025,33,33,2026-04-18T16:30:00+00:00,c23d6b7a-dfaf-44a3-b016-1feb2dddec44,db14882b-951f-4db5-860b-4ca2b8583311,Tottenham Hotspur FC,Brighton & Hove Albion FC,70,70,38,38,1.0,1.0,1.0,0.2,0.6,2.0,1.20792,1.77132,12.0,2.4,1.4,0.6,1.55,0.75466,3.0,0.3,0.9,2.2,1.27939,2.0394200000000002,16.0,1.6,1.1,0.8,1.3715899999999999,0.9381700000000001,1.0,2.8,1.29702,2.2564599999999997,1.2,0.6,1.19998,0.9739599999999999,6.145833333333333,7.104166666666667,1,1,18.0,10.0,0.9375,1.4375,30.0,46.0,0.6340190667335676,1.5498243853487208,0.7749121926743604,0.5635725037631711,3.0,0.0,0.3333333333333333,4.666666666666667,2.0,2.0,1.5605,1.1373,1.0,D
0964c53a-427c-4480-ae0a-3eb7bff1a59d,98b6eb50-ebfe-4a2f-b90e-be270eb04941,2025,33,33,2026-04-18T19:00:00+00:00,1cb320b2-b42f-4131-8f5f-ef42e7f82540,48fc005c-cbfc-4e4d-b7f1-459dce6cf940,Chelsea FC,Manchester United FC,70,70,38,38,1.0,1.0,3.0,0.6,1.0,2.0,1.80782,1.53414,7.0,1.4,1.8,1.6,1.78826,1.65592,14.0,1.4,1.7,1.7,2.4278500000000003,1.5230299999999999,20.0,2.0,1.9,1.3,1.57821,1.38855,1.2,1.8,2.26692,1.4937799999999999,1.6,1.4,1.2765600000000001,1.4051,6.145833333333333,5.0,1,1,6.0,3.0,1.5,1.71875,48.0,55.0,1.196895343014522,1.196895343014522,1.3377065598397597,0.9152729093640461,3.0,0.3333333333333333,0.3333333333333333,2.0,0.0,1.0,1.2811,0.436,1.0,A
c5eaa492-a921-48b3-8e3f-ed6d17cb9a12,bd281a97-6b66-4517-885e-5fed37f6d4bc,2025,33,33,2026-04-19T13:00:00+00:00,f8f456e7-3e20-4803-ba4e-b1762a31812c,076f94c9-341e-4294-a86a-076741505170,Aston Villa FC,Sunderland AFC,70,32,38,0,1.0,0.0,4.0,0.8,1.0,2.0,1.4881600000000001,1.63706,10.0,2.0,1.0,0.6,1.40486,1.22478,12.0,1.2,1.0,1.3,1.33924,1.40414,13.0,1.3,1.0,1.3,1.2506499999999998,1.4879799999999999,1.0,1.2,1.5074999999999998,1.24474,1.0,1.6,1.14608,1.4720799999999998,7.0,7.0,1,1,4.0,11.0,1.71875,1.4375,55.0,46.0,0.7047047047047047,0.9161161161161162,0.7047047047047047,0.9161161161161162,1.0,0.0,1.0,2.0,4.0,3.0,3.9022,1.5601,1.0,H
2c4fc0bf-af6f-4330-a7fe-df4a544df347,f6152697-a01c-44a0-82e5-66ec5d4fe1ce,2025,33,33,2026-04-19T13:00:00+00:00,5421e81a-b7dd-48b1-9982-42644e8dcf9f,2d3435a0-e4e8-4097-a60c-2a0f92c3fede,Nottingham Forest FC,Burnley FC,70,32,38,0,1.0,0.0,6.0,1.2,1.4,1.0,1.0565200000000001,1.5687200000000001,1.0,0.2,0.8,2.2,1.20012,2.1061,11.0,1.1,1.1,1.0,1.3946,1.76808,6.0,0.6,1.0,2.1,1.12261,2.0773099999999998,0.4,0.6,1.4568999999999999,1.34966,1.0,2.2,0.9036199999999999,2.23446,7.0,7.958333333333333,1,1,16.0,19.0,1.03125,0.625,33.0,20.0,0.77356608478803,0.7032418952618454,0.7032418952618454,1.4768079800498755,1.0,0.0,1.0,2.0,4.0,1.0,1.4425,0.6014,1.0,H
7026e2b5-b9d2-47a9-8d70-2a328de68ffe,fe601bbd-3cfb-4128-b844-29d649cf5339,2025,33,33,2026-04-19T13:00:00+00:00,60cb8be0-9c1e-4019-8b60-fd9ac2aa9f2d,54ed0f97-ad19-421c-a5c2-9b9d3fcbc72d,Everton FC,Liverpool FC,70,70,38,38,1.0,1.0,10.0,2.0,2.0,1.2,1.55198,1.48082,7.0,1.4,2.0,1.4,1.70884,1.59878,15.0,1.5,1.5,1.2,1.47109,1.55771,16.0,1.6,1.9,1.3,1.9325700000000001,1.56363,1.4,0.8,1.27714,1.3314,1.2,1.4,1.90886,1.8017800000000002,7.958333333333333,7.854166666666667,1,1,10.0,5.0,1.46875,1.625,47.0,52.0,1.053731343283582,0.8429850746268656,1.3347263681592039,0.9132338308457711,3.0,0.0,0.3333333333333333,2.6666666666666665,1.0,2.0,1.4784,1.3833,1.0,A
f82e66c8-2c14-48ab-9fa3-e1b212b1cde4,e4f5a6a3-0dfb-44d5-80bb-f2390b16ebfb,2025,33,33,2026-04-19T15:30:00+00:00,33d2f100-682f-4a5e-9aa3-5cc57e1e8571,ead1bc2e-8799-410a-a809-66a274bbab2c,Manchester City FC,Arsenal FC,69,70,38,38,1.0,1.0,11.0,2.2,1.8,0.8,2.35688,0.96654,12.0,2.4,2.0,0.8,2.12398,1.04566,21.0,2.1,1.8,0.9,1.9364899999999998,1.22649,20.0,2.0,2.2,1.0,1.9576699999999998,0.84597,2.0,0.8,2.13094,0.9343,2.4,0.8,2.0341,0.69316,7.0,8.166666666666666,1,1,2.0,1.0,2.064516129032258,2.1875,64.0,70.0,1.264381520119225,0.6321907600596125,1.5453551912568306,0.7024341778440139,3.0,0.0,0.6666666666666666,4.0,2.0,1.0,2.6153,2.2896,1.0,H
a096e1e7-2dfe-4599-a7c7-4dd5316eae8d,430305a3-8871-4dd5-a143-8caa68a0ac0a,2025,33,33,2026-04-20T19:00:00+00:00,74bd08fa-27db-4bb0-8490-f57f6ed6b8e9,21ec0474-e758-4563-97a9-912aab00b4f5,Crystal Palace FC,West Ham United FC,69,70,38,38,1.0,1.0,10.0,2.0,1.4,0.8,1.6,1.54568,7.0,1.4,1.6,1.6,1.32798,1.54788,14.0,1.4,1.3,1.3,1.62736,1.5079,15.0,1.5,1.6,1.3,1.5326499999999998,1.42194,1.2,1.4,2.04912,1.5731199999999999,1.4,2.0,1.29106,1.9441000000000002,8.25,10.0,1,1,13.0,17.0,1.3548387096774193,1.0,42.0,32.0,0.9130952380952382,0.9130952380952382,1.1238095238095238,0.9130952380952382,3.0,0.6666666666666666,0.0,2.3333333333333335,0.0,0.0,0.7334,0.6224,1.0,D
c0810cff-3f19-4c13-a05b-9080cec84489,033cd6be-7256-4d18-9032-a6596892bb0d,2025,34,34,2026-04-21T19:00:00+00:00,db14882b-951f-4db5-860b-4ca2b8583311,1cb320b2-b42f-4131-8f5f-ef42e7f82540,Brighton & Hove Albion FC,Chelsea FC,71,71,38,38,1.0,1.0,10.0,2.0,1.4,0.8,1.5372400000000002,0.9006399999999999,3.0,0.6,0.8,1.8,1.7934999999999999,1.27814,17.0,1.7,1.2,0.8,1.29067,0.98098,11.0,1.1,1.4,1.7,2.24714,1.32484,1.0,1.0,1.5432000000000001,0.90238,2.2,1.6,2.58878,1.55228,3.1041666666666665,3.0,2,2,9.0,6.0,1.4242424242424243,1.4545454545454546,47.0,48.0,0.844047619047619,0.5626984126984127,0.9847222222222222,1.1957341269841268,3.0,0.6666666666666666,0.0,4.333333333333333,3.0,0.0,2.5178,0.2979,1.0,H
2e133bef-b827-441c-b109-38ef50fbe426,7dafd529-29d2-4839-b3d0-e218a975292d,2025,34,34,2026-04-22T19:00:00+00:00,6601a105-9986-4276-89bf-143cdf03198a,fe8b4d06-9254-4fc8-a08f-90f242e51751,AFC Bournemouth,Leeds United FC,71,33,38,0,1.0,0.0,9.0,1.8,1.2,0.8,2.24306,1.77424,8.0,1.6,1.0,0.4,1.79006,0.7211000000000001,18.0,1.8,1.2,0.7,1.83921,1.73753,13.0,1.3,1.1,1.1,1.64571,1.57451,1.4,1.2,2.2099599999999997,1.01634,1.2,1.0,1.6663000000000001,1.4493800000000001,4.208333333333333,4.208333333333333,2,2,9.0,15.0,1.4545454545454546,1.1818181818181819,48.0,39.0,0.8439821693907875,0.492322932144626,0.7736503219415553,0.7736503219415553,1.0,0.0,1.0,4.0,2.0,2.0,1.9136,1.216,1.0,D
76ab2653-fb43-4844-93ff-8fe68a7e104b,efd0bb6a-46c3-4695-88d0-94d7e62ee3fb,2025,34,34,2026-04-22T19:00:00+00:00,2d3435a0-e4e8-4097-a60c-2a0f92c3fede,33d2f100-682f-4a5e-9aa3-5cc57e1e8571,Burnley FC,Manchester City FC,33,70,0,38,0.0,1.0,1.0,0.2,0.4,2.2,1.15564,1.9054000000000002,11.0,2.2,1.8,0.8,2.43464,1.32286,5.0,0.5,0.9,2.3,1.02787,1.9624700000000002,24.0,2.4,2.0,0.8,2.15932,1.14817,1.0,2.0,1.3416000000000001,1.9201599999999999,1.8,0.8,2.25644,1.17044,3.25,3.1458333333333335,2,2,19.0,2.0,0.6060606060606061,2.09375,20.0,67.0,0.632624814631735,1.616707859614434,1.4058329214038556,0.5623331685615423,1.0,0.0,0.0,6.0,0.0,1.0,0.9738,3.4089,1.0,A
c0baf493-afa3-4be2-945e-31c157048ef8,0d0d4eb9-d7f2-45c1-b429-43ebce0547aa,2025,34,34,2026-04-24T19:00:00+00:00,076f94c9-341e-4294-a86a-076741505170,5421e81a-b7dd-48b1-9982-42644e8dcf9f,Sunderland AFC,Nottingham Forest FC,33,71,0,38,0.0,1.0,9.0,1.8,1.4,1.2,1.5010999999999999,1.64036,9.0,1.8,2.0,0.8,1.1789,1.44878,13.0,1.3,1.2,1.4,1.33528,1.6595199999999999,11.0,1.1,1.3,1.1,1.3998899999999999,1.6278099999999998,1.0,1.0,1.3552199999999999,1.50388,1.8,1.4,1.3323,2.1865,5.25,5.25,2,2,11.0,16.0,1.393939393939394,1.0909090909090908,46.0,36.0,0.8442687747035572,0.9849802371541501,0.9146245059288538,0.773913043478261,1.0,1.0,0.0,1.0,0.0,5.0,0.6143,1.5421,1.0,A
65cb8236-328a-4218-a7ad-eeaa3fe60abd,088d05f0-f15f-4d03-bfac-b35be7a0601f,2025,34,34,2026-04-25T11:30:00+00:00,b552a1a6-4302-43ca-884c-0f91ac4f984b,f8f456e7-3e20-4803-ba4e-b1762a31812c,Fulham FC,Aston Villa FC,71,71,38,38,1.0,1.0,5.0,1.0,0.6,0.8,1.4514799999999999,1.71848,7.0,1.4,1.8,2.2,2.00594,1.64754,11.0,1.1,1.1,1.4,1.67192,1.6713999999999998,12.0,1.2,1.2,1.6,1.59732,1.3646699999999998,1.6,1.2,1.95338,1.64146,1.0,1.4,1.17098,1.5635400000000002,7.0,5.9375,2,2,12.0,4.0,1.3636363636363635,1.7575757575757576,45.0,58.0,0.7730901922129129,0.9839329719073434,0.843371118777723,1.124494825036964,3.0,0.0,0.0,3.0,1.0,0.0,1.2407,0.9062,1.0,H
89fefd76-83d5-42ce-b8d2-b308484007db,6cf7c939-ae5b-460a-8d72-a3331332c964,2025,34,34,2026-04-25T14:00:00+00:00,21ec0474-e758-4563-97a9-912aab00b4f5,60cb8be0-9c1e-4019-8b60-fd9ac2aa9f2d,West Ham United FC,Everton FC,71,71,38,38,1.0,1.0,8.0,1.6,1.2,0.6,1.18212,1.27468,7.0,1.4,1.6,1.2,1.3662,1.5337,13.0,1.3,1.3,1.2,1.37621,1.4239000000000002,14.0,1.4,1.5,1.3,1.52994,1.5283799999999998,1.8,0.6,1.77424,0.89978,1.6,1.6,1.66504,1.78402,4.791666666666667,6.041666666666667,1,2,17.0,11.0,1.0,1.4242424242424243,33.0,47.0,0.9144827586206896,0.8441379310344826,1.0551724137931033,0.9144827586206896,3.0,0.0,1.0,1.3333333333333333,2.0,1.0,1.8356,1.1144,1.0,H
d600159f-3ace-4313-9c89-741fdfa334cb,5431b391-b164-4fcc-9d2f-3df9decc4e45,2025,34,34,2026-04-25T14:00:00+00:00,54ed0f97-ad19-421c-a5c2-9b9d3fcbc72d,74bd08fa-27db-4bb0-8490-f57f6ed6b8e9,Liverpool FC,Crystal Palace FC,71,70,38,38,1.0,1.0,7.0,1.4,1.4,1.2,1.56562,1.62412,8.0,1.6,1.2,0.8,1.33956,1.33466,19.0,1.9,1.9,1.1,1.9771699999999999,1.3800000000000001,15.0,1.5,1.2,1.1,1.5855299999999999,1.38554,2.6,1.2,1.95628,1.32548,1.4,1.2,1.2056,1.44268,6.041666666666667,4.791666666666667,2,2,5.0,13.0,1.6666666666666667,1.34375,55.0,43.0,1.336448598130841,0.7737333989178554,0.8440727988194785,0.7737333989178554,3.0,0.3333333333333333,0.3333333333333333,2.0,3.0,1.0,1.4507,2.1991,1.0,H
9fe62a63-2dc9-44fc-a847-9ee8225cadf8,2a5ed2a3-54e7-48f2-8674-2890aad1b44a,2025,34,34,2026-04-25T14:00:00+00:00,fbffa344-2426-4b4b-9886-b8cd56ec69a1,c23d6b7a-dfaf-44a3-b016-1feb2dddec44,Wolverhampton Wanderers FC,Tottenham Hotspur FC,71,71,38,38,1.0,1.0,7.0,1.4,1.2,2.0,1.01694,2.47678,2.0,0.4,0.8,2.0,1.3296,1.53464,9.0,0.9,0.9,1.8,1.05595,2.54746,3.0,0.3,0.9,2.2,1.17635,1.9982700000000002,1.4,1.6,1.1068,2.16994,0.8,1.6,1.26176,1.82238,7.0,6.895833333333333,1,2,20.0,18.0,0.5151515151515151,0.9393939393939394,17.0,31.0,0.6326951399116347,1.2653902798232695,0.6326951399116347,1.5465881197839961,3.0,0.3333333333333333,0.6666666666666666,4.0,0.0,1.0,0.7627,1.064,1.0,A
74cc5db8-20f7-4400-ad0c-d1154b6829d9,31434234-0cba-46fe-87e3-6ad2d79929ba,2025,34,34,2026-04-25T16:30:00+00:00,ead1bc2e-8799-410a-a809-66a274bbab2c,c4045d6d-a715-4821-a800-cd9b505ad54b,Arsenal FC,Newcastle United FC,71,71,38,38,1.0,1.0,9.0,1.8,1.4,1.0,1.9184999999999999,1.49206,6.0,1.2,1.2,1.4,1.43014,2.54066,20.0,2.0,2.1,0.9,2.04422,1.0434100000000002,9.0,0.9,1.4,2.0,1.4853299999999998,2.37763,2.0,1.2,1.88124,0.99878,1.2,1.8,1.11354,2.3759799999999998,6.041666666666667,7.104166666666667,1,2,2.0,14.0,2.121212121212121,1.2727272727272727,70.0,42.0,1.4776251226692836,0.6332679097154073,0.9850834151128556,1.4072620215897937,3.0,0.6666666666666666,0.0,1.6666666666666667,1.0,0.0,0.6392,0.8689,1.0,H
7e4aa0d1-537f-417e-b338-0613e7179a77,bc8395c4-83c1-4d2d-b839-ddef3929940e,2025,34,34,2026-04-27T19:00:00+00:00,48fc005c-cbfc-4e4d-b7f1-459dce6cf940,66a313d1-2e21-49ad-a1c7-6f04cae6be69,Manchester United FC,Brentford FC,71,71,38,38,1.0,1.0,7.0,1.4,1.6,1.4,1.40624,1.8352,5.0,1.0,0.8,0.8,1.6741199999999998,1.37928,20.0,2.0,1.7,1.1,1.55772,1.37425,15.0,1.5,1.3,1.2,1.6283400000000001,1.53511,2.2,1.2,1.87986,1.372,1.6,1.0,1.07732,1.8067,9.0,9.3125,2,1,3.0,9.0,1.7575757575757576,1.4545454545454546,58.0,48.0,1.1972535556645414,0.7746934771947033,0.9155468366846493,0.8451201569396762,3.0,0.3333333333333333,0.0,4.666666666666667,2.0,1.0,1.8485,1.3038,1.0,H
fcba8282-c9a6-4880-8f9d-60c992b08538,5440db34-d0eb-43af-915d-13c99fdc626e,2025,35,35,2026-05-01T19:00:00+00:00,fe8b4d06-9254-4fc8-a08f-90f242e51751,2d3435a0-e4e8-4097-a60c-2a0f92c3fede,Leeds United FC,Burnley FC,34,34,0,0,0.0,0.0,9.0,1.8,1.4,0.6,1.85562,0.9350400000000001,1.0,0.2,0.4,2.0,1.19796,2.35548,14.0,1.4,1.3,0.9,1.7494399999999999,1.41144,5.0,0.5,0.9,2.1,1.11261,2.11471,1.2,0.6,1.9247,1.16876,1.2,2.4,0.9986200000000001,2.1456600000000003,9.0,9.0,2,2,15.0,19.0,1.1764705882352942,0.5882352941176471,40.0,20.0,0.9154750244857983,0.6337904015670911,0.6337904015670911,1.4788442703232128,1.0,0.0,0.0,2.0,3.0,1.0,2.0955,0.4346,1.0,H
c2f8afab-e26a-4d4e-98f1-ca20ab3cb046,d2fa22a0-7dfe-45a1-902a-3cbc5ae7a202,2025,35,35,2026-05-02T14:00:00+00:00,66a313d1-2e21-49ad-a1c7-6f04cae6be69,21ec0474-e758-4563-97a9-912aab00b4f5,Brentford FC,West Ham United FC,72,72,38,38,1.0,1.0,4.0,0.8,1.0,1.2,1.8002200000000002,1.28544,8.0,1.6,1.4,0.8,1.2501799999999998,1.37194,12.0,1.2,1.3,1.4,1.72723,1.50464,16.0,1.6,1.3,1.0,1.38718,1.26921,1.0,1.4,2.17936,1.2635200000000002,1.0,1.4,1.07036,1.5585200000000001,4.791666666666667,7.0,1,2,9.0,17.0,1.411764705882353,1.0588235294117647,48.0,36.0,0.9149560117302052,0.9853372434017594,0.9149560117302052,0.7038123167155425,3.0,0.6666666666666666,0.3333333333333333,1.6666666666666667,3.0,0.0,2.2737,0.7539,1.0,H
1d01a952-5443-4279-aefa-00812ef2758b,fddb46f8-a4f2-4497-9d91-5fa741e5f34e,2025,35,35,2026-05-02T14:00:00+00:00,c4045d6d-a715-4821-a800-cd9b505ad54b,db14882b-951f-4db5-860b-4ca2b8583311,Newcastle United FC,Brighton & Hove Albion FC,72,72,38,38,1.0,1.0,3.0,0.6,0.8,1.4,1.21064,2.30736,13.0,2.6,2.0,0.6,1.8569600000000002,0.8572599999999999,9.0,0.9,1.3,1.7,1.54379,2.13158,19.0,1.9,1.4,0.7,1.39962,0.88264,1.6,2.2,1.8571199999999997,2.37928,1.4,0.6,1.03814,1.05958,6.895833333333333,10.791666666666666,2,2,15.0,7.0,1.2352941176470589,1.4705882352941178,42.0,50.0,0.9148853099072718,1.1963884821864323,0.9852611029770619,0.49263055148853097,3.0,0.0,0.3333333333333333,2.0,3.0,1.0,3.1293,1.8711,1.0,H
fe7090da-0c3c-410c-849f-d5104d76f44b,d3f8344f-1c00-4d4f-a76c-e387fc5a4fa6,2025,35,35,2026-05-02T14:00:00+00:00,fbffa344-2426-4b4b-9886-b8cd56ec69a1,076f94c9-341e-4294-a86a-076741505170,Wolverhampton Wanderers FC,Sunderland AFC,72,34,38,0,1.0,0.0,4.0,0.8,0.8,2.2,0.8679399999999999,2.42692,6.0,1.2,1.2,2.2,1.45518,1.7711400000000002,9.0,0.9,0.9,1.7,0.92187,2.49474,10.0,1.0,0.9,1.9,1.2080600000000001,1.8010899999999999,1.4,1.4,0.83864,2.0645,1.4,1.8,1.31534,1.8151599999999999,7.0,7.791666666666667,2,2,20.0,12.0,0.5,1.3529411764705883,17.0,46.0,0.6330248416950804,1.1957135898684852,0.6330248416950804,1.3363857769118364,1.0,0.0,0.0,2.0,1.0,1.0,1.9613,0.924,1.0,D
68e1ba3d-e858-4387-86e4-9f92fc233e76,d8ff0198-4b17-49f8-a4b5-8bdc2fbefc4b,2025,35,35,2026-05-02T16:30:00+00:00,ead1bc2e-8799-410a-a809-66a274bbab2c,b552a1a6-4302-43ca-884c-0f91ac4f984b,Arsenal FC,Fulham FC,72,72,38,38,1.0,1.0,9.0,1.8,1.2,0.8,1.70314,1.3953,8.0,1.6,0.8,0.6,1.574,1.60066,20.0,2.0,1.8,0.9,1.7537099999999999,1.11243,14.0,1.4,1.0,1.1,1.6239899999999998,1.57766,1.8,0.6,1.72426,1.0443799999999999,0.6,1.2,1.27294,1.7219200000000001,7.0,7.208333333333333,2,1,1.0,10.0,2.1470588235294117,1.411764705882353,73.0,48.0,1.2665693430656935,0.6332846715328467,0.7036496350364964,0.774014598540146,3.0,0.6666666666666666,0.3333333333333333,2.0,3.0,0.0,4.0908,0.6967,1.0,H
35315f52-1e8e-4c47-be1d-2e533e19675e,2366a5f4-e0f5-4d14-bd71-0897521cf82d,2025,35,35,2026-05-03T13:00:00+00:00,6601a105-9986-4276-89bf-143cdf03198a,74bd08fa-27db-4bb0-8490-f57f6ed6b8e9,AFC Bournemouth,Crystal Palace FC,72,71,38,38,1.0,1.0,9.0,1.8,1.6,1.2,2.1622399999999997,1.88278,8.0,1.6,1.2,1.0,1.70244,1.15558,16.0,1.6,1.2,0.9,1.87145,1.64878,15.0,1.5,1.2,1.1,1.56365,1.22179,1.2,1.2,1.92974,1.0720800000000001,1.4,1.4,1.4150800000000001,1.36362,10.75,7.958333333333333,1,2,8.0,14.0,1.4411764705882353,1.303030303030303,49.0,43.0,0.8443148688046648,0.6332361516034986,0.8443148688046648,0.7739552964042761,3.0,0.0,1.0,2.0,3.0,0.0,2.2963,0.6783,1.0,H
ff9446ea-2585-4f2f-b03b-c4755ebd8c46,88f5a69f-77cb-4e65-8f64-f54d11ca5c4f,2025,35,35,2026-05-03T14:30:00+00:00,48fc005c-cbfc-4e4d-b7f1-459dce6cf940,54ed0f97-ad19-421c-a5c2-9b9d3fcbc72d,Manchester United FC,Liverpool FC,72,72,38,38,1.0,1.0,10.0,2.0,1.8,1.2,1.4148,1.7026800000000002,10.0,2.0,1.8,1.0,1.4213200000000001,1.93674,20.0,2.0,1.6,1.0,1.55821,1.33263,19.0,1.9,1.8,1.1,1.8122700000000003,1.57148,2.0,1.0,1.8808399999999998,1.2887600000000001,1.2,1.0,1.99806,1.43452,5.8125,8.020833333333334,1,1,3.0,4.0,1.7941176470588236,1.7058823529411764,61.0,58.0,1.1256671518680252,0.7035419699175158,1.2663755458515285,0.7738961669092674,3.0,0.3333333333333333,0.3333333333333333,3.3333333333333335,3.0,2.0,2.5561,1.0281,1.0,H
057ddf72-7354-4ce4-91a2-8cfcce237417,c2d402e3-b9e5-4c51-919e-76e1d6cd5004,2025,35,35,2026-05-03T18:00:00+00:00,f8f456e7-3e20-4803-ba4e-b1762a31812c,c23d6b7a-dfaf-44a3-b016-1feb2dddec44,Aston Villa FC,Tottenham Hotspur FC,72,72,38,38,1.0,1.0,7.0,1.4,1.6,1.6,1.97348,1.21792,5.0,1.0,0.8,1.4,1.28316,1.3041399999999999,12.0,1.2,1.2,1.6,1.47262,1.45725,5.0,0.5,0.8,2.0,1.13301,1.87093,1.8,1.6,1.8573,1.4937799999999999,0.6,1.2,0.95638,1.6651599999999998,8.270833333333334,8.166666666666666,1,1,5.0,18.0,1.7058823529411764,1.0,58.0,34.0,0.8433688286544045,1.1244917715392062,0.5622458857696031,1.4056147144240076,3.0,0.6666666666666666,0.0,3.3333333333333335,1.0,2.0,0.6095,1.1223,1.0,A
20b4f1b7-f6d5-40a8-b4ca-3fea981866e8,7e1a9adb-e9b4-4786-95c6-900d190482f0,2025,35,35,2026-05-04T14:00:00+00:00,1cb320b2-b42f-4131-8f5f-ef42e7f82540,5421e81a-b7dd-48b1-9982-42644e8dcf9f,Chelsea FC,Nottingham Forest FC,72,72,38,38,1.0,1.0,0.0,0.0,0.0,2.2,1.17532,1.568,11.0,2.2,2.6,0.4,1.24004,1.02632,8.0,0.8,1.1,1.8,2.0108,1.4040300000000001,13.0,1.3,1.7,1.0,1.4553699999999998,1.52444,0.6,1.6,1.99088,1.2358,2.4,1.4,1.3628,1.90854,12.791666666666666,9.791666666666666,1,1,9.0,16.0,1.411764705882353,1.1470588235294117,48.0,39.0,0.7730304494925085,1.2649589173513776,1.1946834219429676,0.7027549540840986,3.0,0.6666666666666666,0.3333333333333333,2.0,1.0,3.0,2.1713,2.3102,1.0,A
43133f64-50c5-4687-a8c4-f02ac629a8b5,836f4544-99ea-4bda-a980-6f94b7cddafa,2025,35,35,2026-05-04T19:00:00+00:00,60cb8be0-9c1e-4019-8b60-fd9ac2aa9f2d,33d2f100-682f-4a5e-9aa3-5cc57e1e8571,Everton FC,Manchester City FC,72,71,38,38,1.0,1.0,4.0,0.8,1.4,1.6,1.35738,1.7483799999999998,11.0,2.2,1.8,0.8,2.62276,1.24198,13.0,1.3,1.5,1.4,1.51325,1.5691099999999998,24.0,2.4,1.9,0.8,2.3936699999999997,1.1912800000000001,1.4,1.0,1.3948399999999999,1.27274,1.6,0.4,2.5309999999999997,1.06572,9.208333333333334,12.0,1,1,11.0,2.0,1.3823529411764706,2.121212121212121,47.0,70.0,1.053545586107091,0.9833092136999516,1.3344910757356487,0.5618909792571153,3.0,0.0,0.3333333333333333,2.0,3.0,3.0,1.6856,1.4171,1.0,D
2bd4f812-c9b9-4e36-9439-00653cf94cac,3c8ecf6d-4977-4e2c-acf8-e6f948a5a1dc,2025,36,36,2026-05-09T11:30:00+00:00,54ed0f97-ad19-421c-a5c2-9b9d3fcbc72d,1cb320b2-b42f-4131-8f5f-ef42e7f82540,Liverpool FC,Chelsea FC,73,73,38,38,1.0,1.0,9.0,1.8,2.0,1.4,1.3667799999999999,2.2166799999999998,0.0,0.0,0.2,2.6,1.26456,1.82354,19.0,1.9,1.9,1.2,1.78843,1.58561,5.0,0.5,0.9,2.0,1.85165,1.5236800000000001,2.4,1.2,1.6264800000000001,1.70844,1.6,2.0,2.0307199999999996,1.57226,5.875,4.895833333333333,2,1,4.0,9.0,1.6571428571428573,1.3714285714285714,58.0,48.0,1.3324675324675326,0.8415584415584416,0.6311688311688313,1.4025974025974026,3.0,0.3333333333333333,0.0,3.3333333333333335,1.0,1.0,0.6232,0.5972,1.0,D
16d3f76e-eb8d-4406-af2f-4606ae91ee2c,38d52287-8e62-48ee-831c-96514e1023d7,2025,36,36,2026-05-09T14:00:00+00:00,076f94c9-341e-4294-a86a-076741505170,48fc005c-cbfc-4e4d-b7f1-459dce6cf940,Sunderland AFC,Manchester United FC,35,73,0,38,0.0,1.0,7.0,1.4,1.4,2.2,1.50816,1.9377400000000002,10.0,2.0,1.8,1.4,1.5903800000000001,1.66616,11.0,1.1,1.0,1.7,1.2577399999999999,1.8778200000000003,20.0,2.0,1.7,1.2,1.59724,1.3760999999999999,0.4,2.0,1.1007799999999999,1.78702,1.2,1.0,1.2355800000000001,1.3765,7.0,5.979166666666667,1,2,12.0,3.0,1.3428571428571427,1.8285714285714285,47.0,64.0,0.7015857760691975,1.1926958193176358,1.1926958193176358,0.841902931283037,1.0,0.0,0.0,2.0,0.0,0.0,1.2376,0.536,1.0,D
9469d3e9-1224-4946-8151-b9b74b2eeb91,0c339952-4a31-4072-85f5-30418a7e61f0,2025,36,36,2026-05-09T14:00:00+00:00,db14882b-951f-4db5-860b-4ca2b8583311,fbffa344-2426-4b4b-9886-b8cd56ec69a1,Brighton & Hove Albion FC,Wolverhampton Wanderers FC,73,73,38,38,1.0,1.0,10.0,2.0,2.0,1.2,2.0055199999999997,1.3513,2.0,0.4,0.6,2.2,1.133,2.17728,19.0,1.9,1.5,0.9,1.51295,1.10273,10.0,1.0,0.9,1.5,1.00663,2.21086,1.4,0.8,1.7611,0.7057,0.4,2.0,1.0051,2.92498,7.0,7.0,1,2,8.0,20.0,1.4285714285714286,0.5142857142857142,50.0,18.0,1.0538202787121578,0.6322921672272946,0.6322921672272946,1.0538202787121578,3.0,0.3333333333333333,0.6666666666666666,2.6666666666666665,3.0,0.0,2.2243,0.5156,1.0,H
fb054063-e2ab-4ef6-ad31-3ff97cd037af,14d1869a-31f0-4b71-bc66-689e1f723665,2025,36,36,2026-05-09T14:00:00+00:00,b552a1a6-4302-43ca-884c-0f91ac4f984b,6601a105-9986-4276-89bf-143cdf03198a,Fulham FC,AFC Bournemouth,73,73,38,38,1.0,1.0,7.0,1.4,0.8,1.2,1.52654,2.25462,11.0,2.2,2.2,1.2,2.1475400000000002,1.68304,14.0,1.4,0.9,1.2,1.4735299999999998,1.7979600000000002,18.0,1.8,1.4,0.8,1.91843,1.65196,1.4,1.0,1.97504,1.4334,1.2,0.6,1.8131599999999999,2.22548,6.895833333333333,6.041666666666667,1,1,11.0,7.0,1.3714285714285714,1.4857142857142858,48.0,52.0,0.6322456813819578,0.8429942418426104,0.9834932821497121,0.561996161228407,3.0,0.0,0.3333333333333333,3.0,0.0,1.0,1.2433,0.998,1.0,A
9ff2abc5-3ec8-4b32-aa16-6f0511a54839,3877a1e9-0c41-445b-bad9-fa03717decaa,2025,36,36,2026-05-09T16:30:00+00:00,33d2f100-682f-4a5e-9aa3-5cc57e1e8571,66a313d1-2e21-49ad-a1c7-6f04cae6be69,Manchester City FC,Brentford FC,72,73,38,38,1.0,1.0,11.0,2.2,2.0,1.0,2.3608599999999997,1.33182,6.0,1.2,1.2,0.8,1.6956399999999998,1.07614,24.0,2.4,2.0,0.9,2.3317699999999997,1.2101000000000002,12.0,1.2,1.3,1.2,1.7895800000000002,1.2478799999999999,2.2,0.8,2.0622,1.1259000000000001,1.6,1.4,1.2751000000000001,1.74576,4.895833333333333,7.104166666666667,1,2,2.0,8.0,2.088235294117647,1.457142857142857,71.0,51.0,1.4062350119904077,0.6328057553956835,0.914052757793765,0.8437410071942446,3.0,0.6666666666666666,0.3333333333333333,2.6666666666666665,3.0,0.0,4.3743,0.67,1.0,H
5e94dc84-0fc3-43ac-953f-aa16fb7c0042,9a3fa5af-5c6b-432c-be50-960ccd07bade,2025,36,36,2026-05-10T13:00:00+00:00,2d3435a0-e4e8-4097-a60c-2a0f92c3fede,f8f456e7-3e20-4803-ba4e-b1762a31812c,Burnley FC,Aston Villa FC,35,73,0,38,0.0,1.0,0.0,0.0,0.6,2.6,0.94948,2.30062,7.0,1.4,1.6,1.4,1.85324,1.1067399999999998,5.0,0.5,1.0,2.2,0.97143,2.21203,11.0,1.1,1.2,1.7,1.46892,1.38683,0.6,1.8,1.2266,2.0837600000000003,0.6,1.6,1.0879400000000001,1.42072,8.75,6.791666666666667,1,1,19.0,5.0,0.5714285714285714,1.6571428571428573,20.0,58.0,0.7030651340996169,1.5467432950191573,0.8436781609195403,1.1952107279693487,1.0,0.0,0.0,3.0,2.0,2.0,1.7123,1.7549,1.0,D
470c6661-c817-46cd-b283-0feb776e81ee,adce48a3-61aa-42cd-aed4-c47933f18980,2025,36,36,2026-05-10T13:00:00+00:00,74bd08fa-27db-4bb0-8490-f57f6ed6b8e9,60cb8be0-9c1e-4019-8b60-fd9ac2aa9f2d,Crystal Palace FC,Everton FC,72,73,38,38,1.0,1.0,5.0,1.0,0.6,1.4,1.45506,1.3556,5.0,1.0,2.0,1.8,1.4588,1.6500799999999998,14.0,1.4,1.1,1.3,1.46668,1.35269,11.0,1.1,1.6,1.6,1.49303,1.49069,1.0,0.8,1.7122199999999999,1.07996,1.6,1.8,1.63166,1.8654799999999998,7.0,5.75,1,1,15.0,10.0,1.2647058823529411,1.3714285714285714,43.0,48.0,0.7729445506692162,0.9134799235181645,1.1242829827915872,1.1242829827915872,3.0,0.0,0.0,3.0,2.0,2.0,3.2883,2.1027,1.0,D
103c2bbd-f877-4f04-896d-66f0265d761d,17b1e3d1-2ef2-4503-ac82-a44d736c0c6d,2025,36,36,2026-05-10T13:00:00+00:00,5421e81a-b7dd-48b1-9982-42644e8dcf9f,c4045d6d-a715-4821-a800-cd9b505ad54b,Nottingham Forest FC,Newcastle United FC,73,73,38,38,1.0,1.0,13.0,2.6,3.2,0.6,1.53788,1.27378,3.0,0.6,1.2,1.6,1.6300000000000001,2.33656,16.0,1.6,1.9,0.8,1.5203099999999998,1.4033900000000001,12.0,1.2,1.4,1.5,1.52457,2.15367,1.0,0.6,1.54794,1.14034,1.0,1.2,1.23046,1.88388,5.958333333333333,7.958333333333333,1,1,16.0,13.0,1.2,1.2857142857142858,42.0,45.0,1.3343511450381678,0.5618320610687023,0.9832061068702289,1.0534351145038168,3.0,0.0,0.0,4.333333333333333,1.0,1.0,1.4643,1.6507,1.0,D
6366df11-5a26-41f5-b910-d937ee97f0a1,603882f6-25c8-47dd-9522-f0f0bc294058,2025,36,36,2026-05-10T15:30:00+00:00,21ec0474-e758-4563-97a9-912aab00b4f5,ead1bc2e-8799-410a-a809-66a274bbab2c,West Ham United FC,Arsenal FC,73,73,38,38,1.0,1.0,7.0,1.4,1.2,1.2,1.3031599999999999,1.43576,9.0,1.8,1.6,0.8,2.4183399999999997,1.3508,13.0,1.3,1.1,1.3,1.3503399999999999,1.31194,20.0,2.0,1.8,0.9,2.04339,1.13938,1.6,0.6,1.704,0.9799,1.8,1.2,1.78316,1.18048,8.0625,7.958333333333333,1,1,18.0,1.0,1.0285714285714285,2.1714285714285713,36.0,76.0,0.7728312678741659,0.9133460438512869,1.2646329837940895,0.6323164918970448,3.0,0.3333333333333333,0.0,3.3333333333333335,0.0,1.0,1.3201,1.4295,1.0,A
e47c1c5c-fa2c-4847-8141-d8f0a7097fac,66b3cbf1-cec4-466b-b1bc-c4f8d515db8c,2025,36,36,2026-05-11T19:00:00+00:00,c23d6b7a-dfaf-44a3-b016-1feb2dddec44,fe8b4d06-9254-4fc8-a08f-90f242e51751,Tottenham Hotspur FC,Leeds United FC,73,35,38,0,1.0,0.0,7.0,1.4,1.0,1.4,1.27634,1.16588,11.0,2.2,2.0,0.8,2.0476,0.91692,8.0,0.8,1.0,1.9,1.1859,1.7152999999999998,14.0,1.4,1.3,0.9,1.6208099999999999,1.2888199999999999,1.0,2.8,1.30964,2.0766999999999998,1.4,1.2,1.57418,1.65412,8.041666666666666,10.0,1,1,17.0,16.0,1.0571428571428572,1.2285714285714286,37.0,43.0,0.7031919961886612,1.3360647927584564,0.9141495950452596,0.6328727965697951,1.0,1.0,0.0,3.0,1.0,1.0,1.4904,1.8698,1.0,D
331fbf20-4897-4687-971b-02e0d1fc2c92,a3f601d1-3304-4db1-9b5d-471bddd7b9bb,2025,31,31,2026-05-13T19:00:00+00:00,33d2f100-682f-4a5e-9aa3-5cc57e1e8571,74bd08fa-27db-4bb0-8490-f57f6ed6b8e9,Manchester City FC,Crystal Palace FC,73,73,38,38,1.0,1.0,13.0,2.6,2.4,0.8,2.8448,1.36802,5.0,1.0,1.0,1.8,2.0076799999999997,1.54902,24.0,2.4,2.1,0.8,2.52772,1.15045,12.0,1.2,1.2,1.5,1.7026700000000001,1.48918,2.4,0.8,2.72398,1.15136,1.2,1.8,1.22114,1.62542,4.104166666666667,3.25,2,2,2.0,15.0,2.1142857142857143,1.2571428571428571,74.0,44.0,1.4772965254640646,0.5627796287482152,0.8441694431223227,1.0552118039029033,3.0,0.6666666666666666,0.3333333333333333,4.666666666666667,3.0,0.0,1.9568,0.4289,1.0,H
2e654a36-3141-49af-be41-4c4a994d460d,4ae76f8f-38a1-44de-b4ce-4253de169df5,2025,37,37,2026-05-15T19:00:00+00:00,f8f456e7-3e20-4803-ba4e-b1762a31812c,54ed0f97-ad19-421c-a5c2-9b9d3fcbc72d,Aston Villa FC,Liverpool FC,74,74,38,38,1.0,1.0,5.0,1.0,1.6,1.8,1.70716,1.29718,10.0,2.0,2.0,1.2,1.30006,1.6502,9.0,0.9,1.3,1.9,1.5868,1.50993,17.0,1.7,1.9,1.3,1.54258,1.57595,1.8,2.0,1.8639800000000002,1.62198,1.4,1.6,1.58734,1.80698,5.25,6.3125,2,2,5.0,4.0,1.6388888888888888,1.6388888888888888,59.0,59.0,0.914448669201521,1.3365019011406845,1.3365019011406845,0.914448669201521,3.0,0.0,0.3333333333333333,2.6666666666666665,4.0,2.0,2.5252,1.5503,1.0,H
296e8154-bf6c-413d-9e15-53681648bf31,931a9cec-f22a-4b8f-a8b3-1bd076e6db8f,2025,37,37,2026-05-17T11:30:00+00:00,48fc005c-cbfc-4e4d-b7f1-459dce6cf940,5421e81a-b7dd-48b1-9982-42644e8dcf9f,Manchester United FC,Nottingham Forest FC,74,74,38,38,1.0,1.0,10.0,2.0,1.4,1.0,1.3484399999999999,1.56036,11.0,2.2,2.8,0.8,1.5219200000000002,1.28014,20.0,2.0,1.6,1.1,1.57726,1.36911,16.0,1.6,2.0,0.9,1.29765,1.52776,2.2,1.4,1.9588999999999999,1.3757,2.8,1.0,1.49268,1.6664400000000001,7.895833333333333,6.9375,2,2,3.0,16.0,1.8055555555555556,1.1944444444444444,65.0,43.0,1.123791469194313,0.7726066350710901,1.404739336492891,0.632132701421801,3.0,0.0,0.3333333333333333,3.3333333333333335,3.0,2.0,4.2853,1.8442,1.0,H
3d0a4933-24a8-453f-9816-522ae99ea508,d2a23ddc-bdcb-4c30-9059-b3fe19b20fc7,2025,37,37,2026-05-17T14:00:00+00:00,fbffa344-2426-4b4b-9886-b8cd56ec69a1,b552a1a6-4302-43ca-884c-0f91ac4f984b,Wolverhampton Wanderers FC,Fulham FC,74,74,38,38,1.0,1.0,1.0,0.2,0.2,2.4,0.87604,2.06282,4.0,0.8,0.2,1.2,1.07832,2.0690999999999997,9.0,0.9,0.9,1.8,1.01749,2.0642,14.0,1.4,0.9,1.0,1.4925799999999998,1.73004,1.4,1.0,1.00816,1.4967400000000002,0.6,1.2,1.20172,2.20464,8.0,8.0,1,1,20.0,11.0,0.5,1.3333333333333333,18.0,48.0,0.6314893617021277,1.2629787234042553,0.6314893617021277,0.7016548463356974,3.0,0.3333333333333333,0.0,3.6666666666666665,1.0,1.0,1.4973,1.4841,1.0,D
03052db8-bfc9-44c3-b0af-78da3843aa08,1269b600-2220-43e1-b023-02e9327184c3,2025,37,37,2026-05-17T14:00:00+00:00,66a313d1-2e21-49ad-a1c7-6f04cae6be69,74bd08fa-27db-4bb0-8490-f57f6ed6b8e9,Brentford FC,Crystal Palace FC,74,74,38,38,1.0,1.0,5.0,1.0,1.2,1.4,1.7692,1.86754,2.0,0.4,0.6,2.2,1.4656,1.68578,11.0,1.1,1.2,1.4,1.67543,1.60689,12.0,1.2,1.0,1.5,1.5328,1.6157299999999999,1.4,1.2,2.2718,1.25746,1.0,2.4,1.12124,1.8692199999999999,7.895833333333333,3.7916666666666665,1,2,8.0,15.0,1.4166666666666667,1.2222222222222223,51.0,44.0,0.8423240434577232,0.9827113840340103,0.701936702881436,1.0529050543221539,3.0,0.6666666666666666,0.0,2.6666666666666665,2.0,2.0,1.5456,1.8227,1.0,D
b5ddfa80-6dd8-4232-84d4-78f9383d54c6,c47fc0bc-2e4c-4415-9897-4a1cf6d5b52c,2025,37,37,2026-05-17T14:00:00+00:00,60cb8be0-9c1e-4019-8b60-fd9ac2aa9f2d,076f94c9-341e-4294-a86a-076741505170,Everton FC,Sunderland AFC,74,36,38,0,1.0,0.0,3.0,0.6,1.8,2.2,1.59028,2.0374600000000003,5.0,1.0,1.0,2.0,1.2223600000000001,1.7915199999999998,12.0,1.2,1.7,1.6,1.47019,1.6783100000000002,12.0,1.2,1.0,1.6,1.31212,1.62325,1.8,1.2,1.2657399999999999,1.27374,1.6,1.4,1.4147,1.96862,7.041666666666667,8.0,2,1,10.0,12.0,1.3611111111111112,1.3333333333333333,49.0,48.0,1.1926449787835927,1.1224893917963226,0.7015558698727016,1.1224893917963226,1.0,0.0,1.0,2.0,1.0,3.0,1.3218,1.2838,1.0,A
780e3219-6863-42fc-88f2-663c2ff5ad93,c395e906-1ab2-4d4a-8db6-bfa5fcc9f439,2025,37,37,2026-05-17T14:00:00+00:00,fe8b4d06-9254-4fc8-a08f-90f242e51751,db14882b-951f-4db5-860b-4ca2b8583311,Leeds United FC,Brighton & Hove Albion FC,36,74,0,38,0.0,1.0,11.0,2.2,2.2,1.0,2.3381,1.15456,10.0,2.0,2.2,1.0,1.7644600000000001,1.26306,14.0,1.4,1.2,0.8,1.6788399999999999,1.1166800000000001,22.0,2.2,1.8,0.8,1.68725,1.09668,1.2,0.6,1.6674399999999998,0.9235200000000001,1.6,1.0,1.3161,1.5702200000000002,5.791666666666667,8.0,1,1,15.0,7.0,1.2222222222222223,1.4722222222222223,44.0,53.0,0.8414117647058823,0.5609411764705883,1.2621176470588236,0.5609411764705883,1.0,0.0,0.0,3.0,1.0,0.0,0.7478,2.2324,1.0,H
64971d1c-aaf0-4b2f-b2dd-df7b6ccd8e4c,13fb04f0-1a77-441e-9e95-44baef1f0aff,2025,37,37,2026-05-17T16:30:00+00:00,c4045d6d-a715-4821-a800-cd9b505ad54b,21ec0474-e758-4563-97a9-912aab00b4f5,Newcastle United FC,West Ham United FC,74,74,38,38,1.0,1.0,4.0,0.8,1.2,1.4,1.70672,2.0961,7.0,1.4,1.2,1.0,1.41516,1.2246000000000001,10.0,1.0,1.3,1.5,1.44265,2.13117,12.0,1.2,1.0,1.3,1.3516,1.38131,1.8,1.8,1.8186799999999999,2.42346,0.6,2.0,0.9966799999999999,1.6439800000000002,7.145833333333333,7.041666666666667,1,1,14.0,18.0,1.2777777777777777,1.0,46.0,36.0,0.9123236124176859,1.052681091251176,0.7017873941674506,0.9123236124176859,3.0,0.3333333333333333,0.0,2.3333333333333335,3.0,1.0,2.1336,0.9578,1.0,H
db51190f-1178-4e58-acdf-248558c7aa97,438f7602-6f01-45ac-9091-814562dd0c82,2025,37,37,2026-05-18T19:00:00+00:00,ead1bc2e-8799-410a-a809-66a274bbab2c,2d3435a0-e4e8-4097-a60c-2a0f92c3fede,Arsenal FC,Burnley FC,74,36,38,0,1.0,0.0,9.0,1.8,1.4,0.8,2.32252,1.37912,1.0,0.2,0.8,2.4,0.9068200000000001,1.95472,22.0,2.2,1.8,0.8,2.10792,1.09024,3.0,0.3,0.9,2.2,1.07353,2.17476,1.8,0.6,2.30362,1.0982800000000001,0.8,2.6,0.9472799999999999,2.13924,8.145833333333334,8.25,1,1,1.0,19.0,2.1944444444444446,0.5833333333333334,79.0,21.0,1.2625352112676056,0.5611267605633803,0.6312676056338028,1.5430985915492959,1.0,1.0,0.0,2.0,1.0,0.0,1.227,0.1949,1.0,H
6e46f246-d583-4869-a583-74c36ebb2513,9f0b3438-7bfe-496f-bdf6-8548042ec351,2025,37,37,2026-05-19T18:30:00+00:00,6601a105-9986-4276-89bf-143cdf03198a,33d2f100-682f-4a5e-9aa3-5cc57e1e8571,AFC Bournemouth,Manchester City FC,74,74,38,38,1.0,1.0,13.0,2.6,2.0,0.8,1.9938200000000001,1.58256,13.0,2.6,2.4,0.8,2.75448,1.20958,18.0,1.8,1.3,0.7,1.87702,1.54318,24.0,2.4,2.1,0.8,2.5556799999999997,1.08806,1.6,1.0,2.0237,1.07844,1.8,0.8,2.33146,1.14954,10.1875,5.979166666666667,1,2,6.0,2.0,1.5277777777777777,2.138888888888889,55.0,77.0,0.9126231816048803,0.4914124824026278,1.4742374472078836,0.5616142656030033,3.0,0.3333333333333333,0.0,3.6666666666666665,1.0,1.0,1.7149,1.2692,1.0,D
f7401510-4bd0-4d46-b693-065a9f6004a1,fee65945-8312-4c94-b3d2-9604f67157d2,2025,37,37,2026-05-19T19:15:00+00:00,1cb320b2-b42f-4131-8f5f-ef42e7f82540,c23d6b7a-dfaf-44a3-b016-1feb2dddec44,Chelsea FC,Tottenham Hotspur FC,74,74,38,38,1.0,1.0,1.0,0.2,0.4,2.2,1.11372,1.6591200000000002,8.0,1.6,1.2,1.0,1.25064,1.23102,5.0,0.5,0.8,1.9,1.59019,1.45705,9.0,0.9,1.0,1.8,1.16601,1.6552900000000002,0.4,1.8,1.78278,1.43994,1.0,1.0,1.06216,1.3538999999999999,10.322916666666666,8.010416666666666,1,1,10.0,17.0,1.3611111111111112,1.0555555555555556,49.0,38.0,0.5618377871542429,1.3343647444913267,0.7022972339428035,1.2641350210970466,3.0,1.0,0.0,3.0,2.0,1.0,1.0926,2.1523,1.0,H
5d1aaeab-147c-4c30-9b1f-4ceee7d5c7fb,bc9d244f-a449-45fe-b99c-9de5db3b90bf,2025,38,38,2026-05-24T15:00:00+00:00,076f94c9-341e-4294-a86a-076741505170,1cb320b2-b42f-4131-8f5f-ef42e7f82540,Sunderland AFC,Chelsea FC,37,75,0,38,0.0,1.0,5.0,1.0,1.4,2.2,1.1239599999999998,1.85268,4.0,0.8,0.8,1.8,1.08802,1.6079,15.0,1.5,1.2,1.4,1.26441,1.53873,7.0,0.7,0.9,1.9,1.44792,1.57102,0.4,1.8,1.20954,1.2778800000000001,1.2,2.0,1.3976,1.47416,7.041666666666667,4.822916666666667,1,1,10.0,8.0,1.3783783783783783,1.4054054054054055,51.0,52.0,0.8426966292134832,0.9831460674157303,0.6320224719101124,1.3342696629213484,1.0,1.0,0.0,3.0,2.0,1.0,2.3311,0.9209,1.0,H
ae4e82b0-5794-4a26-8b19-8f54b896b496,8a52bf5c-32e6-4c5f-9092-4ff1b189a53c,2025,38,38,2026-05-24T15:00:00+00:00,54ed0f97-ad19-421c-a5c2-9b9d3fcbc72d,66a313d1-2e21-49ad-a1c7-6f04cae6be69,Liverpool FC,Brentford FC,75,75,38,38,1.0,1.0,7.0,1.4,2.0,2.0,1.2071200000000002,1.8712,5.0,1.0,1.2,1.4,1.62572,1.9180199999999998,14.0,1.4,2.0,1.7,1.45798,1.7349899999999998,12.0,1.2,1.4,1.4,1.66097,1.65196,2.4,1.0,1.4978200000000002,1.34492,1.0,1.6,1.0790600000000001,1.9563199999999998,8.833333333333334,7.041666666666667,1,1,5.0,10.0,1.5945945945945945,1.4054054054054055,59.0,52.0,1.4043945769050958,1.1937353903693313,0.983076203833567,0.983076203833567,3.0,0.6666666666666666,0.0,3.0,1.0,1.0,2.9941,1.4608,1.0,D
c71c0132-64b6-416a-831f-02afb9b70fcf,781d12c7-39ad-48d4-901a-ea7160d3fdef,2025,38,38,2026-05-24T15:00:00+00:00,db14882b-951f-4db5-860b-4ca2b8583311,48fc005c-cbfc-4e4d-b7f1-459dce6cf940,Brighton & Hove Albion FC,Manchester United FC,75,75,38,38,1.0,1.0,7.0,1.4,1.8,1.2,1.9965800000000002,1.25022,13.0,2.6,1.8,1.0,1.9323800000000002,1.33896,19.0,1.9,1.6,0.9,1.77329,1.00244,20.0,2.0,1.8,1.3,1.8603200000000002,1.4974399999999999,2.0,0.6,2.0584,0.62314,1.0,0.8,1.1956200000000001,1.36252,7.041666666666667,7.145833333333333,1,1,8.0,3.0,1.4324324324324325,1.837837837837838,53.0,68.0,1.1239607659971977,0.6322279308734237,1.2644558617468473,0.913218122372723,3.0,0.6666666666666666,0.0,4.333333333333333,0.0,3.0,0.7024,2.3287,1.0,A
f88bc6ce-731e-4ce3-bdf0-3dc832f94452,d528ffda-06cb-4225-a000-cf77502d6e73,2025,38,38,2026-05-24T15:00:00+00:00,74bd08fa-27db-4bb0-8490-f57f6ed6b8e9,ead1bc2e-8799-410a-a809-66a274bbab2c,Crystal Palace FC,Arsenal FC,75,75,38,38,1.0,1.0,2.0,0.4,1.0,2.6,1.6834600000000002,1.87042,12.0,2.4,1.4,0.4,1.93522,1.13918,10.0,1.0,1.1,1.7,1.51151,1.60254,24.0,2.4,1.7,0.6,2.0296,1.0924200000000002,1.0,0.6,1.94436,1.36224,1.8,1.0,1.91222,1.0821999999999998,7.041666666666667,5.833333333333333,2,2,15.0,1.0,1.2162162162162162,2.2162162162162162,45.0,82.0,0.7726679104477612,1.194123134328358,1.194123134328358,0.421455223880597,3.0,0.0,0.3333333333333333,3.6666666666666665,1.0,2.0,1.0049,3.9065,1.0,A
f3e73d38-e352-4962-94d3-f453ed0de348,ccbd5e2e-6590-4e21-861d-acf8b366554d,2025,38,38,2026-05-24T15:00:00+00:00,2d3435a0-e4e8-4097-a60c-2a0f92c3fede,fbffa344-2426-4b4b-9886-b8cd56ec69a1,Burnley FC,Wolverhampton Wanderers FC,37,75,0,38,0.0,1.0,1.0,0.2,0.8,2.2,0.7834,1.9857599999999997,2.0,0.4,0.4,1.8,1.0611000000000002,1.85088,2.0,0.2,0.8,2.2,0.99176,2.04593,9.0,0.9,0.8,1.7,1.14991,2.01159,1.0,1.8,1.19978,2.21028,0.4,2.6,1.02682,2.63166,5.833333333333333,7.041666666666667,1,1,19.0,20.0,0.5675675675675675,0.5135135135135135,21.0,19.0,0.5619003260363298,1.545225896599907,0.5619003260363298,1.1940381928272008,1.0,1.0,0.0,5.0,1.0,1.0,1.2848,2.8433,1.0,D
4f90be8f-11e8-448e-86f3-363065436fcd,a3e6517a-9323-4e82-8e21-916d69427688,2025,38,38,2026-05-24T15:00:00+00:00,b552a1a6-4302-43ca-884c-0f91ac4f984b,c4045d6d-a715-4821-a800-cd9b505ad54b,Fulham FC,Newcastle United FC,75,75,38,38,1.0,1.0,5.0,1.0,0.4,1.0,1.0911,1.96556,7.0,1.4,1.6,1.2,1.8788399999999998,1.6598,12.0,1.2,0.7,1.0,1.42429,1.7036799999999999,13.0,1.3,1.5,1.4,1.60521,2.0042999999999997,1.2,0.8,1.78344,1.25544,0.8,1.2,1.06662,1.83888,7.041666666666667,6.9375,1,1,13.0,11.0,1.3243243243243243,1.3243243243243243,49.0,49.0,0.49185667752442996,0.7026523964634714,1.0539785946952072,0.9837133550488599,3.0,0.6666666666666666,0.0,3.3333333333333335,2.0,0.0,1.7288,0.2423,1.0,H
6ea054f6-75b1-4845-a645-f124260d5cf6,699489e5-ce18-4621-b04d-5fbe57627d2c,2025,38,38,2026-05-24T15:00:00+00:00,33d2f100-682f-4a5e-9aa3-5cc57e1e8571,f8f456e7-3e20-4803-ba4e-b1762a31812c,Manchester City FC,Aston Villa FC,75,75,38,38,1.0,1.0,11.0,2.2,2.2,0.8,2.48526,1.09464,7.0,1.4,2.2,2.0,1.9396,1.4371399999999999,22.0,2.2,2.0,0.8,2.45995,1.20875,11.0,1.1,1.6,2.0,1.71388,1.5371000000000001,2.4,0.8,2.7799,1.02658,0.8,1.8,1.30962,1.39788,4.854166666666667,8.833333333333334,2,1,2.0,4.0,2.108108108108108,1.6756756756756757,78.0,62.0,1.405857740585774,0.5623430962343097,1.1246861924686193,1.405857740585774,3.0,0.3333333333333333,0.0,2.3333333333333335,1.0,2.0,1.3809,2.4397,1.0,A
a7857177-3c8e-4d77-88ab-edc7c09c293a,9e479ed8-7666-46e8-a21c-299dc55b2e0f,2025,38,38,2026-05-24T15:00:00+00:00,5421e81a-b7dd-48b1-9982-42644e8dcf9f,6601a105-9986-4276-89bf-143cdf03198a,Nottingham Forest FC,AFC Bournemouth,75,75,38,38,1.0,1.0,10.0,2.0,3.0,1.2,1.72066,1.8646,11.0,2.2,1.8,0.8,2.05788,1.2037,16.0,1.6,2.2,1.1,1.38859,1.7166599999999999,18.0,1.8,1.4,0.8,1.9962399999999998,1.43569,1.2,0.8,1.10262,1.38908,1.0,0.4,1.73034,2.00792,7.145833333333333,4.854166666666667,1,1,16.0,6.0,1.162162162162162,1.5135135135135136,43.0,56.0,1.5463324048282268,0.7731662024141134,0.984029712163417,0.5623026926648097,3.0,0.0,0.3333333333333333,3.0,1.0,1.0,2.0585,1.3368,1.0,D
fad492fb-1374-4091-a923-df6296b35c61,c3c5ab7e-cccb-4272-8c1d-2ff3c0025e97,2025,38,38,2026-05-24T15:00:00+00:00,c23d6b7a-dfaf-44a3-b016-1feb2dddec44,60cb8be0-9c1e-4019-8b60-fd9ac2aa9f2d,Tottenham Hotspur FC,Everton FC,75,75,38,38,1.0,1.0,8.0,1.6,1.4,1.2,1.4779,1.09438,2.0,0.4,1.6,2.4,1.5405799999999998,1.84162,9.0,0.9,1.0,1.6,1.34291,1.43285,12.0,1.2,1.8,1.8,1.54628,1.6612200000000001,1.0,2.6,1.26986,1.95668,1.6,2.0,1.6746400000000001,2.0828800000000003,4.822916666666667,7.041666666666667,2,1,17.0,13.0,1.027027027027027,1.3243243243243243,38.0,49.0,0.7031539888682746,1.1250463821892394,1.2656771799628943,1.2656771799628943,3.0,0.6666666666666666,0.0,4.0,1.0,0.0,1.406,0.2685,1.0,H
4cec7c7d-8f90-4015-a3a0-f75f908588ba,398a7e88-12a3-4c82-9b80-545e09b355ab,2025,38,38,2026-05-24T15:00:00+00:00,21ec0474-e758-4563-97a9-912aab00b4f5,fe8b4d06-9254-4fc8-a08f-90f242e51751,West Ham United FC,Leeds United FC,75,37,38,0,1.0,0.0,4.0,0.8,0.6,1.6,1.09796,1.5369199999999998,11.0,2.2,2.0,0.8,1.8974199999999999,1.32792,11.0,1.1,1.1,1.6,1.2129699999999999,1.5424,16.0,1.6,1.2,0.7,1.62576,1.21448,1.4,0.6,1.70652,1.1186399999999999,1.2,1.0,1.69024,1.30984,6.9375,7.041666666666667,2,2,18.0,14.0,0.972972972972973,1.2702702702702702,36.0,47.0,0.7741307371349097,1.126008344923505,0.8445062586926286,0.49262865090403335,1.0,0.0,0.0,3.0,3.0,0.0,2.7314,1.9497,1.0,H
36353c3c-9690-47e1-9541-77d90c0bb4e5,3e905cc4-23a7-4c51-9c14-b8e3eb55005f,2026,1,1,2026-08-21T19:00:00+00:00,ead1bc2e-8799-410a-a809-66a274bbab2c,d95bc61c-17e5-44b5-bdb9-ec10e55d1aea,Arsenal FC,Coventry City FC,76,0,76,0,1.0,0.0,15.0,3.0,1.6,0.2,2.2586,0.8170999999999999,0.0,0.0,0.0,0.0,0.0,0.0,24.0,2.4,1.5,0.6,2.08855,1.15458,0.0,0.0,0.0,0.0,0.0,0.0,1.6,0.4,2.20582,0.8667200000000002,0.0,0.0,0.0,0.0,89.16666666666667,7.0,0,0,0.0,0.0,0.0,0.0,0.0,0.0,1.0555555555555556,0.4222222222222222,0.9500000000000001,0.9500000000000001,0.0,0.0,0.0,0.0,3.0,0.0,1.8542,0.5583,1.0,H
c24b1201-c3ce-489b-a9bb-08955367fee5,d96c34fd-15d3-4c12-923d-d4edfc2b379b,2026,1,1,2026-08-22T11:30:00+00:00,f7968242-f357-4da3-84bc-b49a6f3af9fe,48fc005c-cbfc-4e4d-b7f1-459dce6cf940,Hull City AFC,Manchester United FC,0,76,0,76,0.0,1.0,0.0,0.0,0.0,0.0,0.0,0.0,13.0,2.6,2.2,1.0,2.3109200000000003,1.22322,0.0,0.0,0.0,0.0,0.0,0.0,20.0,2.0,1.9,1.2,1.85858,1.52921,0.0,0.0,0.0,0.0,1.4,0.8,1.37042,1.39082,7.0,89.85416666666667,0,0,0.0,0.0,0.0,0.0,0.0,0.0,0.9499306518723994,0.9499306518723994,1.336939435968562,0.844382801664355,0.0,0.0,0.0,0.0,2.0,0.0,1.4963,1.7787,1.0,H
44ffba5c-c1e2-4099-8774-67a72f14e9cf,2ae5b725-6854-4f56-8b15-5fb1ddcf877a,2026,1,1,2026-08-22T14:00:00+00:00,67d3236c-6589-4978-b178-f6dcf50166d4,076f94c9-341e-4294-a86a-076741505170,Ipswich Town FC,Sunderland AFC,38,38,38,38,1.0,1.0,1.0,0.2,0.6,2.2,0.85016,1.60012,8.0,1.6,1.2,1.6,1.2781600000000002,1.2564199999999999,5.0,0.5,1.0,2.4,0.8852499999999999,1.9835,17.0,1.7,1.3,1.4,1.38963,1.44839,0.8,2.8,0.63932,1.84372,2.0,1.4,1.4556799999999999,1.86812,453.9583333333333,89.95833333333333,0,0,0.0,0.0,0.0,0.0,0.0,0.0,0.7039260969976905,1.689422632794457,0.9151039260969976,0.9854965357967667,0.0,0.0,0.0,0.0,2.0,1.0,1.5845,1.1774,1.0,H
207d68c5-2fd5-4d91-b259-9e9000474c67,a2bd115a-e84b-4972-8354-d5ca6a80d232,2026,1,1,2026-08-22T14:00:00+00:00,5421e81a-b7dd-48b1-9982-42644e8dcf9f,fe8b4d06-9254-4fc8-a08f-90f242e51751,Nottingham Forest FC,Leeds United FC,76,38,76,38,1.0,1.0,8.0,1.6,2.4,1.2,1.84386,2.01168,8.0,1.6,1.4,1.4,1.57576,1.76048,17.0,1.7,2.2,1.0,1.51138,1.73023,16.0,1.6,1.2,0.9,1.6829100000000001,1.24079,1.4,0.8,1.32736,1.1771800000000001,1.0,1.4,1.8244599999999997,1.6052399999999998,89.95833333333333,89.95833333333333,0,0,0.0,0.0,0.0,0.0,0.0,0.0,1.5485239852398525,0.7038745387453874,0.8446494464944648,0.6334870848708487,2.0,0.5,0.0,4.0,0.0,1.0,0.6567,0.4662,1.0,A
40c0dcd6-1776-4c03-a59a-ea20c28d11d9,6ec98134-76b0-4885-bd0f-821e4b23b7f5,2026,1,1,2026-08-22T14:00:00+00:00,60cb8be0-9c1e-4019-8b60-fd9ac2aa9f2d,74bd08fa-27db-4bb0-8490-f57f6ed6b8e9,Everton FC,Crystal Palace FC,76,76,76,76,1.0,1.0,2.0,0.4,1.4,2.2,1.2986,1.84616,2.0,0.4,1.0,2.4,1.44462,2.36158,9.0,0.9,1.5,1.7,1.3324,1.68993,10.0,1.0,1.1,1.7,1.57353,1.7585799999999998,2.0,1.6,1.41792,1.23956,1.2,2.4,1.40884,1.70912,89.95833333333333,89.95833333333333,0,0,0.0,0.0,0.0,0.0,0.0,0.0,1.0567081604426003,1.197602581834947,0.774919317657907,1.197602581834947,4.0,0.75,0.25,3.25,2.0,0.0,1.4509,2.231,1.0,H
0e4211f3-cd81-4658-be3c-e46dd285f468,41edbe62-e299-4584-bdbe-cf583914eb14,2026,1,1,2026-08-22T16:30:00+00:00,66a313d1-2e21-49ad-a1c7-6f04cae6be69,c23d6b7a-dfaf-44a3-b016-1feb2dddec44,Brentford FC,Tottenham Hotspur FC,76,76,76,76,1.0,1.0,5.0,1.0,1.4,1.6,1.45078,2.3587,10.0,2.0,1.2,0.8,1.4469999999999998,0.9206200000000001,10.0,1.0,1.1,1.2,1.5624500000000001,1.8689900000000002,12.0,1.2,1.0,1.4,1.3882999999999999,1.22763,1.8,1.2,2.24288,1.3476,1.0,1.0,1.3022,1.1082800000000002,90.0625,90.0625,0,0,0.0,0.0,0.0,0.0,0.0,0.0,0.775218793182865,0.8456932289267618,0.7047443574389682,0.9866421004145554,4.0,0.0,0.25,2.0,3.0,0.0,4.0416,0.7563,1.0,H
c73446f4-9619-4519-b93f-5391e3bc5cf7,091f02bc-2abf-46b2-95fb-ad7b77d96115,2026,1,1,2026-08-23T13:00:00+00:00,33d2f100-682f-4a5e-9aa3-5cc57e1e8571,6601a105-9986-4276-89bf-143cdf03198a,Manchester City FC,AFC Bournemouth,76,76,76,76,1.0,1.0,8.0,1.6,2.2,1.2,2.07966,1.38782,9.0,1.8,1.6,0.8,1.65192,1.29306,19.0,1.9,2.0,1.0,2.35121,1.3149000000000002,18.0,1.8,1.4,0.8,1.9474900000000002,1.5336500000000002,2.2,1.0,2.61078,1.4129200000000002,1.2,0.6,1.89316,1.9507999999999999,90.91666666666667,90.91666666666667,0,0,0.0,0.0,0.0,0.0,0.0,0.0,1.4093836246550138,0.7046918123275069,0.9865685372585097,0.5637534498620056,4.0,0.5,0.25,3.25,2.0,1.0,2.4744,0.7075,1.0,H
cf9f4ccc-60f1-4d28-9041-6ff7be4b9838,1bc8ddb6-998d-429e-afc6-7cdd9bd8dfd3,2026,1,1,2026-08-23T13:00:00+00:00,db14882b-951f-4db5-860b-4ca2b8583311,f8f456e7-3e20-4803-ba4e-b1762a31812c,Brighton & Hove Albion FC,Aston Villa FC,76,76,76,76,1.0,1.0,6.0,1.2,1.4,1.4,1.9096,1.40386,7.0,1.4,1.8,1.6,1.6471,1.4013,16.0,1.6,1.4,1.1,1.7234200000000002,1.15225,14.0,1.4,1.8,1.9,1.82652,1.5244199999999999,1.6,1.0,1.95866,0.92276,1.2,1.6,1.5349,1.37252,90.91666666666667,90.91666666666667,0,0,0.0,0.0,0.0,0.0,0.0,0.0,0.9864951768488746,0.7751033532384015,1.2683509416628387,1.3388148828663298,4.0,0.0,0.25,3.75,4.0,0.0,4.0033,0.2752,1.0,H
a0d042da-26d2-41e9-95a4-52351d0a7d7f,aa777284-716d-4881-a537-6f7fb4d674d0,2026,1,1,2026-08-23T15:30:00+00:00,c4045d6d-a715-4821-a800-cd9b505ad54b,54ed0f97-ad19-421c-a5c2-9b9d3fcbc72d,Newcastle United FC,Liverpool FC,76,76,76,76,1.0,1.0,7.0,1.4,1.4,1.2,1.6049600000000002,1.33224,5.0,1.0,1.8,2.0,1.52928,1.86768,13.0,1.3,1.3,1.3,1.51755,1.93645,12.0,1.2,1.6,1.6,1.54745,1.7459,2.0,1.4,2.02162,2.13356,1.6,2.4,1.41814,2.12506,91.02083333333333,91.02083333333333,0,0,0.0,0.0,0.0,0.0,0.0,0.0,0.9155433287482806,0.9155433287482806,1.1268225584594223,1.1268225584594223,4.0,0.0,0.25,4.5,2.0,2.0,1.5947,3.1313,1.0,D
398ec41a-d7a4-465c-a8c1-0e52e19f9b55,a72785ef-82bc-4ebe-b123-585418c4c1b0,2026,1,1,2026-08-24T19:00:00+00:00,b552a1a6-4302-43ca-884c-0f91ac4f984b,1cb320b2-b42f-4131-8f5f-ef42e7f82540,Fulham FC,Chelsea FC,76,76,76,76,1.0,1.0,7.0,1.4,0.8,1.0,1.27872,1.5469199999999999,4.0,0.8,1.0,2.0,1.01598,1.98692,12.0,1.2,0.7,0.9,1.3651,1.6327000000000003,7.0,0.7,0.9,1.9,1.4047399999999999,1.6325299999999998,1.2,0.6,1.66506,1.11348,1.2,2.0,1.31124,1.59718,92.16666666666667,92.16666666666667,0,0,0.0,0.0,0.0,0.0,0.0,0.0,0.49272311212814646,0.6335011441647598,0.6335011441647598,1.337391304347826,4.0,0.5,0.0,2.75,2.0,3.0,1.4171,2.5838,1.0,A
a1bce3d0-1cc0-4551-a536-571eeb44bd6c,45e503e9-7160-48ff-b8a2-24b6ed6ccab8,2026,2,2,2026-08-28T19:00:00+00:00,74bd08fa-27db-4bb0-8490-f57f6ed6b8e9,33d2f100-682f-4a5e-9aa3-5cc57e1e8571,Crystal Palace FC,Manchester City FC,77,77,76,76,1.0,1.0,2.0,0.4,1.0,2.2,1.75516,2.1925,10.0,2.0,2.0,0.8,2.2911200000000003,1.1922000000000001,7.0,0.7,0.8,1.8,1.6051099999999998,1.7740500000000001,21.0,2.1,2.0,0.9,2.32599,1.26201,1.0,1.0,1.73822,1.80804,1.8,1.0,2.09164,1.2168800000000002,6.208333333333333,5.25,1,1,17.0,7.0,0.0,3.0,0.0,3.0,0.5625570776255708,1.2657534246575344,1.4063926940639269,0.6328767123287672,4.0,0.0,0.25,4.25,1.0,4.0,,,1.0,A
18210b5f-52a4-4088-8c22-5f4ac52c9fc3,1bb0c708-47bb-4ed0-8cc1-a0a3d6851a0e,2026,2,2,2026-08-29T11:30:00+00:00,54ed0f97-ad19-421c-a5c2-9b9d3fcbc72d,5421e81a-b7dd-48b1-9982-42644e8dcf9f,Liverpool FC,Nottingham Forest FC,77,77,76,76,1.0,1.0,3.0,0.6,1.6,2.2,1.8654,1.7468,5.0,1.0,1.4,1.4,1.66678,1.9820600000000002,13.0,1.3,1.7,1.6,1.64336,1.84177,16.0,1.6,2.0,0.9,1.45341,1.50419,1.6,0.8,1.6767600000000003,1.36674,3.0,1.2,1.6954,2.28328,5.833333333333333,6.895833333333333,1,1,10.0,15.0,1.0,0.0,1.0,0.0,1.194259681093394,1.124009111617312,1.40501138952164,0.632255125284738,4.0,0.25,0.25,1.75,2.0,2.0,,,1.0,D
5edf90fa-c857-482f-a592-efdc8c8c8f68,5e696fc9-51dc-49ab-963f-1d3aa6b1ff61,2026,2,2,2026-08-29T14:00:00+00:00,6601a105-9986-4276-89bf-143cdf03198a,60cb8be0-9c1e-4019-8b60-fd9ac2aa9f2d,AFC Bournemouth,Everton FC,77,77,76,76,1.0,1.0,8.0,1.6,1.4,0.8,1.4106999999999998,1.54474,5.0,1.0,1.6,1.8,1.3659000000000001,1.92524,17.0,1.7,1.5,1.0,1.78647,1.71376,9.0,0.9,1.5,1.7,1.36164,1.8368099999999998,1.6,1.0,2.00182,1.1165,1.0,1.8,1.24688,2.1403,6.041666666666667,7.0,1,1,15.0,5.0,0.0,3.0,0.0,3.0,1.053206002728513,0.702137335152342,1.053206002728513,1.1936334697589814,4.0,0.75,0.0,2.5,1.0,1.0,,,1.0,D
1c157e4f-3be4-499d-9a6e-83554156f713,97498ac5-63b2-4e2b-b18c-8c9f8fe51a19,2026,2,2,2026-08-29T14:00:00+00:00,d95bc61c-17e5-44b5-bdb9-ec10e55d1aea,f7968242-f357-4da3-84bc-b49a6f3af9fe,Coventry City FC,Hull City AFC,1,1,0,0,0.0,0.0,0.0,0.0,0.0,3.0,0.5583,1.8542,3.0,3.0,2.0,0.0,1.4963,1.7787,0.0,0.0,0.0,3.0,0.5583,1.8542,3.0,3.0,2.0,0.0,1.4963,1.7787,0.0,0.0,0.0,0.0,0.0,0.0,0.0,0.0,7.791666666666667,7.104166666666667,1,1,18.0,6.0,0.0,3.0,0.0,3.0,0.0,2.1072239890958655,1.404815992730577,0.0,0.0,0.0,0.0,0.0,0.0,1.0,,,1.0,A
ec9d9166-5c36-4524-8360-3962be945d42,569b5142-a1cf-4a93-9eb9-ef85a7b679d0,2026,2,2,2026-08-29T16:30:00+00:00,c23d6b7a-dfaf-44a3-b016-1feb2dddec44,c4045d6d-a715-4821-a800-cd9b505ad54b,Tottenham Hotspur FC,Newcastle United FC,77,77,76,76,1.0,1.0,7.0,1.4,1.0,1.4,1.38546,1.5764,8.0,1.6,1.8,1.4,1.7501200000000001,1.83066,12.0,1.2,0.9,1.4,1.3343099999999999,1.44027,11.0,1.1,1.3,1.4,1.48038,2.06901,1.0,1.8,1.4744,1.3469799999999998,0.6,1.2,1.01348,1.7393399999999999,7.0,6.041666666666667,1,1,17.0,11.0,0.0,1.0,0.0,1.0,0.6326975476839237,0.9841961852861034,0.9138964577656675,0.9841961852861034,4.0,0.0,0.25,3.25,0.0,2.0,,,1.0,A
ae10b13a-425a-4f7b-9230-2bbf9a2d2e6f,9fc4567b-b409-4874-8a32-0c3d9606361c,2026,2,2,2026-08-30T13:00:00+00:00,076f94c9-341e-4294-a86a-076741505170,b552a1a6-4302-43ca-884c-0f91ac4f984b,Sunderland AFC,Fulham FC,39,77,38,76,1.0,1.0,8.0,1.6,1.4,1.0,1.39078,1.2649000000000001,4.0,0.8,1.0,1.6,1.314,1.8824400000000001,14.0,1.4,1.3,1.6,1.4229800000000001,1.5180200000000001,12.0,1.2,0.9,1.1,1.444,1.7415500000000002,0.6,1.4,1.3235800000000002,1.02866,0.2,1.2,1.06514,2.15192,7.958333333333333,5.75,1,1,15.0,14.0,0.0,0.0,0.0,0.0,0.9142468239564429,1.1252268602540836,0.632940108892922,0.7735934664246825,2.0,0.0,0.0,2.5,1.0,0.0,,,1.0,H
f30c9669-8ab9-49a9-9dfb-e9529e40078d,bc30e7e3-c90a-4ac5-9096-c79589548d78,2026,2,2,2026-08-30T13:00:00+00:00,1cb320b2-b42f-4131-8f5f-ef42e7f82540,db14882b-951f-4db5-860b-4ca2b8583311,Chelsea FC,Brighton & Hove Albion FC,77,77,76,76,1.0,1.0,7.0,1.4,1.6,1.8,1.47316,1.76678,6.0,1.2,1.6,1.4,2.2067,1.39932,7.0,0.7,0.8,2.0,1.32424,1.66739,19.0,1.9,1.8,1.0,2.0318300000000002,1.12829,0.6,1.8,1.49824,1.6678799999999998,1.2,1.2,1.48818,1.3817400000000002,5.75,7.0,1,1,8.0,5.0,3.0,3.0,3.0,3.0,0.5630839002267574,1.4077097505668934,1.266938775510204,0.7038548752834467,4.0,0.25,0.0,4.0,4.0,3.0,,,1.0,H
059c77c0-39b8-4158-b59c-f63aafc30289,c08ddd88-8716-4fbf-b0bf-b07e0d8b0b72,2026,2,2,2026-08-30T13:00:00+00:00,fe8b4d06-9254-4fc8-a08f-90f242e51751,66a313d1-2e21-49ad-a1c7-6f04cae6be69,Leeds United FC,Brentford FC,39,77,38,76,1.0,1.0,10.0,2.0,1.2,1.0,1.4258,1.5090999999999999,8.0,1.6,1.8,1.2,1.99834,2.14026,19.0,1.9,1.3,0.8,1.64071,1.22207,12.0,1.2,1.4,1.2,1.8992799999999999,1.71285,1.4,0.4,1.5413599999999998,0.8763400000000001,0.4,1.2,0.88202,2.39038,7.958333333333333,7.854166666666667,1,1,10.0,7.0,3.0,3.0,3.0,3.0,0.9132911392405064,0.5620253164556963,0.9835443037974684,0.8430379746835444,2.0,0.0,1.0,1.0,1.0,1.0,,,1.0,D
84607f83-56d7-4afe-831d-419f634287c3,1e722165-89ab-4ca1-ac5d-bf25de5b4385,2026,2,2,2026-08-30T15:30:00+00:00,48fc005c-cbfc-4e4d-b7f1-459dce6cf940,67d3236c-6589-4978-b178-f6dcf50166d4,Manchester United FC,Ipswich Town FC,77,39,76,38,1.0,1.0,10.0,2.0,1.8,1.2,2.29696,1.26172,4.0,0.8,1.0,1.8,1.14162,1.0125199999999999,20.0,2.0,1.8,1.2,1.8558800000000002,1.4822000000000002,8.0,0.8,1.0,2.1,0.99162,1.97052,2.4,1.6,2.34674,1.6676000000000002,1.2,2.0,1.13118,2.1232800000000003,8.166666666666666,8.0625,1,1,16.0,10.0,0.0,3.0,0.0,3.0,1.2650406504065042,0.8433604336043361,0.7028003613369468,1.4758807588075882,2.0,0.5,0.5,3.5,5.0,2.0,,,1.0,H
e0396de8-3c19-4183-9953-c83902918a31,de74f5e3-8122-4305-ab58-f0cd14d77085,2026,2,2,2026-08-31T19:00:00+00:00,f8f456e7-3e20-4803-ba4e-b1762a31812c,ead1bc2e-8799-410a-a809-66a274bbab2c,Aston Villa FC,Arsenal FC,77,77,76,76,1.0,1.0,7.0,1.4,1.8,2.2,1.5209,1.95382,15.0,3.0,2.0,0.2,2.5016,0.75498,14.0,1.4,1.7,1.9,1.7471900000000002,1.5858700000000001,24.0,2.4,1.6,0.5,2.10237,1.07514,2.4,2.2,2.11814,1.67632,1.8,0.8,2.29148,1.24856,8.25,10.0,1,1,18.0,9.0,0.0,3.0,0.0,3.0,1.1925258892390815,1.3328230526789735,1.1223773075191357,0.35074290859972984,4.0,0.25,0.25,3.5,0.0,1.0,,,1.0,A
9d3cfa74-64da-41ac-9274-ff315bb0e87f,7809cb85-f8a1-4694-a381-204accd7a66f,2026,3,3,2026-09-04T19:00:00+00:00,67d3236c-6589-4978-b178-f6dcf50166d4,54ed0f97-ad19-421c-a5c2-9b9d3fcbc72d,Ipswich Town FC,Liverpool FC,40,78,38,76,1.0,1.0,3.0,0.6,1.0,2.4,1.18292,1.12082,4.0,0.8,1.6,2.0,1.9297799999999998,1.50558,5.0,0.5,1.0,2.5,0.98536,1.9058800000000002,13.0,1.3,1.8,1.7,1.6482800000000002,1.86113,0.8,2.2,0.85206,1.8177600000000003,1.8,2.4,1.6099599999999998,2.3167999999999997,5.145833333333333,6.3125,2,2,12.0,13.0,1.5,1.0,3.0,2.0,0.702070207020702,1.7551755175517552,1.2637263726372636,1.1935193519351934,2.0,0.0,0.0,3.5,,,,,0.0,
96164213-6a63-4c25-b1c0-3c6458beefbf,cd5537e1-5eb0-43c5-a297-674ead697ae7,2026,3,3,2026-09-05T11:30:00+00:00,c4045d6d-a715-4821-a800-cd9b505ad54b,6601a105-9986-4276-89bf-143cdf03198a,Newcastle United FC,AFC Bournemouth,78,78,76,76,1.0,1.0,8.0,1.6,1.6,1.2,1.39426,1.7264399999999998,6.0,1.2,1.0,1.0,1.22144,1.6790800000000001,11.0,1.1,1.4,1.4,1.51213,2.0315000000000003,17.0,1.7,1.6,1.1,1.6844899999999998,1.68106,2.0,1.6,1.94728,2.3986799999999997,1.4,1.0,1.5607,2.1102800000000004,6.791666666666667,6.895833333333333,2,2,6.0,15.0,2.0,0.5,4.0,1.0,0.9828982898289828,0.9828982898289828,1.1233123312331232,0.7722772277227723,4.0,0.0,0.5,2.5,,,,,0.0,
747a812b-a3b9-43ec-a598-f23ed70f2a96,17cf52f3-5c67-4174-8f83-ece495d819ca,2026,3,3,2026-09-05T14:00:00+00:00,5421e81a-b7dd-48b1-9982-42644e8dcf9f,c23d6b7a-dfaf-44a3-b016-1feb2dddec44,Nottingham Forest FC,Tottenham Hotspur FC,78,78,76,76,1.0,1.0,3.0,0.6,1.2,1.6,1.4747400000000002,1.8178,4.0,0.8,0.6,1.6,1.4309999999999998,1.7245000000000001,16.0,1.6,2.2,1.1,1.50631,1.54579,11.0,1.1,0.8,1.5,1.35367,1.44519,1.4,1.0,1.2945,1.08362,0.8,1.4,1.22218,1.65644,7.104166666666667,6.895833333333333,2,2,14.0,19.0,0.5,0.0,1.0,0.0,1.5445544554455446,0.7722772277227723,0.5616561656165616,1.053105310531053,4.0,1.0,0.0,2.5,,,,,0.0,
d2b07b70-893e-44b5-8cf6-70c9005ddff6,5efaaf55-7d7f-44ac-b309-31bf6d673159,2026,3,3,2026-09-05T14:00:00+00:00,db14882b-951f-4db5-860b-4ca2b8583311,fe8b4d06-9254-4fc8-a08f-90f242e51751,Brighton & Hove Albion FC,Leeds United FC,78,40,76,38,1.0,1.0,6.0,1.2,2.0,1.6,2.1024800000000003,1.04346,8.0,1.6,0.8,1.0,1.2767,1.69218,16.0,1.6,2.0,1.4,2.054,1.19738,19.0,1.9,1.4,0.9,1.66215,1.30455,2.4,0.8,2.5754799999999998,0.8748400000000001,1.2,1.4,1.69058,1.63154,6.041666666666667,6.041666666666667,2,2,9.0,8.0,1.5,2.0,3.0,4.0,1.404140414041404,0.9828982898289828,0.9828982898289828,0.6318631863186318,2.0,0.5,0.0,2.0,,,,,0.0,
86b7b0b0-b4ec-490f-bc5b-ab69fff9bf02,c6cc5132-26a7-47d3-bf59-c9f7642a6f39,2026,3,3,2026-09-05T14:00:00+00:00,66a313d1-2e21-49ad-a1c7-6f04cae6be69,076f94c9-341e-4294-a86a-076741505170,Brentford FC,Sunderland AFC,78,40,76,38,1.0,1.0,6.0,1.2,1.4,1.4,1.8135999999999999,2.25948,10.0,2.0,1.4,0.8,1.47598,1.14264,12.0,1.2,1.3,1.1,1.7546199999999998,1.66781,17.0,1.7,1.4,1.5,1.49207,1.5401900000000002,2.0,0.8,2.49188,1.1387800000000001,2.0,1.8,1.52238,2.00738,6.041666666666667,6.041666666666667,2,2,5.0,11.0,2.0,1.5,4.0,3.0,0.9126912691269127,0.7722772277227723,0.9828982898289828,1.053105310531053,2.0,0.5,0.0,3.0,,,,,0.0,
cc88bb4e-f0be-40db-b9f9-74e7ed7ec168,cfd379c0-f565-450f-8422-a4c6ca2db18f,2026,3,3,2026-09-05T14:00:00+00:00,b552a1a6-4302-43ca-884c-0f91ac4f984b,74bd08fa-27db-4bb0-8490-f57f6ed6b8e9,Fulham FC,Crystal Palace FC,78,78,76,76,1.0,1.0,4.0,0.8,1.0,1.2,1.44466,1.3342800000000001,1.0,0.2,0.8,2.6,1.3675,2.04196,11.0,1.1,0.9,1.2,1.4856,1.79445,6.0,0.6,0.9,2.2,1.6875900000000001,1.7954899999999998,1.6,1.0,1.82286,1.33118,0.6,2.6,1.472,1.7400600000000002,6.041666666666667,7.791666666666667,2,2,16.0,18.0,0.0,0.0,0.0,0.0,0.6318631863186318,0.8424842484248424,0.6318631863186318,1.5445544554455446,4.0,0.25,0.25,2.25,,,,,0.0,
00530327-773f-42a0-8853-53697753e6e8,a6077902-ad6d-45f0-82b6-17e47058e959,2026,3,3,2026-09-05T14:00:00+00:00,33d2f100-682f-4a5e-9aa3-5cc57e1e8571,d95bc61c-17e5-44b5-bdb9-ec10e55d1aea,Manchester City FC,Coventry City FC,78,2,76,0,1.0,0.0,10.0,2.0,2.2,1.0,1.68626,1.3282,0.0,0.0,0.0,2.0,0.95415,1.6021,23.0,2.3,2.3,0.9,2.26553,1.3481100000000001,0.0,0.0,0.0,2.0,0.95415,1.6021,2.2,0.8,2.56034,1.30714,0.0,3.0,0.5583,1.8542,7.791666666666667,7.0,2,1,1.0,17.0,3.0,0.0,6.0,0.0,1.6147614761476146,0.6318631863186318,0.0,1.404140414041404,0.0,0.0,0.0,0.0,,,,,0.0,
933d23a8-a2f7-47a0-a673-9e4c304da3e5,d54fd1d3-ae73-4535-89d2-246f9503855b,2026,3,3,2026-09-05T16:30:00+00:00,f7968242-f357-4da3-84bc-b49a6f3af9fe,f8f456e7-3e20-4803-ba4e-b1762a31812c,Hull City AFC,Aston Villa FC,2,78,0,76,0.0,1.0,6.0,3.0,1.5,0.0,1.4231500000000001,1.5643500000000001,7.0,1.4,1.6,2.0,1.669,1.99936,6.0,3.0,1.5,0.0,1.4231500000000001,1.5643500000000001,14.0,1.4,1.6,1.7,1.76112,1.55305,2.0,0.0,1.4963,1.7787,1.0,1.8,1.3477999999999999,1.83754,7.104166666666667,4.895833333333333,1,2,3.0,20.0,3.0,0.0,6.0,0.0,1.053105310531053,0.0,1.1233123312331232,1.1935193519351934,0.0,0.0,0.0,0.0,,,,,0.0,
898d9293-f07f-4109-9c68-7e394c00ab6d,3184d9a9-c965-44f9-83d7-0b0b214f7498,2026,3,3,2026-09-06T13:00:00+00:00,60cb8be0-9c1e-4019-8b60-fd9ac2aa9f2d,48fc005c-cbfc-4e4d-b7f1-459dce6cf940,Everton FC,Manchester United FC,78,78,76,76,1.0,1.0,5.0,1.0,1.2,1.4,1.29878,1.91182,10.0,2.0,2.2,1.2,2.05574,1.3261,10.0,1.0,1.6,1.6,1.37879,1.78095,20.0,2.0,2.0,1.3,1.82306,1.49613,2.0,1.6,1.4764,1.53332,1.2,0.8,1.36502,1.2968,7.958333333333333,6.895833333333333,1,1,7.0,10.0,2.0,1.5,4.0,3.0,1.1233123312331232,1.1233123312331232,1.404140414041404,0.9126912691269127,4.0,0.25,0.25,2.5,,,,,0.0,
0652f69f-f4d2-478b-8dec-aa59a54a7368,04758722-9f5d-423f-af5c-d34bb5c6bce3,2026,3,3,2026-09-06T15:30:00+00:00,ead1bc2e-8799-410a-a809-66a274bbab2c,1cb320b2-b42f-4131-8f5f-ef42e7f82540,Arsenal FC,Chelsea FC,78,78,76,76,1.0,1.0,15.0,3.0,1.6,0.2,1.95344,0.8856400000000001,10.0,2.0,2.2,1.8,1.3089,1.57474,24.0,2.4,1.6,0.5,2.1858899999999997,1.11822,10.0,1.0,1.2,2.2,1.28673,1.6991399999999999,1.8,0.4,2.19494,0.74268,1.0,2.2,1.15024,1.6669,5.854166666666667,7.104166666666667,1,2,2.0,4.0,3.0,3.0,6.0,6.0,1.1233123312331232,0.351035103510351,0.8424842484248424,1.5445544554455446,4.0,0.5,0.5,2.0,,,,,0.0,
f288b27e-ace5-49c3-9d4e-a0f947819523,758db9f1-af2f-44f4-bd52-5c7ef1084905,2026,4,4,2026-09-12T14:00:00+00:00,74bd08fa-27db-4bb0-8490-f57f6ed6b8e9,67d3236c-6589-4978-b178-f6dcf50166d4,Crystal Palace FC,Ipswich Town FC,78,40,76,38,1.0,1.0,1.0,0.2,0.8,2.6,1.3675,2.04196,3.0,0.6,1.0,2.4,1.18292,1.12082,6.0,0.6,0.9,2.2,1.6875900000000001,1.7954899999999998,5.0,0.5,1.0,2.5,0.98536,1.9058800000000002,1.2,1.8,1.90318,1.85092,1.2,2.8,1.11866,1.9940000000000002,14.791666666666666,12.9375,0,1,18.0,12.0,0.0,1.5,0.0,3.0,0.6318631863186318,1.5445544554455446,0.702070207020702,1.7551755175517552,2.0,1.0,0.0,1.0,,,,,0.0,
5bc3cd0c-813f-4861-aa60-deb0baf6d226,205cd4d4-4af6-41e6-88bf-195faec07dd5,2026,4,4,2026-09-12T14:00:00+00:00,54ed0f97-ad19-421c-a5c2-9b9d3fcbc72d,b552a1a6-4302-43ca-884c-0f91ac4f984b,Liverpool FC,Fulham FC,78,78,76,76,1.0,1.0,4.0,0.8,1.6,2.0,1.9297799999999998,1.50558,4.0,0.8,1.0,1.2,1.44466,1.3342800000000001,13.0,1.3,1.8,1.7,1.6482800000000002,1.86113,11.0,1.1,0.9,1.2,1.4856,1.79445,1.8,1.0,1.6865999999999999,1.4054600000000002,0.2,1.4,1.14834,2.25772,14.104166666666666,13.041666666666666,0,1,13.0,16.0,1.0,0.0,2.0,0.0,1.2637263726372636,1.1935193519351934,0.6318631863186318,0.8424842484248424,4.0,0.25,0.5,3.75,,,,,0.0,
83b5a44a-330a-481e-920a-ac30cc60f539,f3c54a65-6322-4753-b353-fb678b29432d,2026,4,4,2026-09-12T14:00:00+00:00,f8f456e7-3e20-4803-ba4e-b1762a31812c,5421e81a-b7dd-48b1-9982-42644e8dcf9f,Aston Villa FC,Nottingham Forest FC,78,78,76,76,1.0,1.0,7.0,1.4,1.6,2.0,1.669,1.99936,3.0,0.6,1.2,1.6,1.4747400000000002,1.8178,14.0,1.4,1.6,1.7,1.76112,1.55305,16.0,1.6,2.2,1.1,1.50631,1.54579,2.2,1.6,2.1744399999999997,1.2685600000000001,3.0,1.2,1.71812,2.0079599999999997,11.791666666666666,14.104166666666666,1,0,20.0,14.0,0.0,0.5,0.0,1.0,1.1233123312331232,1.1935193519351934,1.5445544554455446,0.7722772277227723,4.0,0.5,0.25,3.0,,,,,0.0,
e62252e4-b9ff-4985-9cd4-cbfb6e83a872,4c43d27e-d851-477f-8af2-81108e82e3fa,2026,4,4,2026-09-12T14:00:00+00:00,6601a105-9986-4276-89bf-143cdf03198a,66a313d1-2e21-49ad-a1c7-6f04cae6be69,AFC Bournemouth,Brentford FC,78,78,76,76,1.0,1.0,6.0,1.2,1.0,1.0,1.22144,1.6790800000000001,6.0,1.2,1.4,1.4,1.8135999999999999,2.25948,17.0,1.7,1.6,1.1,1.6844899999999998,1.68106,12.0,1.2,1.3,1.1,1.7546199999999998,1.66781,1.8,1.2,1.8082799999999999,1.25184,0.6,1.4,1.01736,2.19684,14.0,13.041666666666666,1,1,15.0,5.0,0.5,2.0,1.0,4.0,1.1233123312331232,0.7722772277227723,0.9126912691269127,0.7722772277227723,4.0,0.0,0.25,3.25,,,,,0.0,
fa13b610-ba7e-46ab-94cb-644fb047dc23,2066d9a7-530c-4d83-8fe6-13f71dcf1d97,2026,4,4,2026-09-12T14:00:00+00:00,1cb320b2-b42f-4131-8f5f-ef42e7f82540,f7968242-f357-4da3-84bc-b49a6f3af9fe,Chelsea FC,Hull City AFC,78,2,76,0,1.0,0.0,10.0,2.0,2.2,1.8,1.3089,1.57474,6.0,3.0,1.5,0.0,1.4231500000000001,1.5643500000000001,10.0,1.0,1.2,2.2,1.28673,1.6991399999999999,6.0,3.0,1.5,0.0,1.4231500000000001,1.5643500000000001,1.4,2.2,1.4232200000000002,1.7313800000000001,1.0,0.0,1.35,1.35,13.041666666666666,14.0,1,1,4.0,3.0,3.0,3.0,6.0,6.0,0.8424842484248424,1.5445544554455446,1.053105310531053,0.0,0.0,0.0,0.0,0.0,,,,,0.0,
347708e9-da1e-43c3-b27b-828a6f999f49,7ed60e45-d28b-42bf-ba37-6c1e049f38b0,2026,4,4,2026-09-12T16:30:00+00:00,c23d6b7a-dfaf-44a3-b016-1feb2dddec44,60cb8be0-9c1e-4019-8b60-fd9ac2aa9f2d,Tottenham Hotspur FC,Everton FC,78,78,76,76,1.0,1.0,4.0,0.8,0.6,1.6,1.4309999999999998,1.7245000000000001,5.0,1.0,1.2,1.4,1.29878,1.91182,11.0,1.1,0.8,1.5,1.35367,1.44519,10.0,1.0,1.6,1.6,1.37879,1.78095,0.8,1.6,1.48516,1.23394,1.2,1.6,1.28118,2.02858,14.0,14.104166666666666,1,0,19.0,7.0,0.0,2.0,0.0,4.0,0.5616561656165616,1.053105310531053,1.1233123312331232,1.1233123312331232,4.0,0.75,0.0,3.25,,,,,0.0,
faef399d-6d8d-4123-90c1-03c142d883ae,4265b078-8cc6-47a1-906d-35056183d7c6,2026,4,4,2026-09-12T19:00:00+00:00,076f94c9-341e-4294-a86a-076741505170,ead1bc2e-8799-410a-a809-66a274bbab2c,Sunderland AFC,Arsenal FC,40,78,38,76,1.0,1.0,10.0,2.0,1.4,0.8,1.47598,1.14264,15.0,3.0,1.6,0.2,1.95344,0.8856400000000001,17.0,1.7,1.4,1.5,1.49207,1.5401900000000002,24.0,2.4,1.6,0.5,2.1858899999999997,1.11822,0.8,1.2,1.4617600000000002,1.073,1.2,0.6,1.8980799999999998,1.4419,13.25,12.0,1,1,11.0,2.0,1.5,3.0,3.0,6.0,0.9828982898289828,1.053105310531053,1.1233123312331232,0.351035103510351,2.0,0.0,0.5,3.5,,,,,0.0,
0db54b8e-afb9-42b2-b208-08acb23afedc,045b672a-9b5f-4d27-9af9-e2137c7c09a1,2026,4,4,2026-09-13T13:00:00+00:00,d95bc61c-17e5-44b5-bdb9-ec10e55d1aea,db14882b-951f-4db5-860b-4ca2b8583311,Coventry City FC,Brighton & Hove Albion FC,2,78,0,76,0.0,1.0,0.0,0.0,0.0,2.0,0.95415,1.6021,6.0,1.2,2.0,1.6,2.1024800000000003,1.04346,0.0,0.0,0.0,2.0,0.95415,1.6021,16.0,1.6,2.0,1.4,2.054,1.19738,0.0,1.0,1.35,1.35,1.6,2.0,1.53252,1.5199200000000002,14.958333333333334,14.0,0,1,17.0,9.0,0.0,1.5,0.0,3.0,0.0,1.404140414041404,1.404140414041404,0.9828982898289828,0.0,0.0,0.0,0.0,,,,,0.0,
959f3725-63f2-4f23-9842-098c1a703132,333e0c61-325b-4bb4-a644-cc3ab0695aff,2026,4,4,2026-09-13T15:30:00+00:00,48fc005c-cbfc-4e4d-b7f1-459dce6cf940,33d2f100-682f-4a5e-9aa3-5cc57e1e8571,Manchester United FC,Manchester City FC,78,78,76,76,1.0,1.0,10.0,2.0,2.2,1.2,2.05574,1.3261,10.0,2.0,2.2,1.0,1.68626,1.3282,20.0,2.0,2.0,1.3,1.82306,1.49613,23.0,2.3,2.3,0.9,2.26553,1.3481100000000001,2.8,1.8,2.2811,1.69546,2.4,1.0,1.97072,1.38908,14.0,15.854166666666666,1,0,10.0,1.0,1.5,3.0,3.0,6.0,1.404140414041404,0.9126912691269127,1.6147614761476146,0.6318631863186318,4.0,0.5,0.25,2.0,,,,,0.0,
6bfb00df-530b-4c54-a34c-e78ae3944238,71e6ed36-bed6-48c3-ad05-7a5b63555bf5,2026,4,4,2026-09-14T19:00:00+00:00,fe8b4d06-9254-4fc8-a08f-90f242e51751,c4045d6d-a715-4821-a800-cd9b505ad54b,Leeds United FC,Newcastle United FC,40,78,38,76,1.0,1.0,8.0,1.6,0.8,1.0,1.2767,1.69218,8.0,1.6,1.6,1.2,1.39426,1.7264399999999998,19.0,1.9,1.4,0.9,1.66215,1.30455,11.0,1.1,1.4,1.4,1.51213,2.0315000000000003,1.6,0.4,1.6337199999999998,0.9775600000000001,0.8,1.2,1.07698,1.66432,15.25,16.104166666666668,0,0,8.0,6.0,2.0,2.0,4.0,4.0,0.9828982898289828,0.6318631863186318,0.9828982898289828,0.9828982898289828,2.0,0.0,0.5,3.5,,,,,0.0,
3f5b7e08-90f6-4714-8d5b-dccbce6a2f5f,72d6b7ac-92fd-44b7-b601-ab4670680b7e,2026,5,5,2026-09-18T19:00:00+00:00,66a313d1-2e21-49ad-a1c7-6f04cae6be69,1cb320b2-b42f-4131-8f5f-ef42e7f82540,Brentford FC,Chelsea FC,78,78,76,76,1.0,1.0,6.0,1.2,1.4,1.4,1.8135999999999999,2.25948,10.0,2.0,2.2,1.8,1.3089,1.57474,12.0,1.2,1.3,1.1,1.7546199999999998,1.66781,10.0,1.0,1.2,2.2,1.28673,1.6991399999999999,2.0,0.8,2.49188,1.1387800000000001,1.0,2.2,1.15024,1.6669,19.25,19.25,0,0,5.0,4.0,2.0,3.0,4.0,6.0,0.9126912691269127,0.7722772277227723,0.8424842484248424,1.5445544554455446,4.0,0.0,0.5,2.25,,,,,0.0,
ad0e7722-80d6-4338-aca2-f0d53c67bf51,19724089-5da9-4d41-bc25-a126813e7afa,2026,5,5,2026-09-19T11:30:00+00:00,c23d6b7a-dfaf-44a3-b016-1feb2dddec44,f8f456e7-3e20-4803-ba4e-b1762a31812c,Tottenham Hotspur FC,Aston Villa FC,78,78,76,76,1.0,1.0,4.0,0.8,0.6,1.6,1.4309999999999998,1.7245000000000001,7.0,1.4,1.6,2.0,1.669,1.99936,11.0,1.1,0.8,1.5,1.35367,1.44519,14.0,1.4,1.6,1.7,1.76112,1.55305,0.8,1.6,1.48516,1.23394,1.0,1.8,1.3477999999999999,1.83754,20.791666666666668,18.6875,0,0,19.0,20.0,0.0,0.0,0.0,0.0,0.5616561656165616,1.053105310531053,1.1233123312331232,1.1935193519351934,4.0,0.5,0.0,3.25,,,,,0.0,
da7a190a-5982-4da9-898a-fd1edcfcfd4f,32d8fa4e-d37e-491a-8ecf-69206a7c4863,2026,5,5,2026-09-19T14:00:00+00:00,60cb8be0-9c1e-4019-8b60-fd9ac2aa9f2d,67d3236c-6589-4978-b178-f6dcf50166d4,Everton FC,Ipswich Town FC,78,40,76,38,1.0,1.0,5.0,1.0,1.2,1.4,1.29878,1.91182,3.0,0.6,1.0,2.4,1.18292,1.12082,10.0,1.0,1.6,1.6,1.37879,1.78095,5.0,0.5,1.0,2.5,0.98536,1.9058800000000002,2.0,1.6,1.4764,1.53332,1.2,2.8,1.11866,1.9940000000000002,21.0,19.9375,0,0,7.0,12.0,2.0,1.5,4.0,3.0,1.1233123312331232,1.1233123312331232,0.702070207020702,1.7551755175517552,2.0,0.5,0.5,3.0,,,,,0.0,
bbc35d6c-dd66-4cfe-ab9d-19104b0b5a61,719cfa8f-ded5-4596-bdac-dbf6c84a3969,2026,5,5,2026-09-19T14:00:00+00:00,db14882b-951f-4db5-860b-4ca2b8583311,ead1bc2e-8799-410a-a809-66a274bbab2c,Brighton & Hove Albion FC,Arsenal FC,78,78,76,76,1.0,1.0,6.0,1.2,2.0,1.6,2.1024800000000003,1.04346,15.0,3.0,1.6,0.2,1.95344,0.8856400000000001,16.0,1.6,2.0,1.4,2.054,1.19738,24.0,2.4,1.6,0.5,2.1858899999999997,1.11822,2.4,0.8,2.5754799999999998,0.8748400000000001,1.2,0.6,1.8980799999999998,1.4419,20.041666666666668,18.791666666666668,0,0,9.0,2.0,1.5,3.0,3.0,6.0,1.404140414041404,0.9828982898289828,1.1233123312331232,0.351035103510351,4.0,0.0,0.5,2.0,,,,,0.0,
12f0013a-c674-445f-b081-0a8897c6622d,4fb3417d-c0bf-415e-b4be-36220ecc38f9,2026,5,5,2026-09-19T14:00:00+00:00,c4045d6d-a715-4821-a800-cd9b505ad54b,f7968242-f357-4da3-84bc-b49a6f3af9fe,Newcastle United FC,Hull City AFC,78,2,76,0,1.0,0.0,8.0,1.6,1.6,1.2,1.39426,1.7264399999999998,6.0,3.0,1.5,0.0,1.4231500000000001,1.5643500000000001,11.0,1.1,1.4,1.4,1.51213,2.0315000000000003,6.0,3.0,1.5,0.0,1.4231500000000001,1.5643500000000001,2.0,1.6,1.94728,2.3986799999999997,1.0,0.0,1.35,1.35,20.895833333333332,21.0,0,0,6.0,3.0,2.0,3.0,4.0,6.0,0.9828982898289828,0.9828982898289828,1.053105310531053,0.0,0.0,0.0,0.0,0.0,,,,,0.0,
277220a2-339c-49ad-a8f3-d80fc6a63ae1,90b54da6-7f09-40bd-b79f-a4742e6e32f6,2026,5,5,2026-09-19T16:30:00+00:00,5421e81a-b7dd-48b1-9982-42644e8dcf9f,d95bc61c-17e5-44b5-bdb9-ec10e55d1aea,Nottingham Forest FC,Coventry City FC,78,2,76,0,1.0,0.0,3.0,0.6,1.2,1.6,1.4747400000000002,1.8178,0.0,0.0,0.0,2.0,0.95415,1.6021,16.0,1.6,2.2,1.1,1.50631,1.54579,0.0,0.0,0.0,2.0,0.95415,1.6021,1.4,1.0,1.2945,1.08362,0.0,3.0,0.5583,1.8542,21.208333333333332,21.104166666666668,0,0,14.0,17.0,0.5,0.0,1.0,0.0,1.5445544554455446,0.7722772277227723,0.0,1.404140414041404,0.0,0.0,0.0,0.0,,,,,0.0,
5f608605-7b7e-4874-a156-82aebb9ad315,302445dc-edd7-48a0-9ea2-3e15179bc7f7,2026,5,5,2026-09-20T13:00:00+00:00,6601a105-9986-4276-89bf-143cdf03198a,54ed0f97-ad19-421c-a5c2-9b9d3fcbc72d,AFC Bournemouth,Liverpool FC,78,78,76,76,1.0,1.0,6.0,1.2,1.0,1.0,1.22144,1.6790800000000001,4.0,0.8,1.6,2.0,1.9297799999999998,1.50558,17.0,1.7,1.6,1.1,1.6844899999999998,1.68106,13.0,1.3,1.8,1.7,1.6482800000000002,1.86113,1.8,1.2,1.8082799999999999,1.25184,1.8,2.4,1.6099599999999998,2.3167999999999997,21.958333333333332,22.0625,0,0,15.0,13.0,0.5,1.0,1.0,2.0,1.1233123312331232,0.7722772277227723,1.2637263726372636,1.1935193519351934,4.0,0.25,0.0,4.0,,,,,0.0,
4e8912b2-6bc4-4bfb-befa-1149834965cb,247bbda5-2e5a-4f29-a0d1-c9d5da051523,2026,5,5,2026-09-20T13:00:00+00:00,fe8b4d06-9254-4fc8-a08f-90f242e51751,74bd08fa-27db-4bb0-8490-f57f6ed6b8e9,Leeds United FC,Crystal Palace FC,40,78,38,76,1.0,1.0,8.0,1.6,0.8,1.0,1.2767,1.69218,1.0,0.2,0.8,2.6,1.3675,2.04196,19.0,1.9,1.4,0.9,1.66215,1.30455,6.0,0.6,0.9,2.2,1.6875900000000001,1.7954899999999998,1.6,0.4,1.6337199999999998,0.9775600000000001,0.6,2.6,1.472,1.7400600000000002,21.0,22.75,0,0,8.0,18.0,2.0,0.0,4.0,0.0,0.9828982898289828,0.6318631863186318,0.6318631863186318,1.5445544554455446,2.0,0.5,0.5,2.5,,,,,0.0,
7c6a5fce-d0f2-4fe9-afa3-70057c9d0443,e2af1f2b-c570-4299-8a2a-8d1fdaea83fe,2026,5,5,2026-09-20T13:00:00+00:00,33d2f100-682f-4a5e-9aa3-5cc57e1e8571,076f94c9-341e-4294-a86a-076741505170,Manchester City FC,Sunderland AFC,78,40,76,38,1.0,1.0,10.0,2.0,2.2,1.0,1.68626,1.3282,10.0,2.0,1.4,0.8,1.47598,1.14264,23.0,2.3,2.3,0.9,2.26553,1.3481100000000001,17.0,1.7,1.4,1.5,1.49207,1.5401900000000002,2.2,0.8,2.56034,1.30714,2.0,1.8,1.52238,2.00738,22.75,21.0,0,0,1.0,11.0,3.0,1.5,6.0,3.0,1.6147614761476146,0.6318631863186318,0.9828982898289828,1.053105310531053,2.0,0.5,0.5,1.5,,,,,0.0,
25a49aab-69ee-4976-8414-c7ee209a25e8,f299d8c2-4bbb-485d-baae-a5c7c2cae9de,2026,5,5,2026-09-20T15:30:00+00:00,b552a1a6-4302-43ca-884c-0f91ac4f984b,48fc005c-cbfc-4e4d-b7f1-459dce6cf940,Fulham FC,Manchester United FC,78,78,76,76,1.0,1.0,4.0,0.8,1.0,1.2,1.44466,1.3342800000000001,10.0,2.0,2.2,1.2,2.05574,1.3261,11.0,1.1,0.9,1.2,1.4856,1.79445,20.0,2.0,2.0,1.3,1.82306,1.49613,1.6,1.0,1.82286,1.33118,1.2,0.8,1.36502,1.2968,21.104166666666668,21.0,0,0,16.0,10.0,0.0,1.5,0.0,3.0,0.6318631863186318,0.8424842484248424,1.404140414041404,0.9126912691269127,4.0,0.0,0.25,2.25,,,,,0.0,
be906615-8ff5-419b-a2cc-da94c8ad0264,850b9f55-35cf-4074-8542-b0d15de30078,2026,6,6,2026-10-10T11:30:00+00:00,ead1bc2e-8799-410a-a809-66a274bbab2c,fe8b4d06-9254-4fc8-a08f-90f242e51751,Arsenal FC,Leeds United FC,78,40,76,38,1.0,1.0,15.0,3.0,1.6,0.2,1.95344,0.8856400000000001,8.0,1.6,0.8,1.0,1.2767,1.69218,24.0,2.4,1.6,0.5,2.1858899999999997,1.11822,19.0,1.9,1.4,0.9,1.66215,1.30455,1.8,0.4,2.19494,0.74268,1.2,1.4,1.69058,1.63154,39.6875,40.9375,0,0,2.0,8.0,3.0,2.0,6.0,4.0,1.1233123312331232,0.351035103510351,0.9828982898289828,0.6318631863186318,2.0,1.0,0.0,4.5,,,,,0.0,
3d1075f8-ec37-48f5-b61e-de0f4b2ac460,b8dfea70-964c-4188-ada6-1319c4297b3e,2026,6,6,2026-10-10T14:00:00+00:00,076f94c9-341e-4294-a86a-076741505170,db14882b-951f-4db5-860b-4ca2b8583311,Sunderland AFC,Brighton & Hove Albion FC,40,78,38,76,1.0,1.0,10.0,2.0,1.4,0.8,1.47598,1.14264,6.0,1.2,2.0,1.6,2.1024800000000003,1.04346,17.0,1.7,1.4,1.5,1.49207,1.5401900000000002,16.0,1.6,2.0,1.4,2.054,1.19738,0.8,1.2,1.4617600000000002,1.073,1.6,2.0,1.53252,1.5199200000000002,41.041666666666664,41.041666666666664,0,0,11.0,9.0,1.5,1.5,3.0,3.0,0.9828982898289828,1.053105310531053,1.404140414041404,0.9828982898289828,2.0,0.0,0.5,0.5,,,,,0.0,
4914652e-e568-407d-a0e4-024b0bd0b235,9768af6d-269f-4ec2-b8d0-a50ea6326834,2026,6,6,2026-10-10T14:00:00+00:00,1cb320b2-b42f-4131-8f5f-ef42e7f82540,6601a105-9986-4276-89bf-143cdf03198a,Chelsea FC,AFC Bournemouth,78,78,76,76,1.0,1.0,10.0,2.0,2.2,1.8,1.3089,1.57474,6.0,1.2,1.0,1.0,1.22144,1.6790800000000001,10.0,1.0,1.2,2.2,1.28673,1.6991399999999999,17.0,1.7,1.6,1.1,1.6844899999999998,1.68106,1.4,2.2,1.4232200000000002,1.7313800000000001,1.4,1.0,1.5607,2.1102800000000004,41.041666666666664,42.0,0,0,4.0,15.0,3.0,0.5,6.0,1.0,0.8424842484248424,1.5445544554455446,1.1233123312331232,0.7722772277227723,4.0,0.25,0.75,2.25,,,,,0.0,
53d86cff-e104-4dd3-92f0-9035b58b9496,7729d0d3-af9c-4cb6-8a11-05d2c23a7a4d,2026,6,6,2026-10-10T14:00:00+00:00,67d3236c-6589-4978-b178-f6dcf50166d4,b552a1a6-4302-43ca-884c-0f91ac4f984b,Ipswich Town FC,Fulham FC,40,78,38,76,1.0,1.0,3.0,0.6,1.0,2.4,1.18292,1.12082,4.0,0.8,1.0,1.2,1.44466,1.3342800000000001,5.0,0.5,1.0,2.5,0.98536,1.9058800000000002,11.0,1.1,0.9,1.2,1.4856,1.79445,0.8,2.2,0.85206,1.8177600000000003,0.2,1.4,1.14834,2.25772,40.9375,41.041666666666664,0,0,12.0,16.0,1.5,0.0,3.0,0.0,0.702070207020702,1.7551755175517552,0.6318631863186318,0.8424842484248424,2.0,0.0,1.0,3.0,,,,,0.0,
7810ee40-8b2a-45f3-b994-a4cf6e8adc43,69e1ff6a-5974-4786-ac4a-84c31b0eb38b,2026,6,6,2026-10-10T14:00:00+00:00,f8f456e7-3e20-4803-ba4e-b1762a31812c,66a313d1-2e21-49ad-a1c7-6f04cae6be69,Aston Villa FC,Brentford FC,78,78,76,76,1.0,1.0,7.0,1.4,1.6,2.0,1.669,1.99936,6.0,1.2,1.4,1.4,1.8135999999999999,2.25948,14.0,1.4,1.6,1.7,1.76112,1.55305,12.0,1.2,1.3,1.1,1.7546199999999998,1.66781,2.2,1.6,2.1744399999999997,1.2685600000000001,0.6,1.4,1.01736,2.19684,39.791666666666664,41.041666666666664,0,0,20.0,5.0,0.0,2.0,0.0,4.0,1.1233123312331232,1.1935193519351934,0.9126912691269127,0.7722772277227723,4.0,0.5,0.0,1.75,,,,,0.0,
abc4f34d-43d7-4544-942f-e6d6a7f0a340,ca84a12a-cf41-470b-94f1-cfe784e824a8,2026,6,6,2026-10-10T16:30:00+00:00,48fc005c-cbfc-4e4d-b7f1-459dce6cf940,c23d6b7a-dfaf-44a3-b016-1feb2dddec44,Manchester United FC,Tottenham Hotspur FC,78,78,76,76,1.0,1.0,10.0,2.0,2.2,1.2,2.05574,1.3261,4.0,0.8,0.6,1.6,1.4309999999999998,1.7245000000000001,20.0,2.0,2.0,1.3,1.82306,1.49613,11.0,1.1,0.8,1.5,1.35367,1.44519,2.8,1.8,2.2811,1.69546,0.8,1.4,1.22218,1.65644,41.041666666666664,42.0,0,0,10.0,19.0,1.5,0.0,3.0,0.0,1.404140414041404,0.9126912691269127,0.5616561656165616,1.053105310531053,4.0,0.25,0.25,2.5,,,,,0.0,
ebd690dc-dad7-491c-b2d4-e7dfeadbf2d4,9887795e-4aa5-4439-9c76-0b0ff1212e67,2026,6,6,2026-10-11T13:00:00+00:00,74bd08fa-27db-4bb0-8490-f57f6ed6b8e9,5421e81a-b7dd-48b1-9982-42644e8dcf9f,Crystal Palace FC,Nottingham Forest FC,78,78,76,76,1.0,1.0,1.0,0.2,0.8,2.6,1.3675,2.04196,3.0,0.6,1.2,1.6,1.4747400000000002,1.8178,6.0,0.6,0.9,2.2,1.6875900000000001,1.7954899999999998,16.0,1.6,2.2,1.1,1.50631,1.54579,1.2,1.8,1.90318,1.85092,3.0,1.2,1.71812,2.0079599999999997,43.75,43.0625,0,0,18.0,14.0,0.0,0.5,0.0,1.0,0.6318631863186318,1.5445544554455446,1.5445544554455446,0.7722772277227723,4.0,0.0,0.75,1.75,,,,,0.0,
af7b9e79-fea7-4be0-9672-8d59ee950147,d234be49-3fd6-49ab-9c35-2210e7bac2b3,2026,6,6,2026-10-11T13:00:00+00:00,f7968242-f357-4da3-84bc-b49a6f3af9fe,60cb8be0-9c1e-4019-8b60-fd9ac2aa9f2d,Hull City AFC,Everton FC,2,78,0,76,0.0,1.0,6.0,3.0,1.5,0.0,1.4231500000000001,1.5643500000000001,5.0,1.0,1.2,1.4,1.29878,1.91182,6.0,3.0,1.5,0.0,1.4231500000000001,1.5643500000000001,10.0,1.0,1.6,1.6,1.37879,1.78095,2.0,0.0,1.4963,1.7787,1.2,1.6,1.28118,2.02858,42.958333333333336,42.958333333333336,0,0,3.0,7.0,3.0,2.0,6.0,4.0,1.053105310531053,0.0,1.1233123312331232,1.1233123312331232,0.0,0.0,0.0,0.0,,,,,0.0,
aecc9bfc-f29a-4c7c-a330-7d9b1e5abd56,a7231243-dec5-4170-9826-c7a3f9aaefd7,2026,6,6,2026-10-11T15:30:00+00:00,54ed0f97-ad19-421c-a5c2-9b9d3fcbc72d,33d2f100-682f-4a5e-9aa3-5cc57e1e8571,Liverpool FC,Manchester City FC,78,78,76,76,1.0,1.0,4.0,0.8,1.6,2.0,1.9297799999999998,1.50558,10.0,2.0,2.2,1.0,1.68626,1.3282,13.0,1.3,1.8,1.7,1.6482800000000002,1.86113,23.0,2.3,2.3,0.9,2.26553,1.3481100000000001,1.8,1.0,1.6865999999999999,1.4054600000000002,2.4,1.0,1.97072,1.38908,43.166666666666664,43.854166666666664,0,0,13.0,1.0,1.0,3.0,2.0,6.0,1.2637263726372636,1.1935193519351934,1.6147614761476146,0.6318631863186318,4.0,0.5,0.0,2.5,,,,,0.0,
9699e7db-7e39-40ce-b53d-79f4e887e2d5,7d1831d0-be27-44a4-a2b1-27242ed92cc0,2026,6,6,2026-10-12T19:00:00+00:00,d95bc61c-17e5-44b5-bdb9-ec10e55d1aea,c4045d6d-a715-4821-a800-cd9b505ad54b,Coventry City FC,Newcastle United FC,2,78,0,76,0.0,1.0,0.0,0.0,0.0,2.0,0.95415,1.6021,8.0,1.6,1.6,1.2,1.39426,1.7264399999999998,0.0,0.0,0.0,2.0,0.95415,1.6021,11.0,1.1,1.4,1.4,1.51213,2.0315000000000003,0.0,1.0,1.35,1.35,0.8,1.2,1.07698,1.66432,44.208333333333336,44.104166666666664,0,0,17.0,6.0,0.0,2.0,0.0,4.0,0.0,1.404140414041404,0.9828982898289828,0.9828982898289828,0.0,0.0,0.0,0.0,,,,,0.0,
14e10f0b-b3dd-4978-9a81-a6d14b49c1bc,9056fadb-aaf2-4bb6-bcfc-f9929590497e,2026,7,7,2026-10-17T11:30:00+00:00,60cb8be0-9c1e-4019-8b60-fd9ac2aa9f2d,1cb320b2-b42f-4131-8f5f-ef42e7f82540,Everton FC,Chelsea FC,78,78,76,76,1.0,1.0,5.0,1.0,1.2,1.4,1.29878,1.91182,10.0,2.0,2.2,1.8,1.3089,1.57474,10.0,1.0,1.6,1.6,1.37879,1.78095,10.0,1.0,1.2,2.2,1.28673,1.6991399999999999,2.0,1.6,1.4764,1.53332,1.0,2.2,1.15024,1.6669,48.895833333333336,47.9375,0,0,7.0,4.0,2.0,3.0,4.0,6.0,1.1233123312331232,1.1233123312331232,0.8424842484248424,1.5445544554455446,4.0,0.25,0.25,1.5,,,,,0.0,
ceb3c882-a0a8-462f-9671-1647e0defcab,374c051f-bb92-4060-9818-34d863cbc52c,2026,7,7,2026-10-17T14:00:00+00:00,66a313d1-2e21-49ad-a1c7-6f04cae6be69,54ed0f97-ad19-421c-a5c2-9b9d3fcbc72d,Brentford FC,Liverpool FC,78,78,76,76,1.0,1.0,6.0,1.2,1.4,1.4,1.8135999999999999,2.25948,4.0,0.8,1.6,2.0,1.9297799999999998,1.50558,12.0,1.2,1.3,1.1,1.7546199999999998,1.66781,13.0,1.3,1.8,1.7,1.6482800000000002,1.86113,2.0,0.8,2.49188,1.1387800000000001,1.8,2.4,1.6099599999999998,2.3167999999999997,48.041666666666664,49.104166666666664,0,0,5.0,13.0,2.0,1.0,4.0,2.0,0.9126912691269127,0.7722772277227723,1.2637263726372636,1.1935193519351934,4.0,0.25,0.25,2.75,,,,,0.0,
b29a5192-22d3-407c-aa00-b8ecd5650360,59fe5f41-957d-4377-a4fd-b5e448a33d18,2026,7,7,2026-10-17T14:00:00+00:00,33d2f100-682f-4a5e-9aa3-5cc57e1e8571,67d3236c-6589-4978-b178-f6dcf50166d4,Manchester City FC,Ipswich Town FC,78,40,76,38,1.0,1.0,10.0,2.0,2.2,1.0,1.68626,1.3282,3.0,0.6,1.0,2.4,1.18292,1.12082,23.0,2.3,2.3,0.9,2.26553,1.3481100000000001,5.0,0.5,1.0,2.5,0.98536,1.9058800000000002,2.2,0.8,2.56034,1.30714,1.2,2.8,1.11866,1.9940000000000002,49.791666666666664,47.9375,0,0,1.0,12.0,3.0,1.5,6.0,3.0,1.6147614761476146,0.6318631863186318,0.702070207020702,1.7551755175517552,2.0,1.0,0.0,5.5,,,,,0.0,
21f4f7ed-8e22-4686-8258-4df7f57e60b0,e61e542d-5cfb-4f5d-b5fe-a7ec4a4ac940,2026,7,7,2026-10-17T14:00:00+00:00,b552a1a6-4302-43ca-884c-0f91ac4f984b,f7968242-f357-4da3-84bc-b49a6f3af9fe,Fulham FC,Hull City AFC,78,2,76,0,1.0,0.0,4.0,0.8,1.0,1.2,1.44466,1.3342800000000001,6.0,3.0,1.5,0.0,1.4231500000000001,1.5643500000000001,11.0,1.1,0.9,1.2,1.4856,1.79445,6.0,3.0,1.5,0.0,1.4231500000000001,1.5643500000000001,1.6,1.0,1.82286,1.33118,1.0,0.0,1.35,1.35,48.041666666666664,49.0,0,0,16.0,3.0,0.0,3.0,0.0,6.0,0.6318631863186318,0.8424842484248424,1.053105310531053,0.0,0.0,0.0,0.0,0.0,,,,,0.0,
ceebff09-cfff-4cea-88dd-4ebfc0dc6186,8f88d3dc-abaf-4671-acf5-e05a79f274cd,2026,7,7,2026-10-17T16:30:00+00:00,c4045d6d-a715-4821-a800-cd9b505ad54b,f8f456e7-3e20-4803-ba4e-b1762a31812c,Newcastle United FC,Aston Villa FC,78,78,76,76,1.0,1.0,8.0,1.6,1.6,1.2,1.39426,1.7264399999999998,7.0,1.4,1.6,2.0,1.669,1.99936,11.0,1.1,1.4,1.4,1.51213,2.0315000000000003,14.0,1.4,1.6,1.7,1.76112,1.55305,2.0,1.6,1.94728,2.3986799999999997,1.0,1.8,1.3477999999999999,1.83754,49.0,46.895833333333336,0,0,6.0,20.0,2.0,0.0,4.0,0.0,0.9828982898289828,0.9828982898289828,1.1233123312331232,1.1935193519351934,4.0,0.25,0.25,2.5,,,,,0.0,
0bdfb75b-75b3-413b-aa98-197e4b2eadec,89cec556-1fc1-4b91-93d7-012575706414,2026,7,7,2026-10-18T13:00:00+00:00,6601a105-9986-4276-89bf-143cdf03198a,076f94c9-341e-4294-a86a-076741505170,AFC Bournemouth,Sunderland AFC,78,40,76,38,1.0,1.0,6.0,1.2,1.0,1.0,1.22144,1.6790800000000001,10.0,2.0,1.4,0.8,1.47598,1.14264,17.0,1.7,1.6,1.1,1.6844899999999998,1.68106,17.0,1.7,1.4,1.5,1.49207,1.5401900000000002,1.8,1.2,1.8082799999999999,1.25184,2.0,1.8,1.52238,2.00738,49.958333333333336,49.0,0,0,15.0,11.0,0.5,1.5,1.0,3.0,1.1233123312331232,0.7722772277227723,0.9828982898289828,1.053105310531053,2.0,0.0,0.5,3.5,,,,,0.0,
b885e61d-46dc-4869-a53b-32e90f2d2935,22403b5d-544b-430c-8377-c02f4a9e4c2b,2026,7,7,2026-10-18T13:00:00+00:00,fe8b4d06-9254-4fc8-a08f-90f242e51751,48fc005c-cbfc-4e4d-b7f1-459dce6cf940,Leeds United FC,Manchester United FC,40,78,38,76,1.0,1.0,8.0,1.6,0.8,1.0,1.2767,1.69218,10.0,2.0,2.2,1.2,2.05574,1.3261,19.0,1.9,1.4,0.9,1.66215,1.30455,20.0,2.0,2.0,1.3,1.82306,1.49613,1.6,0.4,1.6337199999999998,0.9775600000000001,1.2,0.8,1.36502,1.2968,49.0,48.895833333333336,0,0,8.0,10.0,2.0,1.5,4.0,3.0,0.9828982898289828,0.6318631863186318,1.404140414041404,0.9126912691269127,2.0,0.5,0.5,2.5,,,,,0.0,
4f2062bc-7bdc-4a4a-bbfb-f87c8d053d0d,209e4f3f-15fc-4942-ae36-e21c4968fa54,2026,7,7,2026-10-18T13:00:00+00:00,db14882b-951f-4db5-860b-4ca2b8583311,74bd08fa-27db-4bb0-8490-f57f6ed6b8e9,Brighton & Hove Albion FC,Crystal Palace FC,78,78,76,76,1.0,1.0,6.0,1.2,2.0,1.6,2.1024800000000003,1.04346,1.0,0.2,0.8,2.6,1.3675,2.04196,16.0,1.6,2.0,1.4,2.054,1.19738,6.0,0.6,0.9,2.2,1.6875900000000001,1.7954899999999998,2.4,0.8,2.5754799999999998,0.8748400000000001,0.6,2.6,1.472,1.7400600000000002,49.0,50.75,0,0,9.0,18.0,1.5,0.0,3.0,0.0,1.404140414041404,0.9828982898289828,0.6318631863186318,1.5445544554455446,4.0,0.0,0.25,2.0,,,,,0.0,
e446e449-4209-410c-b3c0-19557d1ca484,a80ebfb4-1153-43c2-b4e9-3b722bff95d3,2026,7,7,2026-10-18T15:30:00+00:00,5421e81a-b7dd-48b1-9982-42644e8dcf9f,ead1bc2e-8799-410a-a809-66a274bbab2c,Nottingham Forest FC,Arsenal FC,78,78,76,76,1.0,1.0,3.0,0.6,1.2,1.6,1.4747400000000002,1.8178,15.0,3.0,1.6,0.2,1.95344,0.8856400000000001,16.0,1.6,2.2,1.1,1.50631,1.54579,24.0,2.4,1.6,0.5,2.1858899999999997,1.11822,1.4,1.0,1.2945,1.08362,1.2,0.6,1.8980799999999998,1.4419,50.166666666666664,47.854166666666664,0,0,14.0,2.0,0.5,3.0,1.0,6.0,1.5445544554455446,0.7722772277227723,1.1233123312331232,0.351035103510351,4.0,0.0,0.5,1.5,,,,,0.0,
eab31fef-8b11-4df9-8009-ff01d1866f3d,ac3a2061-e419-421a-94bf-6425f6321992,2026,7,7,2026-10-19T19:00:00+00:00,c23d6b7a-dfaf-44a3-b016-1feb2dddec44,d95bc61c-17e5-44b5-bdb9-ec10e55d1aea,Tottenham Hotspur FC,Coventry City FC,78,2,76,0,1.0,0.0,4.0,0.8,0.6,1.6,1.4309999999999998,1.7245000000000001,0.0,0.0,0.0,2.0,0.95415,1.6021,11.0,1.1,0.8,1.5,1.35367,1.44519,0.0,0.0,0.0,2.0,0.95415,1.6021,0.8,1.6,1.48516,1.23394,0.0,3.0,0.5583,1.8542,51.104166666666664,51.208333333333336,0,0,19.0,17.0,0.0,0.0,0.0,0.0,0.5616561656165616,1.053105310531053,0.0,1.404140414041404,0.0,0.0,0.0,0.0,,,,,0.0,
fd6be6ec-259e-4ccd-8a8f-7d3b9e69d5e3,ce4318cc-b4ef-4372-a1d3-eafd85cdab3d,2026,8,8,2026-10-23T19:00:00+00:00,67d3236c-6589-4978-b178-f6dcf50166d4,5421e81a-b7dd-48b1-9982-42644e8dcf9f,Ipswich Town FC,Nottingham Forest FC,40,78,38,76,1.0,1.0,3.0,0.6,1.0,2.4,1.18292,1.12082,3.0,0.6,1.2,1.6,1.4747400000000002,1.8178,5.0,0.5,1.0,2.5,0.98536,1.9058800000000002,16.0,1.6,2.2,1.1,1.50631,1.54579,0.8,2.2,0.85206,1.8177600000000003,3.0,1.2,1.71812,2.0079599999999997,54.145833333333336,55.3125,0,0,12.0,14.0,1.5,0.5,3.0,1.0,0.702070207020702,1.7551755175517552,1.5445544554455446,0.7722772277227723,2.0,0.0,0.0,3.5,,,,,0.0,
d434f458-1e37-48c7-b450-313f7597efff,6e80d753-78fe-4a70-a387-dafb986b97ee,2026,8,8,2026-10-24T11:30:00+00:00,f8f456e7-3e20-4803-ba4e-b1762a31812c,33d2f100-682f-4a5e-9aa3-5cc57e1e8571,Aston Villa FC,Manchester City FC,78,78,76,76,1.0,1.0,7.0,1.4,1.6,2.0,1.669,1.99936,10.0,2.0,2.2,1.0,1.68626,1.3282,14.0,1.4,1.6,1.7,1.76112,1.55305,23.0,2.3,2.3,0.9,2.26553,1.3481100000000001,2.2,1.6,2.1744399999999997,1.2685600000000001,2.4,1.0,1.97072,1.38908,53.6875,56.6875,0,0,20.0,1.0,0.0,3.0,0.0,6.0,1.1233123312331232,1.1935193519351934,1.6147614761476146,0.6318631863186318,4.0,0.75,0.0,2.5,,,,,0.0,
f56bf77b-26a1-411d-b104-4740fe8c5212,4ae80742-fcc6-4e2e-b70f-c0dd3b2f6c67,2026,8,8,2026-10-24T14:00:00+00:00,54ed0f97-ad19-421c-a5c2-9b9d3fcbc72d,db14882b-951f-4db5-860b-4ca2b8583311,Liverpool FC,Brighton & Hove Albion FC,78,78,76,76,1.0,1.0,4.0,0.8,1.6,2.0,1.9297799999999998,1.50558,6.0,1.2,2.0,1.6,2.1024800000000003,1.04346,13.0,1.3,1.8,1.7,1.6482800000000002,1.86113,16.0,1.6,2.0,1.4,2.054,1.19738,1.8,1.0,1.6865999999999999,1.4054600000000002,1.6,2.0,1.53252,1.5199200000000002,56.104166666666664,55.041666666666664,0,0,13.0,9.0,1.0,1.5,2.0,3.0,1.2637263726372636,1.1935193519351934,1.404140414041404,0.9828982898289828,4.0,0.5,0.0,3.25,,,,,0.0,
18c2968d-9b03-485c-a672-b36a47f0fe2c,6cb66327-831a-4d2f-aef1-e7f719ce1b00,2026,8,8,2026-10-24T14:00:00+00:00,ead1bc2e-8799-410a-a809-66a274bbab2c,60cb8be0-9c1e-4019-8b60-fd9ac2aa9f2d,Arsenal FC,Everton FC,78,78,76,76,1.0,1.0,15.0,3.0,1.6,0.2,1.95344,0.8856400000000001,5.0,1.0,1.2,1.4,1.29878,1.91182,24.0,2.4,1.6,0.5,2.1858899999999997,1.11822,10.0,1.0,1.6,1.6,1.37879,1.78095,1.8,0.4,2.19494,0.74268,1.2,1.6,1.28118,2.02858,53.791666666666664,56.0,0,0,2.0,7.0,3.0,2.0,6.0,4.0,1.1233123312331232,0.351035103510351,1.1233123312331232,1.1233123312331232,4.0,0.5,0.5,1.25,,,,,0.0,
9eacf7c3-a329-4db9-9f9e-a2d187e98bc5,dd4a74cc-6a4f-412a-a5ce-9c2eddb9c26e,2026,8,8,2026-10-24T14:00:00+00:00,d95bc61c-17e5-44b5-bdb9-ec10e55d1aea,b552a1a6-4302-43ca-884c-0f91ac4f984b,Coventry City FC,Fulham FC,2,78,0,76,0.0,1.0,0.0,0.0,0.0,2.0,0.95415,1.6021,4.0,0.8,1.0,1.2,1.44466,1.3342800000000001,0.0,0.0,0.0,2.0,0.95415,1.6021,11.0,1.1,0.9,1.2,1.4856,1.79445,0.0,1.0,1.35,1.35,0.2,1.4,1.14834,2.25772,56.0,55.041666666666664,0,0,17.0,16.0,0.0,0.0,0.0,0.0,0.0,1.404140414041404,0.6318631863186318,0.8424842484248424,0.0,0.0,0.0,0.0,,,,,0.0,
9efe2566-8833-49dd-ae93-7e3801d55356,8c26542f-0138-48f1-b528-307cc67dbfd5,2026,8,8,2026-10-24T16:30:00+00:00,1cb320b2-b42f-4131-8f5f-ef42e7f82540,c23d6b7a-dfaf-44a3-b016-1feb2dddec44,Chelsea FC,Tottenham Hotspur FC,78,78,76,76,1.0,1.0,10.0,2.0,2.2,1.8,1.3089,1.57474,4.0,0.8,0.6,1.6,1.4309999999999998,1.7245000000000001,10.0,1.0,1.2,2.2,1.28673,1.6991399999999999,11.0,1.1,0.8,1.5,1.35367,1.44519,1.4,2.2,1.4232200000000002,1.7313800000000001,0.8,1.4,1.22218,1.65644,55.145833333333336,56.0,0,0,4.0,19.0,3.0,0.0,6.0,0.0,0.8424842484248424,1.5445544554455446,0.5616561656165616,1.053105310531053,4.0,1.0,0.0,3.0,,,,,0.0,
fe749904-ca5c-4d12-a084-bfea0403a353,09c31262-2db5-4d5a-a2b3-a5c432cbb1e5,2026,8,8,2026-10-25T14:00:00+00:00,74bd08fa-27db-4bb0-8490-f57f6ed6b8e9,c4045d6d-a715-4821-a800-cd9b505ad54b,Crystal Palace FC,Newcastle United FC,78,78,76,76,1.0,1.0,1.0,0.2,0.8,2.6,1.3675,2.04196,8.0,1.6,1.6,1.2,1.39426,1.7264399999999998,6.0,0.6,0.9,2.2,1.6875900000000001,1.7954899999999998,11.0,1.1,1.4,1.4,1.51213,2.0315000000000003,1.2,1.8,1.90318,1.85092,0.8,1.2,1.07698,1.66432,57.791666666666664,56.895833333333336,0,0,18.0,6.0,0.0,2.0,0.0,4.0,0.6318631863186318,1.5445544554455446,0.9828982898289828,0.9828982898289828,4.0,0.25,0.25,3.0,,,,,0.0,
51e2e41c-8e3e-4dea-909d-0308fefc4a0a,d9eb32ad-d4a3-42e8-8bd7-c057cb35da25,2026,8,8,2026-10-25T14:00:00+00:00,48fc005c-cbfc-4e4d-b7f1-459dce6cf940,6601a105-9986-4276-89bf-143cdf03198a,Manchester United FC,AFC Bournemouth,78,78,76,76,1.0,1.0,10.0,2.0,2.2,1.2,2.05574,1.3261,6.0,1.2,1.0,1.0,1.22144,1.6790800000000001,20.0,2.0,2.0,1.3,1.82306,1.49613,17.0,1.7,1.6,1.1,1.6844899999999998,1.68106,2.8,1.8,2.2811,1.69546,1.4,1.0,1.5607,2.1102800000000004,55.9375,57.0,0,0,10.0,15.0,1.5,0.5,3.0,1.0,1.404140414041404,0.9126912691269127,1.1233123312331232,0.7722772277227723,4.0,0.0,0.75,4.25,,,,,0.0,
5f2cf970-446f-443b-8daa-4a4ae9d08edd,55f1763f-6cd5-45ab-a821-724950469ed7,2026,8,8,2026-10-25T14:00:00+00:00,f7968242-f357-4da3-84bc-b49a6f3af9fe,66a313d1-2e21-49ad-a1c7-6f04cae6be69,Hull City AFC,Brentford FC,2,78,0,76,0.0,1.0,6.0,3.0,1.5,0.0,1.4231500000000001,1.5643500000000001,6.0,1.2,1.4,1.4,1.8135999999999999,2.25948,6.0,3.0,1.5,0.0,1.4231500000000001,1.5643500000000001,12.0,1.2,1.3,1.1,1.7546199999999998,1.66781,2.0,0.0,1.4963,1.7787,0.6,1.4,1.01736,2.19684,57.0,56.041666666666664,0,0,3.0,5.0,3.0,2.0,6.0,4.0,1.053105310531053,0.0,0.9126912691269127,0.7722772277227723,0.0,0.0,0.0,0.0,,,,,0.0,
d7e04283-299d-4882-9321-c2f619276970,2f2e9be9-8274-4e0e-91f7-f7979915aa85,2026,8,8,2026-10-25T16:30:00+00:00,076f94c9-341e-4294-a86a-076741505170,fe8b4d06-9254-4fc8-a08f-90f242e51751,Sunderland AFC,Leeds United FC,40,40,38,38,1.0,1.0,10.0,2.0,1.4,0.8,1.47598,1.14264,8.0,1.6,0.8,1.0,1.2767,1.69218,17.0,1.7,1.4,1.5,1.49207,1.5401900000000002,19.0,1.9,1.4,0.9,1.66215,1.30455,0.8,1.2,1.4617600000000002,1.073,1.2,1.4,1.69058,1.63154,56.145833333333336,56.145833333333336,0,0,11.0,8.0,1.5,2.0,3.0,4.0,0.9828982898289828,1.053105310531053,0.9828982898289828,0.6318631863186318,2.0,0.5,0.5,1.5,,,,,0.0,
0be32fbd-9a9d-48bf-bbfc-5442b808f782,91591ebc-9a7c-46c2-beca-d107d6ecb47a,2026,9,9,2026-10-31T12:30:00+00:00,1cb320b2-b42f-4131-8f5f-ef42e7f82540,48fc005c-cbfc-4e4d-b7f1-459dce6cf940,Chelsea FC,Manchester United FC,78,78,76,76,1.0,1.0,10.0,2.0,2.2,1.8,1.3089,1.57474,10.0,2.0,2.2,1.2,2.05574,1.3261,10.0,1.0,1.2,2.2,1.28673,1.6991399999999999,20.0,2.0,2.0,1.3,1.82306,1.49613,1.4,2.2,1.4232200000000002,1.7313800000000001,1.2,0.8,1.36502,1.2968,61.979166666666664,61.875,0,0,4.0,10.0,3.0,1.5,6.0,3.0,0.8424842484248424,1.5445544554455446,1.404140414041404,0.9126912691269127,4.0,0.25,0.25,1.75,,,,,0.0,
3dd5104b-6850-4285-a163-cd968c6735bf,3089735a-7a57-48f8-857e-89d9f27271ce,2026,9,9,2026-10-31T15:00:00+00:00,66a313d1-2e21-49ad-a1c7-6f04cae6be69,5421e81a-b7dd-48b1-9982-42644e8dcf9f,Brentford FC,Nottingham Forest FC,78,78,76,76,1.0,1.0,6.0,1.2,1.4,1.4,1.8135999999999999,2.25948,3.0,0.6,1.2,1.6,1.4747400000000002,1.8178,12.0,1.2,1.3,1.1,1.7546199999999998,1.66781,16.0,1.6,2.2,1.1,1.50631,1.54579,2.0,0.8,2.49188,1.1387800000000001,3.0,1.2,1.71812,2.0079599999999997,62.083333333333336,63.145833333333336,0,0,5.0,14.0,2.0,0.5,4.0,1.0,0.9126912691269127,0.7722772277227723,1.5445544554455446,0.7722772277227723,4.0,0.25,0.0,2.5,,,,,0.0,
dd7f872b-cd4b-439a-9860-21e6d8285e24,983c7e41-b3f8-4e17-8104-96511b66ba50,2026,9,9,2026-10-31T15:00:00+00:00,33d2f100-682f-4a5e-9aa3-5cc57e1e8571,db14882b-951f-4db5-860b-4ca2b8583311,Manchester City FC,Brighton & Hove Albion FC,78,78,76,76,1.0,1.0,10.0,2.0,2.2,1.0,1.68626,1.3282,6.0,1.2,2.0,1.6,2.1024800000000003,1.04346,23.0,2.3,2.3,0.9,2.26553,1.3481100000000001,16.0,1.6,2.0,1.4,2.054,1.19738,2.2,0.8,2.56034,1.30714,1.6,2.0,1.53252,1.5199200000000002,63.833333333333336,62.083333333333336,0,0,1.0,9.0,3.0,1.5,6.0,3.0,1.6147614761476146,0.6318631863186318,1.404140414041404,0.9828982898289828,4.0,0.0,0.5,3.0,,,,,0.0,
e2a2ff91-7c89-4934-a56e-e3184c621493,cd079c3d-2b94-4e0f-b837-208992d3640a,2026,9,9,2026-10-31T15:00:00+00:00,6601a105-9986-4276-89bf-143cdf03198a,fe8b4d06-9254-4fc8-a08f-90f242e51751,AFC Bournemouth,Leeds United FC,78,40,76,38,1.0,1.0,6.0,1.2,1.0,1.0,1.22144,1.6790800000000001,8.0,1.6,0.8,1.0,1.2767,1.69218,17.0,1.7,1.6,1.1,1.6844899999999998,1.68106,19.0,1.9,1.4,0.9,1.66215,1.30455,1.8,1.2,1.8082799999999999,1.25184,1.2,1.4,1.69058,1.63154,63.041666666666664,62.083333333333336,0,0,15.0,8.0,0.5,2.0,1.0,4.0,1.1233123312331232,0.7722772277227723,0.9828982898289828,0.6318631863186318,2.0,0.0,1.0,4.0,,,,,0.0,
89c8ea46-394d-4ea1-a116-68d1cbe13586,03192686-433c-4087-8cfd-66791188c2be,2026,9,9,2026-10-31T15:00:00+00:00,d95bc61c-17e5-44b5-bdb9-ec10e55d1aea,076f94c9-341e-4294-a86a-076741505170,Coventry City FC,Sunderland AFC,2,40,0,38,0.0,1.0,0.0,0.0,0.0,2.0,0.95415,1.6021,10.0,2.0,1.4,0.8,1.47598,1.14264,0.0,0.0,0.0,2.0,0.95415,1.6021,17.0,1.7,1.4,1.5,1.49207,1.5401900000000002,0.0,1.0,1.35,1.35,2.0,1.8,1.52238,2.00738,63.041666666666664,62.083333333333336,0,0,17.0,11.0,0.0,1.5,0.0,3.0,0.0,1.404140414041404,0.9828982898289828,1.053105310531053,0.0,0.0,0.0,0.0,,,,,0.0,
452238b9-cee9-4b3a-9fd7-9b4e76132c24,20f3e19a-8c1b-4630-ad18-1ac995543b3a,2026,9,9,2026-10-31T15:00:00+00:00,f7968242-f357-4da3-84bc-b49a6f3af9fe,67d3236c-6589-4978-b178-f6dcf50166d4,Hull City AFC,Ipswich Town FC,2,40,0,38,0.0,1.0,6.0,3.0,1.5,0.0,1.4231500000000001,1.5643500000000001,3.0,0.6,1.0,2.4,1.18292,1.12082,6.0,3.0,1.5,0.0,1.4231500000000001,1.5643500000000001,5.0,0.5,1.0,2.5,0.98536,1.9058800000000002,2.0,0.0,1.4963,1.7787,1.2,2.8,1.11866,1.9940000000000002,63.041666666666664,61.979166666666664,0,0,3.0,12.0,3.0,1.5,6.0,3.0,1.053105310531053,0.0,0.702070207020702,1.7551755175517552,0.0,0.0,0.0,0.0,,,,,0.0,
db87456a-68bf-40a8-b910-f1731e321f64,ef2ed723-97f5-4875-b493-24769e6dfba7,2026,9,9,2026-10-31T17:30:00+00:00,c23d6b7a-dfaf-44a3-b016-1feb2dddec44,74bd08fa-27db-4bb0-8490-f57f6ed6b8e9,Tottenham Hotspur FC,Crystal Palace FC,78,78,76,76,1.0,1.0,4.0,0.8,0.6,1.6,1.4309999999999998,1.7245000000000001,1.0,0.2,0.8,2.6,1.3675,2.04196,11.0,1.1,0.8,1.5,1.35367,1.44519,6.0,0.6,0.9,2.2,1.6875900000000001,1.7954899999999998,0.8,1.6,1.48516,1.23394,0.6,2.6,1.472,1.7400600000000002,63.041666666666664,63.9375,0,0,19.0,18.0,0.0,0.0,0.0,0.0,0.5616561656165616,1.053105310531053,0.6318631863186318,1.5445544554455446,4.0,0.25,0.0,2.0,,,,,0.0,
5d4edb01-c001-48a5-941e-d47610efbb7a,31a3b977-52e4-440c-938f-4559b97b68f1,2026,9,9,2026-11-01T14:00:00+00:00,f8f456e7-3e20-4803-ba4e-b1762a31812c,b552a1a6-4302-43ca-884c-0f91ac4f984b,Aston Villa FC,Fulham FC,78,78,76,76,1.0,1.0,7.0,1.4,1.6,2.0,1.669,1.99936,4.0,0.8,1.0,1.2,1.44466,1.3342800000000001,14.0,1.4,1.6,1.7,1.76112,1.55305,11.0,1.1,0.9,1.2,1.4856,1.79445,2.2,1.6,2.1744399999999997,1.2685600000000001,0.2,1.4,1.14834,2.25772,61.791666666666664,63.041666666666664,0,0,20.0,16.0,0.0,0.0,0.0,0.0,1.1233123312331232,1.1935193519351934,0.6318631863186318,0.8424842484248424,4.0,0.75,0.0,2.5,,,,,0.0,
1fded91b-3979-459a-a717-b52ebc415415,a926f630-ff78-4b66-96c1-cbf6b9918720,2026,9,9,2026-11-01T16:30:00+00:00,54ed0f97-ad19-421c-a5c2-9b9d3fcbc72d,ead1bc2e-8799-410a-a809-66a274bbab2c,Liverpool FC,Arsenal FC,78,78,76,76,1.0,1.0,4.0,0.8,1.6,2.0,1.9297799999999998,1.50558,15.0,3.0,1.6,0.2,1.95344,0.8856400000000001,13.0,1.3,1.8,1.7,1.6482800000000002,1.86113,24.0,2.4,1.6,0.5,2.1858899999999997,1.11822,1.8,1.0,1.6865999999999999,1.4054600000000002,1.2,0.6,1.8980799999999998,1.4419,64.20833333333333,61.895833333333336,0,0,13.0,2.0,1.0,3.0,2.0,6.0,1.2637263726372636,1.1935193519351934,1.1233123312331232,0.351035103510351,4.0,0.25,0.75,2.25,,,,,0.0,
83fa0f06-809d-4524-9f15-e0dd48de596a,a8af6fb4-90b9-4f39-8b23-4bb07eb04833,2026,9,9,2026-11-02T20:00:00+00:00,c4045d6d-a715-4821-a800-cd9b505ad54b,60cb8be0-9c1e-4019-8b60-fd9ac2aa9f2d,Newcastle United FC,Everton FC,78,78,76,76,1.0,1.0,8.0,1.6,1.6,1.2,1.39426,1.7264399999999998,5.0,1.0,1.2,1.4,1.29878,1.91182,11.0,1.1,1.4,1.4,1.51213,2.0315000000000003,10.0,1.0,1.6,1.6,1.37879,1.78095,2.0,1.6,1.94728,2.3986799999999997,1.2,1.6,1.28118,2.02858,65.14583333333333,65.25,0,0,6.0,7.0,2.0,2.0,4.0,4.0,0.9828982898289828,0.9828982898289828,1.1233123312331232,1.1233123312331232,4.0,0.25,0.25,2.75,,,,,0.0,
698c4d9a-cfc9-4ae7-9f37-839cdcd6f9b7,f65787fb-3c99-4735-8116-6513cac3620c,2026,10,10,2026-11-07T15:00:00+00:00,74bd08fa-27db-4bb0-8490-f57f6ed6b8e9,54ed0f97-ad19-421c-a5c2-9b9d3fcbc72d,Crystal Palace FC,Liverpool FC,78,78,76,76,1.0,1.0,1.0,0.2,0.8,2.6,1.3675,2.04196,4.0,0.8,1.6,2.0,1.9297799999999998,1.50558,6.0,0.6,0.9,2.2,1.6875900000000001,1.7954899999999998,13.0,1.3,1.8,1.7,1.6482800000000002,1.86113,1.2,1.8,1.90318,1.85092,1.8,2.4,1.6099599999999998,2.3167999999999997,70.83333333333333,70.14583333333333,0,0,18.0,13.0,0.0,1.0,0.0,2.0,0.6318631863186318,1.5445544554455446,1.2637263726372636,1.1935193519351934,4.0,0.25,0.25,2.5,,,,,0.0,
cc8342c3-d184-44c3-8251-f1b4b8292298,24dcd167-1e02-46ed-aedf-591b6e5ca03b,2026,10,10,2026-11-07T15:00:00+00:00,5421e81a-b7dd-48b1-9982-42644e8dcf9f,33d2f100-682f-4a5e-9aa3-5cc57e1e8571,Nottingham Forest FC,Manchester City FC,78,78,76,76,1.0,1.0,3.0,0.6,1.2,1.6,1.4747400000000002,1.8178,10.0,2.0,2.2,1.0,1.68626,1.3282,16.0,1.6,2.2,1.1,1.50631,1.54579,23.0,2.3,2.3,0.9,2.26553,1.3481100000000001,1.4,1.0,1.2945,1.08362,2.4,1.0,1.97072,1.38908,70.14583333333333,70.83333333333333,0,0,14.0,1.0,0.5,3.0,1.0,6.0,1.5445544554455446,0.7722772277227723,1.6147614761476146,0.6318631863186318,4.0,0.25,0.25,2.75,,,,,0.0,
14af3598-d9cb-40bb-aa11-699b247adbf5,5977d4a7-5742-4c75-8e36-7d4452078350,2026,10,10,2026-11-07T15:00:00+00:00,fe8b4d06-9254-4fc8-a08f-90f242e51751,c23d6b7a-dfaf-44a3-b016-1feb2dddec44,Leeds United FC,Tottenham Hotspur FC,40,78,38,76,1.0,1.0,8.0,1.6,0.8,1.0,1.2767,1.69218,4.0,0.8,0.6,1.6,1.4309999999999998,1.7245000000000001,19.0,1.9,1.4,0.9,1.66215,1.30455,11.0,1.1,0.8,1.5,1.35367,1.44519,1.6,0.4,1.6337199999999998,0.9775600000000001,0.8,1.4,1.22218,1.65644,69.08333333333333,69.9375,0,0,8.0,19.0,2.0,0.0,4.0,0.0,0.9828982898289828,0.6318631863186318,0.5616561656165616,1.053105310531053,2.0,0.0,0.5,2.5,,,,,0.0,
73ceb0d9-02da-4658-925b-d8a6f0549f93,777983c6-d76a-4bca-b10f-40ddf9136d1b,2026,10,10,2026-11-07T15:00:00+00:00,b552a1a6-4302-43ca-884c-0f91ac4f984b,c4045d6d-a715-4821-a800-cd9b505ad54b,Fulham FC,Newcastle United FC,78,78,76,76,1.0,1.0,4.0,0.8,1.0,1.2,1.44466,1.3342800000000001,8.0,1.6,1.6,1.2,1.39426,1.7264399999999998,11.0,1.1,0.9,1.2,1.4856,1.79445,11.0,1.1,1.4,1.4,1.51213,2.0315000000000003,1.6,1.0,1.82286,1.33118,0.8,1.2,1.07698,1.66432,69.08333333333333,69.9375,0,0,16.0,6.0,0.0,2.0,0.0,4.0,0.6318631863186318,0.8424842484248424,0.9828982898289828,0.9828982898289828,4.0,0.75,0.0,3.0,,,,,0.0,
1cedc1ad-9efb-49ac-a861-2b099bb63abe,0e117808-5ac5-4279-ba09-6143bbe3f5cf,2026,10,10,2026-11-07T15:00:00+00:00,076f94c9-341e-4294-a86a-076741505170,1cb320b2-b42f-4131-8f5f-ef42e7f82540,Sunderland AFC,Chelsea FC,40,78,38,76,1.0,1.0,10.0,2.0,1.4,0.8,1.47598,1.14264,10.0,2.0,2.2,1.8,1.3089,1.57474,17.0,1.7,1.4,1.5,1.49207,1.5401900000000002,10.0,1.0,1.2,2.2,1.28673,1.6991399999999999,0.8,1.2,1.4617600000000002,1.073,1.0,2.2,1.15024,1.6669,69.08333333333333,69.08333333333333,0,0,11.0,4.0,1.5,3.0,3.0,6.0,0.9828982898289828,1.053105310531053,0.8424842484248424,1.5445544554455446,2.0,1.0,0.0,3.0,,,,,0.0,
6c4521b5-8f30-4c3b-a858-d695fcd41e22,f9e96cd5-a4ac-4dfc-b190-5a5b737f9155,2026,10,10,2026-11-07T15:00:00+00:00,67d3236c-6589-4978-b178-f6dcf50166d4,6601a105-9986-4276-89bf-143cdf03198a,Ipswich Town FC,AFC Bournemouth,40,78,38,76,1.0,1.0,3.0,0.6,1.0,2.4,1.18292,1.12082,6.0,1.2,1.0,1.0,1.22144,1.6790800000000001,5.0,0.5,1.0,2.5,0.98536,1.9058800000000002,17.0,1.7,1.6,1.1,1.6844899999999998,1.68106,0.8,2.2,0.85206,1.8177600000000003,1.4,1.0,1.5607,2.1102800000000004,68.97916666666667,70.04166666666667,0,0,12.0,15.0,1.5,0.5,3.0,1.0,0.702070207020702,1.7551755175517552,1.1233123312331232,0.7722772277227723,2.0,0.5,0.0,3.0,,,,,0.0,
ebb70938-e1e2-4ec0-8544-b86c8e6ffd4a,3c3ec040-9481-4abe-9d31-d5c7f9c67bc1,2026,10,10,2026-11-07T15:00:00+00:00,db14882b-951f-4db5-860b-4ca2b8583311,66a313d1-2e21-49ad-a1c7-6f04cae6be69,Brighton & Hove Albion FC,Brentford FC,78,78,76,76,1.0,1.0,6.0,1.2,2.0,1.6,2.1024800000000003,1.04346,6.0,1.2,1.4,1.4,1.8135999999999999,2.25948,16.0,1.6,2.0,1.4,2.054,1.19738,12.0,1.2,1.3,1.1,1.7546199999999998,1.66781,2.4,0.8,2.5754799999999998,0.8748400000000001,0.6,1.4,1.01736,2.19684,69.08333333333333,69.08333333333333,0,0,9.0,5.0,1.5,2.0,3.0,4.0,1.404140414041404,0.9828982898289828,0.9126912691269127,0.7722772277227723,4.0,0.5,0.25,2.75,,,,,0.0,
07df5b4b-159e-4c67-aa66-90738c61b108,0685c3cd-63a3-4fcc-acb3-55b76d981a5e,2026,10,10,2026-11-07T15:00:00+00:00,48fc005c-cbfc-4e4d-b7f1-459dce6cf940,f8f456e7-3e20-4803-ba4e-b1762a31812c,Manchester United FC,Aston Villa FC,78,78,76,76,1.0,1.0,10.0,2.0,2.2,1.2,2.05574,1.3261,7.0,1.4,1.6,2.0,1.669,1.99936,20.0,2.0,2.0,1.3,1.82306,1.49613,14.0,1.4,1.6,1.7,1.76112,1.55305,2.8,1.8,2.2811,1.69546,1.0,1.8,1.3477999999999999,1.83754,68.97916666666667,67.83333333333333,0,0,10.0,20.0,1.5,0.0,3.0,0.0,1.404140414041404,0.9126912691269127,1.1233123312331232,1.1935193519351934,4.0,0.5,0.25,2.25,,,,,0.0,
79cd7aad-8ec4-4fad-98b2-29949ae0236d,7c3ea4ac-183f-4ae1-8f8a-5f164870c151,2026,10,10,2026-11-07T15:00:00+00:00,ead1bc2e-8799-410a-a809-66a274bbab2c,f7968242-f357-4da3-84bc-b49a6f3af9fe,Arsenal FC,Hull City AFC,78,2,76,0,1.0,0.0,15.0,3.0,1.6,0.2,1.95344,0.8856400000000001,6.0,3.0,1.5,0.0,1.4231500000000001,1.5643500000000001,24.0,2.4,1.6,0.5,2.1858899999999997,1.11822,6.0,3.0,1.5,0.0,1.4231500000000001,1.5643500000000001,1.8,0.4,2.19494,0.74268,1.0,0.0,1.35,1.35,67.83333333333333,70.04166666666667,0,0,2.0,3.0,3.0,3.0,6.0,6.0,1.1233123312331232,0.351035103510351,1.053105310531053,0.0,0.0,0.0,0.0,0.0,,,,,0.0,
686c672e-e3fb-48a6-8fff-1fb4f6d5dcd1,fd7e57d4-a8a2-4e91-9bae-6672bf71dda5,2026,10,10,2026-11-07T15:00:00+00:00,60cb8be0-9c1e-4019-8b60-fd9ac2aa9f2d,d95bc61c-17e5-44b5-bdb9-ec10e55d1aea,Everton FC,Coventry City FC,78,2,76,0,1.0,0.0,5.0,1.0,1.2,1.4,1.29878,1.91182,0.0,0.0,0.0,2.0,0.95415,1.6021,10.0,1.0,1.6,1.6,1.37879,1.78095,0.0,0.0,0.0,2.0,0.95415,1.6021,2.0,1.6,1.4764,1.53332,0.0,3.0,0.5583,1.8542,70.04166666666667,70.04166666666667,0,0,7.0,17.0,2.0,0.0,4.0,0.0,1.1233123312331232,1.1233123312331232,0.0,1.404140414041404,0.0,0.0,0.0,0.0,,,,,0.0,
bcf2e68d-1352-4986-a4e7-dedd1b10c196,113061bd-bbd0-4ee7-8065-7160253f5a53,2026,11,11,2026-11-21T15:00:00+00:00,1cb320b2-b42f-4131-8f5f-ef42e7f82540,fe8b4d06-9254-4fc8-a08f-90f242e51751,Chelsea FC,Leeds United FC,78,40,76,38,1.0,1.0,10.0,2.0,2.2,1.8,1.3089,1.57474,8.0,1.6,0.8,1.0,1.2767,1.69218,10.0,1.0,1.2,2.2,1.28673,1.6991399999999999,19.0,1.9,1.4,0.9,1.66215,1.30455,1.4,2.2,1.4232200000000002,1.7313800000000001,1.2,1.4,1.69058,1.63154,83.08333333333333,83.08333333333333,0,0,4.0,8.0,3.0,2.0,6.0,4.0,0.8424842484248424,1.5445544554455446,0.9828982898289828,0.6318631863186318,2.0,0.0,0.5,4.0,,,,,0.0,
a64ed4f0-70c2-4278-9150-01bde2d4c353,7a6227a3-5253-450c-beb9-d317d905262f,2026,11,11,2026-11-21T15:00:00+00:00,33d2f100-682f-4a5e-9aa3-5cc57e1e8571,b552a1a6-4302-43ca-884c-0f91ac4f984b,Manchester City FC,Fulham FC,78,78,76,76,1.0,1.0,10.0,2.0,2.2,1.0,1.68626,1.3282,4.0,0.8,1.0,1.2,1.44466,1.3342800000000001,23.0,2.3,2.3,0.9,2.26553,1.3481100000000001,11.0,1.1,0.9,1.2,1.4856,1.79445,2.2,0.8,2.56034,1.30714,0.2,1.4,1.14834,2.25772,84.83333333333333,83.08333333333333,0,0,1.0,16.0,3.0,0.0,6.0,0.0,1.6147614761476146,0.6318631863186318,0.6318631863186318,0.8424842484248424,4.0,1.0,0.0,4.75,,,,,0.0,
9598c8b9-ae44-4bc4-a3f3-8a12ed7a2354,0555d669-8ceb-425e-8edc-bec9fbc41504,2026,11,11,2026-11-21T15:00:00+00:00,f8f456e7-3e20-4803-ba4e-b1762a31812c,076f94c9-341e-4294-a86a-076741505170,Aston Villa FC,Sunderland AFC,78,40,76,38,1.0,1.0,7.0,1.4,1.6,2.0,1.669,1.99936,10.0,2.0,1.4,0.8,1.47598,1.14264,14.0,1.4,1.6,1.7,1.76112,1.55305,17.0,1.7,1.4,1.5,1.49207,1.5401900000000002,2.2,1.6,2.1744399999999997,1.2685600000000001,2.0,1.8,1.52238,2.00738,81.83333333333333,83.08333333333333,0,0,20.0,11.0,0.0,1.5,0.0,3.0,1.1233123312331232,1.1935193519351934,0.9828982898289828,1.053105310531053,2.0,0.5,0.5,4.5,,,,,0.0,
42bfc3ac-b5e2-44ab-96b2-a56b78dd2076,e4254642-e23b-442a-9b48-7b75c69ab7c2,2026,11,11,2026-11-21T15:00:00+00:00,6601a105-9986-4276-89bf-143cdf03198a,5421e81a-b7dd-48b1-9982-42644e8dcf9f,AFC Bournemouth,Nottingham Forest FC,78,78,76,76,1.0,1.0,6.0,1.2,1.0,1.0,1.22144,1.6790800000000001,3.0,0.6,1.2,1.6,1.4747400000000002,1.8178,17.0,1.7,1.6,1.1,1.6844899999999998,1.68106,16.0,1.6,2.2,1.1,1.50631,1.54579,1.8,1.2,1.8082799999999999,1.25184,3.0,1.2,1.71812,2.0079599999999997,84.04166666666667,84.14583333333333,0,0,15.0,14.0,0.5,0.5,1.0,1.0,1.1233123312331232,0.7722772277227723,1.5445544554455446,0.7722772277227723,4.0,0.5,0.5,2.75,,,,,0.0,
d4989b62-c595-402a-9c09-7cd61bc7c1c9,62b8e78c-ec5f-40d8-8993-1bc40f9a0e7a,2026,11,11,2026-11-21T15:00:00+00:00,c23d6b7a-dfaf-44a3-b016-1feb2dddec44,67d3236c-6589-4978-b178-f6dcf50166d4,Tottenham Hotspur FC,Ipswich Town FC,78,40,76,38,1.0,1.0,4.0,0.8,0.6,1.6,1.4309999999999998,1.7245000000000001,3.0,0.6,1.0,2.4,1.18292,1.12082,11.0,1.1,0.8,1.5,1.35367,1.44519,5.0,0.5,1.0,2.5,0.98536,1.9058800000000002,0.8,1.6,1.48516,1.23394,1.2,2.8,1.11866,1.9940000000000002,83.9375,82.97916666666667,0,0,19.0,12.0,0.0,1.5,0.0,3.0,0.5616561656165616,1.053105310531053,0.702070207020702,1.7551755175517552,2.0,0.5,0.0,4.0,,,,,0.0,
e94ec221-353b-4bb3-97b1-3adb86f86505,8c356bc7-23de-4224-818e-a234585f821b,2026,11,11,2026-11-21T15:00:00+00:00,66a313d1-2e21-49ad-a1c7-6f04cae6be69,60cb8be0-9c1e-4019-8b60-fd9ac2aa9f2d,Brentford FC,Everton FC,78,78,76,76,1.0,1.0,6.0,1.2,1.4,1.4,1.8135999999999999,2.25948,5.0,1.0,1.2,1.4,1.29878,1.91182,12.0,1.2,1.3,1.1,1.7546199999999998,1.66781,10.0,1.0,1.6,1.6,1.37879,1.78095,2.0,0.8,2.49188,1.1387800000000001,1.2,1.6,1.28118,2.02858,83.08333333333333,84.04166666666667,0,0,5.0,7.0,2.0,2.0,4.0,4.0,0.9126912691269127,0.7722772277227723,1.1233123312331232,1.1233123312331232,4.0,0.25,0.75,3.0,,,,,0.0,
ea563f1f-0c66-4a44-b2d5-e217c65e1ffd,6fad926e-246f-4df2-9e3b-e8f3c08831ef,2026,11,11,2026-11-21T15:00:00+00:00,c4045d6d-a715-4821-a800-cd9b505ad54b,ead1bc2e-8799-410a-a809-66a274bbab2c,Newcastle United FC,Arsenal FC,78,78,76,76,1.0,1.0,8.0,1.6,1.6,1.2,1.39426,1.7264399999999998,15.0,3.0,1.6,0.2,1.95344,0.8856400000000001,11.0,1.1,1.4,1.4,1.51213,2.0315000000000003,24.0,2.4,1.6,0.5,2.1858899999999997,1.11822,2.0,1.6,1.94728,2.3986799999999997,1.2,0.6,1.8980799999999998,1.4419,83.9375,81.83333333333333,0,0,6.0,2.0,2.0,3.0,4.0,6.0,0.9828982898289828,0.9828982898289828,1.1233123312331232,0.351035103510351,4.0,0.25,0.0,1.5,,,,,0.0,
c5b6fa11-07f8-4690-b9eb-638835a85072,eea8b1a8-aaf5-4de3-93eb-5344c5d2ae29,2026,11,11,2026-11-21T15:00:00+00:00,f7968242-f357-4da3-84bc-b49a6f3af9fe,db14882b-951f-4db5-860b-4ca2b8583311,Hull City AFC,Brighton & Hove Albion FC,2,78,0,76,0.0,1.0,6.0,3.0,1.5,0.0,1.4231500000000001,1.5643500000000001,6.0,1.2,2.0,1.6,2.1024800000000003,1.04346,6.0,3.0,1.5,0.0,1.4231500000000001,1.5643500000000001,16.0,1.6,2.0,1.4,2.054,1.19738,2.0,0.0,1.4963,1.7787,1.6,2.0,1.53252,1.5199200000000002,84.04166666666667,83.08333333333333,0,0,3.0,9.0,3.0,1.5,6.0,3.0,1.053105310531053,0.0,1.404140414041404,0.9828982898289828,0.0,0.0,0.0,0.0,,,,,0.0,
ab7a7242-20dd-4ad2-9014-249a9d68ab46,ac5e737d-87d4-4bcd-ab24-66d77b1ef8d4,2026,11,11,2026-11-21T15:00:00+00:00,d95bc61c-17e5-44b5-bdb9-ec10e55d1aea,74bd08fa-27db-4bb0-8490-f57f6ed6b8e9,Coventry City FC,Crystal Palace FC,2,78,0,76,0.0,1.0,0.0,0.0,0.0,2.0,0.95415,1.6021,1.0,0.2,0.8,2.6,1.3675,2.04196,0.0,0.0,0.0,2.0,0.95415,1.6021,6.0,0.6,0.9,2.2,1.6875900000000001,1.7954899999999998,0.0,1.0,1.35,1.35,0.6,2.6,1.472,1.7400600000000002,84.04166666666667,84.83333333333333,0,0,17.0,18.0,0.0,0.0,0.0,0.0,0.0,1.404140414041404,0.6318631863186318,1.5445544554455446,0.0,0.0,0.0,0.0,,,,,0.0,
9aca2285-e1db-4a8a-b861-4c9b7abeb18f,dc875e6e-8322-4bdd-8e1a-5dc5641b848e,2026,11,11,2026-11-21T15:00:00+00:00,54ed0f97-ad19-421c-a5c2-9b9d3fcbc72d,48fc005c-cbfc-4e4d-b7f1-459dce6cf940,Liverpool FC,Manchester United FC,78,78,76,76,1.0,1.0,4.0,0.8,1.6,2.0,1.9297799999999998,1.50558,10.0,2.0,2.2,1.2,2.05574,1.3261,13.0,1.3,1.8,1.7,1.6482800000000002,1.86113,20.0,2.0,2.0,1.3,1.82306,1.49613,1.8,1.0,1.6865999999999999,1.4054600000000002,1.2,0.8,1.36502,1.2968,84.14583333333333,82.97916666666667,0,0,13.0,10.0,1.0,1.5,2.0,3.0,1.2637263726372636,1.1935193519351934,1.404140414041404,0.9126912691269127,4.0,0.25,0.25,3.75,,,,,0.0,
b0a84acc-c8e9-458c-9587-9fa1b88a4820,737abd12-582b-4a8b-abbc-3273da7c6750,2026,12,12,2026-11-28T15:00:00+00:00,67d3236c-6589-4978-b178-f6dcf50166d4,f8f456e7-3e20-4803-ba4e-b1762a31812c,Ipswich Town FC,Aston Villa FC,40,78,38,76,1.0,1.0,3.0,0.6,1.0,2.4,1.18292,1.12082,7.0,1.4,1.6,2.0,1.669,1.99936,5.0,0.5,1.0,2.5,0.98536,1.9058800000000002,14.0,1.4,1.6,1.7,1.76112,1.55305,0.8,2.2,0.85206,1.8177600000000003,1.0,1.8,1.3477999999999999,1.83754,89.97916666666667,88.83333333333333,0,0,12.0,20.0,1.5,0.0,3.0,0.0,0.702070207020702,1.7551755175517552,1.1233123312331232,1.1935193519351934,2.0,0.0,1.0,3.0,,,,,0.0,
5a1b881e-5d1a-4fb5-8eef-8798a84816f9,4bccbeb1-8c75-4534-85a8-b9163a39892c,2026,12,12,2026-11-28T15:00:00+00:00,ead1bc2e-8799-410a-a809-66a274bbab2c,33d2f100-682f-4a5e-9aa3-5cc57e1e8571,Arsenal FC,Manchester City FC,78,78,76,76,1.0,1.0,15.0,3.0,1.6,0.2,1.95344,0.8856400000000001,10.0,2.0,2.2,1.0,1.68626,1.3282,24.0,2.4,1.6,0.5,2.1858899999999997,1.11822,23.0,2.3,2.3,0.9,2.26553,1.3481100000000001,1.8,0.4,2.19494,0.74268,2.4,1.0,1.97072,1.38908,88.83333333333333,91.83333333333333,0,0,2.0,1.0,3.0,3.0,6.0,6.0,1.1233123312331232,0.351035103510351,1.6147614761476146,0.6318631863186318,4.0,0.25,0.5,3.75,,,,,0.0,
5f21ec07-f479-44d7-8bf1-165134ed46cc,68ddcb9b-1429-459c-ad94-ca06084864ab,2026,12,12,2026-11-28T15:00:00+00:00,48fc005c-cbfc-4e4d-b7f1-459dce6cf940,66a313d1-2e21-49ad-a1c7-6f04cae6be69,Manchester United FC,Brentford FC,78,78,76,76,1.0,1.0,10.0,2.0,2.2,1.2,2.05574,1.3261,6.0,1.2,1.4,1.4,1.8135999999999999,2.25948,20.0,2.0,2.0,1.3,1.82306,1.49613,12.0,1.2,1.3,1.1,1.7546199999999998,1.66781,2.8,1.8,2.2811,1.69546,0.6,1.4,1.01736,2.19684,89.97916666666667,90.08333333333333,0,0,10.0,5.0,1.5,2.0,3.0,4.0,1.404140414041404,0.9126912691269127,0.9126912691269127,0.7722772277227723,4.0,0.5,0.0,4.25,,,,,0.0,
d8a5a900-b2fa-4cfa-90ee-8d63254e117f,cea1351d-2c13-4617-a8c0-a77c112271b3,2026,12,12,2026-11-28T15:00:00+00:00,60cb8be0-9c1e-4019-8b60-fd9ac2aa9f2d,54ed0f97-ad19-421c-a5c2-9b9d3fcbc72d,Everton FC,Liverpool FC,78,78,76,76,1.0,1.0,5.0,1.0,1.2,1.4,1.29878,1.91182,4.0,0.8,1.6,2.0,1.9297799999999998,1.50558,10.0,1.0,1.6,1.6,1.37879,1.78095,13.0,1.3,1.8,1.7,1.6482800000000002,1.86113,2.0,1.6,1.4764,1.53332,1.8,2.4,1.6099599999999998,2.3167999999999997,91.04166666666667,91.14583333333333,0,0,7.0,13.0,2.0,1.0,4.0,2.0,1.1233123312331232,1.1233123312331232,1.2637263726372636,1.1935193519351934,4.0,0.0,0.25,2.75,,,,,0.0,
b9eba88d-344f-4aad-af77-18fed08c32d3,325c5dab-74f6-4092-a38c-9d44748aa91b,2026,12,12,2026-11-28T15:00:00+00:00,b552a1a6-4302-43ca-884c-0f91ac4f984b,6601a105-9986-4276-89bf-143cdf03198a,Fulham FC,AFC Bournemouth,78,78,76,76,1.0,1.0,4.0,0.8,1.0,1.2,1.44466,1.3342800000000001,6.0,1.2,1.0,1.0,1.22144,1.6790800000000001,11.0,1.1,0.9,1.2,1.4856,1.79445,17.0,1.7,1.6,1.1,1.6844899999999998,1.68106,1.6,1.0,1.82286,1.33118,1.4,1.0,1.5607,2.1102800000000004,90.08333333333333,91.04166666666667,0,0,16.0,15.0,0.0,0.5,0.0,1.0,0.6318631863186318,0.8424842484248424,1.1233123312331232,0.7722772277227723,4.0,0.0,0.25,2.5,,,,,0.0,
2e7e3e82-7a37-4bf3-8a10-3deacc3664f5,d2846ced-0397-4056-b461-60b38b66161f,2026,12,12,2026-11-28T15:00:00+00:00,5421e81a-b7dd-48b1-9982-42644e8dcf9f,1cb320b2-b42f-4131-8f5f-ef42e7f82540,Nottingham Forest FC,Chelsea FC,78,78,76,76,1.0,1.0,3.0,0.6,1.2,1.6,1.4747400000000002,1.8178,10.0,2.0,2.2,1.8,1.3089,1.57474,16.0,1.6,2.2,1.1,1.50631,1.54579,10.0,1.0,1.2,2.2,1.28673,1.6991399999999999,1.4,1.0,1.2945,1.08362,1.0,2.2,1.15024,1.6669,91.14583333333333,90.08333333333333,0,0,14.0,4.0,0.5,3.0,1.0,6.0,1.5445544554455446,0.7722772277227723,0.8424842484248424,1.5445544554455446,4.0,0.25,0.25,2.5,,,,,0.0,
82deed28-d0d9-47b5-a071-8a59995c6c3b,6420d07e-bb7c-4808-9dcc-2dc5ec399d23,2026,12,12,2026-11-28T15:00:00+00:00,fe8b4d06-9254-4fc8-a08f-90f242e51751,d95bc61c-17e5-44b5-bdb9-ec10e55d1aea,Leeds United FC,Coventry City FC,40,2,38,0,1.0,0.0,8.0,1.6,0.8,1.0,1.2767,1.69218,0.0,0.0,0.0,2.0,0.95415,1.6021,19.0,1.9,1.4,0.9,1.66215,1.30455,0.0,0.0,0.0,2.0,0.95415,1.6021,1.6,0.4,1.6337199999999998,0.9775600000000001,0.0,3.0,0.5583,1.8542,90.08333333333333,91.04166666666667,0,0,8.0,17.0,2.0,0.0,4.0,0.0,0.9828982898289828,0.6318631863186318,0.0,1.404140414041404,0.0,0.0,0.0,0.0,,,,,0.0,
818eecb2-b483-4187-bdd3-167d487d36d3,062ab76b-9101-4f73-9d65-06f9c6d06cc7,2026,12,12,2026-11-28T15:00:00+00:00,076f94c9-341e-4294-a86a-076741505170,c23d6b7a-dfaf-44a3-b016-1feb2dddec44,Sunderland AFC,Tottenham Hotspur FC,40,78,38,76,1.0,1.0,10.0,2.0,1.4,0.8,1.47598,1.14264,4.0,0.8,0.6,1.6,1.4309999999999998,1.7245000000000001,17.0,1.7,1.4,1.5,1.49207,1.5401900000000002,11.0,1.1,0.8,1.5,1.35367,1.44519,0.8,1.2,1.4617600000000002,1.073,0.8,1.4,1.22218,1.65644,90.08333333333333,90.9375,0,0,11.0,19.0,1.5,0.0,3.0,0.0,0.9828982898289828,1.053105310531053,0.5616561656165616,1.053105310531053,2.0,0.5,0.5,1.5,,,,,0.0,
55a9e842-22df-44d5-9264-d83622ced253,28cd9617-78ed-43ae-ad87-c38ed9a1a8bc,2026,12,12,2026-11-28T15:00:00+00:00,74bd08fa-27db-4bb0-8490-f57f6ed6b8e9,f7968242-f357-4da3-84bc-b49a6f3af9fe,Crystal Palace FC,Hull City AFC,78,2,76,0,1.0,0.0,1.0,0.2,0.8,2.6,1.3675,2.04196,6.0,3.0,1.5,0.0,1.4231500000000001,1.5643500000000001,6.0,0.6,0.9,2.2,1.6875900000000001,1.7954899999999998,6.0,3.0,1.5,0.0,1.4231500000000001,1.5643500000000001,1.2,1.8,1.90318,1.85092,1.0,0.0,1.35,1.35,91.83333333333333,91.04166666666667,0,0,18.0,3.0,0.0,3.0,0.0,6.0,0.6318631863186318,1.5445544554455446,1.053105310531053,0.0,0.0,0.0,0.0,0.0,,,,,0.0,
b3b342d3-a5a9-4fc5-b05a-37f404ef231f,f0021712-1764-46d0-b78a-ee5dffbd5c2e,2026,12,12,2026-11-28T15:00:00+00:00,db14882b-951f-4db5-860b-4ca2b8583311,c4045d6d-a715-4821-a800-cd9b505ad54b,Brighton & Hove Albion FC,Newcastle United FC,78,78,76,76,1.0,1.0,6.0,1.2,2.0,1.6,2.1024800000000003,1.04346,8.0,1.6,1.6,1.2,1.39426,1.7264399999999998,16.0,1.6,2.0,1.4,2.054,1.19738,11.0,1.1,1.4,1.4,1.51213,2.0315000000000003,2.4,0.8,2.5754799999999998,0.8748400000000001,0.8,1.2,1.07698,1.66432,90.08333333333333,90.9375,0,0,9.0,6.0,1.5,2.0,3.0,4.0,1.404140414041404,0.9828982898289828,0.9828982898289828,0.9828982898289828,4.0,0.5,0.25,2.5,,,,,0.0,
9348c993-2629-453b-927f-f83c3eeb9253,b3fcd0f9-fbba-4c4a-abbd-3dd0dd56993c,2026,13,13,2026-12-02T20:00:00+00:00,f8f456e7-3e20-4803-ba4e-b1762a31812c,60cb8be0-9c1e-4019-8b60-fd9ac2aa9f2d,Aston Villa FC,Everton FC,78,78,76,76,1.0,1.0,7.0,1.4,1.6,2.0,1.669,1.99936,5.0,1.0,1.2,1.4,1.29878,1.91182,14.0,1.4,1.6,1.7,1.76112,1.55305,10.0,1.0,1.6,1.6,1.37879,1.78095,2.2,1.6,2.1744399999999997,1.2685600000000001,1.2,1.6,1.28118,2.02858,93.04166666666667,95.25,0,0,20.0,7.0,0.0,2.0,0.0,4.0,1.1233123312331232,1.1935193519351934,1.1233123312331232,1.1233123312331232,4.0,0.5,0.25,1.75,,,,,0.0,
f4e035ed-442c-472f-a234-df62074f5961,f165a807-c483-477a-85fd-0965e1109722,2026,13,13,2026-12-02T20:00:00+00:00,c23d6b7a-dfaf-44a3-b016-1feb2dddec44,b552a1a6-4302-43ca-884c-0f91ac4f984b,Tottenham Hotspur FC,Fulham FC,78,78,76,76,1.0,1.0,4.0,0.8,0.6,1.6,1.4309999999999998,1.7245000000000001,4.0,0.8,1.0,1.2,1.44466,1.3342800000000001,11.0,1.1,0.8,1.5,1.35367,1.44519,11.0,1.1,0.9,1.2,1.4856,1.79445,0.8,1.6,1.48516,1.23394,0.2,1.4,1.14834,2.25772,95.14583333333333,94.29166666666667,0,0,19.0,16.0,0.0,0.0,0.0,0.0,0.5616561656165616,1.053105310531053,0.6318631863186318,0.8424842484248424,4.0,0.0,0.25,2.5,,,,,0.0,
e8346b7f-0b16-4a2c-87e5-607a888282cd,23907f02-320c-46dc-aeb9-528f800b737e,2026,13,13,2026-12-02T20:00:00+00:00,54ed0f97-ad19-421c-a5c2-9b9d3fcbc72d,076f94c9-341e-4294-a86a-076741505170,Liverpool FC,Sunderland AFC,78,40,76,38,1.0,1.0,4.0,0.8,1.6,2.0,1.9297799999999998,1.50558,10.0,2.0,1.4,0.8,1.47598,1.14264,13.0,1.3,1.8,1.7,1.6482800000000002,1.86113,17.0,1.7,1.4,1.5,1.49207,1.5401900000000002,1.8,1.0,1.6865999999999999,1.4054600000000002,2.0,1.8,1.52238,2.00738,95.35416666666667,94.29166666666667,0,0,13.0,11.0,1.0,1.5,2.0,3.0,1.2637263726372636,1.1935193519351934,0.9828982898289828,1.053105310531053,2.0,0.5,0.5,1.5,,,,,0.0,
ce8547f6-9616-494c-95cb-c300e7c18e83,b7ea3403-0b56-4094-98e6-8248c279bcfb,2026,13,13,2026-12-02T20:00:00+00:00,1cb320b2-b42f-4131-8f5f-ef42e7f82540,74bd08fa-27db-4bb0-8490-f57f6ed6b8e9,Chelsea FC,Crystal Palace FC,78,78,76,76,1.0,1.0,10.0,2.0,2.2,1.8,1.3089,1.57474,1.0,0.2,0.8,2.6,1.3675,2.04196,10.0,1.0,1.2,2.2,1.28673,1.6991399999999999,6.0,0.6,0.9,2.2,1.6875900000000001,1.7954899999999998,1.4,2.2,1.4232200000000002,1.7313800000000001,0.6,2.6,1.472,1.7400600000000002,94.29166666666667,96.04166666666667,0,0,4.0,18.0,3.0,0.0,6.0,0.0,0.8424842484248424,1.5445544554455446,0.6318631863186318,1.5445544554455446,4.0,0.25,0.75,2.0,,,,,0.0,
683d01b2-64e2-43ab-afb0-1ef56b7d5ec0,3ce6d68b-e784-4b70-944c-6f254a0088c0,2026,13,13,2026-12-02T20:00:00+00:00,66a313d1-2e21-49ad-a1c7-6f04cae6be69,ead1bc2e-8799-410a-a809-66a274bbab2c,Brentford FC,Arsenal FC,78,78,76,76,1.0,1.0,6.0,1.2,1.4,1.4,1.8135999999999999,2.25948,15.0,3.0,1.6,0.2,1.95344,0.8856400000000001,12.0,1.2,1.3,1.1,1.7546199999999998,1.66781,24.0,2.4,1.6,0.5,2.1858899999999997,1.11822,2.0,0.8,2.49188,1.1387800000000001,1.2,0.6,1.8980799999999998,1.4419,94.29166666666667,93.04166666666667,0,0,5.0,2.0,2.0,3.0,4.0,6.0,0.9126912691269127,0.7722772277227723,1.1233123312331232,0.351035103510351,4.0,0.0,0.5,2.5,,,,,0.0,
fdcf7796-8d29-4089-b0a4-25098b86d7d8,5868bedd-1e61-4593-99c1-e5554c452103,2026,13,13,2026-12-02T20:00:00+00:00,c4045d6d-a715-4821-a800-cd9b505ad54b,48fc005c-cbfc-4e4d-b7f1-459dce6cf940,Newcastle United FC,Manchester United FC,78,78,76,76,1.0,1.0,8.0,1.6,1.6,1.2,1.39426,1.7264399999999998,10.0,2.0,2.2,1.2,2.05574,1.3261,11.0,1.1,1.4,1.4,1.51213,2.0315000000000003,20.0,2.0,2.0,1.3,1.82306,1.49613,2.0,1.6,1.94728,2.3986799999999997,1.2,0.8,1.36502,1.2968,95.14583333333333,94.1875,0,0,6.0,10.0,2.0,1.5,4.0,3.0,0.9828982898289828,0.9828982898289828,1.404140414041404,0.9126912691269127,4.0,0.75,0.0,2.75,,,,,0.0,
f89bcc55-bb2f-4e9f-978a-c8234dc05f35,cff9d3b7-94db-4bf5-b50f-a7af75d72811,2026,13,13,2026-12-02T20:00:00+00:00,6601a105-9986-4276-89bf-143cdf03198a,db14882b-951f-4db5-860b-4ca2b8583311,AFC Bournemouth,Brighton & Hove Albion FC,78,78,76,76,1.0,1.0,6.0,1.2,1.0,1.0,1.22144,1.6790800000000001,6.0,1.2,2.0,1.6,2.1024800000000003,1.04346,17.0,1.7,1.6,1.1,1.6844899999999998,1.68106,16.0,1.6,2.0,1.4,2.054,1.19738,1.8,1.2,1.8082799999999999,1.25184,1.6,2.0,1.53252,1.5199200000000002,95.25,94.29166666666667,0,0,15.0,9.0,0.5,1.5,1.0,3.0,1.1233123312331232,0.7722772277227723,1.404140414041404,0.9828982898289828,4.0,0.25,0.25,2.75,,,,,0.0,
611a2a55-893c-4d91-9792-ebe55d38cbd8,ad0efc6c-4bcf-4bc8-a49c-aceda3067841,2026,13,13,2026-12-02T20:00:00+00:00,f7968242-f357-4da3-84bc-b49a6f3af9fe,5421e81a-b7dd-48b1-9982-42644e8dcf9f,Hull City AFC,Nottingham Forest FC,2,78,0,76,0.0,1.0,6.0,3.0,1.5,0.0,1.4231500000000001,1.5643500000000001,3.0,0.6,1.2,1.6,1.4747400000000002,1.8178,6.0,3.0,1.5,0.0,1.4231500000000001,1.5643500000000001,16.0,1.6,2.2,1.1,1.50631,1.54579,2.0,0.0,1.4963,1.7787,3.0,1.2,1.71812,2.0079599999999997,95.25,95.35416666666667,0,0,3.0,14.0,3.0,0.5,6.0,1.0,1.053105310531053,0.0,1.5445544554455446,0.7722772277227723,0.0,0.0,0.0,0.0,,,,,0.0,
7347d33c-835b-4c2f-804d-dc5a1f47fcad,37fb77f7-e99c-452d-8207-bd31a014aca3,2026,13,13,2026-12-02T20:00:00+00:00,d95bc61c-17e5-44b5-bdb9-ec10e55d1aea,67d3236c-6589-4978-b178-f6dcf50166d4,Coventry City FC,Ipswich Town FC,2,40,0,38,0.0,1.0,0.0,0.0,0.0,2.0,0.95415,1.6021,3.0,0.6,1.0,2.4,1.18292,1.12082,0.0,0.0,0.0,2.0,0.95415,1.6021,5.0,0.5,1.0,2.5,0.98536,1.9058800000000002,0.0,1.0,1.35,1.35,1.2,2.8,1.11866,1.9940000000000002,95.25,94.1875,0,0,17.0,12.0,0.0,1.5,0.0,3.0,0.0,1.404140414041404,0.702070207020702,1.7551755175517552,0.0,0.0,0.0,0.0,,,,,0.0,
30db6b8c-204a-4922-a053-8168e48729d9,04d8f37a-836d-4751-8360-5b26377c01d2,2026,13,13,2026-12-02T20:00:00+00:00,33d2f100-682f-4a5e-9aa3-5cc57e1e8571,fe8b4d06-9254-4fc8-a08f-90f242e51751,Manchester City FC,Leeds United FC,78,40,76,38,1.0,1.0,10.0,2.0,2.2,1.0,1.68626,1.3282,8.0,1.6,0.8,1.0,1.2767,1.69218,23.0,2.3,2.3,0.9,2.26553,1.3481100000000001,19.0,1.9,1.4,0.9,1.66215,1.30455,2.2,0.8,2.56034,1.30714,1.2,1.4,1.69058,1.63154,96.04166666666667,94.29166666666667,0,0,1.0,8.0,3.0,2.0,6.0,4.0,1.6147614761476146,0.6318631863186318,0.9828982898289828,0.6318631863186318,2.0,1.0,0.0,3.0,,,,,0.0,
be967326-11d0-4c9c-a54c-113ae18da054,17691334-488f-49eb-baf8-19e50fa771ed,2026,14,14,2026-12-05T15:00:00+00:00,c23d6b7a-dfaf-44a3-b016-1feb2dddec44,ead1bc2e-8799-410a-a809-66a274bbab2c,Tottenham Hotspur FC,Arsenal FC,78,78,76,76,1.0,1.0,4.0,0.8,0.6,1.6,1.4309999999999998,1.7245000000000001,15.0,3.0,1.6,0.2,1.95344,0.8856400000000001,11.0,1.1,0.8,1.5,1.35367,1.44519,24.0,2.4,1.6,0.5,2.1858899999999997,1.11822,0.8,1.6,1.48516,1.23394,1.2,0.6,1.8980799999999998,1.4419,97.9375,95.83333333333333,0,0,19.0,2.0,0.0,3.0,0.0,6.0,0.5616561656165616,1.053105310531053,1.1233123312331232,0.351035103510351,4.0,0.0,0.0,3.5,,,,,0.0,
96bb3705-ec8c-49a1-b1c8-96e43c1f9280,7f8d1d7b-4d2b-409f-8c93-463907aa13f7,2026,14,14,2026-12-05T15:00:00+00:00,fe8b4d06-9254-4fc8-a08f-90f242e51751,67d3236c-6589-4978-b178-f6dcf50166d4,Leeds United FC,Ipswich Town FC,40,40,38,38,1.0,1.0,8.0,1.6,0.8,1.0,1.2767,1.69218,3.0,0.6,1.0,2.4,1.18292,1.12082,19.0,1.9,1.4,0.9,1.66215,1.30455,5.0,0.5,1.0,2.5,0.98536,1.9058800000000002,1.6,0.4,1.6337199999999998,0.9775600000000001,1.2,2.8,1.11866,1.9940000000000002,97.08333333333333,96.97916666666667,0,0,8.0,12.0,2.0,1.5,4.0,3.0,0.9828982898289828,0.6318631863186318,0.702070207020702,1.7551755175517552,0.0,0.0,0.0,0.0,,,,,0.0,
c9692b13-38fa-48e7-a898-e33dc1976424,330d6779-291f-48e4-8331-892bd40a234b,2026,14,14,2026-12-05T15:00:00+00:00,c4045d6d-a715-4821-a800-cd9b505ad54b,076f94c9-341e-4294-a86a-076741505170,Newcastle United FC,Sunderland AFC,78,40,76,38,1.0,1.0,8.0,1.6,1.6,1.2,1.39426,1.7264399999999998,10.0,2.0,1.4,0.8,1.47598,1.14264,11.0,1.1,1.4,1.4,1.51213,2.0315000000000003,17.0,1.7,1.4,1.5,1.49207,1.5401900000000002,2.0,1.6,1.94728,2.3986799999999997,2.0,1.8,1.52238,2.00738,97.9375,97.08333333333333,0,0,6.0,11.0,2.0,1.5,4.0,3.0,0.9828982898289828,0.9828982898289828,0.9828982898289828,1.053105310531053,2.0,0.0,0.0,2.0,,,,,0.0,
314eeaa7-6b92-48a9-8865-9fc4b3e711af,9f16871e-9255-4140-a1c7-e800229e6e1c,2026,14,14,2026-12-05T15:00:00+00:00,1cb320b2-b42f-4131-8f5f-ef42e7f82540,54ed0f97-ad19-421c-a5c2-9b9d3fcbc72d,Chelsea FC,Liverpool FC,78,78,76,76,1.0,1.0,10.0,2.0,2.2,1.8,1.3089,1.57474,4.0,0.8,1.6,2.0,1.9297799999999998,1.50558,10.0,1.0,1.2,2.2,1.28673,1.6991399999999999,13.0,1.3,1.8,1.7,1.6482800000000002,1.86113,1.4,2.2,1.4232200000000002,1.7313800000000001,1.8,2.4,1.6099599999999998,2.3167999999999997,97.08333333333333,98.14583333333333,0,0,4.0,13.0,3.0,1.0,6.0,2.0,0.8424842484248424,1.5445544554455446,1.2637263726372636,1.1935193519351934,4.0,0.5,0.25,3.0,,,,,0.0,
3bb6b85b-e1ac-4f18-8820-96af829573f8,e59b0cc9-007f-47af-bc14-62eb08ba6dd4,2026,14,14,2026-12-05T15:00:00+00:00,66a313d1-2e21-49ad-a1c7-6f04cae6be69,33d2f100-682f-4a5e-9aa3-5cc57e1e8571,Brentford FC,Manchester City FC,78,78,76,76,1.0,1.0,6.0,1.2,1.4,1.4,1.8135999999999999,2.25948,10.0,2.0,2.2,1.0,1.68626,1.3282,12.0,1.2,1.3,1.1,1.7546199999999998,1.66781,23.0,2.3,2.3,0.9,2.26553,1.3481100000000001,2.0,0.8,2.49188,1.1387800000000001,2.4,1.0,1.97072,1.38908,97.08333333333333,98.83333333333333,0,0,5.0,1.0,2.0,3.0,4.0,6.0,0.9126912691269127,0.7722772277227723,1.6147614761476146,0.6318631863186318,4.0,0.0,0.25,2.75,,,,,0.0,
7f461490-4922-42a3-95a8-beb07ca9efc7,1c53ff95-b5b7-4eb7-b0b6-9ce693617775,2026,14,14,2026-12-05T15:00:00+00:00,f8f456e7-3e20-4803-ba4e-b1762a31812c,74bd08fa-27db-4bb0-8490-f57f6ed6b8e9,Aston Villa FC,Crystal Palace FC,78,78,76,76,1.0,1.0,7.0,1.4,1.6,2.0,1.669,1.99936,1.0,0.2,0.8,2.6,1.3675,2.04196,14.0,1.4,1.6,1.7,1.76112,1.55305,6.0,0.6,0.9,2.2,1.6875900000000001,1.7954899999999998,2.2,1.6,2.1744399999999997,1.2685600000000001,0.6,2.6,1.472,1.7400600000000002,95.83333333333333,98.83333333333333,0,0,20.0,18.0,0.0,0.0,0.0,0.0,1.1233123312331232,1.1935193519351934,0.6318631863186318,1.5445544554455446,4.0,0.0,0.5,3.0,,,,,0.0,
fb686757-66e1-4065-9c29-557332cad500,eb04489a-4775-43b8-9b02-33222a1661d4,2026,14,14,2026-12-05T15:00:00+00:00,5421e81a-b7dd-48b1-9982-42644e8dcf9f,db14882b-951f-4db5-860b-4ca2b8583311,Nottingham Forest FC,Brighton & Hove Albion FC,78,78,76,76,1.0,1.0,3.0,0.6,1.2,1.6,1.4747400000000002,1.8178,6.0,1.2,2.0,1.6,2.1024800000000003,1.04346,16.0,1.6,2.2,1.1,1.50631,1.54579,16.0,1.6,2.0,1.4,2.054,1.19738,1.4,1.0,1.2945,1.08362,1.6,2.0,1.53252,1.5199200000000002,98.14583333333333,97.08333333333333,0,0,14.0,9.0,0.5,1.5,1.0,3.0,1.5445544554455446,0.7722772277227723,1.404140414041404,0.9828982898289828,4.0,0.25,0.25,4.0,,,,,0.0,
ffcf97d8-1293-4768-81fc-324b1b26fec5,698221d4-ab0a-42de-a707-b021d505e451,2026,14,14,2026-12-05T15:00:00+00:00,60cb8be0-9c1e-4019-8b60-fd9ac2aa9f2d,b552a1a6-4302-43ca-884c-0f91ac4f984b,Everton FC,Fulham FC,78,78,76,76,1.0,1.0,5.0,1.0,1.2,1.4,1.29878,1.91182,4.0,0.8,1.0,1.2,1.44466,1.3342800000000001,10.0,1.0,1.6,1.6,1.37879,1.78095,11.0,1.1,0.9,1.2,1.4856,1.79445,2.0,1.6,1.4764,1.53332,0.2,1.4,1.14834,2.25772,98.04166666666667,97.08333333333333,0,0,7.0,16.0,2.0,0.0,4.0,0.0,1.1233123312331232,1.1233123312331232,0.6318631863186318,0.8424842484248424,4.0,0.75,0.25,2.75,,,,,0.0,
c6400462-9472-45c1-a071-37d066fc49e3,197fc075-f71a-4ebd-af67-25154719a58d,2026,14,14,2026-12-05T15:00:00+00:00,48fc005c-cbfc-4e4d-b7f1-459dce6cf940,d95bc61c-17e5-44b5-bdb9-ec10e55d1aea,Manchester United FC,Coventry City FC,78,2,76,0,1.0,0.0,10.0,2.0,2.2,1.2,2.05574,1.3261,0.0,0.0,0.0,2.0,0.95415,1.6021,20.0,2.0,2.0,1.3,1.82306,1.49613,0.0,0.0,0.0,2.0,0.95415,1.6021,2.8,1.8,2.2811,1.69546,0.0,3.0,0.5583,1.8542,96.97916666666667,98.04166666666667,0,0,10.0,17.0,1.5,0.0,3.0,0.0,1.404140414041404,0.9126912691269127,0.0,1.404140414041404,0.0,0.0,0.0,0.0,,,,,0.0,
47280d2b-639b-4b3c-94e9-76719a76091a,d349e876-c43a-4ef9-aa9f-7a7127867c6e,2026,14,14,2026-12-05T15:00:00+00:00,6601a105-9986-4276-89bf-143cdf03198a,f7968242-f357-4da3-84bc-b49a6f3af9fe,AFC Bournemouth,Hull City AFC,78,2,76,0,1.0,0.0,6.0,1.2,1.0,1.0,1.22144,1.6790800000000001,6.0,3.0,1.5,0.0,1.4231500000000001,1.5643500000000001,17.0,1.7,1.6,1.1,1.6844899999999998,1.68106,6.0,3.0,1.5,0.0,1.4231500000000001,1.5643500000000001,1.8,1.2,1.8082799999999999,1.25184,1.0,0.0,1.35,1.35,98.04166666666667,98.04166666666667,0,0,15.0,3.0,0.5,3.0,1.0,6.0,1.1233123312331232,0.7722772277227723,1.053105310531053,0.0,0.0,0.0,0.0,0.0,,,,,0.0,
a5118971-8236-41dd-9100-22bda9e5ec99,337d4178-0801-4b93-b225-ff5d188c4a85,2026,15,15,2026-12-12T15:00:00+00:00,076f94c9-341e-4294-a86a-076741505170,5421e81a-b7dd-48b1-9982-42644e8dcf9f,Sunderland AFC,Nottingham Forest FC,40,78,38,76,1.0,1.0,10.0,2.0,1.4,0.8,1.47598,1.14264,3.0,0.6,1.2,1.6,1.4747400000000002,1.8178,17.0,1.7,1.4,1.5,1.49207,1.5401900000000002,16.0,1.6,2.2,1.1,1.50631,1.54579,0.8,1.2,1.4617600000000002,1.073,3.0,1.2,1.71812,2.0079599999999997,104.08333333333333,105.14583333333333,0,0,11.0,14.0,1.5,0.5,3.0,1.0,0.9828982898289828,1.053105310531053,1.5445544554455446,0.7722772277227723,2.0,0.5,0.0,3.0,,,,,0.0,
23ecccc1-3d93-49c7-839f-b8eac89f9619,c4dfa418-e430-4be9-8a06-e2bbdd7d7da2,2026,15,15,2026-12-12T15:00:00+00:00,74bd08fa-27db-4bb0-8490-f57f6ed6b8e9,48fc005c-cbfc-4e4d-b7f1-459dce6cf940,Crystal Palace FC,Manchester United FC,78,78,76,76,1.0,1.0,1.0,0.2,0.8,2.6,1.3675,2.04196,10.0,2.0,2.2,1.2,2.05574,1.3261,6.0,0.6,0.9,2.2,1.6875900000000001,1.7954899999999998,20.0,2.0,2.0,1.3,1.82306,1.49613,1.2,1.8,1.90318,1.85092,1.2,0.8,1.36502,1.2968,105.83333333333333,103.97916666666667,0,0,18.0,10.0,0.0,1.5,0.0,3.0,0.6318631863186318,1.5445544554455446,1.404140414041404,0.9126912691269127,4.0,0.25,0.25,2.0,,,,,0.0,
e7f55b30-957f-425d-aafc-5c3a3d83e937,363cfc55-9280-4e57-b95b-ffeb401bbb00,2026,15,15,2026-12-12T15:00:00+00:00,db14882b-951f-4db5-860b-4ca2b8583311,60cb8be0-9c1e-4019-8b60-fd9ac2aa9f2d,Brighton & Hove Albion FC,Everton FC,78,78,76,76,1.0,1.0,6.0,1.2,2.0,1.6,2.1024800000000003,1.04346,5.0,1.0,1.2,1.4,1.29878,1.91182,16.0,1.6,2.0,1.4,2.054,1.19738,10.0,1.0,1.6,1.6,1.37879,1.78095,2.4,0.8,2.5754799999999998,0.8748400000000001,1.2,1.6,1.28118,2.02858,104.08333333333333,105.04166666666667,0,0,9.0,7.0,1.5,2.0,3.0,4.0,1.404140414041404,0.9828982898289828,1.1233123312331232,1.1233123312331232,4.0,0.25,0.25,2.0,,,,,0.0,
b962334c-bd0c-435a-a76b-cf8150967559,2dff724e-cb52-416f-85fb-3ddeb3bbe654,2026,15,15,2026-12-12T15:00:00+00:00,67d3236c-6589-4978-b178-f6dcf50166d4,c4045d6d-a715-4821-a800-cd9b505ad54b,Ipswich Town FC,Newcastle United FC,40,78,38,76,1.0,1.0,3.0,0.6,1.0,2.4,1.18292,1.12082,8.0,1.6,1.6,1.2,1.39426,1.7264399999999998,5.0,0.5,1.0,2.5,0.98536,1.9058800000000002,11.0,1.1,1.4,1.4,1.51213,2.0315000000000003,0.8,2.2,0.85206,1.8177600000000003,0.8,1.2,1.07698,1.66432,103.97916666666667,104.9375,0,0,12.0,6.0,1.5,2.0,3.0,4.0,0.702070207020702,1.7551755175517552,0.9828982898289828,0.9828982898289828,2.0,0.0,0.0,3.5,,,,,0.0,
1e02eaf9-1ca9-46c4-9824-053fc12e3b48,54f3d52e-f5d6-48d0-9292-df7e67a29884,2026,15,15,2026-12-12T15:00:00+00:00,ead1bc2e-8799-410a-a809-66a274bbab2c,6601a105-9986-4276-89bf-143cdf03198a,Arsenal FC,AFC Bournemouth,78,78,76,76,1.0,1.0,15.0,3.0,1.6,0.2,1.95344,0.8856400000000001,6.0,1.2,1.0,1.0,1.22144,1.6790800000000001,24.0,2.4,1.6,0.5,2.1858899999999997,1.11822,17.0,1.7,1.6,1.1,1.6844899999999998,1.68106,1.8,0.4,2.19494,0.74268,1.4,1.0,1.5607,2.1102800000000004,102.83333333333333,105.04166666666667,0,0,2.0,15.0,3.0,0.5,6.0,1.0,1.1233123312331232,0.351035103510351,1.1233123312331232,0.7722772277227723,4.0,0.25,0.0,3.25,,,,,0.0,
e93444c1-f70a-4de6-bdfc-18dacc1385d4,1198cbeb-4b45-4686-a5bf-35e480feaa90,2026,15,15,2026-12-12T15:00:00+00:00,33d2f100-682f-4a5e-9aa3-5cc57e1e8571,1cb320b2-b42f-4131-8f5f-ef42e7f82540,Manchester City FC,Chelsea FC,78,78,76,76,1.0,1.0,10.0,2.0,2.2,1.0,1.68626,1.3282,10.0,2.0,2.2,1.8,1.3089,1.57474,23.0,2.3,2.3,0.9,2.26553,1.3481100000000001,10.0,1.0,1.2,2.2,1.28673,1.6991399999999999,2.2,0.8,2.56034,1.30714,1.0,2.2,1.15024,1.6669,105.83333333333333,104.08333333333333,0,0,1.0,4.0,3.0,3.0,6.0,6.0,1.6147614761476146,0.6318631863186318,0.8424842484248424,1.5445544554455446,4.0,0.75,0.25,2.75,,,,,0.0,
8e5d0d4f-b665-4535-b042-551de7aa252f,e0bb176a-e1e6-4c57-a673-75b66331ec95,2026,15,15,2026-12-12T15:00:00+00:00,54ed0f97-ad19-421c-a5c2-9b9d3fcbc72d,fe8b4d06-9254-4fc8-a08f-90f242e51751,Liverpool FC,Leeds United FC,78,40,76,38,1.0,1.0,4.0,0.8,1.6,2.0,1.9297799999999998,1.50558,8.0,1.6,0.8,1.0,1.2767,1.69218,13.0,1.3,1.8,1.7,1.6482800000000002,1.86113,19.0,1.9,1.4,0.9,1.66215,1.30455,1.8,1.0,1.6865999999999999,1.4054600000000002,1.2,1.4,1.69058,1.63154,105.14583333333333,104.08333333333333,0,0,13.0,8.0,1.0,2.0,2.0,4.0,1.2637263726372636,1.1935193519351934,0.9828982898289828,0.6318631863186318,2.0,0.0,1.0,3.0,,,,,0.0,
8c974315-6560-4197-b7f2-c292ac301f06,440103bc-bb8c-4f5c-9d07-84e4a25caef0,2026,15,15,2026-12-12T15:00:00+00:00,b552a1a6-4302-43ca-884c-0f91ac4f984b,66a313d1-2e21-49ad-a1c7-6f04cae6be69,Fulham FC,Brentford FC,78,78,76,76,1.0,1.0,4.0,0.8,1.0,1.2,1.44466,1.3342800000000001,6.0,1.2,1.4,1.4,1.8135999999999999,2.25948,11.0,1.1,0.9,1.2,1.4856,1.79445,12.0,1.2,1.3,1.1,1.7546199999999998,1.66781,1.6,1.0,1.82286,1.33118,0.6,1.4,1.01736,2.19684,104.08333333333333,104.08333333333333,0,0,16.0,5.0,0.0,2.0,0.0,4.0,0.6318631863186318,0.8424842484248424,0.9126912691269127,0.7722772277227723,4.0,0.75,0.25,3.0,,,,,0.0,
e1312899-685d-41ee-a241-ae111c8ceb93,8e7172e7-ba79-4262-990e-2d0e64e60109,2026,15,15,2026-12-12T15:00:00+00:00,f7968242-f357-4da3-84bc-b49a6f3af9fe,c23d6b7a-dfaf-44a3-b016-1feb2dddec44,Hull City AFC,Tottenham Hotspur FC,2,78,0,76,0.0,1.0,6.0,3.0,1.5,0.0,1.4231500000000001,1.5643500000000001,4.0,0.8,0.6,1.6,1.4309999999999998,1.7245000000000001,6.0,3.0,1.5,0.0,1.4231500000000001,1.5643500000000001,11.0,1.1,0.8,1.5,1.35367,1.44519,2.0,0.0,1.4963,1.7787,0.8,1.4,1.22218,1.65644,105.04166666666667,104.9375,0,0,3.0,19.0,3.0,0.0,6.0,0.0,1.053105310531053,0.0,0.5616561656165616,1.053105310531053,0.0,0.0,0.0,0.0,,,,,0.0,
74b5bc26-e181-4da4-9c5e-3a9ebe42787e,50ee486c-9b8e-416c-9ef7-d6119d6d05c6,2026,15,15,2026-12-12T15:00:00+00:00,d95bc61c-17e5-44b5-bdb9-ec10e55d1aea,f8f456e7-3e20-4803-ba4e-b1762a31812c,Coventry City FC,Aston Villa FC,2,78,0,76,0.0,1.0,0.0,0.0,0.0,2.0,0.95415,1.6021,7.0,1.4,1.6,2.0,1.669,1.99936,0.0,0.0,0.0,2.0,0.95415,1.6021,14.0,1.4,1.6,1.7,1.76112,1.55305,0.0,1.0,1.35,1.35,1.0,1.8,1.3477999999999999,1.83754,105.04166666666667,102.83333333333333,0,0,17.0,20.0,0.0,0.0,0.0,0.0,0.0,1.404140414041404,1.1233123312331232,1.1935193519351934,0.0,0.0,0.0,0.0,,,,,0.0,
70902fa8-635e-42a8-8973-6242ffa40ce0,f1c1a250-1dc8-4000-a79b-531bec0372b6,2026,16,16,2026-12-19T15:00:00+00:00,fe8b4d06-9254-4fc8-a08f-90f242e51751,b552a1a6-4302-43ca-884c-0f91ac4f984b,Leeds United FC,Fulham FC,40,78,38,76,1.0,1.0,8.0,1.6,0.8,1.0,1.2767,1.69218,4.0,0.8,1.0,1.2,1.44466,1.3342800000000001,19.0,1.9,1.4,0.9,1.66215,1.30455,11.0,1.1,0.9,1.2,1.4856,1.79445,1.6,0.4,1.6337199999999998,0.9775600000000001,0.2,1.4,1.14834,2.25772,111.08333333333333,111.08333333333333,0,0,8.0,16.0,2.0,0.0,4.0,0.0,0.9828982898289828,0.6318631863186318,0.6318631863186318,0.8424842484248424,2.0,0.5,0.0,1.0,,,,,0.0,
a2ccb96f-e2cf-4682-99f9-8c26f4e465e9,0fbad2ad-dead-41bd-9041-d1ef7743c3f6,2026,16,16,2026-12-19T15:00:00+00:00,5421e81a-b7dd-48b1-9982-42644e8dcf9f,60cb8be0-9c1e-4019-8b60-fd9ac2aa9f2d,Nottingham Forest FC,Everton FC,78,78,76,76,1.0,1.0,3.0,0.6,1.2,1.6,1.4747400000000002,1.8178,5.0,1.0,1.2,1.4,1.29878,1.91182,16.0,1.6,2.2,1.1,1.50631,1.54579,10.0,1.0,1.6,1.6,1.37879,1.78095,1.4,1.0,1.2945,1.08362,1.2,1.6,1.28118,2.02858,112.14583333333333,112.04166666666667,0,0,14.0,7.0,0.5,2.0,1.0,4.0,1.5445544554455446,0.7722772277227723,1.1233123312331232,1.1233123312331232,4.0,0.25,0.0,2.0,,,,,0.0,
3569c7e2-e735-49fb-b247-111bb1c8ee01,adc425da-a26e-4147-8fea-9e84c6d1cef4,2026,16,16,2026-12-19T15:00:00+00:00,66a313d1-2e21-49ad-a1c7-6f04cae6be69,c4045d6d-a715-4821-a800-cd9b505ad54b,Brentford FC,Newcastle United FC,78,78,76,76,1.0,1.0,6.0,1.2,1.4,1.4,1.8135999999999999,2.25948,8.0,1.6,1.6,1.2,1.39426,1.7264399999999998,12.0,1.2,1.3,1.1,1.7546199999999998,1.66781,11.0,1.1,1.4,1.4,1.51213,2.0315000000000003,2.0,0.8,2.49188,1.1387800000000001,0.8,1.2,1.07698,1.66432,111.08333333333333,111.9375,0,0,5.0,6.0,2.0,2.0,4.0,4.0,0.9126912691269127,0.7722772277227723,0.9828982898289828,0.9828982898289828,4.0,0.75,0.0,4.5,,,,,0.0,
156e0ca6-3e7c-4a4d-9e99-b13b663cdf20,46e72aa1-a5fa-45ee-b5fc-23b3152043bb,2026,16,16,2026-12-19T15:00:00+00:00,076f94c9-341e-4294-a86a-076741505170,74bd08fa-27db-4bb0-8490-f57f6ed6b8e9,Sunderland AFC,Crystal Palace FC,40,78,38,76,1.0,1.0,10.0,2.0,1.4,0.8,1.47598,1.14264,1.0,0.2,0.8,2.6,1.3675,2.04196,17.0,1.7,1.4,1.5,1.49207,1.5401900000000002,6.0,0.6,0.9,2.2,1.6875900000000001,1.7954899999999998,0.8,1.2,1.4617600000000002,1.073,0.6,2.6,1.472,1.7400600000000002,111.08333333333333,112.83333333333333,0,0,11.0,18.0,1.5,0.0,3.0,0.0,0.9828982898289828,1.053105310531053,0.6318631863186318,1.5445544554455446,2.0,0.5,0.5,1.5,,,,,0.0,
a9e40803-80c9-4e16-922e-8e556eacd14c,067ad94e-93a4-400e-9105-340bc2406080,2026,16,16,2026-12-19T15:00:00+00:00,ead1bc2e-8799-410a-a809-66a274bbab2c,48fc005c-cbfc-4e4d-b7f1-459dce6cf940,Arsenal FC,Manchester United FC,78,78,76,76,1.0,1.0,15.0,3.0,1.6,0.2,1.95344,0.8856400000000001,10.0,2.0,2.2,1.2,2.05574,1.3261,24.0,2.4,1.6,0.5,2.1858899999999997,1.11822,20.0,2.0,2.0,1.3,1.82306,1.49613,1.8,0.4,2.19494,0.74268,1.2,0.8,1.36502,1.2968,109.83333333333333,110.97916666666667,0,0,2.0,10.0,3.0,1.5,6.0,3.0,1.1233123312331232,0.351035103510351,1.404140414041404,0.9126912691269127,4.0,0.5,0.25,2.5,,,,,0.0,
17a6b699-e882-4b74-a994-67bddb9e1502,bbe21b79-25e6-4409-a38d-c34f4ce17e7b,2026,16,16,2026-12-19T15:00:00+00:00,54ed0f97-ad19-421c-a5c2-9b9d3fcbc72d,c23d6b7a-dfaf-44a3-b016-1feb2dddec44,Liverpool FC,Tottenham Hotspur FC,78,78,76,76,1.0,1.0,4.0,0.8,1.6,2.0,1.9297799999999998,1.50558,4.0,0.8,0.6,1.6,1.4309999999999998,1.7245000000000001,13.0,1.3,1.8,1.7,1.6482800000000002,1.86113,11.0,1.1,0.8,1.5,1.35367,1.44519,1.8,1.0,1.6865999999999999,1.4054600000000002,0.8,1.4,1.22218,1.65644,112.14583333333333,111.9375,0,0,13.0,19.0,1.0,0.0,2.0,0.0,1.2637263726372636,1.1935193519351934,0.5616561656165616,1.053105310531053,4.0,0.75,0.25,5.0,,,,,0.0,
b83ff06e-2b45-421a-ac07-250dbe88879b,5d0604d1-5aef-4d4c-b8a8-030c2e018ed9,2026,16,16,2026-12-19T15:00:00+00:00,1cb320b2-b42f-4131-8f5f-ef42e7f82540,f8f456e7-3e20-4803-ba4e-b1762a31812c,Chelsea FC,Aston Villa FC,78,78,76,76,1.0,1.0,10.0,2.0,2.2,1.8,1.3089,1.57474,7.0,1.4,1.6,2.0,1.669,1.99936,10.0,1.0,1.2,2.2,1.28673,1.6991399999999999,14.0,1.4,1.6,1.7,1.76112,1.55305,1.4,2.2,1.4232200000000002,1.7313800000000001,1.0,1.8,1.3477999999999999,1.83754,111.08333333333333,109.83333333333333,0,0,4.0,20.0,3.0,0.0,6.0,0.0,0.8424842484248424,1.5445544554455446,1.1233123312331232,1.1935193519351934,4.0,0.5,0.0,3.5,,,,,0.0,
2f78dea8-1416-46a8-947a-a35925dabae4,7b69227c-f370-4a03-a42e-d5bf74a09a09,2026,16,16,2026-12-19T15:00:00+00:00,33d2f100-682f-4a5e-9aa3-5cc57e1e8571,f7968242-f357-4da3-84bc-b49a6f3af9fe,Manchester City FC,Hull City AFC,78,2,76,0,1.0,0.0,10.0,2.0,2.2,1.0,1.68626,1.3282,6.0,3.0,1.5,0.0,1.4231500000000001,1.5643500000000001,23.0,2.3,2.3,0.9,2.26553,1.3481100000000001,6.0,3.0,1.5,0.0,1.4231500000000001,1.5643500000000001,2.2,0.8,2.56034,1.30714,1.0,0.0,1.35,1.35,112.83333333333333,112.04166666666667,0,0,1.0,3.0,3.0,3.0,6.0,6.0,1.6147614761476146,0.6318631863186318,1.053105310531053,0.0,0.0,0.0,0.0,0.0,,,,,0.0,
20999246-5ee3-4eb2-9b88-906a0dda16c3,6d35aedc-cc8a-456f-8b96-a278e5a806be,2026,16,16,2026-12-19T15:00:00+00:00,6601a105-9986-4276-89bf-143cdf03198a,d95bc61c-17e5-44b5-bdb9-ec10e55d1aea,AFC Bournemouth,Coventry City FC,78,2,76,0,1.0,0.0,6.0,1.2,1.0,1.0,1.22144,1.6790800000000001,0.0,0.0,0.0,2.0,0.95415,1.6021,17.0,1.7,1.6,1.1,1.6844899999999998,1.68106,0.0,0.0,0.0,2.0,0.95415,1.6021,1.8,1.2,1.8082799999999999,1.25184,0.0,3.0,0.5583,1.8542,112.04166666666667,112.04166666666667,0,0,15.0,17.0,0.5,0.0,1.0,0.0,1.1233123312331232,0.7722772277227723,0.0,1.404140414041404,0.0,0.0,0.0,0.0,,,,,0.0,
59318146-2c63-4c3e-93fd-a5088f9a7c37,99b5ff03-8609-436d-9e12-aa94e2874549,2026,16,16,2026-12-19T15:00:00+00:00,db14882b-951f-4db5-860b-4ca2b8583311,67d3236c-6589-4978-b178-f6dcf50166d4,Brighton & Hove Albion FC,Ipswich Town FC,78,40,76,38,1.0,1.0,6.0,1.2,2.0,1.6,2.1024800000000003,1.04346,3.0,0.6,1.0,2.4,1.18292,1.12082,16.0,1.6,2.0,1.4,2.054,1.19738,5.0,0.5,1.0,2.5,0.98536,1.9058800000000002,2.4,0.8,2.5754799999999998,0.8748400000000001,1.2,2.8,1.11866,1.9940000000000002,111.08333333333333,110.97916666666667,0,0,9.0,12.0,1.5,1.5,3.0,3.0,1.404140414041404,0.9828982898289828,0.702070207020702,1.7551755175517552,2.0,0.5,0.5,1.0,,,,,0.0,
14daeecc-3552-4ebd-8dbc-d750dce4b104,31244cf1-8e2e-471b-9ce9-dbedd6a37a14,2026,17,17,2026-12-26T15:00:00+00:00,60cb8be0-9c1e-4019-8b60-fd9ac2aa9f2d,076f94c9-341e-4294-a86a-076741505170,Everton FC,Sunderland AFC,78,40,76,38,1.0,1.0,5.0,1.0,1.2,1.4,1.29878,1.91182,10.0,2.0,1.4,0.8,1.47598,1.14264,10.0,1.0,1.6,1.6,1.37879,1.78095,17.0,1.7,1.4,1.5,1.49207,1.5401900000000002,2.0,1.6,1.4764,1.53332,2.0,1.8,1.52238,2.00738,119.04166666666667,118.08333333333333,0,0,7.0,11.0,2.0,1.5,4.0,3.0,1.1233123312331232,1.1233123312331232,0.9828982898289828,1.053105310531053,2.0,0.0,0.5,3.0,,,,,0.0,
1832fba3-df84-429c-83c5-c20054a272f2,efffbb98-a0f6-422b-9173-1e92133c794b,2026,17,17,2026-12-26T15:00:00+00:00,f8f456e7-3e20-4803-ba4e-b1762a31812c,fe8b4d06-9254-4fc8-a08f-90f242e51751,Aston Villa FC,Leeds United FC,78,40,76,38,1.0,1.0,7.0,1.4,1.6,2.0,1.669,1.99936,8.0,1.6,0.8,1.0,1.2767,1.69218,14.0,1.4,1.6,1.7,1.76112,1.55305,19.0,1.9,1.4,0.9,1.66215,1.30455,2.2,1.6,2.1744399999999997,1.2685600000000001,1.2,1.4,1.69058,1.63154,116.83333333333333,118.08333333333333,0,0,20.0,8.0,0.0,2.0,0.0,4.0,1.1233123312331232,1.1935193519351934,0.9828982898289828,0.6318631863186318,2.0,0.5,0.5,2.5,,,,,0.0,
276f8f1b-28a5-4f0a-b182-572164f2c9ba,5143a693-89e3-407f-b320-c5d31580f0ab,2026,17,17,2026-12-26T15:00:00+00:00,48fc005c-cbfc-4e4d-b7f1-459dce6cf940,5421e81a-b7dd-48b1-9982-42644e8dcf9f,Manchester United FC,Nottingham Forest FC,78,78,76,76,1.0,1.0,10.0,2.0,2.2,1.2,2.05574,1.3261,3.0,0.6,1.2,1.6,1.4747400000000002,1.8178,20.0,2.0,2.0,1.3,1.82306,1.49613,16.0,1.6,2.2,1.1,1.50631,1.54579,2.8,1.8,2.2811,1.69546,3.0,1.2,1.71812,2.0079599999999997,117.97916666666667,119.14583333333333,0,0,10.0,14.0,1.5,0.5,3.0,1.0,1.404140414041404,0.9126912691269127,1.5445544554455446,0.7722772277227723,4.0,0.25,0.25,3.75,,,,,0.0,
1e4255dd-0aaa-4c56-948d-f2618450d0c9,e3bc3ac6-726d-4339-b237-982486874a33,2026,17,17,2026-12-26T15:00:00+00:00,74bd08fa-27db-4bb0-8490-f57f6ed6b8e9,ead1bc2e-8799-410a-a809-66a274bbab2c,Crystal Palace FC,Arsenal FC,78,78,76,76,1.0,1.0,1.0,0.2,0.8,2.6,1.3675,2.04196,15.0,3.0,1.6,0.2,1.95344,0.8856400000000001,6.0,0.6,0.9,2.2,1.6875900000000001,1.7954899999999998,24.0,2.4,1.6,0.5,2.1858899999999997,1.11822,1.2,1.8,1.90318,1.85092,1.2,0.6,1.8980799999999998,1.4419,119.83333333333333,116.83333333333333,0,0,18.0,2.0,0.0,3.0,0.0,6.0,0.6318631863186318,1.5445544554455446,1.1233123312331232,0.351035103510351,4.0,0.0,0.25,3.5,,,,,0.0,
19a8665f-62e8-4dbc-8169-abaf6aabe015,8fffaca8-0c46-4b0b-b940-7883b59f9bf6,2026,17,17,2026-12-26T15:00:00+00:00,d95bc61c-17e5-44b5-bdb9-ec10e55d1aea,1cb320b2-b42f-4131-8f5f-ef42e7f82540,Coventry City FC,Chelsea FC,2,78,0,76,0.0,1.0,0.0,0.0,0.0,2.0,0.95415,1.6021,10.0,2.0,2.2,1.8,1.3089,1.57474,0.0,0.0,0.0,2.0,0.95415,1.6021,10.0,1.0,1.2,2.2,1.28673,1.6991399999999999,0.0,1.0,1.35,1.35,1.0,2.2,1.15024,1.6669,119.04166666666667,118.08333333333333,0,0,17.0,4.0,0.0,3.0,0.0,6.0,0.0,1.404140414041404,0.8424842484248424,1.5445544554455446,0.0,0.0,0.0,0.0,,,,,0.0,
759e5872-b2f0-4dfa-8ba5-357301fba78b,b38b2721-f1dd-49eb-9ccc-901a58af732e,2026,17,17,2026-12-26T15:00:00+00:00,b552a1a6-4302-43ca-884c-0f91ac4f984b,db14882b-951f-4db5-860b-4ca2b8583311,Fulham FC,Brighton & Hove Albion FC,78,78,76,76,1.0,1.0,4.0,0.8,1.0,1.2,1.44466,1.3342800000000001,6.0,1.2,2.0,1.6,2.1024800000000003,1.04346,11.0,1.1,0.9,1.2,1.4856,1.79445,16.0,1.6,2.0,1.4,2.054,1.19738,1.6,1.0,1.82286,1.33118,1.6,2.0,1.53252,1.5199200000000002,118.08333333333333,118.08333333333333,0,0,16.0,9.0,0.0,1.5,0.0,3.0,0.6318631863186318,0.8424842484248424,1.404140414041404,0.9828982898289828,4.0,0.5,0.25,3.0,,,,,0.0,
2775af77-25f7-4537-b26f-92ed4a2259bb,0ab31595-cbff-4bfb-8ef9-de1ae1a04fe0,2026,17,17,2026-12-26T15:00:00+00:00,c23d6b7a-dfaf-44a3-b016-1feb2dddec44,6601a105-9986-4276-89bf-143cdf03198a,Tottenham Hotspur FC,AFC Bournemouth,78,78,76,76,1.0,1.0,4.0,0.8,0.6,1.6,1.4309999999999998,1.7245000000000001,6.0,1.2,1.0,1.0,1.22144,1.6790800000000001,11.0,1.1,0.8,1.5,1.35367,1.44519,17.0,1.7,1.6,1.1,1.6844899999999998,1.68106,0.8,1.6,1.48516,1.23394,1.4,1.0,1.5607,2.1102800000000004,118.9375,119.04166666666667,0,0,19.0,15.0,0.0,0.5,0.0,1.0,0.5616561656165616,1.053105310531053,1.1233123312331232,0.7722772277227723,4.0,0.0,0.25,2.75,,,,,0.0,
3bb1cc0b-c634-492c-96b9-ef8dff019b80,962ed7f1-c6cf-49e9-a50b-2908c4d0aa90,2026,17,17,2026-12-26T15:00:00+00:00,67d3236c-6589-4978-b178-f6dcf50166d4,66a313d1-2e21-49ad-a1c7-6f04cae6be69,Ipswich Town FC,Brentford FC,40,78,38,76,1.0,1.0,3.0,0.6,1.0,2.4,1.18292,1.12082,6.0,1.2,1.4,1.4,1.8135999999999999,2.25948,5.0,0.5,1.0,2.5,0.98536,1.9058800000000002,12.0,1.2,1.3,1.1,1.7546199999999998,1.66781,0.8,2.2,0.85206,1.8177600000000003,0.6,1.4,1.01736,2.19684,117.97916666666667,118.08333333333333,0,0,12.0,5.0,1.5,2.0,3.0,4.0,0.702070207020702,1.7551755175517552,0.9126912691269127,0.7722772277227723,2.0,0.0,0.0,4.0,,,,,0.0,
a627a171-9064-4622-bed5-d5220b76b048,f447dfc9-47b1-4e39-a06f-9e10d9712e91,2026,17,17,2026-12-26T15:00:00+00:00,f7968242-f357-4da3-84bc-b49a6f3af9fe,54ed0f97-ad19-421c-a5c2-9b9d3fcbc72d,Hull City AFC,Liverpool FC,2,78,0,76,0.0,1.0,6.0,3.0,1.5,0.0,1.4231500000000001,1.5643500000000001,4.0,0.8,1.6,2.0,1.9297799999999998,1.50558,6.0,3.0,1.5,0.0,1.4231500000000001,1.5643500000000001,13.0,1.3,1.8,1.7,1.6482800000000002,1.86113,2.0,0.0,1.4963,1.7787,1.8,2.4,1.6099599999999998,2.3167999999999997,119.04166666666667,119.14583333333333,0,0,3.0,13.0,3.0,1.0,6.0,2.0,1.053105310531053,0.0,1.2637263726372636,1.1935193519351934,0.0,0.0,0.0,0.0,,,,,0.0,
2f02eab9-df61-442e-a91d-7014b2beee14,8063cd24-5297-42a9-ad5f-05abb72b5842,2026,17,17,2026-12-26T15:00:00+00:00,c4045d6d-a715-4821-a800-cd9b505ad54b,33d2f100-682f-4a5e-9aa3-5cc57e1e8571,Newcastle United FC,Manchester City FC,78,78,76,76,1.0,1.0,8.0,1.6,1.6,1.2,1.39426,1.7264399999999998,10.0,2.0,2.2,1.0,1.68626,1.3282,11.0,1.1,1.4,1.4,1.51213,2.0315000000000003,23.0,2.3,2.3,0.9,2.26553,1.3481100000000001,2.0,1.6,1.94728,2.3986799999999997,2.4,1.0,1.97072,1.38908,118.9375,119.83333333333333,0,0,6.0,1.0,2.0,3.0,4.0,6.0,0.9828982898289828,0.9828982898289828,1.6147614761476146,0.6318631863186318,4.0,0.25,0.25,3.0,,,,,0.0,
d1b9e9a2-0549-49a1-800a-a7f6b33b81d4,ca88c316-a2fd-439a-9968-2ccb4119fab7,2026,18,18,2026-12-30T20:00:00+00:00,b552a1a6-4302-43ca-884c-0f91ac4f984b,ead1bc2e-8799-410a-a809-66a274bbab2c,Fulham FC,Arsenal FC,78,78,76,76,1.0,1.0,4.0,0.8,1.0,1.2,1.44466,1.3342800000000001,15.0,3.0,1.6,0.2,1.95344,0.8856400000000001,11.0,1.1,0.9,1.2,1.4856,1.79445,24.0,2.4,1.6,0.5,2.1858899999999997,1.11822,1.6,1.0,1.82286,1.33118,1.2,0.6,1.8980799999999998,1.4419,122.29166666666667,121.04166666666667,0,0,16.0,2.0,0.0,3.0,0.0,6.0,0.6318631863186318,0.8424842484248424,1.1233123312331232,0.351035103510351,4.0,0.0,0.25,2.25,,,,,0.0,
693598bc-f623-4c95-b348-bfc63872dc14,f560bf40-6d9f-4577-8990-1906ad6816f3,2026,18,18,2026-12-30T20:00:00+00:00,f8f456e7-3e20-4803-ba4e-b1762a31812c,54ed0f97-ad19-421c-a5c2-9b9d3fcbc72d,Aston Villa FC,Liverpool FC,78,78,76,76,1.0,1.0,7.0,1.4,1.6,2.0,1.669,1.99936,4.0,0.8,1.6,2.0,1.9297799999999998,1.50558,14.0,1.4,1.6,1.7,1.76112,1.55305,13.0,1.3,1.8,1.7,1.6482800000000002,1.86113,2.2,1.6,2.1744399999999997,1.2685600000000001,1.8,2.4,1.6099599999999998,2.3167999999999997,121.04166666666667,123.35416666666667,0,0,20.0,13.0,0.0,1.0,0.0,2.0,1.1233123312331232,1.1935193519351934,1.2637263726372636,1.1935193519351934,4.0,0.25,0.25,3.5,,,,,0.0,
cee5765b-6513-4c54-8e1d-c56b69c5e626,b81510e3-6158-44ee-8078-3b14ad3f0a19,2026,18,18,2026-12-30T20:00:00+00:00,c4045d6d-a715-4821-a800-cd9b505ad54b,5421e81a-b7dd-48b1-9982-42644e8dcf9f,Newcastle United FC,Nottingham Forest FC,78,78,76,76,1.0,1.0,8.0,1.6,1.6,1.2,1.39426,1.7264399999999998,3.0,0.6,1.2,1.6,1.4747400000000002,1.8178,11.0,1.1,1.4,1.4,1.51213,2.0315000000000003,16.0,1.6,2.2,1.1,1.50631,1.54579,2.0,1.6,1.94728,2.3986799999999997,3.0,1.2,1.71812,2.0079599999999997,123.14583333333333,123.35416666666667,0,0,6.0,14.0,2.0,0.5,4.0,1.0,0.9828982898289828,0.9828982898289828,1.5445544554455446,0.7722772277227723,4.0,0.75,0.25,3.75,,,,,0.0,
74e4a16e-198f-4bb8-bac4-37a9b74ef5c3,d843f5c2-56c3-4ff9-9bca-9eae78c4c210,2026,18,18,2026-12-30T20:00:00+00:00,48fc005c-cbfc-4e4d-b7f1-459dce6cf940,076f94c9-341e-4294-a86a-076741505170,Manchester United FC,Sunderland AFC,78,40,76,38,1.0,1.0,10.0,2.0,2.2,1.2,2.05574,1.3261,10.0,2.0,1.4,0.8,1.47598,1.14264,20.0,2.0,2.0,1.3,1.82306,1.49613,17.0,1.7,1.4,1.5,1.49207,1.5401900000000002,2.8,1.8,2.2811,1.69546,2.0,1.8,1.52238,2.00738,122.1875,122.29166666666667,0,0,10.0,11.0,1.5,1.5,3.0,3.0,1.404140414041404,0.9126912691269127,0.9828982898289828,1.053105310531053,2.0,0.5,0.5,1.0,,,,,0.0,
3535db22-b896-4f8b-84fd-30418b3a718d,ed4ab1ed-4b86-4d66-9f25-bf4ab2aa27d2,2026,18,18,2026-12-30T20:00:00+00:00,67d3236c-6589-4978-b178-f6dcf50166d4,1cb320b2-b42f-4131-8f5f-ef42e7f82540,Ipswich Town FC,Chelsea FC,40,78,38,76,1.0,1.0,3.0,0.6,1.0,2.4,1.18292,1.12082,10.0,2.0,2.2,1.8,1.3089,1.57474,5.0,0.5,1.0,2.5,0.98536,1.9058800000000002,10.0,1.0,1.2,2.2,1.28673,1.6991399999999999,0.8,2.2,0.85206,1.8177600000000003,1.0,2.2,1.15024,1.6669,122.1875,122.29166666666667,0,0,12.0,4.0,1.5,3.0,3.0,6.0,0.702070207020702,1.7551755175517552,0.8424842484248424,1.5445544554455446,2.0,0.5,0.5,3.0,,,,,0.0,
35f3740c-e029-4136-9585-fc6b23138768,52a73431-4c80-46c0-8a43-586038badcd9,2026,18,18,2026-12-30T20:00:00+00:00,c23d6b7a-dfaf-44a3-b016-1feb2dddec44,db14882b-951f-4db5-860b-4ca2b8583311,Tottenham Hotspur FC,Brighton & Hove Albion FC,78,78,76,76,1.0,1.0,4.0,0.8,0.6,1.6,1.4309999999999998,1.7245000000000001,6.0,1.2,2.0,1.6,2.1024800000000003,1.04346,11.0,1.1,0.8,1.5,1.35367,1.44519,16.0,1.6,2.0,1.4,2.054,1.19738,0.8,1.6,1.48516,1.23394,1.6,2.0,1.53252,1.5199200000000002,123.14583333333333,122.29166666666667,0,0,19.0,9.0,0.0,1.5,0.0,3.0,0.5616561656165616,1.053105310531053,1.404140414041404,0.9828982898289828,4.0,0.0,0.5,4.5,,,,,0.0,
dcae7368-8e5c-43f3-b338-f5e7934a2cce,1c91dd36-2e1b-479a-83b2-f2552c715fbd,2026,18,18,2026-12-30T20:00:00+00:00,60cb8be0-9c1e-4019-8b60-fd9ac2aa9f2d,33d2f100-682f-4a5e-9aa3-5cc57e1e8571,Everton FC,Manchester City FC,78,78,76,76,1.0,1.0,5.0,1.0,1.2,1.4,1.29878,1.91182,10.0,2.0,2.2,1.0,1.68626,1.3282,10.0,1.0,1.6,1.6,1.37879,1.78095,23.0,2.3,2.3,0.9,2.26553,1.3481100000000001,2.0,1.6,1.4764,1.53332,2.4,1.0,1.97072,1.38908,123.25,124.04166666666667,0,0,7.0,1.0,2.0,3.0,4.0,6.0,1.1233123312331232,1.1233123312331232,1.6147614761476146,0.6318631863186318,4.0,0.0,0.5,3.0,,,,,0.0,
3582e425-71c9-46de-9bff-959168f7d369,34f560e8-900d-4dcf-899d-6cdcc0ea77b8,2026,18,18,2026-12-30T20:00:00+00:00,74bd08fa-27db-4bb0-8490-f57f6ed6b8e9,6601a105-9986-4276-89bf-143cdf03198a,Crystal Palace FC,AFC Bournemouth,78,78,76,76,1.0,1.0,1.0,0.2,0.8,2.6,1.3675,2.04196,6.0,1.2,1.0,1.0,1.22144,1.6790800000000001,6.0,0.6,0.9,2.2,1.6875900000000001,1.7954899999999998,17.0,1.7,1.6,1.1,1.6844899999999998,1.68106,1.2,1.8,1.90318,1.85092,1.4,1.0,1.5607,2.1102800000000004,124.04166666666667,123.25,0,0,18.0,15.0,0.0,0.5,0.0,1.0,0.6318631863186318,1.5445544554455446,1.1233123312331232,0.7722772277227723,4.0,0.0,0.75,2.25,,,,,0.0,
be24a19f-0b1e-4897-9596-9a760ed03c10,998e3cd2-0857-48e7-91ea-0f7514f393c5,2026,18,18,2026-12-30T20:00:00+00:00,d95bc61c-17e5-44b5-bdb9-ec10e55d1aea,66a313d1-2e21-49ad-a1c7-6f04cae6be69,Coventry City FC,Brentford FC,2,78,0,76,0.0,1.0,0.0,0.0,0.0,2.0,0.95415,1.6021,6.0,1.2,1.4,1.4,1.8135999999999999,2.25948,0.0,0.0,0.0,2.0,0.95415,1.6021,12.0,1.2,1.3,1.1,1.7546199999999998,1.66781,0.0,1.0,1.35,1.35,0.6,1.4,1.01736,2.19684,123.25,122.29166666666667,0,0,17.0,5.0,0.0,2.0,0.0,4.0,0.0,1.404140414041404,0.9126912691269127,0.7722772277227723,0.0,0.0,0.0,0.0,,,,,0.0,
f81a713c-af37-4528-9f53-ef4e80f453cc,4b92218b-0e05-4cbb-86e7-4900a9f05235,2026,18,18,2026-12-30T20:00:00+00:00,f7968242-f357-4da3-84bc-b49a6f3af9fe,fe8b4d06-9254-4fc8-a08f-90f242e51751,Hull City AFC,Leeds United FC,2,40,0,38,0.0,1.0,6.0,3.0,1.5,0.0,1.4231500000000001,1.5643500000000001,8.0,1.6,0.8,1.0,1.2767,1.69218,6.0,3.0,1.5,0.0,1.4231500000000001,1.5643500000000001,19.0,1.9,1.4,0.9,1.66215,1.30455,2.0,0.0,1.4963,1.7787,1.2,1.4,1.69058,1.63154,123.25,122.29166666666667,0,0,3.0,8.0,3.0,2.0,6.0,4.0,1.053105310531053,0.0,0.9828982898289828,0.6318631863186318,0.0,0.0,0.0,0.0,,,,,0.0,
2e1c83f5-7981-4c72-9ff4-cef238296a7b,8fa98150-4ea3-4d84-8feb-2dd18dc04cc0,2026,19,19,2027-01-02T15:00:00+00:00,6601a105-9986-4276-89bf-143cdf03198a,f8f456e7-3e20-4803-ba4e-b1762a31812c,AFC Bournemouth,Aston Villa FC,78,78,76,76,1.0,1.0,6.0,1.2,1.0,1.0,1.22144,1.6790800000000001,7.0,1.4,1.6,2.0,1.669,1.99936,17.0,1.7,1.6,1.1,1.6844899999999998,1.68106,14.0,1.4,1.6,1.7,1.76112,1.55305,1.8,1.2,1.8082799999999999,1.25184,1.0,1.8,1.3477999999999999,1.83754,126.04166666666667,123.83333333333333,0,0,15.0,20.0,0.5,0.0,1.0,0.0,1.1233123312331232,0.7722772277227723,1.1233123312331232,1.1935193519351934,4.0,0.0,0.5,2.25,,,,,0.0,
7b63676c-ce2b-45bc-8a06-b53e63b0a621,eb269e9c-028a-4324-9eba-b9b55633dcaa,2026,19,19,2027-01-02T15:00:00+00:00,66a313d1-2e21-49ad-a1c7-6f04cae6be69,74bd08fa-27db-4bb0-8490-f57f6ed6b8e9,Brentford FC,Crystal Palace FC,78,78,76,76,1.0,1.0,6.0,1.2,1.4,1.4,1.8135999999999999,2.25948,1.0,0.2,0.8,2.6,1.3675,2.04196,12.0,1.2,1.3,1.1,1.7546199999999998,1.66781,6.0,0.6,0.9,2.2,1.6875900000000001,1.7954899999999998,2.0,0.8,2.49188,1.1387800000000001,0.6,2.6,1.472,1.7400600000000002,125.08333333333333,126.83333333333333,0,0,5.0,18.0,2.0,0.0,4.0,0.0,0.9126912691269127,0.7722772277227723,0.6318631863186318,1.5445544554455446,4.0,0.5,0.25,3.0,,,,,0.0,
7ab06093-0d3a-4945-9d7a-dedf5d5006e9,8c1e9aac-9698-428f-a715-7e8b920025c7,2026,19,19,2027-01-02T15:00:00+00:00,fe8b4d06-9254-4fc8-a08f-90f242e51751,60cb8be0-9c1e-4019-8b60-fd9ac2aa9f2d,Leeds United FC,Everton FC,40,78,38,76,1.0,1.0,8.0,1.6,0.8,1.0,1.2767,1.69218,5.0,1.0,1.2,1.4,1.29878,1.91182,19.0,1.9,1.4,0.9,1.66215,1.30455,10.0,1.0,1.6,1.6,1.37879,1.78095,1.6,0.4,1.6337199999999998,0.9775600000000001,1.2,1.6,1.28118,2.02858,125.08333333333333,126.04166666666667,0,0,8.0,7.0,2.0,2.0,4.0,4.0,0.9828982898289828,0.6318631863186318,1.1233123312331232,1.1233123312331232,2.0,0.5,0.5,1.5,,,,,0.0,
46a76120-5acb-4fe7-81e9-d80f77898c80,5205cebf-5b17-47ea-ada3-547d52b5fa86,2026,19,19,2027-01-02T15:00:00+00:00,ead1bc2e-8799-410a-a809-66a274bbab2c,67d3236c-6589-4978-b178-f6dcf50166d4,Arsenal FC,Ipswich Town FC,78,40,76,38,1.0,1.0,15.0,3.0,1.6,0.2,1.95344,0.8856400000000001,3.0,0.6,1.0,2.4,1.18292,1.12082,24.0,2.4,1.6,0.5,2.1858899999999997,1.11822,5.0,0.5,1.0,2.5,0.98536,1.9058800000000002,1.8,0.4,2.19494,0.74268,1.2,2.8,1.11866,1.9940000000000002,123.83333333333333,124.97916666666667,0,0,2.0,12.0,3.0,1.5,6.0,3.0,1.1233123312331232,0.351035103510351,0.702070207020702,1.7551755175517552,2.0,1.0,0.0,2.5,,,,,0.0,
2fc43aab-d03b-440b-af91-f4e23568206c,35815067-9dc2-4ff2-ad85-56a06c778d7d,2026,19,19,2027-01-02T15:00:00+00:00,1cb320b2-b42f-4131-8f5f-ef42e7f82540,c4045d6d-a715-4821-a800-cd9b505ad54b,Chelsea FC,Newcastle United FC,78,78,76,76,1.0,1.0,10.0,2.0,2.2,1.8,1.3089,1.57474,8.0,1.6,1.6,1.2,1.39426,1.7264399999999998,10.0,1.0,1.2,2.2,1.28673,1.6991399999999999,11.0,1.1,1.4,1.4,1.51213,2.0315000000000003,1.4,2.2,1.4232200000000002,1.7313800000000001,0.8,1.2,1.07698,1.66432,125.08333333333333,125.9375,0,0,4.0,6.0,3.0,2.0,6.0,4.0,0.8424842484248424,1.5445544554455446,0.9828982898289828,0.9828982898289828,4.0,0.25,0.25,2.5,,,,,0.0,
38e19208-49b3-469e-89eb-becd62500819,866c38dd-48ad-49a5-b97b-f187f9ad8695,2026,19,19,2027-01-02T15:00:00+00:00,5421e81a-b7dd-48b1-9982-42644e8dcf9f,b552a1a6-4302-43ca-884c-0f91ac4f984b,Nottingham Forest FC,Fulham FC,78,78,76,76,1.0,1.0,3.0,0.6,1.2,1.6,1.4747400000000002,1.8178,4.0,0.8,1.0,1.2,1.44466,1.3342800000000001,16.0,1.6,2.2,1.1,1.50631,1.54579,11.0,1.1,0.9,1.2,1.4856,1.79445,1.4,1.0,1.2945,1.08362,0.2,1.4,1.14834,2.25772,126.14583333333333,125.08333333333333,0,0,14.0,16.0,0.5,0.0,1.0,0.0,1.5445544554455446,0.7722772277227723,0.6318631863186318,0.8424842484248424,4.0,0.0,0.25,1.25,,,,,0.0,
997af3dd-7e9d-4062-a8c9-cb711dea9a20,a030218c-c36a-41d6-9d17-326d41ef9785,2026,19,19,2027-01-02T15:00:00+00:00,db14882b-951f-4db5-860b-4ca2b8583311,48fc005c-cbfc-4e4d-b7f1-459dce6cf940,Brighton & Hove Albion FC,Manchester United FC,78,78,76,76,1.0,1.0,6.0,1.2,2.0,1.6,2.1024800000000003,1.04346,10.0,2.0,2.2,1.2,2.05574,1.3261,16.0,1.6,2.0,1.4,2.054,1.19738,20.0,2.0,2.0,1.3,1.82306,1.49613,2.4,0.8,2.5754799999999998,0.8748400000000001,1.2,0.8,1.36502,1.2968,125.08333333333333,124.97916666666667,0,0,9.0,10.0,1.5,1.5,3.0,3.0,1.404140414041404,0.9828982898289828,1.404140414041404,0.9126912691269127,4.0,0.5,0.0,4.0,,,,,0.0,
80961da3-e132-404e-bc12-804d0f13bfcc,23244297-7bdf-4bca-812a-d4fa77b75e24,2026,19,19,2027-01-02T15:00:00+00:00,33d2f100-682f-4a5e-9aa3-5cc57e1e8571,c23d6b7a-dfaf-44a3-b016-1feb2dddec44,Manchester City FC,Tottenham Hotspur FC,78,78,76,76,1.0,1.0,10.0,2.0,2.2,1.0,1.68626,1.3282,4.0,0.8,0.6,1.6,1.4309999999999998,1.7245000000000001,23.0,2.3,2.3,0.9,2.26553,1.3481100000000001,11.0,1.1,0.8,1.5,1.35367,1.44519,2.2,0.8,2.56034,1.30714,0.8,1.4,1.22218,1.65644,126.83333333333333,125.9375,0,0,1.0,19.0,3.0,0.0,6.0,0.0,1.6147614761476146,0.6318631863186318,0.5616561656165616,1.053105310531053,4.0,0.25,0.25,2.75,,,,,0.0,
458adbc8-11b3-410a-aa98-5a1bb3bcecc4,4d6acb9a-dffb-49dc-8b50-83bfb2d93691,2026,19,19,2027-01-02T15:00:00+00:00,076f94c9-341e-4294-a86a-076741505170,f7968242-f357-4da3-84bc-b49a6f3af9fe,Sunderland AFC,Hull City AFC,40,2,38,0,1.0,0.0,10.0,2.0,1.4,0.8,1.47598,1.14264,6.0,3.0,1.5,0.0,1.4231500000000001,1.5643500000000001,17.0,1.7,1.4,1.5,1.49207,1.5401900000000002,6.0,3.0,1.5,0.0,1.4231500000000001,1.5643500000000001,0.8,1.2,1.4617600000000002,1.073,1.0,0.0,1.35,1.35,125.08333333333333,126.04166666666667,0,0,11.0,3.0,1.5,3.0,3.0,6.0,0.9828982898289828,1.053105310531053,1.053105310531053,0.0,0.0,0.0,0.0,0.0,,,,,0.0,
7fbe7865-d625-4d17-bbcf-687345a2f4ca,84c240ae-c5cd-4c1b-8400-bbe6c91c583b,2026,19,19,2027-01-02T15:00:00+00:00,54ed0f97-ad19-421c-a5c2-9b9d3fcbc72d,d95bc61c-17e5-44b5-bdb9-ec10e55d1aea,Liverpool FC,Coventry City FC,78,2,76,0,1.0,0.0,4.0,0.8,1.6,2.0,1.9297799999999998,1.50558,0.0,0.0,0.0,2.0,0.95415,1.6021,13.0,1.3,1.8,1.7,1.6482800000000002,1.86113,0.0,0.0,0.0,2.0,0.95415,1.6021,1.8,1.0,1.6865999999999999,1.4054600000000002,0.0,3.0,0.5583,1.8542,126.14583333333333,126.04166666666667,0,0,13.0,17.0,1.0,0.0,2.0,0.0,1.2637263726372636,1.1935193519351934,0.0,1.404140414041404,0.0,0.0,0.0,0.0,,,,,0.0,
37a07d63-9077-49f1-8ce2-5bac46cfcc45,77c06d13-6423-428e-994e-3f8e61f8ec5a,2026,20,20,2027-01-06T20:00:00+00:00,60cb8be0-9c1e-4019-8b60-fd9ac2aa9f2d,f8f456e7-3e20-4803-ba4e-b1762a31812c,Everton FC,Aston Villa FC,78,78,76,76,1.0,1.0,5.0,1.0,1.2,1.4,1.29878,1.91182,7.0,1.4,1.6,2.0,1.669,1.99936,10.0,1.0,1.6,1.6,1.37879,1.78095,14.0,1.4,1.6,1.7,1.76112,1.55305,2.0,1.6,1.4764,1.53332,1.0,1.8,1.3477999999999999,1.83754,130.25,128.04166666666666,0,0,7.0,20.0,2.0,0.0,4.0,0.0,1.1233123312331232,1.1233123312331232,1.1233123312331232,1.1935193519351934,4.0,0.25,0.25,1.75,,,,,0.0,
cf5a7d59-da4d-4a7e-9ba6-7ea2e7e563c0,9b2f49c5-21f1-48e0-8213-e5ff14ab63bb,2026,20,20,2027-01-06T20:00:00+00:00,ead1bc2e-8799-410a-a809-66a274bbab2c,66a313d1-2e21-49ad-a1c7-6f04cae6be69,Arsenal FC,Brentford FC,78,78,76,76,1.0,1.0,15.0,3.0,1.6,0.2,1.95344,0.8856400000000001,6.0,1.2,1.4,1.4,1.8135999999999999,2.25948,24.0,2.4,1.6,0.5,2.1858899999999997,1.11822,12.0,1.2,1.3,1.1,1.7546199999999998,1.66781,1.8,0.4,2.19494,0.74268,0.6,1.4,1.01736,2.19684,128.04166666666666,129.29166666666666,0,0,2.0,5.0,3.0,2.0,6.0,4.0,1.1233123312331232,0.351035103510351,0.9126912691269127,0.7722772277227723,4.0,0.5,0.5,2.5,,,,,0.0,
49605df4-d4e6-4369-80ba-24427cdbb1b3,28a87275-9fda-459f-b245-4cc1f4104244,2026,20,20,2027-01-06T20:00:00+00:00,076f94c9-341e-4294-a86a-076741505170,54ed0f97-ad19-421c-a5c2-9b9d3fcbc72d,Sunderland AFC,Liverpool FC,40,78,38,76,1.0,1.0,10.0,2.0,1.4,0.8,1.47598,1.14264,4.0,0.8,1.6,2.0,1.9297799999999998,1.50558,17.0,1.7,1.4,1.5,1.49207,1.5401900000000002,13.0,1.3,1.8,1.7,1.6482800000000002,1.86113,0.8,1.2,1.4617600000000002,1.073,1.8,2.4,1.6099599999999998,2.3167999999999997,129.29166666666666,130.35416666666666,0,0,11.0,13.0,1.5,1.0,3.0,2.0,0.9828982898289828,1.053105310531053,1.2637263726372636,1.1935193519351934,2.0,0.0,0.5,1.5,,,,,0.0,
71861084-27e3-4789-aff8-424ff1761037,43002a37-9b30-4f76-8d3b-d90bf7d0ff21,2026,20,20,2027-01-06T20:00:00+00:00,fe8b4d06-9254-4fc8-a08f-90f242e51751,33d2f100-682f-4a5e-9aa3-5cc57e1e8571,Leeds United FC,Manchester City FC,40,78,38,76,1.0,1.0,8.0,1.6,0.8,1.0,1.2767,1.69218,10.0,2.0,2.2,1.0,1.68626,1.3282,19.0,1.9,1.4,0.9,1.66215,1.30455,23.0,2.3,2.3,0.9,2.26553,1.3481100000000001,1.6,0.4,1.6337199999999998,0.9775600000000001,2.4,1.0,1.97072,1.38908,129.29166666666666,131.04166666666666,0,0,8.0,1.0,2.0,3.0,4.0,6.0,0.9828982898289828,0.6318631863186318,1.6147614761476146,0.6318631863186318,2.0,0.0,0.0,3.0,,,,,0.0,
9999b6f1-84c9-42e1-9352-6534a8d6aee3,60c630fd-0526-4ef1-aeff-064757d2b6d4,2026,20,20,2027-01-06T20:00:00+00:00,48fc005c-cbfc-4e4d-b7f1-459dce6cf940,c4045d6d-a715-4821-a800-cd9b505ad54b,Manchester United FC,Newcastle United FC,78,78,76,76,1.0,1.0,10.0,2.0,2.2,1.2,2.05574,1.3261,8.0,1.6,1.6,1.2,1.39426,1.7264399999999998,20.0,2.0,2.0,1.3,1.82306,1.49613,11.0,1.1,1.4,1.4,1.51213,2.0315000000000003,2.8,1.8,2.2811,1.69546,0.8,1.2,1.07698,1.66432,129.1875,130.14583333333334,0,0,10.0,6.0,1.5,2.0,3.0,4.0,1.404140414041404,0.9126912691269127,0.9828982898289828,0.9828982898289828,4.0,0.25,0.0,2.75,,,,,0.0,
f7ea1fe1-e068-4b1c-a2d5-6bba2137dd61,6db1668c-9dd3-4ec4-ad50-780ca4e98584,2026,20,20,2027-01-06T20:00:00+00:00,db14882b-951f-4db5-860b-4ca2b8583311,6601a105-9986-4276-89bf-143cdf03198a,Brighton & Hove Albion FC,AFC Bournemouth,78,78,76,76,1.0,1.0,6.0,1.2,2.0,1.6,2.1024800000000003,1.04346,6.0,1.2,1.0,1.0,1.22144,1.6790800000000001,16.0,1.6,2.0,1.4,2.054,1.19738,17.0,1.7,1.6,1.1,1.6844899999999998,1.68106,2.4,0.8,2.5754799999999998,0.8748400000000001,1.4,1.0,1.5607,2.1102800000000004,129.29166666666666,130.25,0,0,9.0,15.0,1.5,0.5,3.0,1.0,1.404140414041404,0.9828982898289828,1.1233123312331232,0.7722772277227723,4.0,0.5,0.25,2.75,,,,,0.0,
a03579b2-2f2f-4a67-807b-4b465bcd2e34,1c08c84f-237a-4948-b138-a9707fe1c143,2026,20,20,2027-01-06T20:00:00+00:00,b552a1a6-4302-43ca-884c-0f91ac4f984b,c23d6b7a-dfaf-44a3-b016-1feb2dddec44,Fulham FC,Tottenham Hotspur FC,78,78,76,76,1.0,1.0,4.0,0.8,1.0,1.2,1.44466,1.3342800000000001,4.0,0.8,0.6,1.6,1.4309999999999998,1.7245000000000001,11.0,1.1,0.9,1.2,1.4856,1.79445,11.0,1.1,0.8,1.5,1.35367,1.44519,1.6,1.0,1.82286,1.33118,0.8,1.4,1.22218,1.65644,129.29166666666666,130.14583333333334,0,0,16.0,19.0,0.0,0.0,0.0,0.0,0.6318631863186318,0.8424842484248424,0.5616561656165616,1.053105310531053,4.0,0.75,0.25,2.5,,,,,0.0,
caac01e5-217a-49f8-97d9-c246e1138b5e,64e82da5-f004-4349-b30d-e21ddaac7aac,2026,20,20,2027-01-06T20:00:00+00:00,74bd08fa-27db-4bb0-8490-f57f6ed6b8e9,1cb320b2-b42f-4131-8f5f-ef42e7f82540,Crystal Palace FC,Chelsea FC,78,78,76,76,1.0,1.0,1.0,0.2,0.8,2.6,1.3675,2.04196,10.0,2.0,2.2,1.8,1.3089,1.57474,6.0,0.6,0.9,2.2,1.6875900000000001,1.7954899999999998,10.0,1.0,1.2,2.2,1.28673,1.6991399999999999,1.2,1.8,1.90318,1.85092,1.0,2.2,1.15024,1.6669,131.04166666666666,129.29166666666666,0,0,18.0,4.0,0.0,3.0,0.0,6.0,0.6318631863186318,1.5445544554455446,0.8424842484248424,1.5445544554455446,4.0,0.0,0.75,2.0,,,,,0.0,
43fc9c02-4747-462f-b4c8-b51c229fe1ab,b69b62da-a6cf-4c68-a8e8-3d8581d17c84,2026,20,20,2027-01-06T20:00:00+00:00,5421e81a-b7dd-48b1-9982-42644e8dcf9f,f7968242-f357-4da3-84bc-b49a6f3af9fe,Nottingham Forest FC,Hull City AFC,78,2,76,0,1.0,0.0,3.0,0.6,1.2,1.6,1.4747400000000002,1.8178,6.0,3.0,1.5,0.0,1.4231500000000001,1.5643500000000001,16.0,1.6,2.2,1.1,1.50631,1.54579,6.0,3.0,1.5,0.0,1.4231500000000001,1.5643500000000001,1.4,1.0,1.2945,1.08362,1.0,0.0,1.35,1.35,130.35416666666666,130.25,0,0,14.0,3.0,0.5,3.0,1.0,6.0,1.5445544554455446,0.7722772277227723,1.053105310531053,0.0,0.0,0.0,0.0,0.0,,,,,0.0,
ef2abe17-ff7e-4020-9f62-ee83d9ed3b05,3117aef7-cbe0-4296-b6cc-a4e6115679cc,2026,20,20,2027-01-06T20:00:00+00:00,67d3236c-6589-4978-b178-f6dcf50166d4,d95bc61c-17e5-44b5-bdb9-ec10e55d1aea,Ipswich Town FC,Coventry City FC,40,2,38,0,1.0,0.0,3.0,0.6,1.0,2.4,1.18292,1.12082,0.0,0.0,0.0,2.0,0.95415,1.6021,5.0,0.5,1.0,2.5,0.98536,1.9058800000000002,0.0,0.0,0.0,2.0,0.95415,1.6021,0.8,2.2,0.85206,1.8177600000000003,0.0,3.0,0.5583,1.8542,129.1875,130.25,0,0,12.0,17.0,1.5,0.0,3.0,0.0,0.702070207020702,1.7551755175517552,0.0,1.404140414041404,0.0,0.0,0.0,0.0,,,,,0.0,
d657e00a-1d44-48f0-be0c-2cbcbc5a73dd,982f8736-d377-4658-90f3-e4432be38203,2026,21,21,2027-01-16T15:00:00+00:00,6601a105-9986-4276-89bf-143cdf03198a,67d3236c-6589-4978-b178-f6dcf50166d4,AFC Bournemouth,Ipswich Town FC,78,40,76,38,1.0,1.0,6.0,1.2,1.0,1.0,1.22144,1.6790800000000001,3.0,0.6,1.0,2.4,1.18292,1.12082,17.0,1.7,1.6,1.1,1.6844899999999998,1.68106,5.0,0.5,1.0,2.5,0.98536,1.9058800000000002,1.8,1.2,1.8082799999999999,1.25184,1.2,2.8,1.11866,1.9940000000000002,140.04166666666666,138.97916666666666,0,0,15.0,12.0,0.5,1.5,1.0,3.0,1.1233123312331232,0.7722772277227723,0.702070207020702,1.7551755175517552,2.0,0.5,0.0,3.0,,,,,0.0,
e05a729f-a94e-4ec9-bb6b-cd10c4930590,078e8721-06c2-494d-9a34-1d44715754b0,2026,21,21,2027-01-16T15:00:00+00:00,33d2f100-682f-4a5e-9aa3-5cc57e1e8571,5421e81a-b7dd-48b1-9982-42644e8dcf9f,Manchester City FC,Nottingham Forest FC,78,78,76,76,1.0,1.0,10.0,2.0,2.2,1.0,1.68626,1.3282,3.0,0.6,1.2,1.6,1.4747400000000002,1.8178,23.0,2.3,2.3,0.9,2.26553,1.3481100000000001,16.0,1.6,2.2,1.1,1.50631,1.54579,2.2,0.8,2.56034,1.30714,3.0,1.2,1.71812,2.0079599999999997,140.83333333333334,140.14583333333334,0,0,1.0,14.0,3.0,0.5,6.0,1.0,1.6147614761476146,0.6318631863186318,1.5445544554455446,0.7722772277227723,4.0,0.5,0.25,2.75,,,,,0.0,
1093cd0b-ec70-4935-a7a9-4be103b8cfc1,9d8d8f45-9930-4763-b918-7866227ad3f8,2026,21,21,2027-01-16T15:00:00+00:00,1cb320b2-b42f-4131-8f5f-ef42e7f82540,076f94c9-341e-4294-a86a-076741505170,Chelsea FC,Sunderland AFC,78,40,76,38,1.0,1.0,10.0,2.0,2.2,1.8,1.3089,1.57474,10.0,2.0,1.4,0.8,1.47598,1.14264,10.0,1.0,1.2,2.2,1.28673,1.6991399999999999,17.0,1.7,1.4,1.5,1.49207,1.5401900000000002,1.4,2.2,1.4232200000000002,1.7313800000000001,2.0,1.8,1.52238,2.00738,139.08333333333334,139.08333333333334,0,0,4.0,11.0,3.0,1.5,6.0,3.0,0.8424842484248424,1.5445544554455446,0.9828982898289828,1.053105310531053,2.0,0.0,0.0,3.0,,,,,0.0,
873e38bc-3b96-4eb6-9bfa-e96c1753899b,d824dc84-3511-45c0-9542-70854f547488,2026,21,21,2027-01-16T15:00:00+00:00,66a313d1-2e21-49ad-a1c7-6f04cae6be69,db14882b-951f-4db5-860b-4ca2b8583311,Brentford FC,Brighton & Hove Albion FC,78,78,76,76,1.0,1.0,6.0,1.2,1.4,1.4,1.8135999999999999,2.25948,6.0,1.2,2.0,1.6,2.1024800000000003,1.04346,12.0,1.2,1.3,1.1,1.7546199999999998,1.66781,16.0,1.6,2.0,1.4,2.054,1.19738,2.0,0.8,2.49188,1.1387800000000001,1.6,2.0,1.53252,1.5199200000000002,139.08333333333334,139.08333333333334,0,0,5.0,9.0,2.0,1.5,4.0,3.0,0.9126912691269127,0.7722772277227723,1.404140414041404,0.9828982898289828,4.0,0.25,0.25,2.75,,,,,0.0,
ecd5798a-3d06-4be1-a163-7e7340afac71,46cc5655-ce10-4eaa-b184-347a34450368,2026,21,21,2027-01-16T15:00:00+00:00,f7968242-f357-4da3-84bc-b49a6f3af9fe,ead1bc2e-8799-410a-a809-66a274bbab2c,Hull City AFC,Arsenal FC,2,78,0,76,0.0,1.0,6.0,3.0,1.5,0.0,1.4231500000000001,1.5643500000000001,15.0,3.0,1.6,0.2,1.95344,0.8856400000000001,6.0,3.0,1.5,0.0,1.4231500000000001,1.5643500000000001,24.0,2.4,1.6,0.5,2.1858899999999997,1.11822,2.0,0.0,1.4963,1.7787,1.2,0.6,1.8980799999999998,1.4419,140.04166666666666,137.83333333333334,0,0,3.0,2.0,3.0,3.0,6.0,6.0,1.053105310531053,0.0,1.1233123312331232,0.351035103510351,0.0,0.0,0.0,0.0,,,,,0.0,
0d430c50-169a-4d5e-bfc1-16ad41202326,62b04a90-b7bb-4312-8e23-9ea135124c23,2026,21,21,2027-01-16T15:00:00+00:00,f8f456e7-3e20-4803-ba4e-b1762a31812c,48fc005c-cbfc-4e4d-b7f1-459dce6cf940,Aston Villa FC,Manchester United FC,78,78,76,76,1.0,1.0,7.0,1.4,1.6,2.0,1.669,1.99936,10.0,2.0,2.2,1.2,2.05574,1.3261,14.0,1.4,1.6,1.7,1.76112,1.55305,20.0,2.0,2.0,1.3,1.82306,1.49613,2.2,1.6,2.1744399999999997,1.2685600000000001,1.2,0.8,1.36502,1.2968,137.83333333333334,138.97916666666666,0,0,20.0,10.0,0.0,1.5,0.0,3.0,1.1233123312331232,1.1935193519351934,1.404140414041404,0.9126912691269127,4.0,0.25,0.25,2.25,,,,,0.0,
d761bd15-d2a9-45b7-8b8e-a2b982b72d7b,9e1d883c-bec1-46bf-9c08-277ab7c7f3b5,2026,21,21,2027-01-16T15:00:00+00:00,c23d6b7a-dfaf-44a3-b016-1feb2dddec44,fe8b4d06-9254-4fc8-a08f-90f242e51751,Tottenham Hotspur FC,Leeds United FC,78,40,76,38,1.0,1.0,4.0,0.8,0.6,1.6,1.4309999999999998,1.7245000000000001,8.0,1.6,0.8,1.0,1.2767,1.69218,11.0,1.1,0.8,1.5,1.35367,1.44519,19.0,1.9,1.4,0.9,1.66215,1.30455,0.8,1.6,1.48516,1.23394,1.2,1.4,1.69058,1.63154,139.9375,139.08333333333334,0,0,19.0,8.0,0.0,2.0,0.0,4.0,0.5616561656165616,1.053105310531053,0.9828982898289828,0.6318631863186318,2.0,0.5,0.5,2.5,,,,,0.0,
c7e55d37-4aba-41ee-8e2a-52eed89518f5,5b881cc0-ea5f-4fff-af5f-e3f1ecf1f9f8,2026,21,21,2027-01-16T15:00:00+00:00,d95bc61c-17e5-44b5-bdb9-ec10e55d1aea,60cb8be0-9c1e-4019-8b60-fd9ac2aa9f2d,Coventry City FC,Everton FC,2,78,0,76,0.0,1.0,0.0,0.0,0.0,2.0,0.95415,1.6021,5.0,1.0,1.2,1.4,1.29878,1.91182,0.0,0.0,0.0,2.0,0.95415,1.6021,10.0,1.0,1.6,1.6,1.37879,1.78095,0.0,1.0,1.35,1.35,1.2,1.6,1.28118,2.02858,140.04166666666666,140.04166666666666,0,0,17.0,7.0,0.0,2.0,0.0,4.0,0.0,1.404140414041404,1.1233123312331232,1.1233123312331232,0.0,0.0,0.0,0.0,,,,,0.0,
0872915c-b53c-4351-815f-d783650ab556,34ae62ac-bc5e-443e-90ad-3e6a49590322,2026,21,21,2027-01-16T15:00:00+00:00,54ed0f97-ad19-421c-a5c2-9b9d3fcbc72d,74bd08fa-27db-4bb0-8490-f57f6ed6b8e9,Liverpool FC,Crystal Palace FC,78,78,76,76,1.0,1.0,4.0,0.8,1.6,2.0,1.9297799999999998,1.50558,1.0,0.2,0.8,2.6,1.3675,2.04196,13.0,1.3,1.8,1.7,1.6482800000000002,1.86113,6.0,0.6,0.9,2.2,1.6875900000000001,1.7954899999999998,1.8,1.0,1.6865999999999999,1.4054600000000002,0.6,2.6,1.472,1.7400600000000002,140.14583333333334,140.83333333333334,0,0,13.0,18.0,1.0,0.0,2.0,0.0,1.2637263726372636,1.1935193519351934,0.6318631863186318,1.5445544554455446,4.0,0.5,0.25,2.5,,,,,0.0,
0e900566-21e5-4e63-9845-d25ec930340f,09859715-2a1a-4f14-bf24-76067f73c412,2026,21,21,2027-01-16T15:00:00+00:00,c4045d6d-a715-4821-a800-cd9b505ad54b,b552a1a6-4302-43ca-884c-0f91ac4f984b,Newcastle United FC,Fulham FC,78,78,76,76,1.0,1.0,8.0,1.6,1.6,1.2,1.39426,1.7264399999999998,4.0,0.8,1.0,1.2,1.44466,1.3342800000000001,11.0,1.1,1.4,1.4,1.51213,2.0315000000000003,11.0,1.1,0.9,1.2,1.4856,1.79445,2.0,1.6,1.94728,2.3986799999999997,0.2,1.4,1.14834,2.25772,139.9375,139.08333333333334,0,0,6.0,16.0,2.0,0.0,4.0,0.0,0.9828982898289828,0.9828982898289828,0.6318631863186318,0.8424842484248424,4.0,0.25,0.0,3.0,,,,,0.0,
5277364c-47fc-4c9c-a798-58249a577952,f83513ec-fa98-4c2a-a473-9ce78972f3b8,2026,22,22,2027-01-23T15:00:00+00:00,67d3236c-6589-4978-b178-f6dcf50166d4,f7968242-f357-4da3-84bc-b49a6f3af9fe,Ipswich Town FC,Hull City AFC,40,2,38,0,1.0,0.0,3.0,0.6,1.0,2.4,1.18292,1.12082,6.0,3.0,1.5,0.0,1.4231500000000001,1.5643500000000001,5.0,0.5,1.0,2.5,0.98536,1.9058800000000002,6.0,3.0,1.5,0.0,1.4231500000000001,1.5643500000000001,0.8,2.2,0.85206,1.8177600000000003,1.0,0.0,1.35,1.35,145.97916666666666,147.04166666666666,0,0,12.0,3.0,1.5,3.0,3.0,6.0,0.702070207020702,1.7551755175517552,1.053105310531053,0.0,0.0,0.0,0.0,0.0,,,,,0.0,
f01d6db7-ce67-4a66-b98f-6806a9d32c78,f9a8ee2c-c4b1-4126-829d-2f914b0f0ab6,2026,22,22,2027-01-23T15:00:00+00:00,60cb8be0-9c1e-4019-8b60-fd9ac2aa9f2d,66a313d1-2e21-49ad-a1c7-6f04cae6be69,Everton FC,Brentford FC,78,78,76,76,1.0,1.0,5.0,1.0,1.2,1.4,1.29878,1.91182,6.0,1.2,1.4,1.4,1.8135999999999999,2.25948,10.0,1.0,1.6,1.6,1.37879,1.78095,12.0,1.2,1.3,1.1,1.7546199999999998,1.66781,2.0,1.6,1.4764,1.53332,0.6,1.4,1.01736,2.19684,147.04166666666666,146.08333333333334,0,0,7.0,5.0,2.0,2.0,4.0,4.0,1.1233123312331232,1.1233123312331232,0.9126912691269127,0.7722772277227723,4.0,0.0,0.75,3.0,,,,,0.0,
1bb044f7-1114-41dd-be30-ad34a00698c2,7573a45f-5fd5-423d-984f-feade61f3c7f,2026,22,22,2027-01-23T15:00:00+00:00,076f94c9-341e-4294-a86a-076741505170,d95bc61c-17e5-44b5-bdb9-ec10e55d1aea,Sunderland AFC,Coventry City FC,40,2,38,0,1.0,0.0,10.0,2.0,1.4,0.8,1.47598,1.14264,0.0,0.0,0.0,2.0,0.95415,1.6021,17.0,1.7,1.4,1.5,1.49207,1.5401900000000002,0.0,0.0,0.0,2.0,0.95415,1.6021,0.8,1.2,1.4617600000000002,1.073,0.0,3.0,0.5583,1.8542,146.08333333333334,147.04166666666666,0,0,11.0,17.0,1.5,0.0,3.0,0.0,0.9828982898289828,1.053105310531053,0.0,1.404140414041404,0.0,0.0,0.0,0.0,,,,,0.0,
d5e3249c-1c31-4a96-adfa-c015b430b22a,3dd6d8cb-8f30-4229-a66f-30c1ae84743f,2026,22,22,2027-01-23T15:00:00+00:00,5421e81a-b7dd-48b1-9982-42644e8dcf9f,6601a105-9986-4276-89bf-143cdf03198a,Nottingham Forest FC,AFC Bournemouth,78,78,76,76,1.0,1.0,3.0,0.6,1.2,1.6,1.4747400000000002,1.8178,6.0,1.2,1.0,1.0,1.22144,1.6790800000000001,16.0,1.6,2.2,1.1,1.50631,1.54579,17.0,1.7,1.6,1.1,1.6844899999999998,1.68106,1.4,1.0,1.2945,1.08362,1.4,1.0,1.5607,2.1102800000000004,147.14583333333334,147.04166666666666,0,0,14.0,15.0,0.5,0.5,1.0,1.0,1.5445544554455446,0.7722772277227723,1.1233123312331232,0.7722772277227723,4.0,0.0,0.5,2.75,,,,,0.0,
6dbe2f07-ef4a-4ff2-bde3-7e0e66e7c1b1,34e74298-0cf5-41f2-a315-2831e4c87580,2026,22,22,2027-01-23T15:00:00+00:00,ead1bc2e-8799-410a-a809-66a274bbab2c,c4045d6d-a715-4821-a800-cd9b505ad54b,Arsenal FC,Newcastle United FC,78,78,76,76,1.0,1.0,15.0,3.0,1.6,0.2,1.95344,0.8856400000000001,8.0,1.6,1.6,1.2,1.39426,1.7264399999999998,24.0,2.4,1.6,0.5,2.1858899999999997,1.11822,11.0,1.1,1.4,1.4,1.51213,2.0315000000000003,1.8,0.4,2.19494,0.74268,0.8,1.2,1.07698,1.66432,144.83333333333334,146.9375,0,0,2.0,6.0,3.0,2.0,6.0,4.0,1.1233123312331232,0.351035103510351,0.9828982898289828,0.9828982898289828,4.0,0.75,0.0,1.5,,,,,0.0,
eaddef0b-1894-42e9-ac5f-15e25c73d349,e476f76e-25d2-4ffd-bd56-553f2c17b677,2026,22,22,2027-01-23T15:00:00+00:00,fe8b4d06-9254-4fc8-a08f-90f242e51751,1cb320b2-b42f-4131-8f5f-ef42e7f82540,Leeds United FC,Chelsea FC,40,78,38,76,1.0,1.0,8.0,1.6,0.8,1.0,1.2767,1.69218,10.0,2.0,2.2,1.8,1.3089,1.57474,19.0,1.9,1.4,0.9,1.66215,1.30455,10.0,1.0,1.2,2.2,1.28673,1.6991399999999999,1.6,0.4,1.6337199999999998,0.9775600000000001,1.0,2.2,1.15024,1.6669,146.08333333333334,146.08333333333334,0,0,8.0,4.0,2.0,3.0,4.0,6.0,0.9828982898289828,0.6318631863186318,0.8424842484248424,1.5445544554455446,2.0,0.5,0.5,4.0,,,,,0.0,
be60fbef-7611-488b-b4ea-b80d46fe505d,d4803113-5534-4331-ac9f-8dbe718d451b,2026,22,22,2027-01-23T15:00:00+00:00,b552a1a6-4302-43ca-884c-0f91ac4f984b,f8f456e7-3e20-4803-ba4e-b1762a31812c,Fulham FC,Aston Villa FC,78,78,76,76,1.0,1.0,4.0,0.8,1.0,1.2,1.44466,1.3342800000000001,7.0,1.4,1.6,2.0,1.669,1.99936,11.0,1.1,0.9,1.2,1.4856,1.79445,14.0,1.4,1.6,1.7,1.76112,1.55305,1.6,1.0,1.82286,1.33118,1.0,1.8,1.3477999999999999,1.83754,146.08333333333334,144.83333333333334,0,0,16.0,20.0,0.0,0.0,0.0,0.0,0.6318631863186318,0.8424842484248424,1.1233123312331232,1.1935193519351934,4.0,0.25,0.0,2.5,,,,,0.0,
bdaf2085-9c9c-46bb-b515-95869a98a75f,7d8ea5d9-9172-4118-a177-b12fb098daad,2026,22,22,2027-01-23T15:00:00+00:00,48fc005c-cbfc-4e4d-b7f1-459dce6cf940,54ed0f97-ad19-421c-a5c2-9b9d3fcbc72d,Manchester United FC,Liverpool FC,78,78,76,76,1.0,1.0,10.0,2.0,2.2,1.2,2.05574,1.3261,4.0,0.8,1.6,2.0,1.9297799999999998,1.50558,20.0,2.0,2.0,1.3,1.82306,1.49613,13.0,1.3,1.8,1.7,1.6482800000000002,1.86113,2.8,1.8,2.2811,1.69546,1.8,2.4,1.6099599999999998,2.3167999999999997,145.97916666666666,147.14583333333334,0,0,10.0,13.0,1.5,1.0,3.0,2.0,1.404140414041404,0.9126912691269127,1.2637263726372636,1.1935193519351934,4.0,0.5,0.25,3.75,,,,,0.0,
52a8d160-7639-4c28-b305-e149b8b524bb,033c5704-9f5f-44a9-899d-1bdd26aeb000,2026,22,22,2027-01-23T15:00:00+00:00,db14882b-951f-4db5-860b-4ca2b8583311,33d2f100-682f-4a5e-9aa3-5cc57e1e8571,Brighton & Hove Albion FC,Manchester City FC,78,78,76,76,1.0,1.0,6.0,1.2,2.0,1.6,2.1024800000000003,1.04346,10.0,2.0,2.2,1.0,1.68626,1.3282,16.0,1.6,2.0,1.4,2.054,1.19738,23.0,2.3,2.3,0.9,2.26553,1.3481100000000001,2.4,0.8,2.5754799999999998,0.8748400000000001,2.4,1.0,1.97072,1.38908,146.08333333333334,147.83333333333334,0,0,9.0,1.0,1.5,3.0,3.0,6.0,1.404140414041404,0.9828982898289828,1.6147614761476146,0.6318631863186318,4.0,0.5,0.5,3.0,,,,,0.0,
9272c806-7375-4062-957e-3b4f5a667ed7,4a6b65c2-99c4-4322-a4aa-3b8265d1fb9d,2026,22,22,2027-01-23T15:00:00+00:00,74bd08fa-27db-4bb0-8490-f57f6ed6b8e9,c23d6b7a-dfaf-44a3-b016-1feb2dddec44,Crystal Palace FC,Tottenham Hotspur FC,78,78,76,76,1.0,1.0,1.0,0.2,0.8,2.6,1.3675,2.04196,4.0,0.8,0.6,1.6,1.4309999999999998,1.7245000000000001,6.0,0.6,0.9,2.2,1.6875900000000001,1.7954899999999998,11.0,1.1,0.8,1.5,1.35367,1.44519,1.2,1.8,1.90318,1.85092,0.8,1.4,1.22218,1.65644,147.83333333333334,146.9375,0,0,18.0,19.0,0.0,0.0,0.0,0.0,0.6318631863186318,1.5445544554455446,0.5616561656165616,1.053105310531053,4.0,0.75,0.0,2.0,,,,,0.0,
c223cddd-5bc5-47b4-9b73-a730bee47e12,8d2966c1-a398-4fa5-8d18-9deb33b616a0,2026,23,23,2027-01-30T15:00:00+00:00,c23d6b7a-dfaf-44a3-b016-1feb2dddec44,076f94c9-341e-4294-a86a-076741505170,Tottenham Hotspur FC,Sunderland AFC,78,40,76,38,1.0,1.0,4.0,0.8,0.6,1.6,1.4309999999999998,1.7245000000000001,10.0,2.0,1.4,0.8,1.47598,1.14264,11.0,1.1,0.8,1.5,1.35367,1.44519,17.0,1.7,1.4,1.5,1.49207,1.5401900000000002,0.8,1.6,1.48516,1.23394,2.0,1.8,1.52238,2.00738,153.9375,153.08333333333334,0,0,19.0,11.0,0.0,1.5,0.0,3.0,0.5616561656165616,1.053105310531053,0.9828982898289828,1.053105310531053,2.0,0.0,0.5,1.5,,,,,0.0,
01fbc56b-7f3c-4f99-ba15-d74673dc06ea,12c8856f-75c8-4717-a13c-c2098015b0e4,2026,23,23,2027-01-30T15:00:00+00:00,c4045d6d-a715-4821-a800-cd9b505ad54b,db14882b-951f-4db5-860b-4ca2b8583311,Newcastle United FC,Brighton & Hove Albion FC,78,78,76,76,1.0,1.0,8.0,1.6,1.6,1.2,1.39426,1.7264399999999998,6.0,1.2,2.0,1.6,2.1024800000000003,1.04346,11.0,1.1,1.4,1.4,1.51213,2.0315000000000003,16.0,1.6,2.0,1.4,2.054,1.19738,2.0,1.6,1.94728,2.3986799999999997,1.6,2.0,1.53252,1.5199200000000002,153.9375,153.08333333333334,0,0,6.0,9.0,2.0,1.5,4.0,3.0,0.9828982898289828,0.9828982898289828,1.404140414041404,0.9828982898289828,4.0,0.25,0.25,2.5,,,,,0.0,
b45e4825-523c-4dfb-9346-6b2401e17cd8,810d9ea1-99e8-4afa-8a4c-70fcff9b62a8,2026,23,23,2027-01-30T15:00:00+00:00,f7968242-f357-4da3-84bc-b49a6f3af9fe,74bd08fa-27db-4bb0-8490-f57f6ed6b8e9,Hull City AFC,Crystal Palace FC,2,78,0,76,0.0,1.0,6.0,3.0,1.5,0.0,1.4231500000000001,1.5643500000000001,1.0,0.2,0.8,2.6,1.3675,2.04196,6.0,3.0,1.5,0.0,1.4231500000000001,1.5643500000000001,6.0,0.6,0.9,2.2,1.6875900000000001,1.7954899999999998,2.0,0.0,1.4963,1.7787,0.6,2.6,1.472,1.7400600000000002,154.04166666666666,154.83333333333334,0,0,3.0,18.0,3.0,0.0,6.0,0.0,1.053105310531053,0.0,0.6318631863186318,1.5445544554455446,0.0,0.0,0.0,0.0,,,,,0.0,
cb109285-fd62-47c2-b7ce-abcb02729d05,6af368c4-262f-45d7-87e3-1b6594c54806,2026,23,23,2027-01-30T15:00:00+00:00,d95bc61c-17e5-44b5-bdb9-ec10e55d1aea,fe8b4d06-9254-4fc8-a08f-90f242e51751,Coventry City FC,Leeds United FC,2,40,0,38,0.0,1.0,0.0,0.0,0.0,2.0,0.95415,1.6021,8.0,1.6,0.8,1.0,1.2767,1.69218,0.0,0.0,0.0,2.0,0.95415,1.6021,19.0,1.9,1.4,0.9,1.66215,1.30455,0.0,1.0,1.35,1.35,1.2,1.4,1.69058,1.63154,154.04166666666666,153.08333333333334,0,0,17.0,8.0,0.0,2.0,0.0,4.0,0.0,1.404140414041404,0.9828982898289828,0.6318631863186318,0.0,0.0,0.0,0.0,,,,,0.0,
7f34193f-c704-44be-81b0-1baf04008ab5,4dd8bf5f-bc6e-4cb3-8a93-cf110f9b7af4,2026,23,23,2027-01-30T15:00:00+00:00,6601a105-9986-4276-89bf-143cdf03198a,b552a1a6-4302-43ca-884c-0f91ac4f984b,AFC Bournemouth,Fulham FC,78,78,76,76,1.0,1.0,6.0,1.2,1.0,1.0,1.22144,1.6790800000000001,4.0,0.8,1.0,1.2,1.44466,1.3342800000000001,17.0,1.7,1.6,1.1,1.6844899999999998,1.68106,11.0,1.1,0.9,1.2,1.4856,1.79445,1.8,1.2,1.8082799999999999,1.25184,0.2,1.4,1.14834,2.25772,154.04166666666666,153.08333333333334,0,0,15.0,16.0,0.5,0.0,1.0,0.0,1.1233123312331232,0.7722772277227723,0.6318631863186318,0.8424842484248424,4.0,0.75,0.25,2.5,,,,,0.0,
38739f9b-190d-4611-a83c-c9bc8474a9ec,15e65a75-7bfd-493e-8514-b65ba66c3388,2026,23,23,2027-01-30T15:00:00+00:00,1cb320b2-b42f-4131-8f5f-ef42e7f82540,5421e81a-b7dd-48b1-9982-42644e8dcf9f,Chelsea FC,Nottingham Forest FC,78,78,76,76,1.0,1.0,10.0,2.0,2.2,1.8,1.3089,1.57474,3.0,0.6,1.2,1.6,1.4747400000000002,1.8178,10.0,1.0,1.2,2.2,1.28673,1.6991399999999999,16.0,1.6,2.2,1.1,1.50631,1.54579,1.4,2.2,1.4232200000000002,1.7313800000000001,3.0,1.2,1.71812,2.0079599999999997,153.08333333333334,154.14583333333334,0,0,4.0,14.0,3.0,0.5,6.0,1.0,0.8424842484248424,1.5445544554455446,1.5445544554455446,0.7722772277227723,4.0,0.5,0.25,2.5,,,,,0.0,
69ed4ac0-9bfe-4af5-a0b3-9470f125c39a,f6a72667-5521-4f32-9790-3fd4589ac5d5,2026,23,23,2027-01-30T15:00:00+00:00,54ed0f97-ad19-421c-a5c2-9b9d3fcbc72d,60cb8be0-9c1e-4019-8b60-fd9ac2aa9f2d,Liverpool FC,Everton FC,78,78,76,76,1.0,1.0,4.0,0.8,1.6,2.0,1.9297799999999998,1.50558,5.0,1.0,1.2,1.4,1.29878,1.91182,13.0,1.3,1.8,1.7,1.6482800000000002,1.86113,10.0,1.0,1.6,1.6,1.37879,1.78095,1.8,1.0,1.6865999999999999,1.4054600000000002,1.2,1.6,1.28118,2.02858,154.14583333333334,154.04166666666666,0,0,13.0,7.0,1.0,2.0,2.0,4.0,1.2637263726372636,1.1935193519351934,1.1233123312331232,1.1233123312331232,4.0,0.75,0.25,2.75,,,,,0.0,
267ff692-c029-42ed-ad27-cb2a28dc8628,5274f29c-88d9-4c0f-8243-ef4d84bf66d8,2026,23,23,2027-01-30T15:00:00+00:00,33d2f100-682f-4a5e-9aa3-5cc57e1e8571,ead1bc2e-8799-410a-a809-66a274bbab2c,Manchester City FC,Arsenal FC,78,78,76,76,1.0,1.0,10.0,2.0,2.2,1.0,1.68626,1.3282,15.0,3.0,1.6,0.2,1.95344,0.8856400000000001,23.0,2.3,2.3,0.9,2.26553,1.3481100000000001,24.0,2.4,1.6,0.5,2.1858899999999997,1.11822,2.2,0.8,2.56034,1.30714,1.2,0.6,1.8980799999999998,1.4419,154.83333333333334,151.83333333333334,0,0,1.0,2.0,3.0,3.0,6.0,6.0,1.6147614761476146,0.6318631863186318,1.1233123312331232,0.351035103510351,4.0,0.25,0.5,3.75,,,,,0.0,
9fb6f2d8-8132-4c78-ba0e-619c41019618,3d832818-5160-4270-8edc-4961b8f8dd20,2026,23,23,2027-01-30T15:00:00+00:00,f8f456e7-3e20-4803-ba4e-b1762a31812c,67d3236c-6589-4978-b178-f6dcf50166d4,Aston Villa FC,Ipswich Town FC,78,40,76,38,1.0,1.0,7.0,1.4,1.6,2.0,1.669,1.99936,3.0,0.6,1.0,2.4,1.18292,1.12082,14.0,1.4,1.6,1.7,1.76112,1.55305,5.0,0.5,1.0,2.5,0.98536,1.9058800000000002,2.2,1.6,2.1744399999999997,1.2685600000000001,1.2,2.8,1.11866,1.9940000000000002,151.83333333333334,152.97916666666666,0,0,20.0,12.0,0.0,1.5,0.0,3.0,1.1233123312331232,1.1935193519351934,0.702070207020702,1.7551755175517552,2.0,0.0,1.0,3.0,,,,,0.0,
547a9531-17c6-4339-82f7-ef43918c20ba,ba696090-e6c5-4e13-865b-1e2021e77a03,2026,23,23,2027-01-30T15:00:00+00:00,66a313d1-2e21-49ad-a1c7-6f04cae6be69,48fc005c-cbfc-4e4d-b7f1-459dce6cf940,Brentford FC,Manchester United FC,78,78,76,76,1.0,1.0,6.0,1.2,1.4,1.4,1.8135999999999999,2.25948,10.0,2.0,2.2,1.2,2.05574,1.3261,12.0,1.2,1.3,1.1,1.7546199999999998,1.66781,20.0,2.0,2.0,1.3,1.82306,1.49613,2.0,0.8,2.49188,1.1387800000000001,1.2,0.8,1.36502,1.2968,153.08333333333334,152.97916666666666,0,0,5.0,10.0,2.0,1.5,4.0,3.0,0.9126912691269127,0.7722772277227723,1.404140414041404,0.9126912691269127,4.0,0.5,0.0,4.25,,,,,0.0,
95e15059-2da0-4873-bebe-3d721df6d40e,b02ecec3-d5c5-4bde-bb59-ee8253087177,2026,24,24,2027-02-06T15:00:00+00:00,b552a1a6-4302-43ca-884c-0f91ac4f984b,33d2f100-682f-4a5e-9aa3-5cc57e1e8571,Fulham FC,Manchester City FC,78,78,76,76,1.0,1.0,4.0,0.8,1.0,1.2,1.44466,1.3342800000000001,10.0,2.0,2.2,1.0,1.68626,1.3282,11.0,1.1,0.9,1.2,1.4856,1.79445,23.0,2.3,2.3,0.9,2.26553,1.3481100000000001,1.6,1.0,1.82286,1.33118,2.4,1.0,1.97072,1.38908,160.08333333333334,161.83333333333334,0,0,16.0,1.0,0.0,3.0,0.0,6.0,0.6318631863186318,0.8424842484248424,1.6147614761476146,0.6318631863186318,4.0,0.0,0.0,4.75,,,,,0.0,
9278248c-2736-4326-b4c9-d0e2028eb288,98b639cd-8850-4114-93c7-594e0d5de82c,2026,24,24,2027-02-06T15:00:00+00:00,ead1bc2e-8799-410a-a809-66a274bbab2c,54ed0f97-ad19-421c-a5c2-9b9d3fcbc72d,Arsenal FC,Liverpool FC,78,78,76,76,1.0,1.0,15.0,3.0,1.6,0.2,1.95344,0.8856400000000001,4.0,0.8,1.6,2.0,1.9297799999999998,1.50558,24.0,2.4,1.6,0.5,2.1858899999999997,1.11822,13.0,1.3,1.8,1.7,1.6482800000000002,1.86113,1.8,0.4,2.19494,0.74268,1.8,2.4,1.6099599999999998,2.3167999999999997,158.83333333333334,161.14583333333334,0,0,2.0,13.0,3.0,1.0,6.0,2.0,1.1233123312331232,0.351035103510351,1.2637263726372636,1.1935193519351934,4.0,0.0,0.75,2.25,,,,,0.0,
a2e26ba1-5e3c-4edb-bd94-8a44596b0c1b,2c85899c-cb2a-413b-8aa5-0b77b6ea29f8,2026,24,24,2027-02-06T15:00:00+00:00,db14882b-951f-4db5-860b-4ca2b8583311,f7968242-f357-4da3-84bc-b49a6f3af9fe,Brighton & Hove Albion FC,Hull City AFC,78,2,76,0,1.0,0.0,6.0,1.2,2.0,1.6,2.1024800000000003,1.04346,6.0,3.0,1.5,0.0,1.4231500000000001,1.5643500000000001,16.0,1.6,2.0,1.4,2.054,1.19738,6.0,3.0,1.5,0.0,1.4231500000000001,1.5643500000000001,2.4,0.8,2.5754799999999998,0.8748400000000001,1.0,0.0,1.35,1.35,160.08333333333334,161.04166666666666,0,0,9.0,3.0,1.5,3.0,3.0,6.0,1.404140414041404,0.9828982898289828,1.053105310531053,0.0,0.0,0.0,0.0,0.0,,,,,0.0,
d00cb395-dfe6-4ee4-9fb8-3b8c9942d4ba,20422b63-5560-490b-a13e-ecf9bb801b7c,2026,24,24,2027-02-06T15:00:00+00:00,076f94c9-341e-4294-a86a-076741505170,f8f456e7-3e20-4803-ba4e-b1762a31812c,Sunderland AFC,Aston Villa FC,40,78,38,76,1.0,1.0,10.0,2.0,1.4,0.8,1.47598,1.14264,7.0,1.4,1.6,2.0,1.669,1.99936,17.0,1.7,1.4,1.5,1.49207,1.5401900000000002,14.0,1.4,1.6,1.7,1.76112,1.55305,0.8,1.2,1.4617600000000002,1.073,1.0,1.8,1.3477999999999999,1.83754,160.08333333333334,158.83333333333334,0,0,11.0,20.0,1.5,0.0,3.0,0.0,0.9828982898289828,1.053105310531053,1.1233123312331232,1.1935193519351934,2.0,0.0,0.5,4.5,,,,,0.0,
770781c5-ab58-4afc-87d1-039a3ec3bc45,2ec8420b-03ee-4459-b457-d0fcf8d564d9,2026,24,24,2027-02-06T15:00:00+00:00,74bd08fa-27db-4bb0-8490-f57f6ed6b8e9,d95bc61c-17e5-44b5-bdb9-ec10e55d1aea,Crystal Palace FC,Coventry City FC,78,2,76,0,1.0,0.0,1.0,0.2,0.8,2.6,1.3675,2.04196,0.0,0.0,0.0,2.0,0.95415,1.6021,6.0,0.6,0.9,2.2,1.6875900000000001,1.7954899999999998,0.0,0.0,0.0,2.0,0.95415,1.6021,1.2,1.8,1.90318,1.85092,0.0,3.0,0.5583,1.8542,161.83333333333334,161.04166666666666,0,0,18.0,17.0,0.0,0.0,0.0,0.0,0.6318631863186318,1.5445544554455446,0.0,1.404140414041404,0.0,0.0,0.0,0.0,,,,,0.0,
1106f65c-8781-4902-83bc-7fcd2e3ceeef,438e422a-773e-4ff6-b18a-f875e30a72c8,2026,24,24,2027-02-06T15:00:00+00:00,67d3236c-6589-4978-b178-f6dcf50166d4,c23d6b7a-dfaf-44a3-b016-1feb2dddec44,Ipswich Town FC,Tottenham Hotspur FC,40,78,38,76,1.0,1.0,3.0,0.6,1.0,2.4,1.18292,1.12082,4.0,0.8,0.6,1.6,1.4309999999999998,1.7245000000000001,5.0,0.5,1.0,2.5,0.98536,1.9058800000000002,11.0,1.1,0.8,1.5,1.35367,1.44519,0.8,2.2,0.85206,1.8177600000000003,0.8,1.4,1.22218,1.65644,159.97916666666666,160.9375,0,0,12.0,19.0,1.5,0.0,3.0,0.0,0.702070207020702,1.7551755175517552,0.5616561656165616,1.053105310531053,2.0,0.5,0.0,4.0,,,,,0.0,
b006e038-32ea-4ae2-8495-993a133007fb,fc42602b-81b8-43cf-9933-6e993eb2e47d,2026,24,24,2027-02-06T15:00:00+00:00,60cb8be0-9c1e-4019-8b60-fd9ac2aa9f2d,c4045d6d-a715-4821-a800-cd9b505ad54b,Everton FC,Newcastle United FC,78,78,76,76,1.0,1.0,5.0,1.0,1.2,1.4,1.29878,1.91182,8.0,1.6,1.6,1.2,1.39426,1.7264399999999998,10.0,1.0,1.6,1.6,1.37879,1.78095,11.0,1.1,1.4,1.4,1.51213,2.0315000000000003,2.0,1.6,1.4764,1.53332,0.8,1.2,1.07698,1.66432,161.04166666666666,160.9375,0,0,7.0,6.0,2.0,2.0,4.0,4.0,1.1233123312331232,1.1233123312331232,0.9828982898289828,0.9828982898289828,4.0,0.5,0.25,2.75,,,,,0.0,
ba4093fc-ad70-4efb-a9a3-62ea6bb90847,e827e54d-443d-409f-9007-a4070810cfc0,2026,24,24,2027-02-06T15:00:00+00:00,fe8b4d06-9254-4fc8-a08f-90f242e51751,6601a105-9986-4276-89bf-143cdf03198a,Leeds United FC,AFC Bournemouth,40,78,38,76,1.0,1.0,8.0,1.6,0.8,1.0,1.2767,1.69218,6.0,1.2,1.0,1.0,1.22144,1.6790800000000001,19.0,1.9,1.4,0.9,1.66215,1.30455,17.0,1.7,1.6,1.1,1.6844899999999998,1.68106,1.6,0.4,1.6337199999999998,0.9775600000000001,1.4,1.0,1.5607,2.1102800000000004,160.08333333333334,161.04166666666666,0,0,8.0,15.0,2.0,0.5,4.0,1.0,0.9828982898289828,0.6318631863186318,1.1233123312331232,0.7722772277227723,2.0,0.0,1.0,4.0,,,,,0.0,
6a39e4f4-cdfc-4782-9feb-196f85a17e25,2411d53f-8c02-4ac4-b148-2fd436cfe096,2026,24,24,2027-02-06T15:00:00+00:00,48fc005c-cbfc-4e4d-b7f1-459dce6cf940,1cb320b2-b42f-4131-8f5f-ef42e7f82540,Manchester United FC,Chelsea FC,78,78,76,76,1.0,1.0,10.0,2.0,2.2,1.2,2.05574,1.3261,10.0,2.0,2.2,1.8,1.3089,1.57474,20.0,2.0,2.0,1.3,1.82306,1.49613,10.0,1.0,1.2,2.2,1.28673,1.6991399999999999,2.8,1.8,2.2811,1.69546,1.0,2.2,1.15024,1.6669,159.97916666666666,160.08333333333334,0,0,10.0,4.0,1.5,3.0,3.0,6.0,1.404140414041404,0.9126912691269127,0.8424842484248424,1.5445544554455446,4.0,0.5,0.25,1.75,,,,,0.0,
e1eb66e1-e99e-4277-8789-4e5a9597a72e,6f9e539d-b68a-4a0d-923c-91364aaee4ef,2026,24,24,2027-02-06T15:00:00+00:00,5421e81a-b7dd-48b1-9982-42644e8dcf9f,66a313d1-2e21-49ad-a1c7-6f04cae6be69,Nottingham Forest FC,Brentford FC,78,78,76,76,1.0,1.0,3.0,0.6,1.2,1.6,1.4747400000000002,1.8178,6.0,1.2,1.4,1.4,1.8135999999999999,2.25948,16.0,1.6,2.2,1.1,1.50631,1.54579,12.0,1.2,1.3,1.1,1.7546199999999998,1.66781,1.4,1.0,1.2945,1.08362,0.6,1.4,1.01736,2.19684,161.14583333333334,160.08333333333334,0,0,14.0,5.0,0.5,2.0,1.0,4.0,1.5445544554455446,0.7722772277227723,0.9126912691269127,0.7722772277227723,4.0,0.75,0.0,2.5,,,,,0.0,
ffaaaf21-79c2-4fe7-aee3-2d6b9d92e727,2fcc2e99-95a8-4d18-848f-55017d96756d,2026,25,25,2027-02-10T20:00:00+00:00,60cb8be0-9c1e-4019-8b60-fd9ac2aa9f2d,fe8b4d06-9254-4fc8-a08f-90f242e51751,Everton FC,Leeds United FC,78,40,76,38,1.0,1.0,5.0,1.0,1.2,1.4,1.29878,1.91182,8.0,1.6,0.8,1.0,1.2767,1.69218,10.0,1.0,1.6,1.6,1.37879,1.78095,19.0,1.9,1.4,0.9,1.66215,1.30455,2.0,1.6,1.4764,1.53332,1.2,1.4,1.69058,1.63154,165.25,164.29166666666666,0,0,7.0,8.0,2.0,2.0,4.0,4.0,1.1233123312331232,1.1233123312331232,0.9828982898289828,0.6318631863186318,2.0,0.0,0.5,1.5,,,,,0.0,
e06b48f9-9c44-41eb-adca-d402c15b8b2a,545e9b77-806d-4ecb-82fa-4bf3432414b5,2026,25,25,2027-02-10T20:00:00+00:00,d95bc61c-17e5-44b5-bdb9-ec10e55d1aea,54ed0f97-ad19-421c-a5c2-9b9d3fcbc72d,Coventry City FC,Liverpool FC,2,78,0,76,0.0,1.0,0.0,0.0,0.0,2.0,0.95415,1.6021,4.0,0.8,1.6,2.0,1.9297799999999998,1.50558,0.0,0.0,0.0,2.0,0.95415,1.6021,13.0,1.3,1.8,1.7,1.6482800000000002,1.86113,0.0,1.0,1.35,1.35,1.8,2.4,1.6099599999999998,2.3167999999999997,165.25,165.35416666666666,0,0,17.0,13.0,0.0,1.0,0.0,2.0,0.0,1.404140414041404,1.2637263726372636,1.1935193519351934,0.0,0.0,0.0,0.0,,,,,0.0,
4697fdd9-88a3-4dee-b9d5-182eb9ceecaa,c2a8bee1-449e-4a0d-8e62-768b68a49031,2026,25,25,2027-02-10T20:00:00+00:00,f7968242-f357-4da3-84bc-b49a6f3af9fe,076f94c9-341e-4294-a86a-076741505170,Hull City AFC,Sunderland AFC,2,40,0,38,0.0,1.0,6.0,3.0,1.5,0.0,1.4231500000000001,1.5643500000000001,10.0,2.0,1.4,0.8,1.47598,1.14264,6.0,3.0,1.5,0.0,1.4231500000000001,1.5643500000000001,17.0,1.7,1.4,1.5,1.49207,1.5401900000000002,2.0,0.0,1.4963,1.7787,2.0,1.8,1.52238,2.00738,165.25,164.29166666666666,0,0,3.0,11.0,3.0,1.5,6.0,3.0,1.053105310531053,0.0,0.9828982898289828,1.053105310531053,0.0,0.0,0.0,0.0,,,,,0.0,
20a65644-4790-437f-8014-b90e061b72ac,28e49cb6-5775-456f-a819-d59f434ff967,2026,25,25,2027-02-10T20:00:00+00:00,f8f456e7-3e20-4803-ba4e-b1762a31812c,6601a105-9986-4276-89bf-143cdf03198a,Aston Villa FC,AFC Bournemouth,78,78,76,76,1.0,1.0,7.0,1.4,1.6,2.0,1.669,1.99936,6.0,1.2,1.0,1.0,1.22144,1.6790800000000001,14.0,1.4,1.6,1.7,1.76112,1.55305,17.0,1.7,1.6,1.1,1.6844899999999998,1.68106,2.2,1.6,2.1744399999999997,1.2685600000000001,1.4,1.0,1.5607,2.1102800000000004,163.04166666666666,165.25,0,0,20.0,15.0,0.0,0.5,0.0,1.0,1.1233123312331232,1.1935193519351934,1.1233123312331232,0.7722772277227723,4.0,0.5,0.5,2.25,,,,,0.0,
ba80860d-c581-4166-a48c-a6e2793ed71c,2d009732-23c0-48d0-93e5-f3fcd18b8ea1,2026,25,25,2027-02-10T20:00:00+00:00,74bd08fa-27db-4bb0-8490-f57f6ed6b8e9,66a313d1-2e21-49ad-a1c7-6f04cae6be69,Crystal Palace FC,Brentford FC,78,78,76,76,1.0,1.0,1.0,0.2,0.8,2.6,1.3675,2.04196,6.0,1.2,1.4,1.4,1.8135999999999999,2.25948,6.0,0.6,0.9,2.2,1.6875900000000001,1.7954899999999998,12.0,1.2,1.3,1.1,1.7546199999999998,1.66781,1.2,1.8,1.90318,1.85092,0.6,1.4,1.01736,2.19684,166.04166666666666,164.29166666666666,0,0,18.0,5.0,0.0,2.0,0.0,4.0,0.6318631863186318,1.5445544554455446,0.9126912691269127,0.7722772277227723,4.0,0.25,0.25,3.0,,,,,0.0,
79b7b728-bd8d-4ed6-b2e3-22ea39536a66,d5d29c79-3d21-421f-a18f-8ceaff790840,2026,25,25,2027-02-10T20:00:00+00:00,c4045d6d-a715-4821-a800-cd9b505ad54b,1cb320b2-b42f-4131-8f5f-ef42e7f82540,Newcastle United FC,Chelsea FC,78,78,76,76,1.0,1.0,8.0,1.6,1.6,1.2,1.39426,1.7264399999999998,10.0,2.0,2.2,1.8,1.3089,1.57474,11.0,1.1,1.4,1.4,1.51213,2.0315000000000003,10.0,1.0,1.2,2.2,1.28673,1.6991399999999999,2.0,1.6,1.94728,2.3986799999999997,1.0,2.2,1.15024,1.6669,165.14583333333334,164.29166666666666,0,0,6.0,4.0,2.0,3.0,4.0,6.0,0.9828982898289828,0.9828982898289828,0.8424842484248424,1.5445544554455446,4.0,0.5,0.25,2.5,,,,,0.0,
f5c664f8-c66c-4d85-8ce7-300a2da1e303,e4a311f3-2a15-474a-9cff-7687ab8c1ec3,2026,25,25,2027-02-10T20:00:00+00:00,b552a1a6-4302-43ca-884c-0f91ac4f984b,5421e81a-b7dd-48b1-9982-42644e8dcf9f,Fulham FC,Nottingham Forest FC,78,78,76,76,1.0,1.0,4.0,0.8,1.0,1.2,1.44466,1.3342800000000001,3.0,0.6,1.2,1.6,1.4747400000000002,1.8178,11.0,1.1,0.9,1.2,1.4856,1.79445,16.0,1.6,2.2,1.1,1.50631,1.54579,1.6,1.0,1.82286,1.33118,3.0,1.2,1.71812,2.0079599999999997,164.29166666666666,165.35416666666666,0,0,16.0,14.0,0.0,0.5,0.0,1.0,0.6318631863186318,0.8424842484248424,1.5445544554455446,0.7722772277227723,4.0,0.75,0.25,1.25,,,,,0.0,
fae018d5-888f-4258-b063-961b58d93379,19f5e359-445b-49ea-89e3-2d6d772f3d80,2026,25,25,2027-02-10T20:00:00+00:00,c23d6b7a-dfaf-44a3-b016-1feb2dddec44,33d2f100-682f-4a5e-9aa3-5cc57e1e8571,Tottenham Hotspur FC,Manchester City FC,78,78,76,76,1.0,1.0,4.0,0.8,0.6,1.6,1.4309999999999998,1.7245000000000001,10.0,2.0,2.2,1.0,1.68626,1.3282,11.0,1.1,0.8,1.5,1.35367,1.44519,23.0,2.3,2.3,0.9,2.26553,1.3481100000000001,0.8,1.6,1.48516,1.23394,2.4,1.0,1.97072,1.38908,165.14583333333334,166.04166666666666,0,0,19.0,1.0,0.0,3.0,0.0,6.0,0.5616561656165616,1.053105310531053,1.6147614761476146,0.6318631863186318,4.0,0.5,0.25,2.75,,,,,0.0,
b8d3ddcc-2de2-4bb1-a9ae-730463507491,795ef23b-99df-4e87-847b-f269900eb224,2026,25,25,2027-02-10T20:00:00+00:00,67d3236c-6589-4978-b178-f6dcf50166d4,ead1bc2e-8799-410a-a809-66a274bbab2c,Ipswich Town FC,Arsenal FC,40,78,38,76,1.0,1.0,3.0,0.6,1.0,2.4,1.18292,1.12082,15.0,3.0,1.6,0.2,1.95344,0.8856400000000001,5.0,0.5,1.0,2.5,0.98536,1.9058800000000002,24.0,2.4,1.6,0.5,2.1858899999999997,1.11822,0.8,2.2,0.85206,1.8177600000000003,1.2,0.6,1.8980799999999998,1.4419,164.1875,163.04166666666666,0,0,12.0,2.0,1.5,3.0,3.0,6.0,0.702070207020702,1.7551755175517552,1.1233123312331232,0.351035103510351,2.0,0.0,0.0,2.5,,,,,0.0,
f770e4fa-32ac-4471-bc70-d49c67396864,9159c481-0ab8-49c1-bccf-8b4c9fa8db7f,2026,25,25,2027-02-10T20:00:00+00:00,48fc005c-cbfc-4e4d-b7f1-459dce6cf940,db14882b-951f-4db5-860b-4ca2b8583311,Manchester United FC,Brighton & Hove Albion FC,78,78,76,76,1.0,1.0,10.0,2.0,2.2,1.2,2.05574,1.3261,6.0,1.2,2.0,1.6,2.1024800000000003,1.04346,20.0,2.0,2.0,1.3,1.82306,1.49613,16.0,1.6,2.0,1.4,2.054,1.19738,2.8,1.8,2.2811,1.69546,1.6,2.0,1.53252,1.5199200000000002,164.1875,164.29166666666666,0,0,10.0,9.0,1.5,1.5,3.0,3.0,1.404140414041404,0.9126912691269127,1.404140414041404,0.9828982898289828,4.0,0.5,0.0,4.0,,,,,0.0,
7fb34e10-05d1-419f-9b3b-297a521ca7e1,206ffa99-087e-4fa7-9c8b-8e1d4d8f2834,2026,26,26,2027-02-20T15:00:00+00:00,1cb320b2-b42f-4131-8f5f-ef42e7f82540,67d3236c-6589-4978-b178-f6dcf50166d4,Chelsea FC,Ipswich Town FC,78,40,76,38,1.0,1.0,10.0,2.0,2.2,1.8,1.3089,1.57474,3.0,0.6,1.0,2.4,1.18292,1.12082,10.0,1.0,1.2,2.2,1.28673,1.6991399999999999,5.0,0.5,1.0,2.5,0.98536,1.9058800000000002,1.4,2.2,1.4232200000000002,1.7313800000000001,1.2,2.8,1.11866,1.9940000000000002,174.08333333333334,173.97916666666666,0,0,4.0,12.0,3.0,1.5,6.0,3.0,0.8424842484248424,1.5445544554455446,0.702070207020702,1.7551755175517552,2.0,0.0,0.5,3.0,,,,,0.0,
ee072bdc-3818-4783-b0b6-05f2632550b3,2a2f4474-0ce4-489f-b456-87c26ea2753a,2026,26,26,2027-02-20T15:00:00+00:00,33d2f100-682f-4a5e-9aa3-5cc57e1e8571,c4045d6d-a715-4821-a800-cd9b505ad54b,Manchester City FC,Newcastle United FC,78,78,76,76,1.0,1.0,10.0,2.0,2.2,1.0,1.68626,1.3282,8.0,1.6,1.6,1.2,1.39426,1.7264399999999998,23.0,2.3,2.3,0.9,2.26553,1.3481100000000001,11.0,1.1,1.4,1.4,1.51213,2.0315000000000003,2.2,0.8,2.56034,1.30714,0.8,1.2,1.07698,1.66432,175.83333333333334,174.9375,0,0,1.0,6.0,3.0,2.0,6.0,4.0,1.6147614761476146,0.6318631863186318,0.9828982898289828,0.9828982898289828,4.0,0.5,0.25,3.0,,,,,0.0,
3b969d09-4cd1-4b97-a602-f61d94aedad4,f7834ff2-815d-4f3a-950e-869f7e667987,2026,26,26,2027-02-20T15:00:00+00:00,6601a105-9986-4276-89bf-143cdf03198a,74bd08fa-27db-4bb0-8490-f57f6ed6b8e9,AFC Bournemouth,Crystal Palace FC,78,78,76,76,1.0,1.0,6.0,1.2,1.0,1.0,1.22144,1.6790800000000001,1.0,0.2,0.8,2.6,1.3675,2.04196,17.0,1.7,1.6,1.1,1.6844899999999998,1.68106,6.0,0.6,0.9,2.2,1.6875900000000001,1.7954899999999998,1.8,1.2,1.8082799999999999,1.25184,0.6,2.6,1.472,1.7400600000000002,175.04166666666666,175.83333333333334,0,0,15.0,18.0,0.5,0.0,1.0,0.0,1.1233123312331232,0.7722772277227723,0.6318631863186318,1.5445544554455446,4.0,0.25,0.75,2.25,,,,,0.0,
1d307978-ca67-46a4-8a67-99b44a2ea8fd,d3442eff-821f-4136-9f22-0009f4850bd0,2026,26,26,2027-02-20T15:00:00+00:00,66a313d1-2e21-49ad-a1c7-6f04cae6be69,d95bc61c-17e5-44b5-bdb9-ec10e55d1aea,Brentford FC,Coventry City FC,78,2,76,0,1.0,0.0,6.0,1.2,1.4,1.4,1.8135999999999999,2.25948,0.0,0.0,0.0,2.0,0.95415,1.6021,12.0,1.2,1.3,1.1,1.7546199999999998,1.66781,0.0,0.0,0.0,2.0,0.95415,1.6021,2.0,0.8,2.49188,1.1387800000000001,0.0,3.0,0.5583,1.8542,174.08333333333334,175.04166666666666,0,0,5.0,17.0,2.0,0.0,4.0,0.0,0.9126912691269127,0.7722772277227723,0.0,1.404140414041404,0.0,0.0,0.0,0.0,,,,,0.0,
5b3047a5-e576-444a-ad0e-fe48f14e5b37,b36567a8-a9d3-477d-83e6-ee6632f3d95b,2026,26,26,2027-02-20T15:00:00+00:00,54ed0f97-ad19-421c-a5c2-9b9d3fcbc72d,f7968242-f357-4da3-84bc-b49a6f3af9fe,Liverpool FC,Hull City AFC,78,2,76,0,1.0,0.0,4.0,0.8,1.6,2.0,1.9297799999999998,1.50558,6.0,3.0,1.5,0.0,1.4231500000000001,1.5643500000000001,13.0,1.3,1.8,1.7,1.6482800000000002,1.86113,6.0,3.0,1.5,0.0,1.4231500000000001,1.5643500000000001,1.8,1.0,1.6865999999999999,1.4054600000000002,1.0,0.0,1.35,1.35,175.14583333333334,175.04166666666666,0,0,13.0,3.0,1.0,3.0,2.0,6.0,1.2637263726372636,1.1935193519351934,1.053105310531053,0.0,0.0,0.0,0.0,0.0,,,,,0.0,
1c77dcff-3bf3-45a2-8933-01a7f92e3c72,e392f9dd-3f36-4a2a-a87e-de1ee8ce4ac6,2026,26,26,2027-02-20T15:00:00+00:00,ead1bc2e-8799-410a-a809-66a274bbab2c,b552a1a6-4302-43ca-884c-0f91ac4f984b,Arsenal FC,Fulham FC,78,78,76,76,1.0,1.0,15.0,3.0,1.6,0.2,1.95344,0.8856400000000001,4.0,0.8,1.0,1.2,1.44466,1.3342800000000001,24.0,2.4,1.6,0.5,2.1858899999999997,1.11822,11.0,1.1,0.9,1.2,1.4856,1.79445,1.8,0.4,2.19494,0.74268,0.2,1.4,1.14834,2.25772,172.83333333333334,174.08333333333334,0,0,2.0,16.0,3.0,0.0,6.0,0.0,1.1233123312331232,0.351035103510351,0.6318631863186318,0.8424842484248424,4.0,0.75,0.25,2.25,,,,,0.0,
2b2402c2-4bf9-49d4-9af1-f9a0f59c144c,62672c1a-6cb1-4c7c-aaa8-f80f97c3e987,2026,26,26,2027-02-20T15:00:00+00:00,5421e81a-b7dd-48b1-9982-42644e8dcf9f,48fc005c-cbfc-4e4d-b7f1-459dce6cf940,Nottingham Forest FC,Manchester United FC,78,78,76,76,1.0,1.0,3.0,0.6,1.2,1.6,1.4747400000000002,1.8178,10.0,2.0,2.2,1.2,2.05574,1.3261,16.0,1.6,2.2,1.1,1.50631,1.54579,20.0,2.0,2.0,1.3,1.82306,1.49613,1.4,1.0,1.2945,1.08362,1.2,0.8,1.36502,1.2968,175.14583333333334,173.97916666666666,0,0,14.0,10.0,0.5,1.5,1.0,3.0,1.5445544554455446,0.7722772277227723,1.404140414041404,0.9126912691269127,4.0,0.5,0.25,3.75,,,,,0.0,
b3f0b55c-1b08-49ba-b348-85b4c4da33dc,2e474c4b-9e85-42dd-9b96-d87f257ae6bc,2026,26,26,2027-02-20T15:00:00+00:00,db14882b-951f-4db5-860b-4ca2b8583311,c23d6b7a-dfaf-44a3-b016-1feb2dddec44,Brighton & Hove Albion FC,Tottenham Hotspur FC,78,78,76,76,1.0,1.0,6.0,1.2,2.0,1.6,2.1024800000000003,1.04346,4.0,0.8,0.6,1.6,1.4309999999999998,1.7245000000000001,16.0,1.6,2.0,1.4,2.054,1.19738,11.0,1.1,0.8,1.5,1.35367,1.44519,2.4,0.8,2.5754799999999998,0.8748400000000001,0.8,1.4,1.22218,1.65644,174.08333333333334,174.9375,0,0,9.0,19.0,1.5,0.0,3.0,0.0,1.404140414041404,0.9828982898289828,0.5616561656165616,1.053105310531053,4.0,0.5,0.5,4.5,,,,,0.0,
c0bd82ab-3d01-4c07-8965-6627e11972f2,790a7f40-a61e-45db-9546-1e2fb73cd9d3,2026,26,26,2027-02-20T15:00:00+00:00,076f94c9-341e-4294-a86a-076741505170,60cb8be0-9c1e-4019-8b60-fd9ac2aa9f2d,Sunderland AFC,Everton FC,40,78,38,76,1.0,1.0,10.0,2.0,1.4,0.8,1.47598,1.14264,5.0,1.0,1.2,1.4,1.29878,1.91182,17.0,1.7,1.4,1.5,1.49207,1.5401900000000002,10.0,1.0,1.6,1.6,1.37879,1.78095,0.8,1.2,1.4617600000000002,1.073,1.2,1.6,1.28118,2.02858,174.08333333333334,175.04166666666666,0,0,11.0,7.0,1.5,2.0,3.0,4.0,0.9828982898289828,1.053105310531053,1.1233123312331232,1.1233123312331232,2.0,0.5,0.5,3.0,,,,,0.0,
68d70e5c-62e9-4ec1-b7b1-eb468b02ee84,60e5fa83-07b7-4671-9ad2-a39aa5634dcc,2026,26,26,2027-02-20T15:00:00+00:00,fe8b4d06-9254-4fc8-a08f-90f242e51751,f8f456e7-3e20-4803-ba4e-b1762a31812c,Leeds United FC,Aston Villa FC,40,78,38,76,1.0,1.0,8.0,1.6,0.8,1.0,1.2767,1.69218,7.0,1.4,1.6,2.0,1.669,1.99936,19.0,1.9,1.4,0.9,1.66215,1.30455,14.0,1.4,1.6,1.7,1.76112,1.55305,1.6,0.4,1.6337199999999998,0.9775600000000001,1.0,1.8,1.3477999999999999,1.83754,174.08333333333334,172.83333333333334,0,0,8.0,20.0,2.0,0.0,4.0,0.0,0.9828982898289828,0.6318631863186318,1.1233123312331232,1.1935193519351934,2.0,0.0,0.5,2.5,,,,,0.0,
180ef542-a97b-4b93-b0a8-92b9b56fb873,5641fbcf-1e07-4b28-b870-d21c4a385865,2026,27,27,2027-02-27T15:00:00+00:00,74bd08fa-27db-4bb0-8490-f57f6ed6b8e9,076f94c9-341e-4294-a86a-076741505170,Crystal Palace FC,Sunderland AFC,78,40,76,38,1.0,1.0,1.0,0.2,0.8,2.6,1.3675,2.04196,10.0,2.0,1.4,0.8,1.47598,1.14264,6.0,0.6,0.9,2.2,1.6875900000000001,1.7954899999999998,17.0,1.7,1.4,1.5,1.49207,1.5401900000000002,1.2,1.8,1.90318,1.85092,2.0,1.8,1.52238,2.00738,182.83333333333334,181.08333333333334,0,0,18.0,11.0,0.0,1.5,0.0,3.0,0.6318631863186318,1.5445544554455446,0.9828982898289828,1.053105310531053,2.0,0.0,0.5,1.5,,,,,0.0,
ca668656-75ef-4413-8aa7-220c70f25959,9709d749-9feb-4e04-a2db-62e15ceea4cd,2026,27,27,2027-02-27T15:00:00+00:00,48fc005c-cbfc-4e4d-b7f1-459dce6cf940,ead1bc2e-8799-410a-a809-66a274bbab2c,Manchester United FC,Arsenal FC,78,78,76,76,1.0,1.0,10.0,2.0,2.2,1.2,2.05574,1.3261,15.0,3.0,1.6,0.2,1.95344,0.8856400000000001,20.0,2.0,2.0,1.3,1.82306,1.49613,24.0,2.4,1.6,0.5,2.1858899999999997,1.11822,2.8,1.8,2.2811,1.69546,1.2,0.6,1.8980799999999998,1.4419,180.97916666666666,179.83333333333334,0,0,10.0,2.0,1.5,3.0,3.0,6.0,1.404140414041404,0.9126912691269127,1.1233123312331232,0.351035103510351,4.0,0.25,0.25,2.5,,,,,0.0,
a96c7fc9-4863-49fa-9232-4d420ec6754d,b223c2a4-e431-48cb-93d0-1d218fee8dac,2026,27,27,2027-02-27T15:00:00+00:00,67d3236c-6589-4978-b178-f6dcf50166d4,db14882b-951f-4db5-860b-4ca2b8583311,Ipswich Town FC,Brighton & Hove Albion FC,40,78,38,76,1.0,1.0,3.0,0.6,1.0,2.4,1.18292,1.12082,6.0,1.2,2.0,1.6,2.1024800000000003,1.04346,5.0,0.5,1.0,2.5,0.98536,1.9058800000000002,16.0,1.6,2.0,1.4,2.054,1.19738,0.8,2.2,0.85206,1.8177600000000003,1.6,2.0,1.53252,1.5199200000000002,180.97916666666666,181.08333333333334,0,0,12.0,9.0,1.5,1.5,3.0,3.0,0.702070207020702,1.7551755175517552,1.404140414041404,0.9828982898289828,2.0,0.0,0.5,1.0,,,,,0.0,
7d81425c-b630-4f52-bb1d-95885dd59c9f,b70e7773-47eb-424f-bf02-c11a024f2199,2026,27,27,2027-02-27T15:00:00+00:00,d95bc61c-17e5-44b5-bdb9-ec10e55d1aea,6601a105-9986-4276-89bf-143cdf03198a,Coventry City FC,AFC Bournemouth,2,78,0,76,0.0,1.0,0.0,0.0,0.0,2.0,0.95415,1.6021,6.0,1.2,1.0,1.0,1.22144,1.6790800000000001,0.0,0.0,0.0,2.0,0.95415,1.6021,17.0,1.7,1.6,1.1,1.6844899999999998,1.68106,0.0,1.0,1.35,1.35,1.4,1.0,1.5607,2.1102800000000004,182.04166666666666,182.04166666666666,0,0,17.0,15.0,0.0,0.5,0.0,1.0,0.0,1.404140414041404,1.1233123312331232,0.7722772277227723,0.0,0.0,0.0,0.0,,,,,0.0,
6d2cf31e-ea9f-4f99-855c-ccec1edb1508,51e2166f-4acd-4332-adef-bf13065dae4f,2026,27,27,2027-02-27T15:00:00+00:00,60cb8be0-9c1e-4019-8b60-fd9ac2aa9f2d,5421e81a-b7dd-48b1-9982-42644e8dcf9f,Everton FC,Nottingham Forest FC,78,78,76,76,1.0,1.0,5.0,1.0,1.2,1.4,1.29878,1.91182,3.0,0.6,1.2,1.6,1.4747400000000002,1.8178,10.0,1.0,1.6,1.6,1.37879,1.78095,16.0,1.6,2.2,1.1,1.50631,1.54579,2.0,1.6,1.4764,1.53332,3.0,1.2,1.71812,2.0079599999999997,182.04166666666666,182.14583333333334,0,0,7.0,14.0,2.0,0.5,4.0,1.0,1.1233123312331232,1.1233123312331232,1.5445544554455446,0.7722772277227723,4.0,0.75,0.0,2.0,,,,,0.0,
e531ccd0-16da-493a-a188-5cf8b9951d20,44c3f2a4-66a0-4853-b77c-f416e6b480c9,2026,27,27,2027-02-27T15:00:00+00:00,b552a1a6-4302-43ca-884c-0f91ac4f984b,fe8b4d06-9254-4fc8-a08f-90f242e51751,Fulham FC,Leeds United FC,78,40,76,38,1.0,1.0,4.0,0.8,1.0,1.2,1.44466,1.3342800000000001,8.0,1.6,0.8,1.0,1.2767,1.69218,11.0,1.1,0.9,1.2,1.4856,1.79445,19.0,1.9,1.4,0.9,1.66215,1.30455,1.6,1.0,1.82286,1.33118,1.2,1.4,1.69058,1.63154,181.08333333333334,181.08333333333334,0,0,16.0,8.0,0.0,2.0,0.0,4.0,0.6318631863186318,0.8424842484248424,0.9828982898289828,0.6318631863186318,2.0,0.5,0.0,1.0,,,,,0.0,
d55f38a1-c53e-49b0-b4a6-68b33b111eba,835d074e-222c-4b8e-946c-ee62699f11f9,2026,27,27,2027-02-27T15:00:00+00:00,f8f456e7-3e20-4803-ba4e-b1762a31812c,1cb320b2-b42f-4131-8f5f-ef42e7f82540,Aston Villa FC,Chelsea FC,78,78,76,76,1.0,1.0,7.0,1.4,1.6,2.0,1.669,1.99936,10.0,2.0,2.2,1.8,1.3089,1.57474,14.0,1.4,1.6,1.7,1.76112,1.55305,10.0,1.0,1.2,2.2,1.28673,1.6991399999999999,2.2,1.6,2.1744399999999997,1.2685600000000001,1.0,2.2,1.15024,1.6669,179.83333333333334,181.08333333333334,0,0,20.0,4.0,0.0,3.0,0.0,6.0,1.1233123312331232,1.1935193519351934,0.8424842484248424,1.5445544554455446,4.0,0.5,0.0,3.5,,,,,0.0,
6cd5f20a-329a-4761-b764-20080fbd217d,70019529-2a8c-44f8-ae45-907df6d8dcbc,2026,27,27,2027-02-27T15:00:00+00:00,c23d6b7a-dfaf-44a3-b016-1feb2dddec44,54ed0f97-ad19-421c-a5c2-9b9d3fcbc72d,Tottenham Hotspur FC,Liverpool FC,78,78,76,76,1.0,1.0,4.0,0.8,0.6,1.6,1.4309999999999998,1.7245000000000001,4.0,0.8,1.6,2.0,1.9297799999999998,1.50558,11.0,1.1,0.8,1.5,1.35367,1.44519,13.0,1.3,1.8,1.7,1.6482800000000002,1.86113,0.8,1.6,1.48516,1.23394,1.8,2.4,1.6099599999999998,2.3167999999999997,181.9375,182.14583333333334,0,0,19.0,13.0,0.0,1.0,0.0,2.0,0.5616561656165616,1.053105310531053,1.2637263726372636,1.1935193519351934,4.0,0.0,0.25,5.0,,,,,0.0,
0d6ea212-eddc-4988-9daf-b7abaeb219b9,93a465f7-845e-4dcd-be9a-5f4f168859e2,2026,27,27,2027-02-27T15:00:00+00:00,f7968242-f357-4da3-84bc-b49a6f3af9fe,33d2f100-682f-4a5e-9aa3-5cc57e1e8571,Hull City AFC,Manchester City FC,2,78,0,76,0.0,1.0,6.0,3.0,1.5,0.0,1.4231500000000001,1.5643500000000001,10.0,2.0,2.2,1.0,1.68626,1.3282,6.0,3.0,1.5,0.0,1.4231500000000001,1.5643500000000001,23.0,2.3,2.3,0.9,2.26553,1.3481100000000001,2.0,0.0,1.4963,1.7787,2.4,1.0,1.97072,1.38908,182.04166666666666,182.83333333333334,0,0,3.0,1.0,3.0,3.0,6.0,6.0,1.053105310531053,0.0,1.6147614761476146,0.6318631863186318,0.0,0.0,0.0,0.0,,,,,0.0,
0e5eaf64-e4b9-4a25-8a10-6a414265b17e,fb4f33c5-507c-492c-af16-92ee60c490be,2026,27,27,2027-02-27T15:00:00+00:00,c4045d6d-a715-4821-a800-cd9b505ad54b,66a313d1-2e21-49ad-a1c7-6f04cae6be69,Newcastle United FC,Brentford FC,78,78,76,76,1.0,1.0,8.0,1.6,1.6,1.2,1.39426,1.7264399999999998,6.0,1.2,1.4,1.4,1.8135999999999999,2.25948,11.0,1.1,1.4,1.4,1.51213,2.0315000000000003,12.0,1.2,1.3,1.1,1.7546199999999998,1.66781,2.0,1.6,1.94728,2.3986799999999997,0.6,1.4,1.01736,2.19684,181.9375,181.08333333333334,0,0,6.0,5.0,2.0,2.0,4.0,4.0,0.9828982898289828,0.9828982898289828,0.9126912691269127,0.7722772277227723,4.0,0.25,0.0,4.5,,,,,0.0,
eb88b3d6-d84d-4fc0-a673-fd8e0ee96a5c,4dbf70e1-77bc-4492-91f7-492ed1e105bc,2026,28,28,2027-03-03T20:00:00+00:00,5421e81a-b7dd-48b1-9982-42644e8dcf9f,c4045d6d-a715-4821-a800-cd9b505ad54b,Nottingham Forest FC,Newcastle United FC,78,78,76,76,1.0,1.0,3.0,0.6,1.2,1.6,1.4747400000000002,1.8178,8.0,1.6,1.6,1.2,1.39426,1.7264399999999998,16.0,1.6,2.2,1.1,1.50631,1.54579,11.0,1.1,1.4,1.4,1.51213,2.0315000000000003,1.4,1.0,1.2945,1.08362,0.8,1.2,1.07698,1.66432,186.35416666666666,186.14583333333334,0,0,14.0,6.0,0.5,2.0,1.0,4.0,1.5445544554455446,0.7722772277227723,0.9828982898289828,0.9828982898289828,4.0,0.0,0.25,3.75,,,,,0.0,
2bf97341-ebaa-4234-b5c3-55ced01379ac,e11975c4-c732-4083-b50f-b7db6c4a20a8,2026,28,28,2027-03-03T20:00:00+00:00,6601a105-9986-4276-89bf-143cdf03198a,c23d6b7a-dfaf-44a3-b016-1feb2dddec44,AFC Bournemouth,Tottenham Hotspur FC,78,78,76,76,1.0,1.0,6.0,1.2,1.0,1.0,1.22144,1.6790800000000001,4.0,0.8,0.6,1.6,1.4309999999999998,1.7245000000000001,17.0,1.7,1.6,1.1,1.6844899999999998,1.68106,11.0,1.1,0.8,1.5,1.35367,1.44519,1.8,1.2,1.8082799999999999,1.25184,0.8,1.4,1.22218,1.65644,186.25,186.14583333333334,0,0,15.0,19.0,0.5,0.0,1.0,0.0,1.1233123312331232,0.7722772277227723,0.5616561656165616,1.053105310531053,4.0,0.75,0.25,2.75,,,,,0.0,
51e8bfc6-91c9-4fa9-be71-08a16734f40e,3c5b5249-0ef1-48e9-94cd-439452fe4a58,2026,28,28,2027-03-03T20:00:00+00:00,33d2f100-682f-4a5e-9aa3-5cc57e1e8571,60cb8be0-9c1e-4019-8b60-fd9ac2aa9f2d,Manchester City FC,Everton FC,78,78,76,76,1.0,1.0,10.0,2.0,2.2,1.0,1.68626,1.3282,5.0,1.0,1.2,1.4,1.29878,1.91182,23.0,2.3,2.3,0.9,2.26553,1.3481100000000001,10.0,1.0,1.6,1.6,1.37879,1.78095,2.2,0.8,2.56034,1.30714,1.2,1.6,1.28118,2.02858,187.04166666666666,186.25,0,0,1.0,7.0,3.0,2.0,6.0,4.0,1.6147614761476146,0.6318631863186318,1.1233123312331232,1.1233123312331232,4.0,0.5,0.5,3.0,,,,,0.0,
2fe0f2da-877b-45eb-be8e-af596a6b9206,c9808675-4121-4f17-a3b9-26bdf8f5a089,2026,28,28,2027-03-03T20:00:00+00:00,ead1bc2e-8799-410a-a809-66a274bbab2c,74bd08fa-27db-4bb0-8490-f57f6ed6b8e9,Arsenal FC,Crystal Palace FC,78,78,76,76,1.0,1.0,15.0,3.0,1.6,0.2,1.95344,0.8856400000000001,1.0,0.2,0.8,2.6,1.3675,2.04196,24.0,2.4,1.6,0.5,2.1858899999999997,1.11822,6.0,0.6,0.9,2.2,1.6875900000000001,1.7954899999999998,1.8,0.4,2.19494,0.74268,0.6,2.6,1.472,1.7400600000000002,184.04166666666666,187.04166666666666,0,0,2.0,18.0,3.0,0.0,6.0,0.0,1.1233123312331232,0.351035103510351,0.6318631863186318,1.5445544554455446,4.0,0.75,0.25,3.5,,,,,0.0,
bb16d13e-e3c1-4cbf-8d8a-7f087046ca92,5b7f5d67-da06-4452-b19f-78db95318e7b,2026,28,28,2027-03-03T20:00:00+00:00,fe8b4d06-9254-4fc8-a08f-90f242e51751,f7968242-f357-4da3-84bc-b49a6f3af9fe,Leeds United FC,Hull City AFC,40,2,38,0,1.0,0.0,8.0,1.6,0.8,1.0,1.2767,1.69218,6.0,3.0,1.5,0.0,1.4231500000000001,1.5643500000000001,19.0,1.9,1.4,0.9,1.66215,1.30455,6.0,3.0,1.5,0.0,1.4231500000000001,1.5643500000000001,1.6,0.4,1.6337199999999998,0.9775600000000001,1.0,0.0,1.35,1.35,185.29166666666666,186.25,0,0,8.0,3.0,2.0,3.0,4.0,6.0,0.9828982898289828,0.6318631863186318,1.053105310531053,0.0,0.0,0.0,0.0,0.0,,,,,0.0,
c2c6db7d-843f-4c38-85ec-bb8cb709b3b8,815a5b64-5cbd-4031-a90e-5d3824ba566d,2026,28,28,2027-03-03T20:00:00+00:00,076f94c9-341e-4294-a86a-076741505170,48fc005c-cbfc-4e4d-b7f1-459dce6cf940,Sunderland AFC,Manchester United FC,40,78,38,76,1.0,1.0,10.0,2.0,1.4,0.8,1.47598,1.14264,10.0,2.0,2.2,1.2,2.05574,1.3261,17.0,1.7,1.4,1.5,1.49207,1.5401900000000002,20.0,2.0,2.0,1.3,1.82306,1.49613,0.8,1.2,1.4617600000000002,1.073,1.2,0.8,1.36502,1.2968,185.29166666666666,185.1875,0,0,11.0,10.0,1.5,1.5,3.0,3.0,0.9828982898289828,1.053105310531053,1.404140414041404,0.9126912691269127,2.0,0.0,0.5,1.0,,,,,0.0,
d1471999-2ad6-4115-b952-ffc0527a0472,9bc4fc22-cbd9-4209-a5c7-c341325eee75,2026,28,28,2027-03-03T20:00:00+00:00,54ed0f97-ad19-421c-a5c2-9b9d3fcbc72d,f8f456e7-3e20-4803-ba4e-b1762a31812c,Liverpool FC,Aston Villa FC,78,78,76,76,1.0,1.0,4.0,0.8,1.6,2.0,1.9297799999999998,1.50558,7.0,1.4,1.6,2.0,1.669,1.99936,13.0,1.3,1.8,1.7,1.6482800000000002,1.86113,14.0,1.4,1.6,1.7,1.76112,1.55305,1.8,1.0,1.6865999999999999,1.4054600000000002,1.0,1.8,1.3477999999999999,1.83754,186.35416666666666,184.04166666666666,0,0,13.0,20.0,1.0,0.0,2.0,0.0,1.2637263726372636,1.1935193519351934,1.1233123312331232,1.1935193519351934,4.0,0.5,0.25,3.5,,,,,0.0,
d1617eef-85d9-4386-a4da-f75133bf6302,66827a04-c4b9-46d1-b91c-f8e4096f044e,2026,28,28,2027-03-03T20:00:00+00:00,db14882b-951f-4db5-860b-4ca2b8583311,b552a1a6-4302-43ca-884c-0f91ac4f984b,Brighton & Hove Albion FC,Fulham FC,78,78,76,76,1.0,1.0,6.0,1.2,2.0,1.6,2.1024800000000003,1.04346,4.0,0.8,1.0,1.2,1.44466,1.3342800000000001,16.0,1.6,2.0,1.4,2.054,1.19738,11.0,1.1,0.9,1.2,1.4856,1.79445,2.4,0.8,2.5754799999999998,0.8748400000000001,0.2,1.4,1.14834,2.25772,185.29166666666666,185.29166666666666,0,0,9.0,16.0,1.5,0.0,3.0,0.0,1.404140414041404,0.9828982898289828,0.6318631863186318,0.8424842484248424,4.0,0.25,0.25,3.0,,,,,0.0,
30278aa3-94f4-49d2-9083-4da17d2625cf,18b074b1-aec3-428a-9518-b6b6ba79e93e,2026,28,28,2027-03-03T20:00:00+00:00,66a313d1-2e21-49ad-a1c7-6f04cae6be69,67d3236c-6589-4978-b178-f6dcf50166d4,Brentford FC,Ipswich Town FC,78,40,76,38,1.0,1.0,6.0,1.2,1.4,1.4,1.8135999999999999,2.25948,3.0,0.6,1.0,2.4,1.18292,1.12082,12.0,1.2,1.3,1.1,1.7546199999999998,1.66781,5.0,0.5,1.0,2.5,0.98536,1.9058800000000002,2.0,0.8,2.49188,1.1387800000000001,1.2,2.8,1.11866,1.9940000000000002,185.29166666666666,185.1875,0,0,5.0,12.0,2.0,1.5,4.0,3.0,0.9126912691269127,0.7722772277227723,0.702070207020702,1.7551755175517552,2.0,1.0,0.0,4.0,,,,,0.0,
89ec9bde-4426-4edf-95b6-fc8cf65d490d,245e1194-d0e7-4286-97e8-7d85bbde9c59,2026,28,28,2027-03-03T20:00:00+00:00,1cb320b2-b42f-4131-8f5f-ef42e7f82540,d95bc61c-17e5-44b5-bdb9-ec10e55d1aea,Chelsea FC,Coventry City FC,78,2,76,0,1.0,0.0,10.0,2.0,2.2,1.8,1.3089,1.57474,0.0,0.0,0.0,2.0,0.95415,1.6021,10.0,1.0,1.2,2.2,1.28673,1.6991399999999999,0.0,0.0,0.0,2.0,0.95415,1.6021,1.4,2.2,1.4232200000000002,1.7313800000000001,0.0,3.0,0.5583,1.8542,185.29166666666666,186.25,0,0,4.0,17.0,3.0,0.0,6.0,0.0,0.8424842484248424,1.5445544554455446,0.0,1.404140414041404,0.0,0.0,0.0,0.0,,,,,0.0,
0fdee116-5c79-480a-9f63-58cf6efd38ee,42917ec9-b02c-47a8-84b7-17ae2f374670,2026,29,29,2027-03-13T15:00:00+00:00,fe8b4d06-9254-4fc8-a08f-90f242e51751,db14882b-951f-4db5-860b-4ca2b8583311,Leeds United FC,Brighton & Hove Albion FC,40,78,38,76,1.0,1.0,8.0,1.6,0.8,1.0,1.2767,1.69218,6.0,1.2,2.0,1.6,2.1024800000000003,1.04346,19.0,1.9,1.4,0.9,1.66215,1.30455,16.0,1.6,2.0,1.4,2.054,1.19738,1.6,0.4,1.6337199999999998,0.9775600000000001,1.6,2.0,1.53252,1.5199200000000002,195.08333333333334,195.08333333333334,0,0,8.0,9.0,2.0,1.5,4.0,3.0,0.9828982898289828,0.6318631863186318,1.404140414041404,0.9828982898289828,2.0,0.5,0.0,2.0,,,,,0.0,
9c9c32a7-6055-493e-aa92-2d79bf1f4ad4,ae5ed228-03df-4f4f-92c9-9b5ef855ad15,2026,29,29,2027-03-13T15:00:00+00:00,c23d6b7a-dfaf-44a3-b016-1feb2dddec44,5421e81a-b7dd-48b1-9982-42644e8dcf9f,Tottenham Hotspur FC,Nottingham Forest FC,78,78,76,76,1.0,1.0,4.0,0.8,0.6,1.6,1.4309999999999998,1.7245000000000001,3.0,0.6,1.2,1.6,1.4747400000000002,1.8178,11.0,1.1,0.8,1.5,1.35367,1.44519,16.0,1.6,2.2,1.1,1.50631,1.54579,0.8,1.6,1.48516,1.23394,3.0,1.2,1.71812,2.0079599999999997,195.9375,196.14583333333334,0,0,19.0,14.0,0.0,0.5,0.0,1.0,0.5616561656165616,1.053105310531053,1.5445544554455446,0.7722772277227723,4.0,0.0,0.0,2.5,,,,,0.0,
3e3e4252-2f78-469b-a721-b95f5477174a,284ed7d1-6700-4af8-9af5-8ab1eeb39f51,2026,29,29,2027-03-13T15:00:00+00:00,74bd08fa-27db-4bb0-8490-f57f6ed6b8e9,b552a1a6-4302-43ca-884c-0f91ac4f984b,Crystal Palace FC,Fulham FC,78,78,76,76,1.0,1.0,1.0,0.2,0.8,2.6,1.3675,2.04196,4.0,0.8,1.0,1.2,1.44466,1.3342800000000001,6.0,0.6,0.9,2.2,1.6875900000000001,1.7954899999999998,11.0,1.1,0.9,1.2,1.4856,1.79445,1.2,1.8,1.90318,1.85092,0.2,1.4,1.14834,2.25772,196.83333333333334,195.08333333333334,0,0,18.0,16.0,0.0,0.0,0.0,0.0,0.6318631863186318,1.5445544554455446,0.6318631863186318,0.8424842484248424,4.0,0.5,0.25,2.25,,,,,0.0,
e713cd76-3256-4577-8f78-ce08306f40ad,0ca978ff-9aac-45d1-a2f9-bdd23c9d257d,2026,29,29,2027-03-13T15:00:00+00:00,54ed0f97-ad19-421c-a5c2-9b9d3fcbc72d,67d3236c-6589-4978-b178-f6dcf50166d4,Liverpool FC,Ipswich Town FC,78,40,76,38,1.0,1.0,4.0,0.8,1.6,2.0,1.9297799999999998,1.50558,3.0,0.6,1.0,2.4,1.18292,1.12082,13.0,1.3,1.8,1.7,1.6482800000000002,1.86113,5.0,0.5,1.0,2.5,0.98536,1.9058800000000002,1.8,1.0,1.6865999999999999,1.4054600000000002,1.2,2.8,1.11866,1.9940000000000002,196.14583333333334,194.97916666666666,0,0,13.0,12.0,1.0,1.5,2.0,3.0,1.2637263726372636,1.1935193519351934,0.702070207020702,1.7551755175517552,2.0,1.0,0.0,3.5,,,,,0.0,
3b00b361-66ae-494b-b02e-dae8b9d20d81,ceee2bee-a063-433b-b6f9-a5046294501c,2026,29,29,2027-03-13T15:00:00+00:00,d95bc61c-17e5-44b5-bdb9-ec10e55d1aea,33d2f100-682f-4a5e-9aa3-5cc57e1e8571,Coventry City FC,Manchester City FC,2,78,0,76,0.0,1.0,0.0,0.0,0.0,2.0,0.95415,1.6021,10.0,2.0,2.2,1.0,1.68626,1.3282,0.0,0.0,0.0,2.0,0.95415,1.6021,23.0,2.3,2.3,0.9,2.26553,1.3481100000000001,0.0,1.0,1.35,1.35,2.4,1.0,1.97072,1.38908,196.04166666666666,196.83333333333334,0,0,17.0,1.0,0.0,3.0,0.0,6.0,0.0,1.404140414041404,1.6147614761476146,0.6318631863186318,0.0,0.0,0.0,0.0,,,,,0.0,
12635a2b-434b-46d3-87a6-6e9b23dd4016,337f54f0-7f5b-4031-9f0d-39b33e39b703,2026,29,29,2027-03-13T15:00:00+00:00,6601a105-9986-4276-89bf-143cdf03198a,c4045d6d-a715-4821-a800-cd9b505ad54b,AFC Bournemouth,Newcastle United FC,78,78,76,76,1.0,1.0,6.0,1.2,1.0,1.0,1.22144,1.6790800000000001,8.0,1.6,1.6,1.2,1.39426,1.7264399999999998,17.0,1.7,1.6,1.1,1.6844899999999998,1.68106,11.0,1.1,1.4,1.4,1.51213,2.0315000000000003,1.8,1.2,1.8082799999999999,1.25184,0.8,1.2,1.07698,1.66432,196.04166666666666,195.9375,0,0,15.0,6.0,0.5,2.0,1.0,4.0,1.1233123312331232,0.7722772277227723,0.9828982898289828,0.9828982898289828,4.0,0.5,0.5,2.5,,,,,0.0,
545e8ed5-8ebf-44c0-b054-56468756dd1f,3e3b28af-ccbd-4540-b62d-845cc1b596dc,2026,29,29,2027-03-13T15:00:00+00:00,1cb320b2-b42f-4131-8f5f-ef42e7f82540,ead1bc2e-8799-410a-a809-66a274bbab2c,Chelsea FC,Arsenal FC,78,78,76,76,1.0,1.0,10.0,2.0,2.2,1.8,1.3089,1.57474,15.0,3.0,1.6,0.2,1.95344,0.8856400000000001,10.0,1.0,1.2,2.2,1.28673,1.6991399999999999,24.0,2.4,1.6,0.5,2.1858899999999997,1.11822,1.4,2.2,1.4232200000000002,1.7313800000000001,1.2,0.6,1.8980799999999998,1.4419,195.08333333333334,193.83333333333334,0,0,4.0,2.0,3.0,3.0,6.0,6.0,0.8424842484248424,1.5445544554455446,1.1233123312331232,0.351035103510351,4.0,0.0,0.5,2.0,,,,,0.0,
ae39f811-cf56-42ce-b121-b2e3552db471,4ee09881-0295-4d22-bc40-7905d2dbe5db,2026,29,29,2027-03-13T15:00:00+00:00,f8f456e7-3e20-4803-ba4e-b1762a31812c,f7968242-f357-4da3-84bc-b49a6f3af9fe,Aston Villa FC,Hull City AFC,78,2,76,0,1.0,0.0,7.0,1.4,1.6,2.0,1.669,1.99936,6.0,3.0,1.5,0.0,1.4231500000000001,1.5643500000000001,14.0,1.4,1.6,1.7,1.76112,1.55305,6.0,3.0,1.5,0.0,1.4231500000000001,1.5643500000000001,2.2,1.6,2.1744399999999997,1.2685600000000001,1.0,0.0,1.35,1.35,193.83333333333334,196.04166666666666,0,0,20.0,3.0,0.0,3.0,0.0,6.0,1.1233123312331232,1.1935193519351934,1.053105310531053,0.0,0.0,0.0,0.0,0.0,,,,,0.0,
bd558257-1503-4d55-8d79-b6320a7a6854,fec8691e-c0e4-4953-9a1b-f1fa85701b41,2026,29,29,2027-03-13T15:00:00+00:00,48fc005c-cbfc-4e4d-b7f1-459dce6cf940,60cb8be0-9c1e-4019-8b60-fd9ac2aa9f2d,Manchester United FC,Everton FC,78,78,76,76,1.0,1.0,10.0,2.0,2.2,1.2,2.05574,1.3261,5.0,1.0,1.2,1.4,1.29878,1.91182,20.0,2.0,2.0,1.3,1.82306,1.49613,10.0,1.0,1.6,1.6,1.37879,1.78095,2.8,1.8,2.2811,1.69546,1.2,1.6,1.28118,2.02858,194.97916666666666,196.04166666666666,0,0,10.0,7.0,1.5,2.0,3.0,4.0,1.404140414041404,0.9126912691269127,1.1233123312331232,1.1233123312331232,4.0,0.5,0.25,2.5,,,,,0.0,
53260081-507f-46d8-bd53-378ade8953a1,37372f98-93ea-4493-8256-2e3d9e0e9871,2026,29,29,2027-03-13T15:00:00+00:00,076f94c9-341e-4294-a86a-076741505170,66a313d1-2e21-49ad-a1c7-6f04cae6be69,Sunderland AFC,Brentford FC,40,78,38,76,1.0,1.0,10.0,2.0,1.4,0.8,1.47598,1.14264,6.0,1.2,1.4,1.4,1.8135999999999999,2.25948,17.0,1.7,1.4,1.5,1.49207,1.5401900000000002,12.0,1.2,1.3,1.1,1.7546199999999998,1.66781,0.8,1.2,1.4617600000000002,1.073,0.6,1.4,1.01736,2.19684,195.08333333333334,195.08333333333334,0,0,11.0,5.0,1.5,2.0,3.0,4.0,0.9828982898289828,1.053105310531053,0.9126912691269127,0.7722772277227723,2.0,0.5,0.0,3.0,,,,,0.0,
c6e494ae-5af1-442d-b0fb-84804981930d,c360b12a-d913-4e3b-8cfa-27ad3d091f2d,2026,30,30,2027-03-20T15:00:00+00:00,66a313d1-2e21-49ad-a1c7-6f04cae6be69,6601a105-9986-4276-89bf-143cdf03198a,Brentford FC,AFC Bournemouth,78,78,76,76,1.0,1.0,6.0,1.2,1.4,1.4,1.8135999999999999,2.25948,6.0,1.2,1.0,1.0,1.22144,1.6790800000000001,12.0,1.2,1.3,1.1,1.7546199999999998,1.66781,17.0,1.7,1.6,1.1,1.6844899999999998,1.68106,2.0,0.8,2.49188,1.1387800000000001,1.4,1.0,1.5607,2.1102800000000004,202.08333333333334,203.04166666666666,0,0,5.0,15.0,2.0,0.5,4.0,1.0,0.9126912691269127,0.7722772277227723,1.1233123312331232,0.7722772277227723,4.0,0.75,0.25,3.25,,,,,0.0,
25cc2145-a4e4-4a7e-b845-bd7d48015a38,2a5e690f-f3ac-48a2-bf06-311a4a5d18f9,2026,30,30,2027-03-20T15:00:00+00:00,db14882b-951f-4db5-860b-4ca2b8583311,d95bc61c-17e5-44b5-bdb9-ec10e55d1aea,Brighton & Hove Albion FC,Coventry City FC,78,2,76,0,1.0,0.0,6.0,1.2,2.0,1.6,2.1024800000000003,1.04346,0.0,0.0,0.0,2.0,0.95415,1.6021,16.0,1.6,2.0,1.4,2.054,1.19738,0.0,0.0,0.0,2.0,0.95415,1.6021,2.4,0.8,2.5754799999999998,0.8748400000000001,0.0,3.0,0.5583,1.8542,202.08333333333334,203.04166666666666,0,0,9.0,17.0,1.5,0.0,3.0,0.0,1.404140414041404,0.9828982898289828,0.0,1.404140414041404,0.0,0.0,0.0,0.0,,,,,0.0,
0d1b9b2c-d949-486b-8794-496383833d41,82dbec41-fe85-446e-8af5-770715a18ebe,2026,30,30,2027-03-20T15:00:00+00:00,33d2f100-682f-4a5e-9aa3-5cc57e1e8571,48fc005c-cbfc-4e4d-b7f1-459dce6cf940,Manchester City FC,Manchester United FC,78,78,76,76,1.0,1.0,10.0,2.0,2.2,1.0,1.68626,1.3282,10.0,2.0,2.2,1.2,2.05574,1.3261,23.0,2.3,2.3,0.9,2.26553,1.3481100000000001,20.0,2.0,2.0,1.3,1.82306,1.49613,2.2,0.8,2.56034,1.30714,1.2,0.8,1.36502,1.2968,203.83333333333334,201.97916666666666,0,0,1.0,10.0,3.0,1.5,6.0,3.0,1.6147614761476146,0.6318631863186318,1.404140414041404,0.9126912691269127,4.0,0.25,0.25,2.0,,,,,0.0,
bae9ac94-3f35-4474-8d9a-277c0a103cbe,0199a578-6b8f-40ff-85d6-9d82f80091b2,2026,30,30,2027-03-20T15:00:00+00:00,ead1bc2e-8799-410a-a809-66a274bbab2c,076f94c9-341e-4294-a86a-076741505170,Arsenal FC,Sunderland AFC,78,40,76,38,1.0,1.0,15.0,3.0,1.6,0.2,1.95344,0.8856400000000001,10.0,2.0,1.4,0.8,1.47598,1.14264,24.0,2.4,1.6,0.5,2.1858899999999997,1.11822,17.0,1.7,1.4,1.5,1.49207,1.5401900000000002,1.8,0.4,2.19494,0.74268,2.0,1.8,1.52238,2.00738,200.83333333333334,202.08333333333334,0,0,2.0,11.0,3.0,1.5,6.0,3.0,1.1233123312331232,0.351035103510351,0.9828982898289828,1.053105310531053,2.0,0.5,0.5,3.5,,,,,0.0,
c21f4ffa-e2f5-4cc8-a537-965dc785a00f,597678f4-37d2-47ff-89bc-735fd0f146c7,2026,30,30,2027-03-20T15:00:00+00:00,b552a1a6-4302-43ca-884c-0f91ac4f984b,54ed0f97-ad19-421c-a5c2-9b9d3fcbc72d,Fulham FC,Liverpool FC,78,78,76,76,1.0,1.0,4.0,0.8,1.0,1.2,1.44466,1.3342800000000001,4.0,0.8,1.6,2.0,1.9297799999999998,1.50558,11.0,1.1,0.9,1.2,1.4856,1.79445,13.0,1.3,1.8,1.7,1.6482800000000002,1.86113,1.6,1.0,1.82286,1.33118,1.8,2.4,1.6099599999999998,2.3167999999999997,202.08333333333334,203.14583333333334,0,0,16.0,13.0,0.0,1.0,0.0,2.0,0.6318631863186318,0.8424842484248424,1.2637263726372636,1.1935193519351934,4.0,0.25,0.5,3.75,,,,,0.0,
4208566d-9286-44b3-90e7-ed5c928b1e47,fa736f46-4bf8-4a11-b3aa-fd2c1c812b45,2026,30,30,2027-03-20T15:00:00+00:00,f7968242-f357-4da3-84bc-b49a6f3af9fe,1cb320b2-b42f-4131-8f5f-ef42e7f82540,Hull City AFC,Chelsea FC,2,78,0,76,0.0,1.0,6.0,3.0,1.5,0.0,1.4231500000000001,1.5643500000000001,10.0,2.0,2.2,1.8,1.3089,1.57474,6.0,3.0,1.5,0.0,1.4231500000000001,1.5643500000000001,10.0,1.0,1.2,2.2,1.28673,1.6991399999999999,2.0,0.0,1.4963,1.7787,1.0,2.2,1.15024,1.6669,203.04166666666666,202.08333333333334,0,0,3.0,4.0,3.0,3.0,6.0,6.0,1.053105310531053,0.0,0.8424842484248424,1.5445544554455446,0.0,0.0,0.0,0.0,,,,,0.0,
e9fde721-b9b3-4598-bcdd-5945d80756b7,f1efa9e2-d621-4a9d-a319-eb8e55ef0dbc,2026,30,30,2027-03-20T15:00:00+00:00,5421e81a-b7dd-48b1-9982-42644e8dcf9f,f8f456e7-3e20-4803-ba4e-b1762a31812c,Nottingham Forest FC,Aston Villa FC,78,78,76,76,1.0,1.0,3.0,0.6,1.2,1.6,1.4747400000000002,1.8178,7.0,1.4,1.6,2.0,1.669,1.99936,16.0,1.6,2.2,1.1,1.50631,1.54579,14.0,1.4,1.6,1.7,1.76112,1.55305,1.4,1.0,1.2945,1.08362,1.0,1.8,1.3477999999999999,1.83754,203.14583333333334,200.83333333333334,0,0,14.0,20.0,0.5,0.0,1.0,0.0,1.5445544554455446,0.7722772277227723,1.1233123312331232,1.1935193519351934,4.0,0.25,0.25,3.0,,,,,0.0,
57c1a673-b34e-4b22-b433-aa2e9d470624,c00a324a-4660-4be6-94f2-df8938c6ec00,2026,30,30,2027-03-20T15:00:00+00:00,60cb8be0-9c1e-4019-8b60-fd9ac2aa9f2d,c23d6b7a-dfaf-44a3-b016-1feb2dddec44,Everton FC,Tottenham Hotspur FC,78,78,76,76,1.0,1.0,5.0,1.0,1.2,1.4,1.29878,1.91182,4.0,0.8,0.6,1.6,1.4309999999999998,1.7245000000000001,10.0,1.0,1.6,1.6,1.37879,1.78095,11.0,1.1,0.8,1.5,1.35367,1.44519,2.0,1.6,1.4764,1.53332,0.8,1.4,1.22218,1.65644,203.04166666666666,202.9375,0,0,7.0,19.0,2.0,0.0,4.0,0.0,1.1233123312331232,1.1233123312331232,0.5616561656165616,1.053105310531053,4.0,0.25,0.0,3.25,,,,,0.0,
e76c624a-6b7e-46c3-a67c-2228f135b1c7,5018531a-cb95-4855-a6cc-4a07e0741dde,2026,30,30,2027-03-20T15:00:00+00:00,c4045d6d-a715-4821-a800-cd9b505ad54b,fe8b4d06-9254-4fc8-a08f-90f242e51751,Newcastle United FC,Leeds United FC,78,40,76,38,1.0,1.0,8.0,1.6,1.6,1.2,1.39426,1.7264399999999998,8.0,1.6,0.8,1.0,1.2767,1.69218,11.0,1.1,1.4,1.4,1.51213,2.0315000000000003,19.0,1.9,1.4,0.9,1.66215,1.30455,2.0,1.6,1.94728,2.3986799999999997,1.2,1.4,1.69058,1.63154,202.9375,202.08333333333334,0,0,6.0,8.0,2.0,2.0,4.0,4.0,0.9828982898289828,0.9828982898289828,0.9828982898289828,0.6318631863186318,2.0,0.5,0.5,3.5,,,,,0.0,
85c04a96-041b-4fa6-8cb9-1a286bc23181,e95591dc-63e6-49d7-a8ae-7b8db6e63259,2026,30,30,2027-03-20T15:00:00+00:00,67d3236c-6589-4978-b178-f6dcf50166d4,74bd08fa-27db-4bb0-8490-f57f6ed6b8e9,Ipswich Town FC,Crystal Palace FC,40,78,38,76,1.0,1.0,3.0,0.6,1.0,2.4,1.18292,1.12082,1.0,0.2,0.8,2.6,1.3675,2.04196,5.0,0.5,1.0,2.5,0.98536,1.9058800000000002,6.0,0.6,0.9,2.2,1.6875900000000001,1.7954899999999998,0.8,2.2,0.85206,1.8177600000000003,0.6,2.6,1.472,1.7400600000000002,201.97916666666666,203.83333333333334,0,0,12.0,18.0,1.5,0.0,3.0,0.0,0.702070207020702,1.7551755175517552,0.6318631863186318,1.5445544554455446,2.0,0.0,0.0,1.0,,,,,0.0,
98b0a3eb-316d-40b1-b68d-e86c1998575d,a054cf38-6457-480b-8a2b-0300057870d2,2026,31,31,2027-04-10T14:00:00+00:00,076f94c9-341e-4294-a86a-076741505170,67d3236c-6589-4978-b178-f6dcf50166d4,Sunderland AFC,Ipswich Town FC,40,40,38,38,1.0,1.0,10.0,2.0,1.4,0.8,1.47598,1.14264,3.0,0.6,1.0,2.4,1.18292,1.12082,17.0,1.7,1.4,1.5,1.49207,1.5401900000000002,5.0,0.5,1.0,2.5,0.98536,1.9058800000000002,0.8,1.2,1.4617600000000002,1.073,1.2,2.8,1.11866,1.9940000000000002,223.04166666666666,222.9375,0,0,11.0,12.0,1.5,1.5,3.0,3.0,0.9828982898289828,1.053105310531053,0.702070207020702,1.7551755175517552,1.0,0.0,0.0,3.0,,,,,0.0,
da5945ce-cef3-42a3-a7b0-358f49c11cf4,1579ba5c-ca73-48dc-91e8-262c45d51394,2026,31,31,2027-04-10T14:00:00+00:00,fe8b4d06-9254-4fc8-a08f-90f242e51751,5421e81a-b7dd-48b1-9982-42644e8dcf9f,Leeds United FC,Nottingham Forest FC,40,78,38,76,1.0,1.0,8.0,1.6,0.8,1.0,1.2767,1.69218,3.0,0.6,1.2,1.6,1.4747400000000002,1.8178,19.0,1.9,1.4,0.9,1.66215,1.30455,16.0,1.6,2.2,1.1,1.50631,1.54579,1.6,0.4,1.6337199999999998,0.9775600000000001,3.0,1.2,1.71812,2.0079599999999997,223.04166666666666,224.10416666666666,0,0,8.0,14.0,2.0,0.5,4.0,1.0,0.9828982898289828,0.6318631863186318,1.5445544554455446,0.7722772277227723,3.0,0.6666666666666666,0.0,3.0,,,,,0.0,
1d2f9035-4c33-4694-b912-ba012d3b29a3,5fa13dc1-8a8b-4b7f-93c4-36ffa3f34baf,2026,31,31,2027-04-10T14:00:00+00:00,48fc005c-cbfc-4e4d-b7f1-459dce6cf940,f7968242-f357-4da3-84bc-b49a6f3af9fe,Manchester United FC,Hull City AFC,78,2,76,0,1.0,0.0,10.0,2.0,2.2,1.2,2.05574,1.3261,6.0,3.0,1.5,0.0,1.4231500000000001,1.5643500000000001,20.0,2.0,2.0,1.3,1.82306,1.49613,6.0,3.0,1.5,0.0,1.4231500000000001,1.5643500000000001,2.8,1.8,2.2811,1.69546,1.0,0.0,1.35,1.35,222.9375,224.0,0,0,10.0,3.0,1.5,3.0,3.0,6.0,1.404140414041404,0.9126912691269127,1.053105310531053,0.0,1.0,0.0,0.0,2.0,,,,,0.0,
859dd92c-bfc7-4250-baa2-d29c475b0d9e,87a0fd17-6339-458d-badf-7b5290da66b3,2026,31,31,2027-04-10T14:00:00+00:00,1cb320b2-b42f-4131-8f5f-ef42e7f82540,b552a1a6-4302-43ca-884c-0f91ac4f984b,Chelsea FC,Fulham FC,78,78,76,76,1.0,1.0,10.0,2.0,2.2,1.8,1.3089,1.57474,4.0,0.8,1.0,1.2,1.44466,1.3342800000000001,10.0,1.0,1.2,2.2,1.28673,1.6991399999999999,11.0,1.1,0.9,1.2,1.4856,1.79445,1.4,2.2,1.4232200000000002,1.7313800000000001,0.2,1.4,1.14834,2.25772,223.04166666666666,223.04166666666666,0,0,4.0,16.0,3.0,0.0,6.0,0.0,0.8424842484248424,1.5445544554455446,0.6318631863186318,0.8424842484248424,5.0,0.6,0.0,3.2,,,,,0.0,
cb9d89d7-4a0d-431b-b16e-669a02b3dfaf,13a57e38-941c-4d85-85f0-a2fabc8aa448,2026,31,31,2027-04-10T14:00:00+00:00,54ed0f97-ad19-421c-a5c2-9b9d3fcbc72d,c4045d6d-a715-4821-a800-cd9b505ad54b,Liverpool FC,Newcastle United FC,78,78,76,76,1.0,1.0,4.0,0.8,1.6,2.0,1.9297799999999998,1.50558,8.0,1.6,1.6,1.2,1.39426,1.7264399999999998,13.0,1.3,1.8,1.7,1.6482800000000002,1.86113,11.0,1.1,1.4,1.4,1.51213,2.0315000000000003,1.8,1.0,1.6865999999999999,1.4054600000000002,0.8,1.2,1.07698,1.66432,224.10416666666666,223.89583333333334,0,0,13.0,6.0,1.0,2.0,2.0,4.0,1.2637263726372636,1.1935193519351934,0.9828982898289828,0.9828982898289828,5.0,0.6,0.4,4.4,,,,,0.0,
683bddc1-1ebe-4ef9-bdf6-d07dec6c8b9e,7b5737ed-4306-4ba5-9882-33949d9288f0,2026,31,31,2027-04-10T14:00:00+00:00,d95bc61c-17e5-44b5-bdb9-ec10e55d1aea,ead1bc2e-8799-410a-a809-66a274bbab2c,Coventry City FC,Arsenal FC,2,78,0,76,0.0,1.0,0.0,0.0,0.0,2.0,0.95415,1.6021,15.0,3.0,1.6,0.2,1.95344,0.8856400000000001,0.0,0.0,0.0,2.0,0.95415,1.6021,24.0,2.4,1.6,0.5,2.1858899999999997,1.11822,0.0,1.0,1.35,1.35,1.2,0.6,1.8980799999999998,1.4419,224.0,221.79166666666666,0,0,17.0,2.0,0.0,3.0,0.0,6.0,0.0,1.404140414041404,1.1233123312331232,0.351035103510351,1.0,0.0,0.0,3.0,,,,,0.0,
afea0265-e0cf-410e-9bc6-14ee1c0739f6,fb5a66f5-6b83-4820-a367-529609f6f7ea,2026,31,31,2027-04-10T14:00:00+00:00,6601a105-9986-4276-89bf-143cdf03198a,33d2f100-682f-4a5e-9aa3-5cc57e1e8571,AFC Bournemouth,Manchester City FC,78,78,76,76,1.0,1.0,6.0,1.2,1.0,1.0,1.22144,1.6790800000000001,10.0,2.0,2.2,1.0,1.68626,1.3282,17.0,1.7,1.6,1.1,1.6844899999999998,1.68106,23.0,2.3,2.3,0.9,2.26553,1.3481100000000001,1.8,1.2,1.8082799999999999,1.25184,2.4,1.0,1.97072,1.38908,224.0,224.79166666666666,0,0,15.0,1.0,0.5,3.0,1.0,6.0,1.1233123312331232,0.7722772277227723,1.6147614761476146,0.6318631863186318,5.0,0.2,0.2,3.2,,,,,0.0,
ace6359b-74ac-4293-bd18-079b4a15fe34,5805cf5e-58a9-45f0-86a0-401f033839a7,2026,31,31,2027-04-10T14:00:00+00:00,74bd08fa-27db-4bb0-8490-f57f6ed6b8e9,60cb8be0-9c1e-4019-8b60-fd9ac2aa9f2d,Crystal Palace FC,Everton FC,78,78,76,76,1.0,1.0,1.0,0.2,0.8,2.6,1.3675,2.04196,5.0,1.0,1.2,1.4,1.29878,1.91182,6.0,0.6,0.9,2.2,1.6875900000000001,1.7954899999999998,10.0,1.0,1.6,1.6,1.37879,1.78095,1.2,1.8,1.90318,1.85092,1.2,1.6,1.28118,2.02858,224.79166666666666,224.0,0,0,18.0,7.0,0.0,2.0,0.0,4.0,0.6318631863186318,1.5445544554455446,1.1233123312331232,1.1233123312331232,5.0,0.0,0.2,3.0,,,,,0.0,
3b909148-b7fb-468e-8fd5-475fbd21d791,ef0f5ca0-0e60-49b0-a363-fc28f656de2b,2026,31,31,2027-04-10T14:00:00+00:00,c23d6b7a-dfaf-44a3-b016-1feb2dddec44,66a313d1-2e21-49ad-a1c7-6f04cae6be69,Tottenham Hotspur FC,Brentford FC,78,78,76,76,1.0,1.0,4.0,0.8,0.6,1.6,1.4309999999999998,1.7245000000000001,6.0,1.2,1.4,1.4,1.8135999999999999,2.25948,11.0,1.1,0.8,1.5,1.35367,1.44519,12.0,1.2,1.3,1.1,1.7546199999999998,1.66781,0.8,1.6,1.48516,1.23394,0.6,1.4,1.01736,2.19684,223.89583333333334,223.04166666666666,0,0,19.0,5.0,0.0,2.0,0.0,4.0,0.5616561656165616,1.053105310531053,0.9126912691269127,0.7722772277227723,5.0,0.6,0.2,2.2,,,,,0.0,
4545ded1-25af-4e04-aa91-2181b9d7cfd0,50df97fc-4aaa-4222-8c60-008eac2c85a8,2026,31,31,2027-04-10T14:00:00+00:00,f8f456e7-3e20-4803-ba4e-b1762a31812c,db14882b-951f-4db5-860b-4ca2b8583311,Aston Villa FC,Brighton & Hove Albion FC,78,78,76,76,1.0,1.0,7.0,1.4,1.6,2.0,1.669,1.99936,6.0,1.2,2.0,1.6,2.1024800000000003,1.04346,14.0,1.4,1.6,1.7,1.76112,1.55305,16.0,1.6,2.0,1.4,2.054,1.19738,2.2,1.6,2.1744399999999997,1.2685600000000001,1.6,2.0,1.53252,1.5199200000000002,221.79166666666666,223.04166666666666,0,0,20.0,9.0,0.0,1.5,0.0,3.0,1.1233123312331232,1.1935193519351934,1.404140414041404,0.9828982898289828,5.0,0.6,0.2,3.8,,,,,0.0,
a41ef757-d35d-4f48-a0d0-3e349772985a,145b7f42-4ab9-4959-9beb-73ca2cd6c1ef,2026,32,32,2027-04-17T14:00:00+00:00,db14882b-951f-4db5-860b-4ca2b8583311,1cb320b2-b42f-4131-8f5f-ef42e7f82540,Brighton & Hove Albion FC,Chelsea FC,78,78,76,76,1.0,1.0,6.0,1.2,2.0,1.6,2.1024800000000003,1.04346,10.0,2.0,2.2,1.8,1.3089,1.57474,16.0,1.6,2.0,1.4,2.054,1.19738,10.0,1.0,1.2,2.2,1.28673,1.6991399999999999,2.4,0.8,2.5754799999999998,0.8748400000000001,1.0,2.2,1.15024,1.6669,230.04166666666666,230.04166666666666,0,0,9.0,4.0,1.5,3.0,3.0,6.0,1.404140414041404,0.9828982898289828,0.8424842484248424,1.5445544554455446,5.0,0.6,0.0,4.6,,,,,0.0,
0ce29566-9287-4107-8beb-8106b5d1616e,92be672d-4030-441b-8223-9ab5b444d1d9,2026,32,32,2027-04-17T14:00:00+00:00,b552a1a6-4302-43ca-884c-0f91ac4f984b,076f94c9-341e-4294-a86a-076741505170,Fulham FC,Sunderland AFC,78,40,76,38,1.0,1.0,4.0,0.8,1.0,1.2,1.44466,1.3342800000000001,10.0,2.0,1.4,0.8,1.47598,1.14264,11.0,1.1,0.9,1.2,1.4856,1.79445,17.0,1.7,1.4,1.5,1.49207,1.5401900000000002,1.6,1.0,1.82286,1.33118,2.0,1.8,1.52238,2.00738,230.04166666666666,230.04166666666666,0,0,16.0,11.0,0.0,1.5,0.0,3.0,0.6318631863186318,0.8424842484248424,0.9828982898289828,1.053105310531053,3.0,0.6666666666666666,0.0,2.0,,,,,0.0,
31125aad-290b-4457-ad0d-b7e1c59b082f,94977c5a-ff93-4951-bc46-c85fcbabd742,2026,32,32,2027-04-17T14:00:00+00:00,66a313d1-2e21-49ad-a1c7-6f04cae6be69,fe8b4d06-9254-4fc8-a08f-90f242e51751,Brentford FC,Leeds United FC,78,40,76,38,1.0,1.0,6.0,1.2,1.4,1.4,1.8135999999999999,2.25948,8.0,1.6,0.8,1.0,1.2767,1.69218,12.0,1.2,1.3,1.1,1.7546199999999998,1.66781,19.0,1.9,1.4,0.9,1.66215,1.30455,2.0,0.8,2.49188,1.1387800000000001,1.2,1.4,1.69058,1.63154,230.04166666666666,230.04166666666666,0,0,5.0,8.0,2.0,2.0,4.0,4.0,0.9126912691269127,0.7722772277227723,0.9828982898289828,0.6318631863186318,3.0,0.0,1.0,1.3333333333333333,,,,,0.0,
2e3c4f20-4881-47cf-9d47-75d11e5038c7,cfdabd37-abeb-457e-b151-566f0ad9e9cb,2026,32,32,2027-04-17T14:00:00+00:00,5421e81a-b7dd-48b1-9982-42644e8dcf9f,54ed0f97-ad19-421c-a5c2-9b9d3fcbc72d,Nottingham Forest FC,Liverpool FC,78,78,76,76,1.0,1.0,3.0,0.6,1.2,1.6,1.4747400000000002,1.8178,4.0,0.8,1.6,2.0,1.9297799999999998,1.50558,16.0,1.6,2.2,1.1,1.50631,1.54579,13.0,1.3,1.8,1.7,1.6482800000000002,1.86113,1.4,1.0,1.2945,1.08362,1.8,2.4,1.6099599999999998,2.3167999999999997,231.10416666666666,231.10416666666666,0,0,14.0,13.0,0.5,1.0,1.0,2.0,1.5445544554455446,0.7722772277227723,1.2637263726372636,1.1935193519351934,5.0,0.4,0.4,2.2,,,,,0.0,
3cf957c5-6c3f-4ea4-9e51-9843c7853eb2,0cc1deaf-11a5-4a05-af58-07224fdda6e7,2026,32,32,2027-04-17T14:00:00+00:00,ead1bc2e-8799-410a-a809-66a274bbab2c,f8f456e7-3e20-4803-ba4e-b1762a31812c,Arsenal FC,Aston Villa FC,78,78,76,76,1.0,1.0,15.0,3.0,1.6,0.2,1.95344,0.8856400000000001,7.0,1.4,1.6,2.0,1.669,1.99936,24.0,2.4,1.6,0.5,2.1858899999999997,1.11822,14.0,1.4,1.6,1.7,1.76112,1.55305,1.8,0.4,2.19494,0.74268,1.0,1.8,1.3477999999999999,1.83754,228.79166666666666,228.79166666666666,0,0,2.0,20.0,3.0,0.0,6.0,0.0,1.1233123312331232,0.351035103510351,1.1233123312331232,1.1935193519351934,5.0,0.6,0.2,3.0,,,,,0.0,
a1cc4f05-0891-45cb-bcf2-108fb5e1db95,11802096-212f-40e3-900e-53e4bafc54c8,2026,32,32,2027-04-17T14:00:00+00:00,67d3236c-6589-4978-b178-f6dcf50166d4,48fc005c-cbfc-4e4d-b7f1-459dce6cf940,Ipswich Town FC,Manchester United FC,40,78,38,76,1.0,1.0,3.0,0.6,1.0,2.4,1.18292,1.12082,10.0,2.0,2.2,1.2,2.05574,1.3261,5.0,0.5,1.0,2.5,0.98536,1.9058800000000002,20.0,2.0,2.0,1.3,1.82306,1.49613,0.8,2.2,0.85206,1.8177600000000003,1.2,0.8,1.36502,1.2968,229.9375,229.9375,0,0,12.0,10.0,1.5,1.5,3.0,3.0,0.702070207020702,1.7551755175517552,1.404140414041404,0.9126912691269127,3.0,0.0,0.3333333333333333,4.666666666666667,,,,,0.0,
ab932f98-0703-4624-9592-000149d6fb26,29198d49-cb15-41e0-975f-78e342c7fae5,2026,32,32,2027-04-17T14:00:00+00:00,33d2f100-682f-4a5e-9aa3-5cc57e1e8571,74bd08fa-27db-4bb0-8490-f57f6ed6b8e9,Manchester City FC,Crystal Palace FC,78,78,76,76,1.0,1.0,10.0,2.0,2.2,1.0,1.68626,1.3282,1.0,0.2,0.8,2.6,1.3675,2.04196,23.0,2.3,2.3,0.9,2.26553,1.3481100000000001,6.0,0.6,0.9,2.2,1.6875900000000001,1.7954899999999998,2.2,0.8,2.56034,1.30714,0.6,2.6,1.472,1.7400600000000002,231.79166666666666,231.79166666666666,0,0,1.0,18.0,3.0,0.0,6.0,0.0,1.6147614761476146,0.6318631863186318,0.6318631863186318,1.5445544554455446,5.0,0.8,0.2,4.4,,,,,0.0,
fd515157-d37a-458a-bfbd-71eaca98b6bd,325da44d-4757-45ee-bbba-75fd65cab1a1,2026,32,32,2027-04-17T14:00:00+00:00,c4045d6d-a715-4821-a800-cd9b505ad54b,c23d6b7a-dfaf-44a3-b016-1feb2dddec44,Newcastle United FC,Tottenham Hotspur FC,78,78,76,76,1.0,1.0,8.0,1.6,1.6,1.2,1.39426,1.7264399999999998,4.0,0.8,0.6,1.6,1.4309999999999998,1.7245000000000001,11.0,1.1,1.4,1.4,1.51213,2.0315000000000003,11.0,1.1,0.8,1.5,1.35367,1.44519,2.0,1.6,1.94728,2.3986799999999997,0.8,1.4,1.22218,1.65644,230.89583333333334,230.89583333333334,0,0,6.0,19.0,2.0,0.0,4.0,0.0,0.9828982898289828,0.9828982898289828,0.5616561656165616,1.053105310531053,5.0,0.8,0.2,3.0,,,,,0.0,
e353fd92-d6f4-4a3b-9e7c-9ffac1643059,459a990c-e703-43ff-80fa-490f0769641c,2026,32,32,2027-04-17T14:00:00+00:00,60cb8be0-9c1e-4019-8b60-fd9ac2aa9f2d,6601a105-9986-4276-89bf-143cdf03198a,Everton FC,AFC Bournemouth,78,78,76,76,1.0,1.0,5.0,1.0,1.2,1.4,1.29878,1.91182,6.0,1.2,1.0,1.0,1.22144,1.6790800000000001,10.0,1.0,1.6,1.6,1.37879,1.78095,17.0,1.7,1.6,1.1,1.6844899999999998,1.68106,2.0,1.6,1.4764,1.53332,1.4,1.0,1.5607,2.1102800000000004,231.0,231.0,0,0,7.0,15.0,2.0,0.5,4.0,1.0,1.1233123312331232,1.1233123312331232,1.1233123312331232,0.7722772277227723,5.0,0.2,0.2,2.4,,,,,0.0,
5dc3a145-8818-4235-bdc7-d05abfffb1da,03d8d19a-74bd-4ac5-8f38-164087aca54a,2026,32,32,2027-04-17T14:00:00+00:00,f7968242-f357-4da3-84bc-b49a6f3af9fe,d95bc61c-17e5-44b5-bdb9-ec10e55d1aea,Hull City AFC,Coventry City FC,2,2,0,0,0.0,0.0,6.0,3.0,1.5,0.0,1.4231500000000001,1.5643500000000001,0.0,0.0,0.0,2.0,0.95415,1.6021,6.0,3.0,1.5,0.0,1.4231500000000001,1.5643500000000001,0.0,0.0,0.0,2.0,0.95415,1.6021,2.0,0.0,1.4963,1.7787,0.0,3.0,0.5583,1.8542,231.0,231.0,0,0,3.0,17.0,3.0,0.0,6.0,0.0,1.053105310531053,0.0,0.0,1.404140414041404,1.0,1.0,0.0,1.0,,,,,0.0,
fe29a9a5-7715-49cf-8227-a461ac994d72,91b8b2af-5928-421a-b2d3-5c940d368ba8,2026,33,33,2027-04-24T14:00:00+00:00,1cb320b2-b42f-4131-8f5f-ef42e7f82540,33d2f100-682f-4a5e-9aa3-5cc57e1e8571,Chelsea FC,Manchester City FC,78,78,76,76,1.0,1.0,10.0,2.0,2.2,1.8,1.3089,1.57474,10.0,2.0,2.2,1.0,1.68626,1.3282,10.0,1.0,1.2,2.2,1.28673,1.6991399999999999,23.0,2.3,2.3,0.9,2.26553,1.3481100000000001,1.4,2.2,1.4232200000000002,1.7313800000000001,2.4,1.0,1.97072,1.38908,237.04166666666666,238.79166666666666,0,0,4.0,1.0,3.0,3.0,6.0,6.0,0.8424842484248424,1.5445544554455446,1.6147614761476146,0.6318631863186318,4.0,0.0,0.25,2.75,,,,,0.0,
7180694e-2663-4b11-8aa2-e79fd42d8fa9,c1dcda44-cdc9-4c6d-acb1-d8cc8481390c,2026,33,33,2027-04-24T14:00:00+00:00,6601a105-9986-4276-89bf-143cdf03198a,ead1bc2e-8799-410a-a809-66a274bbab2c,AFC Bournemouth,Arsenal FC,78,78,76,76,1.0,1.0,6.0,1.2,1.0,1.0,1.22144,1.6790800000000001,15.0,3.0,1.6,0.2,1.95344,0.8856400000000001,17.0,1.7,1.6,1.1,1.6844899999999998,1.68106,24.0,2.4,1.6,0.5,2.1858899999999997,1.11822,1.8,1.2,1.8082799999999999,1.25184,1.2,0.6,1.8980799999999998,1.4419,238.0,235.79166666666666,0,0,15.0,2.0,0.5,3.0,1.0,6.0,1.1233123312331232,0.7722772277227723,1.1233123312331232,0.351035103510351,4.0,0.75,0.0,3.25,,,,,0.0,
224c1d50-76b1-4a24-9032-b51b9199f544,194c3866-0cc7-45f0-8b47-1d82f6bf1821,2026,33,33,2027-04-24T14:00:00+00:00,c23d6b7a-dfaf-44a3-b016-1feb2dddec44,f7968242-f357-4da3-84bc-b49a6f3af9fe,Tottenham Hotspur FC,Hull City AFC,78,2,76,0,1.0,0.0,4.0,0.8,0.6,1.6,1.4309999999999998,1.7245000000000001,6.0,3.0,1.5,0.0,1.4231500000000001,1.5643500000000001,11.0,1.1,0.8,1.5,1.35367,1.44519,6.0,3.0,1.5,0.0,1.4231500000000001,1.5643500000000001,0.8,1.6,1.48516,1.23394,1.0,0.0,1.35,1.35,237.89583333333334,238.0,0,0,19.0,3.0,0.0,3.0,0.0,6.0,0.5616561656165616,1.053105310531053,1.053105310531053,0.0,0.0,0.0,0.0,0.0,,,,,0.0,
971ecbcb-cc03-4a4f-a297-b706dbd3f18c,b2e1e935-9f2b-43d0-8ba7-c240c6f01dcb,2026,33,33,2027-04-24T14:00:00+00:00,48fc005c-cbfc-4e4d-b7f1-459dce6cf940,74bd08fa-27db-4bb0-8490-f57f6ed6b8e9,Manchester United FC,Crystal Palace FC,78,78,76,76,1.0,1.0,10.0,2.0,2.2,1.2,2.05574,1.3261,1.0,0.2,0.8,2.6,1.3675,2.04196,20.0,2.0,2.0,1.3,1.82306,1.49613,6.0,0.6,0.9,2.2,1.6875900000000001,1.7954899999999998,2.8,1.8,2.2811,1.69546,0.6,2.6,1.472,1.7400600000000002,236.9375,238.79166666666666,0,0,10.0,18.0,1.5,0.0,3.0,0.0,1.404140414041404,0.9126912691269127,0.6318631863186318,1.5445544554455446,4.0,0.5,0.25,2.0,,,,,0.0,
f07739bf-5920-40fe-8ac9-0d216d5592a1,4aa6067c-3a88-44ac-8450-1ef059e1a52d,2026,33,33,2027-04-24T14:00:00+00:00,60cb8be0-9c1e-4019-8b60-fd9ac2aa9f2d,db14882b-951f-4db5-860b-4ca2b8583311,Everton FC,Brighton & Hove Albion FC,78,78,76,76,1.0,1.0,5.0,1.0,1.2,1.4,1.29878,1.91182,6.0,1.2,2.0,1.6,2.1024800000000003,1.04346,10.0,1.0,1.6,1.6,1.37879,1.78095,16.0,1.6,2.0,1.4,2.054,1.19738,2.0,1.6,1.4764,1.53332,1.6,2.0,1.53252,1.5199200000000002,238.0,237.04166666666666,0,0,7.0,9.0,2.0,1.5,4.0,3.0,1.1233123312331232,1.1233123312331232,1.404140414041404,0.9828982898289828,4.0,0.5,0.25,2.0,,,,,0.0,
27d899d0-ffa6-4995-b73e-7407838a68ed,357c01dd-df25-4b48-954a-002cc2eeb905,2026,33,33,2027-04-24T14:00:00+00:00,5421e81a-b7dd-48b1-9982-42644e8dcf9f,076f94c9-341e-4294-a86a-076741505170,Nottingham Forest FC,Sunderland AFC,78,40,76,38,1.0,1.0,3.0,0.6,1.2,1.6,1.4747400000000002,1.8178,10.0,2.0,1.4,0.8,1.47598,1.14264,16.0,1.6,2.2,1.1,1.50631,1.54579,17.0,1.7,1.4,1.5,1.49207,1.5401900000000002,1.4,1.0,1.2945,1.08362,2.0,1.8,1.52238,2.00738,238.10416666666666,237.04166666666666,0,0,14.0,11.0,0.5,1.5,1.0,3.0,1.5445544554455446,0.7722772277227723,0.9828982898289828,1.053105310531053,2.0,0.5,0.0,3.0,,,,,0.0,
f5fa6426-d1f2-4d7f-bff1-1e635b4f874b,9276af54-957f-4b54-a3ab-9bfaff4972fc,2026,33,33,2027-04-24T14:00:00+00:00,c4045d6d-a715-4821-a800-cd9b505ad54b,67d3236c-6589-4978-b178-f6dcf50166d4,Newcastle United FC,Ipswich Town FC,78,40,76,38,1.0,1.0,8.0,1.6,1.6,1.2,1.39426,1.7264399999999998,3.0,0.6,1.0,2.4,1.18292,1.12082,11.0,1.1,1.4,1.4,1.51213,2.0315000000000003,5.0,0.5,1.0,2.5,0.98536,1.9058800000000002,2.0,1.6,1.94728,2.3986799999999997,1.2,2.8,1.11866,1.9940000000000002,237.89583333333334,236.9375,0,0,6.0,12.0,2.0,1.5,4.0,3.0,0.9828982898289828,0.9828982898289828,0.702070207020702,1.7551755175517552,2.0,1.0,0.0,3.5,,,,,0.0,
3513e0a0-e0a2-4c90-bbff-3eb385896fcd,050d3e02-ca27-4e56-b489-ae3bea9b50c4,2026,33,33,2027-04-24T14:00:00+00:00,f8f456e7-3e20-4803-ba4e-b1762a31812c,d95bc61c-17e5-44b5-bdb9-ec10e55d1aea,Aston Villa FC,Coventry City FC,78,2,76,0,1.0,0.0,7.0,1.4,1.6,2.0,1.669,1.99936,0.0,0.0,0.0,2.0,0.95415,1.6021,14.0,1.4,1.6,1.7,1.76112,1.55305,0.0,0.0,0.0,2.0,0.95415,1.6021,2.2,1.6,2.1744399999999997,1.2685600000000001,0.0,3.0,0.5583,1.8542,235.79166666666666,238.0,0,0,20.0,17.0,0.0,0.0,0.0,0.0,1.1233123312331232,1.1935193519351934,0.0,1.404140414041404,0.0,0.0,0.0,0.0,,,,,0.0,
7ea3b9ef-ae34-487c-b529-a4610e43538f,5c93756d-4a21-4152-b9f4-0b6a658f6048,2026,33,33,2027-04-24T14:00:00+00:00,66a313d1-2e21-49ad-a1c7-6f04cae6be69,b552a1a6-4302-43ca-884c-0f91ac4f984b,Brentford FC,Fulham FC,78,78,76,76,1.0,1.0,6.0,1.2,1.4,1.4,1.8135999999999999,2.25948,4.0,0.8,1.0,1.2,1.44466,1.3342800000000001,12.0,1.2,1.3,1.1,1.7546199999999998,1.66781,11.0,1.1,0.9,1.2,1.4856,1.79445,2.0,0.8,2.49188,1.1387800000000001,0.2,1.4,1.14834,2.25772,237.04166666666666,237.04166666666666,0,0,5.0,16.0,2.0,0.0,4.0,0.0,0.9126912691269127,0.7722772277227723,0.6318631863186318,0.8424842484248424,4.0,0.0,0.25,3.0,,,,,0.0,
ef8c55c0-250f-43ef-84f9-696d3741b5fa,6cd0b545-4498-40ef-93c2-faffc78406d8,2026,33,33,2027-04-24T14:00:00+00:00,fe8b4d06-9254-4fc8-a08f-90f242e51751,54ed0f97-ad19-421c-a5c2-9b9d3fcbc72d,Leeds United FC,Liverpool FC,40,78,38,76,1.0,1.0,8.0,1.6,0.8,1.0,1.2767,1.69218,4.0,0.8,1.6,2.0,1.9297799999999998,1.50558,19.0,1.9,1.4,0.9,1.66215,1.30455,13.0,1.3,1.8,1.7,1.6482800000000002,1.86113,1.6,0.4,1.6337199999999998,0.9775600000000001,1.8,2.4,1.6099599999999998,2.3167999999999997,237.04166666666666,238.10416666666666,0,0,8.0,13.0,2.0,1.0,4.0,2.0,0.9828982898289828,0.6318631863186318,1.2637263726372636,1.1935193519351934,2.0,0.0,1.0,3.0,,,,,0.0,
80dbbf88-5cb2-4b28-8fbe-4c69bdb94e76,71aa13be-9f3f-46fc-8cff-ae8ebb9188c2,2026,34,34,2027-05-01T14:00:00+00:00,54ed0f97-ad19-421c-a5c2-9b9d3fcbc72d,1cb320b2-b42f-4131-8f5f-ef42e7f82540,Liverpool FC,Chelsea FC,78,78,76,76,1.0,1.0,4.0,0.8,1.6,2.0,1.9297799999999998,1.50558,10.0,2.0,2.2,1.8,1.3089,1.57474,13.0,1.3,1.8,1.7,1.6482800000000002,1.86113,10.0,1.0,1.2,2.2,1.28673,1.6991399999999999,1.8,1.0,1.6865999999999999,1.4054600000000002,1.0,2.2,1.15024,1.6669,245.10416666666666,244.04166666666666,0,0,13.0,4.0,1.0,3.0,2.0,6.0,1.2637263726372636,1.1935193519351934,0.8424842484248424,1.5445544554455446,4.0,0.25,0.25,3.0,,,,,0.0,
cbb07d2e-cd37-4827-b4c2-5e49fec136e1,e8df9026-0b58-4249-ae66-967e8b822480,2026,34,34,2027-05-01T14:00:00+00:00,076f94c9-341e-4294-a86a-076741505170,c4045d6d-a715-4821-a800-cd9b505ad54b,Sunderland AFC,Newcastle United FC,40,78,38,76,1.0,1.0,10.0,2.0,1.4,0.8,1.47598,1.14264,8.0,1.6,1.6,1.2,1.39426,1.7264399999999998,17.0,1.7,1.4,1.5,1.49207,1.5401900000000002,11.0,1.1,1.4,1.4,1.51213,2.0315000000000003,0.8,1.2,1.4617600000000002,1.073,0.8,1.2,1.07698,1.66432,244.04166666666666,244.89583333333334,0,0,11.0,6.0,1.5,2.0,3.0,4.0,0.9828982898289828,1.053105310531053,0.9828982898289828,0.9828982898289828,2.0,1.0,0.0,2.0,,,,,0.0,
6ea298d8-0961-4c65-87c3-4a71ee29e7f6,0100fd14-6190-470e-a207-10cb87159daa,2026,34,34,2027-05-01T14:00:00+00:00,db14882b-951f-4db5-860b-4ca2b8583311,5421e81a-b7dd-48b1-9982-42644e8dcf9f,Brighton & Hove Albion FC,Nottingham Forest FC,78,78,76,76,1.0,1.0,6.0,1.2,2.0,1.6,2.1024800000000003,1.04346,3.0,0.6,1.2,1.6,1.4747400000000002,1.8178,16.0,1.6,2.0,1.4,2.054,1.19738,16.0,1.6,2.2,1.1,1.50631,1.54579,2.4,0.8,2.5754799999999998,0.8748400000000001,3.0,1.2,1.71812,2.0079599999999997,244.04166666666666,245.10416666666666,0,0,9.0,14.0,1.5,0.5,3.0,1.0,1.404140414041404,0.9828982898289828,1.5445544554455446,0.7722772277227723,4.0,0.5,0.25,4.0,,,,,0.0,
456a2f47-0ed0-40bc-a1a2-79cb881c53f4,f0f7f9f1-0ce5-4144-9350-dc8f90718630,2026,34,34,2027-05-01T14:00:00+00:00,d95bc61c-17e5-44b5-bdb9-ec10e55d1aea,48fc005c-cbfc-4e4d-b7f1-459dce6cf940,Coventry City FC,Manchester United FC,2,78,0,76,0.0,1.0,0.0,0.0,0.0,2.0,0.95415,1.6021,10.0,2.0,2.2,1.2,2.05574,1.3261,0.0,0.0,0.0,2.0,0.95415,1.6021,20.0,2.0,2.0,1.3,1.82306,1.49613,0.0,1.0,1.35,1.35,1.2,0.8,1.36502,1.2968,245.0,243.9375,0,0,17.0,10.0,0.0,1.5,0.0,3.0,0.0,1.404140414041404,1.404140414041404,0.9126912691269127,0.0,0.0,0.0,0.0,,,,,0.0,
b3ed1f2a-67d1-478d-902b-2dfdcfc0b4ef,64f8f0f3-80e3-48ee-9c09-c1d852a87897,2026,34,34,2027-05-01T14:00:00+00:00,f7968242-f357-4da3-84bc-b49a6f3af9fe,6601a105-9986-4276-89bf-143cdf03198a,Hull City AFC,AFC Bournemouth,2,78,0,76,0.0,1.0,6.0,3.0,1.5,0.0,1.4231500000000001,1.5643500000000001,6.0,1.2,1.0,1.0,1.22144,1.6790800000000001,6.0,3.0,1.5,0.0,1.4231500000000001,1.5643500000000001,17.0,1.7,1.6,1.1,1.6844899999999998,1.68106,2.0,0.0,1.4963,1.7787,1.4,1.0,1.5607,2.1102800000000004,245.0,245.0,0,0,3.0,15.0,3.0,0.5,6.0,1.0,1.053105310531053,0.0,1.1233123312331232,0.7722772277227723,0.0,0.0,0.0,0.0,,,,,0.0,
fc156878-d801-46d7-8c31-d816d660e639,a296ab5d-0224-42f7-be43-b185a4b3a46a,2026,34,34,2027-05-01T14:00:00+00:00,33d2f100-682f-4a5e-9aa3-5cc57e1e8571,66a313d1-2e21-49ad-a1c7-6f04cae6be69,Manchester City FC,Brentford FC,78,78,76,76,1.0,1.0,10.0,2.0,2.2,1.0,1.68626,1.3282,6.0,1.2,1.4,1.4,1.8135999999999999,2.25948,23.0,2.3,2.3,0.9,2.26553,1.3481100000000001,12.0,1.2,1.3,1.1,1.7546199999999998,1.66781,2.2,0.8,2.56034,1.30714,0.6,1.4,1.01736,2.19684,245.79166666666666,244.04166666666666,0,0,1.0,5.0,3.0,2.0,6.0,4.0,1.6147614761476146,0.6318631863186318,0.9126912691269127,0.7722772277227723,4.0,0.75,0.25,2.75,,,,,0.0,
dd4205e6-f905-4559-92c1-cc30c20578a0,acaa317b-d8cb-4731-aec7-f8c8dbac4284,2026,34,34,2027-05-01T14:00:00+00:00,b552a1a6-4302-43ca-884c-0f91ac4f984b,60cb8be0-9c1e-4019-8b60-fd9ac2aa9f2d,Fulham FC,Everton FC,78,78,76,76,1.0,1.0,4.0,0.8,1.0,1.2,1.44466,1.3342800000000001,5.0,1.0,1.2,1.4,1.29878,1.91182,11.0,1.1,0.9,1.2,1.4856,1.79445,10.0,1.0,1.6,1.6,1.37879,1.78095,1.6,1.0,1.82286,1.33118,1.2,1.6,1.28118,2.02858,244.04166666666666,245.0,0,0,16.0,7.0,0.0,2.0,0.0,4.0,0.6318631863186318,0.8424842484248424,1.1233123312331232,1.1233123312331232,4.0,0.0,0.25,2.75,,,,,0.0,
b18762c4-194e-4d9e-8d4e-b3f3235c56d1,4a97cfdb-68db-4a58-bb7a-e66ed8b01f0c,2026,34,34,2027-05-01T14:00:00+00:00,ead1bc2e-8799-410a-a809-66a274bbab2c,c23d6b7a-dfaf-44a3-b016-1feb2dddec44,Arsenal FC,Tottenham Hotspur FC,78,78,76,76,1.0,1.0,15.0,3.0,1.6,0.2,1.95344,0.8856400000000001,4.0,0.8,0.6,1.6,1.4309999999999998,1.7245000000000001,24.0,2.4,1.6,0.5,2.1858899999999997,1.11822,11.0,1.1,0.8,1.5,1.35367,1.44519,1.8,0.4,2.19494,0.74268,0.8,1.4,1.22218,1.65644,242.79166666666666,244.89583333333334,0,0,2.0,19.0,3.0,0.0,6.0,0.0,1.1233123312331232,0.351035103510351,0.5616561656165616,1.053105310531053,4.0,1.0,0.0,3.5,,,,,0.0,
04588c71-28bf-4c2d-9765-374d1b899e0b,4855d3dc-2da8-4825-a59d-4ee35b2cbee3,2026,34,34,2027-05-01T14:00:00+00:00,74bd08fa-27db-4bb0-8490-f57f6ed6b8e9,f8f456e7-3e20-4803-ba4e-b1762a31812c,Crystal Palace FC,Aston Villa FC,78,78,76,76,1.0,1.0,1.0,0.2,0.8,2.6,1.3675,2.04196,7.0,1.4,1.6,2.0,1.669,1.99936,6.0,0.6,0.9,2.2,1.6875900000000001,1.7954899999999998,14.0,1.4,1.6,1.7,1.76112,1.55305,1.2,1.8,1.90318,1.85092,1.0,1.8,1.3477999999999999,1.83754,245.79166666666666,242.79166666666666,0,0,18.0,20.0,0.0,0.0,0.0,0.0,0.6318631863186318,1.5445544554455446,1.1233123312331232,1.1935193519351934,4.0,0.5,0.5,3.0,,,,,0.0,
ebc86eb4-53c0-4e48-8c95-aab13fe4f054,12713f5a-c1d1-434a-a905-a8ded54a6497,2026,34,34,2027-05-01T14:00:00+00:00,67d3236c-6589-4978-b178-f6dcf50166d4,fe8b4d06-9254-4fc8-a08f-90f242e51751,Ipswich Town FC,Leeds United FC,40,40,38,38,1.0,1.0,3.0,0.6,1.0,2.4,1.18292,1.12082,8.0,1.6,0.8,1.0,1.2767,1.69218,5.0,0.5,1.0,2.5,0.98536,1.9058800000000002,19.0,1.9,1.4,0.9,1.66215,1.30455,0.8,2.2,0.85206,1.8177600000000003,1.2,1.4,1.69058,1.63154,243.9375,244.04166666666666,0,0,12.0,8.0,1.5,2.0,3.0,4.0,0.702070207020702,1.7551755175517552,0.9828982898289828,0.6318631863186318,0.0,0.0,0.0,0.0,,,,,0.0,
99b480ec-db29-40c1-adae-0480b8d87224,a20c116f-0a3b-4bdb-8121-03c634aa4207,2026,35,35,2027-05-08T14:00:00+00:00,60cb8be0-9c1e-4019-8b60-fd9ac2aa9f2d,f7968242-f357-4da3-84bc-b49a6f3af9fe,Everton FC,Hull City AFC,78,2,76,0,1.0,0.0,5.0,1.0,1.2,1.4,1.29878,1.91182,6.0,3.0,1.5,0.0,1.4231500000000001,1.5643500000000001,10.0,1.0,1.6,1.6,1.37879,1.78095,6.0,3.0,1.5,0.0,1.4231500000000001,1.5643500000000001,2.0,1.6,1.4764,1.53332,1.0,0.0,1.35,1.35,252.0,252.0,0,0,7.0,3.0,2.0,3.0,4.0,6.0,1.1233123312331232,1.1233123312331232,1.053105310531053,0.0,0.0,0.0,0.0,0.0,,,,,0.0,
1ace9666-9f17-4abc-9f88-44b1d1438a62,cd574ff8-2178-457e-8ab6-a20a31531a1f,2026,35,35,2027-05-08T14:00:00+00:00,33d2f100-682f-4a5e-9aa3-5cc57e1e8571,54ed0f97-ad19-421c-a5c2-9b9d3fcbc72d,Manchester City FC,Liverpool FC,78,78,76,76,1.0,1.0,10.0,2.0,2.2,1.0,1.68626,1.3282,4.0,0.8,1.6,2.0,1.9297799999999998,1.50558,23.0,2.3,2.3,0.9,2.26553,1.3481100000000001,13.0,1.3,1.8,1.7,1.6482800000000002,1.86113,2.2,0.8,2.56034,1.30714,1.8,2.4,1.6099599999999998,2.3167999999999997,252.79166666666666,252.10416666666666,0,0,1.0,13.0,3.0,1.0,6.0,2.0,1.6147614761476146,0.6318631863186318,1.2637263726372636,1.1935193519351934,4.0,0.5,0.0,2.5,,,,,0.0,
6d08701e-4c54-408c-80fc-373e5d1d772f,f0e30cfa-e121-4593-b51d-e631c454da32,2026,35,35,2027-05-08T14:00:00+00:00,fe8b4d06-9254-4fc8-a08f-90f242e51751,ead1bc2e-8799-410a-a809-66a274bbab2c,Leeds United FC,Arsenal FC,40,78,38,76,1.0,1.0,8.0,1.6,0.8,1.0,1.2767,1.69218,15.0,3.0,1.6,0.2,1.95344,0.8856400000000001,19.0,1.9,1.4,0.9,1.66215,1.30455,24.0,2.4,1.6,0.5,2.1858899999999997,1.11822,1.6,0.4,1.6337199999999998,0.9775600000000001,1.2,0.6,1.8980799999999998,1.4419,251.04166666666666,249.79166666666666,0,0,8.0,2.0,2.0,3.0,4.0,6.0,0.9828982898289828,0.6318631863186318,1.1233123312331232,0.351035103510351,2.0,0.0,0.0,4.5,,,,,0.0,
1ed83ad5-7679-4563-9fec-b921c6876223,accd3eab-f230-4920-8064-a10490c39855,2026,35,35,2027-05-08T14:00:00+00:00,b552a1a6-4302-43ca-884c-0f91ac4f984b,67d3236c-6589-4978-b178-f6dcf50166d4,Fulham FC,Ipswich Town FC,78,40,76,38,1.0,1.0,4.0,0.8,1.0,1.2,1.44466,1.3342800000000001,3.0,0.6,1.0,2.4,1.18292,1.12082,11.0,1.1,0.9,1.2,1.4856,1.79445,5.0,0.5,1.0,2.5,0.98536,1.9058800000000002,1.6,1.0,1.82286,1.33118,1.2,2.8,1.11866,1.9940000000000002,251.04166666666666,250.9375,0,0,16.0,12.0,0.0,1.5,0.0,3.0,0.6318631863186318,0.8424842484248424,0.702070207020702,1.7551755175517552,2.0,0.0,1.0,3.0,,,,,0.0,
dfdb6453-1678-4697-9915-1f660257eb82,c722d186-1ad5-44e8-8000-e1bde697af4f,2026,35,35,2027-05-08T14:00:00+00:00,5421e81a-b7dd-48b1-9982-42644e8dcf9f,74bd08fa-27db-4bb0-8490-f57f6ed6b8e9,Nottingham Forest FC,Crystal Palace FC,78,78,76,76,1.0,1.0,3.0,0.6,1.2,1.6,1.4747400000000002,1.8178,1.0,0.2,0.8,2.6,1.3675,2.04196,16.0,1.6,2.2,1.1,1.50631,1.54579,6.0,0.6,0.9,2.2,1.6875900000000001,1.7954899999999998,1.4,1.0,1.2945,1.08362,0.6,2.6,1.472,1.7400600000000002,252.10416666666666,252.79166666666666,0,0,14.0,18.0,0.5,0.0,1.0,0.0,1.5445544554455446,0.7722772277227723,0.6318631863186318,1.5445544554455446,4.0,0.25,0.75,1.75,,,,,0.0,
2df5821c-fb75-42ec-b0fb-e330a8febea9,4eaca538-9e73-498d-8e7c-9e62d07ed8c2,2026,35,35,2027-05-08T14:00:00+00:00,66a313d1-2e21-49ad-a1c7-6f04cae6be69,f8f456e7-3e20-4803-ba4e-b1762a31812c,Brentford FC,Aston Villa FC,78,78,76,76,1.0,1.0,6.0,1.2,1.4,1.4,1.8135999999999999,2.25948,7.0,1.4,1.6,2.0,1.669,1.99936,12.0,1.2,1.3,1.1,1.7546199999999998,1.66781,14.0,1.4,1.6,1.7,1.76112,1.55305,2.0,0.8,2.49188,1.1387800000000001,1.0,1.8,1.3477999999999999,1.83754,251.04166666666666,249.79166666666666,0,0,5.0,20.0,2.0,0.0,4.0,0.0,0.9126912691269127,0.7722772277227723,1.1233123312331232,1.1935193519351934,4.0,0.5,0.0,1.75,,,,,0.0,
905667c1-045b-464c-af70-12b395cb8c95,37b43fb7-b77a-4306-9220-82ff4795d870,2026,35,35,2027-05-08T14:00:00+00:00,c4045d6d-a715-4821-a800-cd9b505ad54b,d95bc61c-17e5-44b5-bdb9-ec10e55d1aea,Newcastle United FC,Coventry City FC,78,2,76,0,1.0,0.0,8.0,1.6,1.6,1.2,1.39426,1.7264399999999998,0.0,0.0,0.0,2.0,0.95415,1.6021,11.0,1.1,1.4,1.4,1.51213,2.0315000000000003,0.0,0.0,0.0,2.0,0.95415,1.6021,2.0,1.6,1.94728,2.3986799999999997,0.0,3.0,0.5583,1.8542,251.89583333333334,252.0,0,0,6.0,17.0,2.0,0.0,4.0,0.0,0.9828982898289828,0.9828982898289828,0.0,1.404140414041404,0.0,0.0,0.0,0.0,,,,,0.0,
56292329-8f74-4e6a-b6a9-e537ee17c313,e2680dd3-cc1e-4056-9974-52b76ae29ab4,2026,35,35,2027-05-08T14:00:00+00:00,c23d6b7a-dfaf-44a3-b016-1feb2dddec44,1cb320b2-b42f-4131-8f5f-ef42e7f82540,Tottenham Hotspur FC,Chelsea FC,78,78,76,76,1.0,1.0,4.0,0.8,0.6,1.6,1.4309999999999998,1.7245000000000001,10.0,2.0,2.2,1.8,1.3089,1.57474,11.0,1.1,0.8,1.5,1.35367,1.44519,10.0,1.0,1.2,2.2,1.28673,1.6991399999999999,0.8,1.6,1.48516,1.23394,1.0,2.2,1.15024,1.6669,251.89583333333334,251.04166666666666,0,0,19.0,4.0,0.0,3.0,0.0,6.0,0.5616561656165616,1.053105310531053,0.8424842484248424,1.5445544554455446,4.0,0.0,0.0,3.0,,,,,0.0,
ed844683-9207-4505-8fdd-5daa74d9d914,d9ac81ee-67a4-4f73-a710-d1d6ca66a317,2026,35,35,2027-05-08T14:00:00+00:00,6601a105-9986-4276-89bf-143cdf03198a,48fc005c-cbfc-4e4d-b7f1-459dce6cf940,AFC Bournemouth,Manchester United FC,78,78,76,76,1.0,1.0,6.0,1.2,1.0,1.0,1.22144,1.6790800000000001,10.0,2.0,2.2,1.2,2.05574,1.3261,17.0,1.7,1.6,1.1,1.6844899999999998,1.68106,20.0,2.0,2.0,1.3,1.82306,1.49613,1.8,1.2,1.8082799999999999,1.25184,1.2,0.8,1.36502,1.2968,252.0,250.9375,0,0,15.0,10.0,0.5,1.5,1.0,3.0,1.1233123312331232,0.7722772277227723,1.404140414041404,0.9126912691269127,4.0,0.25,0.75,4.25,,,,,0.0,
2f7202bd-7141-49f9-aee6-f3a7daa328ea,9e685aaa-95ee-4383-b491-114758e65da8,2026,35,35,2027-05-08T14:00:00+00:00,db14882b-951f-4db5-860b-4ca2b8583311,076f94c9-341e-4294-a86a-076741505170,Brighton & Hove Albion FC,Sunderland AFC,78,40,76,38,1.0,1.0,6.0,1.2,2.0,1.6,2.1024800000000003,1.04346,10.0,2.0,1.4,0.8,1.47598,1.14264,16.0,1.6,2.0,1.4,2.054,1.19738,17.0,1.7,1.4,1.5,1.49207,1.5401900000000002,2.4,0.8,2.5754799999999998,0.8748400000000001,2.0,1.8,1.52238,2.00738,251.04166666666666,251.04166666666666,0,0,9.0,11.0,1.5,1.5,3.0,3.0,1.404140414041404,0.9828982898289828,0.9828982898289828,1.053105310531053,2.0,0.5,0.5,0.5,,,,,0.0,
19bc8da7-ca9b-4e5f-85d5-8723ce51327c,0556a3f2-acb6-4efb-a50b-2a1778febddf,2026,36,36,2027-05-15T14:00:00+00:00,f7968242-f357-4da3-84bc-b49a6f3af9fe,b552a1a6-4302-43ca-884c-0f91ac4f984b,Hull City AFC,Fulham FC,2,78,0,76,0.0,1.0,6.0,3.0,1.5,0.0,1.4231500000000001,1.5643500000000001,4.0,0.8,1.0,1.2,1.44466,1.3342800000000001,6.0,3.0,1.5,0.0,1.4231500000000001,1.5643500000000001,11.0,1.1,0.9,1.2,1.4856,1.79445,2.0,0.0,1.4963,1.7787,0.2,1.4,1.14834,2.25772,259.0,258.0416666666667,0,0,3.0,16.0,3.0,0.0,6.0,0.0,1.053105310531053,0.0,0.6318631863186318,0.8424842484248424,0.0,0.0,0.0,0.0,,,,,0.0,
c36c4048-7191-48bc-be8e-13a3495c3435,1a3e012b-6d7f-419f-a807-81e55239616a,2026,36,36,2027-05-15T14:00:00+00:00,74bd08fa-27db-4bb0-8490-f57f6ed6b8e9,db14882b-951f-4db5-860b-4ca2b8583311,Crystal Palace FC,Brighton & Hove Albion FC,78,78,76,76,1.0,1.0,1.0,0.2,0.8,2.6,1.3675,2.04196,6.0,1.2,2.0,1.6,2.1024800000000003,1.04346,6.0,0.6,0.9,2.2,1.6875900000000001,1.7954899999999998,16.0,1.6,2.0,1.4,2.054,1.19738,1.2,1.8,1.90318,1.85092,1.6,2.0,1.53252,1.5199200000000002,259.7916666666667,258.0416666666667,0,0,18.0,9.0,0.0,1.5,0.0,3.0,0.6318631863186318,1.5445544554455446,1.404140414041404,0.9828982898289828,4.0,0.75,0.25,2.0,,,,,0.0,
e1908a4d-65c3-4a0e-808f-ab35f30c0508,c33e103b-cd46-4d06-8798-db02a9f40a4f,2026,36,36,2027-05-15T14:00:00+00:00,f8f456e7-3e20-4803-ba4e-b1762a31812c,c4045d6d-a715-4821-a800-cd9b505ad54b,Aston Villa FC,Newcastle United FC,78,78,76,76,1.0,1.0,7.0,1.4,1.6,2.0,1.669,1.99936,8.0,1.6,1.6,1.2,1.39426,1.7264399999999998,14.0,1.4,1.6,1.7,1.76112,1.55305,11.0,1.1,1.4,1.4,1.51213,2.0315000000000003,2.2,1.6,2.1744399999999997,1.2685600000000001,0.8,1.2,1.07698,1.66432,256.7916666666667,258.8958333333333,0,0,20.0,6.0,0.0,2.0,0.0,4.0,1.1233123312331232,1.1935193519351934,0.9828982898289828,0.9828982898289828,4.0,0.5,0.25,2.5,,,,,0.0,
08045b5a-489e-4641-bad0-a16ca3839730,26cd940b-84f7-4d5b-9a45-8c5d98d343b0,2026,36,36,2027-05-15T14:00:00+00:00,1cb320b2-b42f-4131-8f5f-ef42e7f82540,60cb8be0-9c1e-4019-8b60-fd9ac2aa9f2d,Chelsea FC,Everton FC,78,78,76,76,1.0,1.0,10.0,2.0,2.2,1.8,1.3089,1.57474,5.0,1.0,1.2,1.4,1.29878,1.91182,10.0,1.0,1.2,2.2,1.28673,1.6991399999999999,10.0,1.0,1.6,1.6,1.37879,1.78095,1.4,2.2,1.4232200000000002,1.7313800000000001,1.2,1.6,1.28118,2.02858,258.0416666666667,259.0,0,0,4.0,7.0,3.0,2.0,6.0,4.0,0.8424842484248424,1.5445544554455446,1.1233123312331232,1.1233123312331232,4.0,0.5,0.25,1.5,,,,,0.0,
4a70a08c-9b86-401b-a8d6-1ec3ab498bac,c87e751f-5cb4-4649-8f7c-4f9503838588,2026,36,36,2027-05-15T14:00:00+00:00,d95bc61c-17e5-44b5-bdb9-ec10e55d1aea,c23d6b7a-dfaf-44a3-b016-1feb2dddec44,Coventry City FC,Tottenham Hotspur FC,2,78,0,76,0.0,1.0,0.0,0.0,0.0,2.0,0.95415,1.6021,4.0,0.8,0.6,1.6,1.4309999999999998,1.7245000000000001,0.0,0.0,0.0,2.0,0.95415,1.6021,11.0,1.1,0.8,1.5,1.35367,1.44519,0.0,1.0,1.35,1.35,0.8,1.4,1.22218,1.65644,259.0,258.8958333333333,0,0,17.0,19.0,0.0,0.0,0.0,0.0,0.0,1.404140414041404,0.5616561656165616,1.053105310531053,0.0,0.0,0.0,0.0,,,,,0.0,
b4a80570-90c5-4411-8ad9-233a6dfe294d,6e948e96-adc1-4fae-81f7-e6b3e7e873b1,2026,36,36,2027-05-15T14:00:00+00:00,076f94c9-341e-4294-a86a-076741505170,6601a105-9986-4276-89bf-143cdf03198a,Sunderland AFC,AFC Bournemouth,40,78,38,76,1.0,1.0,10.0,2.0,1.4,0.8,1.47598,1.14264,6.0,1.2,1.0,1.0,1.22144,1.6790800000000001,17.0,1.7,1.4,1.5,1.49207,1.5401900000000002,17.0,1.7,1.6,1.1,1.6844899999999998,1.68106,0.8,1.2,1.4617600000000002,1.073,1.4,1.0,1.5607,2.1102800000000004,258.0416666666667,259.0,0,0,11.0,15.0,1.5,0.5,3.0,1.0,0.9828982898289828,1.053105310531053,1.1233123312331232,0.7722772277227723,2.0,0.5,0.5,3.5,,,,,0.0,
7624e462-f3f3-4ad3-bcf4-0dd8847cd8d1,b0208a34-e7f2-45c1-b9e2-7fe0602399a5,2026,36,36,2027-05-15T14:00:00+00:00,54ed0f97-ad19-421c-a5c2-9b9d3fcbc72d,66a313d1-2e21-49ad-a1c7-6f04cae6be69,Liverpool FC,Brentford FC,78,78,76,76,1.0,1.0,4.0,0.8,1.6,2.0,1.9297799999999998,1.50558,6.0,1.2,1.4,1.4,1.8135999999999999,2.25948,13.0,1.3,1.8,1.7,1.6482800000000002,1.86113,12.0,1.2,1.3,1.1,1.7546199999999998,1.66781,1.8,1.0,1.6865999999999999,1.4054600000000002,0.6,1.4,1.01736,2.19684,259.1041666666667,258.0416666666667,0,0,13.0,5.0,1.0,2.0,2.0,4.0,1.2637263726372636,1.1935193519351934,0.9126912691269127,0.7722772277227723,4.0,0.5,0.25,2.75,,,,,0.0,
f0317469-19d8-4950-876a-9dea0b168436,5c9ff25a-8f4d-4088-a7bc-f9143f1d72d1,2026,36,36,2027-05-15T14:00:00+00:00,67d3236c-6589-4978-b178-f6dcf50166d4,33d2f100-682f-4a5e-9aa3-5cc57e1e8571,Ipswich Town FC,Manchester City FC,40,78,38,76,1.0,1.0,3.0,0.6,1.0,2.4,1.18292,1.12082,10.0,2.0,2.2,1.0,1.68626,1.3282,5.0,0.5,1.0,2.5,0.98536,1.9058800000000002,23.0,2.3,2.3,0.9,2.26553,1.3481100000000001,0.8,2.2,0.85206,1.8177600000000003,2.4,1.0,1.97072,1.38908,257.9375,259.7916666666667,0,0,12.0,1.0,1.5,3.0,3.0,6.0,0.702070207020702,1.7551755175517552,1.6147614761476146,0.6318631863186318,2.0,0.0,0.0,5.5,,,,,0.0,
5931f120-e684-4661-bb0a-5b38e3d1bf11,f7b839d1-2682-4019-bd29-b224a74635c3,2026,36,36,2027-05-15T14:00:00+00:00,ead1bc2e-8799-410a-a809-66a274bbab2c,5421e81a-b7dd-48b1-9982-42644e8dcf9f,Arsenal FC,Nottingham Forest FC,78,78,76,76,1.0,1.0,15.0,3.0,1.6,0.2,1.95344,0.8856400000000001,3.0,0.6,1.2,1.6,1.4747400000000002,1.8178,24.0,2.4,1.6,0.5,2.1858899999999997,1.11822,16.0,1.6,2.2,1.1,1.50631,1.54579,1.8,0.4,2.19494,0.74268,3.0,1.2,1.71812,2.0079599999999997,256.7916666666667,259.1041666666667,0,0,2.0,14.0,3.0,0.5,6.0,1.0,1.1233123312331232,0.351035103510351,1.5445544554455446,0.7722772277227723,4.0,0.5,0.5,1.5,,,,,0.0,
8ad6e752-11b0-4754-8735-dfcb847ec04c,5719ef57-f81c-4aec-8487-1e3aea529bb9,2026,36,36,2027-05-15T14:00:00+00:00,48fc005c-cbfc-4e4d-b7f1-459dce6cf940,fe8b4d06-9254-4fc8-a08f-90f242e51751,Manchester United FC,Leeds United FC,78,40,76,38,1.0,1.0,10.0,2.0,2.2,1.2,2.05574,1.3261,8.0,1.6,0.8,1.0,1.2767,1.69218,20.0,2.0,2.0,1.3,1.82306,1.49613,19.0,1.9,1.4,0.9,1.66215,1.30455,2.8,1.8,2.2811,1.69546,1.2,1.4,1.69058,1.63154,257.9375,258.0416666666667,0,0,10.0,8.0,1.5,2.0,3.0,4.0,1.404140414041404,0.9126912691269127,0.9828982898289828,0.6318631863186318,2.0,0.0,0.5,2.5,,,,,0.0,
79b7f66c-f21a-4bf4-8b1f-55d95ba0adb5,c9764351-8a1b-46d9-a3ad-49a2c99b52c2,2026,37,37,2027-05-23T14:00:00+00:00,66a313d1-2e21-49ad-a1c7-6f04cae6be69,f7968242-f357-4da3-84bc-b49a6f3af9fe,Brentford FC,Hull City AFC,78,2,76,0,1.0,0.0,6.0,1.2,1.4,1.4,1.8135999999999999,2.25948,6.0,3.0,1.5,0.0,1.4231500000000001,1.5643500000000001,12.0,1.2,1.3,1.1,1.7546199999999998,1.66781,6.0,3.0,1.5,0.0,1.4231500000000001,1.5643500000000001,2.0,0.8,2.49188,1.1387800000000001,1.0,0.0,1.35,1.35,266.0416666666667,267.0,0,0,5.0,3.0,2.0,3.0,4.0,6.0,0.9126912691269127,0.7722772277227723,1.053105310531053,0.0,0.0,0.0,0.0,0.0,,,,,0.0,
4dde31db-ca51-476d-b4df-89f26c5d9889,5e83536c-b876-429f-9fa4-a6bd1170821f,2026,37,37,2027-05-23T14:00:00+00:00,c4045d6d-a715-4821-a800-cd9b505ad54b,74bd08fa-27db-4bb0-8490-f57f6ed6b8e9,Newcastle United FC,Crystal Palace FC,78,78,76,76,1.0,1.0,8.0,1.6,1.6,1.2,1.39426,1.7264399999999998,1.0,0.2,0.8,2.6,1.3675,2.04196,11.0,1.1,1.4,1.4,1.51213,2.0315000000000003,6.0,0.6,0.9,2.2,1.6875900000000001,1.7954899999999998,2.0,1.6,1.94728,2.3986799999999997,0.6,2.6,1.472,1.7400600000000002,266.8958333333333,267.7916666666667,0,0,6.0,18.0,2.0,0.0,4.0,0.0,0.9828982898289828,0.9828982898289828,0.6318631863186318,1.5445544554455446,4.0,0.5,0.25,3.0,,,,,0.0,
e9bf852a-01e8-4825-aae1-66ee38871466,2fc784ac-19e8-498d-a5a7-be94ee5e953b,2026,37,37,2027-05-23T14:00:00+00:00,c23d6b7a-dfaf-44a3-b016-1feb2dddec44,48fc005c-cbfc-4e4d-b7f1-459dce6cf940,Tottenham Hotspur FC,Manchester United FC,78,78,76,76,1.0,1.0,4.0,0.8,0.6,1.6,1.4309999999999998,1.7245000000000001,10.0,2.0,2.2,1.2,2.05574,1.3261,11.0,1.1,0.8,1.5,1.35367,1.44519,20.0,2.0,2.0,1.3,1.82306,1.49613,0.8,1.6,1.48516,1.23394,1.2,0.8,1.36502,1.2968,266.8958333333333,265.9375,0,0,19.0,10.0,0.0,1.5,0.0,3.0,0.5616561656165616,1.053105310531053,1.404140414041404,0.9126912691269127,4.0,0.5,0.25,2.5,,,,,0.0,
92d963fd-a9f0-483e-8709-96a12795955e,2d84db59-05b6-4734-8b6c-722ffe9375c9,2026,37,37,2027-05-23T14:00:00+00:00,fe8b4d06-9254-4fc8-a08f-90f242e51751,076f94c9-341e-4294-a86a-076741505170,Leeds United FC,Sunderland AFC,40,40,38,38,1.0,1.0,8.0,1.6,0.8,1.0,1.2767,1.69218,10.0,2.0,1.4,0.8,1.47598,1.14264,19.0,1.9,1.4,0.9,1.66215,1.30455,17.0,1.7,1.4,1.5,1.49207,1.5401900000000002,1.6,0.4,1.6337199999999998,0.9775600000000001,2.0,1.8,1.52238,2.00738,266.0416666666667,266.0416666666667,0,0,8.0,11.0,2.0,1.5,4.0,3.0,0.9828982898289828,0.6318631863186318,0.9828982898289828,1.053105310531053,2.0,0.0,0.5,1.5,,,,,0.0,
62e590e3-c944-4900-a02d-120c02a5fbd5,4c71418f-33f4-499e-a882-3c7b696aaf48,2026,37,37,2027-05-23T14:00:00+00:00,db14882b-951f-4db5-860b-4ca2b8583311,54ed0f97-ad19-421c-a5c2-9b9d3fcbc72d,Brighton & Hove Albion FC,Liverpool FC,78,78,76,76,1.0,1.0,6.0,1.2,2.0,1.6,2.1024800000000003,1.04346,4.0,0.8,1.6,2.0,1.9297799999999998,1.50558,16.0,1.6,2.0,1.4,2.054,1.19738,13.0,1.3,1.8,1.7,1.6482800000000002,1.86113,2.4,0.8,2.5754799999999998,0.8748400000000001,1.8,2.4,1.6099599999999998,2.3167999999999997,266.0416666666667,267.1041666666667,0,0,9.0,13.0,1.5,1.0,3.0,2.0,1.404140414041404,0.9828982898289828,1.2637263726372636,1.1935193519351934,4.0,0.5,0.0,3.25,,,,,0.0,
a9dfd3aa-781e-471f-95dd-a1308769f4cd,464c85e8-3078-4579-a1c4-43f56d2c01d3,2026,37,37,2027-05-23T14:00:00+00:00,5421e81a-b7dd-48b1-9982-42644e8dcf9f,67d3236c-6589-4978-b178-f6dcf50166d4,Nottingham Forest FC,Ipswich Town FC,78,40,76,38,1.0,1.0,3.0,0.6,1.2,1.6,1.4747400000000002,1.8178,3.0,0.6,1.0,2.4,1.18292,1.12082,16.0,1.6,2.2,1.1,1.50631,1.54579,5.0,0.5,1.0,2.5,0.98536,1.9058800000000002,1.4,1.0,1.2945,1.08362,1.2,2.8,1.11866,1.9940000000000002,267.1041666666667,265.9375,0,0,14.0,12.0,0.5,1.5,1.0,3.0,1.5445544554455446,0.7722772277227723,0.702070207020702,1.7551755175517552,2.0,1.0,0.0,3.5,,,,,0.0,
9ae72ad2-c228-424f-a87b-660426618014,93350aa7-7f72-441a-a645-ed7f8930a992,2026,37,37,2027-05-23T14:00:00+00:00,6601a105-9986-4276-89bf-143cdf03198a,1cb320b2-b42f-4131-8f5f-ef42e7f82540,AFC Bournemouth,Chelsea FC,78,78,76,76,1.0,1.0,6.0,1.2,1.0,1.0,1.22144,1.6790800000000001,10.0,2.0,2.2,1.8,1.3089,1.57474,17.0,1.7,1.6,1.1,1.6844899999999998,1.68106,10.0,1.0,1.2,2.2,1.28673,1.6991399999999999,1.8,1.2,1.8082799999999999,1.25184,1.0,2.2,1.15024,1.6669,267.0,266.0416666666667,0,0,15.0,4.0,0.5,3.0,1.0,6.0,1.1233123312331232,0.7722772277227723,0.8424842484248424,1.5445544554455446,4.0,0.0,0.75,2.25,,,,,0.0,
ee3d39a2-2341-4c97-ab4c-1dd6500a2a26,752bd50a-8020-48bd-b96f-66910c43db48,2026,37,37,2027-05-23T14:00:00+00:00,b552a1a6-4302-43ca-884c-0f91ac4f984b,d95bc61c-17e5-44b5-bdb9-ec10e55d1aea,Fulham FC,Coventry City FC,78,2,76,0,1.0,0.0,4.0,0.8,1.0,1.2,1.44466,1.3342800000000001,0.0,0.0,0.0,2.0,0.95415,1.6021,11.0,1.1,0.9,1.2,1.4856,1.79445,0.0,0.0,0.0,2.0,0.95415,1.6021,1.6,1.0,1.82286,1.33118,0.0,3.0,0.5583,1.8542,266.0416666666667,267.0,0,0,16.0,17.0,0.0,0.0,0.0,0.0,0.6318631863186318,0.8424842484248424,0.0,1.404140414041404,0.0,0.0,0.0,0.0,,,,,0.0,
fcf9d6f3-aab2-43c2-b5f4-5c87f14b79d8,b55e7fe6-821b-426d-a425-6b3c417dbb71,2026,37,37,2027-05-23T14:00:00+00:00,60cb8be0-9c1e-4019-8b60-fd9ac2aa9f2d,ead1bc2e-8799-410a-a809-66a274bbab2c,Everton FC,Arsenal FC,78,78,76,76,1.0,1.0,5.0,1.0,1.2,1.4,1.29878,1.91182,15.0,3.0,1.6,0.2,1.95344,0.8856400000000001,10.0,1.0,1.6,1.6,1.37879,1.78095,24.0,2.4,1.6,0.5,2.1858899999999997,1.11822,2.0,1.6,1.4764,1.53332,1.2,0.6,1.8980799999999998,1.4419,267.0,264.7916666666667,0,0,7.0,2.0,2.0,3.0,4.0,6.0,1.1233123312331232,1.1233123312331232,1.1233123312331232,0.351035103510351,4.0,0.0,0.5,1.25,,,,,0.0,
9d7ebda3-4cb3-493d-920f-3c0616690568,a609fc7f-33ac-41a5-b2ee-32c89c2fef5c,2026,37,37,2027-05-23T14:00:00+00:00,33d2f100-682f-4a5e-9aa3-5cc57e1e8571,f8f456e7-3e20-4803-ba4e-b1762a31812c,Manchester City FC,Aston Villa FC,78,78,76,76,1.0,1.0,10.0,2.0,2.2,1.0,1.68626,1.3282,7.0,1.4,1.6,2.0,1.669,1.99936,23.0,2.3,2.3,0.9,2.26553,1.3481100000000001,14.0,1.4,1.6,1.7,1.76112,1.55305,2.2,0.8,2.56034,1.30714,1.0,1.8,1.3477999999999999,1.83754,267.7916666666667,264.7916666666667,0,0,1.0,20.0,3.0,0.0,6.0,0.0,1.6147614761476146,0.6318631863186318,1.1233123312331232,1.1935193519351934,4.0,0.25,0.0,2.5,,,,,0.0,
43874066-0cd1-41e6-87f2-0a2db8b64c44,07b37987-89ed-426f-9181-0dcfbde0ac92,2026,38,38,2027-05-30T15:00:00+00:00,67d3236c-6589-4978-b178-f6dcf50166d4,60cb8be0-9c1e-4019-8b60-fd9ac2aa9f2d,Ipswich Town FC,Everton FC,40,78,38,76,1.0,1.0,3.0,0.6,1.0,2.4,1.18292,1.12082,5.0,1.0,1.2,1.4,1.29878,1.91182,5.0,0.5,1.0,2.5,0.98536,1.9058800000000002,10.0,1.0,1.6,1.6,1.37879,1.78095,0.8,2.2,0.85206,1.8177600000000003,1.2,1.6,1.28118,2.02858,272.9791666666667,274.0416666666667,0,0,12.0,7.0,1.5,2.0,3.0,4.0,0.702070207020702,1.7551755175517552,1.1233123312331232,1.1233123312331232,2.0,0.0,0.5,3.0,,,,,0.0,
d19fb298-7a0f-4ab2-b3b8-18d523a136cd,4475535e-25d8-44b4-80e6-a29d9a74fb42,2026,38,38,2027-05-30T15:00:00+00:00,ead1bc2e-8799-410a-a809-66a274bbab2c,db14882b-951f-4db5-860b-4ca2b8583311,Arsenal FC,Brighton & Hove Albion FC,78,78,76,76,1.0,1.0,15.0,3.0,1.6,0.2,1.95344,0.8856400000000001,6.0,1.2,2.0,1.6,2.1024800000000003,1.04346,24.0,2.4,1.6,0.5,2.1858899999999997,1.11822,16.0,1.6,2.0,1.4,2.054,1.19738,1.8,0.4,2.19494,0.74268,1.6,2.0,1.53252,1.5199200000000002,271.8333333333333,273.0833333333333,0,0,2.0,9.0,3.0,1.5,6.0,3.0,1.1233123312331232,0.351035103510351,1.404140414041404,0.9828982898289828,4.0,0.5,0.5,2.0,,,,,0.0,
6cef0ff1-c097-4b32-aeab-221289879df7,380f297f-877e-497e-89e3-2bffe722c866,2026,38,38,2027-05-30T15:00:00+00:00,54ed0f97-ad19-421c-a5c2-9b9d3fcbc72d,6601a105-9986-4276-89bf-143cdf03198a,Liverpool FC,AFC Bournemouth,78,78,76,76,1.0,1.0,4.0,0.8,1.6,2.0,1.9297799999999998,1.50558,6.0,1.2,1.0,1.0,1.22144,1.6790800000000001,13.0,1.3,1.8,1.7,1.6482800000000002,1.86113,17.0,1.7,1.6,1.1,1.6844899999999998,1.68106,1.8,1.0,1.6865999999999999,1.4054600000000002,1.4,1.0,1.5607,2.1102800000000004,274.1458333333333,274.0416666666667,0,0,13.0,15.0,1.0,0.5,2.0,1.0,1.2637263726372636,1.1935193519351934,1.1233123312331232,0.7722772277227723,4.0,0.75,0.0,4.0,,,,,0.0,
82003b1e-af09-4a34-b096-0648a92d8590,22f6923d-85bf-4901-a142-7805e6f36400,2026,38,38,2027-05-30T15:00:00+00:00,d95bc61c-17e5-44b5-bdb9-ec10e55d1aea,5421e81a-b7dd-48b1-9982-42644e8dcf9f,Coventry City FC,Nottingham Forest FC,2,78,0,76,0.0,1.0,0.0,0.0,0.0,2.0,0.95415,1.6021,3.0,0.6,1.2,1.6,1.4747400000000002,1.8178,0.0,0.0,0.0,2.0,0.95415,1.6021,16.0,1.6,2.2,1.1,1.50631,1.54579,0.0,1.0,1.35,1.35,3.0,1.2,1.71812,2.0079599999999997,274.0416666666667,274.1458333333333,0,0,17.0,14.0,0.0,0.5,0.0,1.0,0.0,1.404140414041404,1.5445544554455446,0.7722772277227723,0.0,0.0,0.0,0.0,,,,,0.0,
77fc46a5-d944-4269-a4cd-803cceeb0df5,df9e659d-2b5b-4365-9a61-ad36d6a532e6,2026,38,38,2027-05-30T15:00:00+00:00,f8f456e7-3e20-4803-ba4e-b1762a31812c,c23d6b7a-dfaf-44a3-b016-1feb2dddec44,Aston Villa FC,Tottenham Hotspur FC,78,78,76,76,1.0,1.0,7.0,1.4,1.6,2.0,1.669,1.99936,4.0,0.8,0.6,1.6,1.4309999999999998,1.7245000000000001,14.0,1.4,1.6,1.7,1.76112,1.55305,11.0,1.1,0.8,1.5,1.35367,1.44519,2.2,1.6,2.1744399999999997,1.2685600000000001,0.8,1.4,1.22218,1.65644,271.8333333333333,273.9375,0,0,20.0,19.0,0.0,0.0,0.0,0.0,1.1233123312331232,1.1935193519351934,0.5616561656165616,1.053105310531053,4.0,0.5,0.0,3.25,,,,,0.0,
b032f512-cd9d-4972-8337-b4142f2533dc,321f3d19-2bb2-4f31-a1d3-a33c4ea7b9f8,2026,38,38,2027-05-30T15:00:00+00:00,f7968242-f357-4da3-84bc-b49a6f3af9fe,c4045d6d-a715-4821-a800-cd9b505ad54b,Hull City AFC,Newcastle United FC,2,78,0,76,0.0,1.0,6.0,3.0,1.5,0.0,1.4231500000000001,1.5643500000000001,8.0,1.6,1.6,1.2,1.39426,1.7264399999999998,6.0,3.0,1.5,0.0,1.4231500000000001,1.5643500000000001,11.0,1.1,1.4,1.4,1.51213,2.0315000000000003,2.0,0.0,1.4963,1.7787,0.8,1.2,1.07698,1.66432,274.0416666666667,273.9375,0,0,3.0,6.0,3.0,2.0,6.0,4.0,1.053105310531053,0.0,0.9828982898289828,0.9828982898289828,0.0,0.0,0.0,0.0,,,,,0.0,
d63c64e7-b24d-4f7c-b3df-9caee8de92c6,f0b66a85-f4f1-4c91-bfe4-32090faa839f,2026,38,38,2027-05-30T15:00:00+00:00,48fc005c-cbfc-4e4d-b7f1-459dce6cf940,b552a1a6-4302-43ca-884c-0f91ac4f984b,Manchester United FC,Fulham FC,78,78,76,76,1.0,1.0,10.0,2.0,2.2,1.2,2.05574,1.3261,4.0,0.8,1.0,1.2,1.44466,1.3342800000000001,20.0,2.0,2.0,1.3,1.82306,1.49613,11.0,1.1,0.9,1.2,1.4856,1.79445,2.8,1.8,2.2811,1.69546,0.2,1.4,1.14834,2.25772,272.9791666666667,273.0833333333333,0,0,10.0,16.0,1.5,0.0,3.0,0.0,1.404140414041404,0.9126912691269127,0.6318631863186318,0.8424842484248424,4.0,0.75,0.25,2.25,,,,,0.0,
d8bba570-880c-4bc8-a649-8d1aa92d9e52,24521be3-c2bb-453b-805c-9201cabe8b7b,2026,38,38,2027-05-30T15:00:00+00:00,076f94c9-341e-4294-a86a-076741505170,33d2f100-682f-4a5e-9aa3-5cc57e1e8571,Sunderland AFC,Manchester City FC,40,78,38,76,1.0,1.0,10.0,2.0,1.4,0.8,1.47598,1.14264,10.0,2.0,2.2,1.0,1.68626,1.3282,17.0,1.7,1.4,1.5,1.49207,1.5401900000000002,23.0,2.3,2.3,0.9,2.26553,1.3481100000000001,0.8,1.2,1.4617600000000002,1.073,2.4,1.0,1.97072,1.38908,273.0833333333333,274.8333333333333,0,0,11.0,1.0,1.5,3.0,3.0,6.0,0.9828982898289828,1.053105310531053,1.6147614761476146,0.6318631863186318,2.0,0.0,0.5,1.5,,,,,0.0,
85a06876-9e57-482c-a1cf-cc8e903fcf13,45f4f230-61d3-44fa-9135-dd6ebfbdf9dd,2026,38,38,2027-05-30T15:00:00+00:00,1cb320b2-b42f-4131-8f5f-ef42e7f82540,66a313d1-2e21-49ad-a1c7-6f04cae6be69,Chelsea FC,Brentford FC,78,78,76,76,1.0,1.0,10.0,2.0,2.2,1.8,1.3089,1.57474,6.0,1.2,1.4,1.4,1.8135999999999999,2.25948,10.0,1.0,1.2,2.2,1.28673,1.6991399999999999,12.0,1.2,1.3,1.1,1.7546199999999998,1.66781,1.4,2.2,1.4232200000000002,1.7313800000000001,0.6,1.4,1.01736,2.19684,273.0833333333333,273.0833333333333,0,0,4.0,5.0,3.0,2.0,6.0,4.0,0.8424842484248424,1.5445544554455446,0.9126912691269127,0.7722772277227723,4.0,0.5,0.5,2.25,,,,,0.0,
88667ebe-e7fd-4a31-bd35-f75afb4fef08,b7068058-b9bb-48dc-b138-bdc4d7f7c936,2026,38,38,2027-05-30T15:00:00+00:00,74bd08fa-27db-4bb0-8490-f57f6ed6b8e9,fe8b4d06-9254-4fc8-a08f-90f242e51751,Crystal Palace FC,Leeds United FC,78,40,76,38,1.0,1.0,1.0,0.2,0.8,2.6,1.3675,2.04196,8.0,1.6,0.8,1.0,1.2767,1.69218,6.0,0.6,0.9,2.2,1.6875900000000001,1.7954899999999998,19.0,1.9,1.4,0.9,1.66215,1.30455,1.2,1.8,1.90318,1.85092,1.2,1.4,1.69058,1.63154,274.8333333333333,273.0833333333333,0,0,18.0,8.0,0.0,2.0,0.0,4.0,0.6318631863186318,1.5445544554455446,0.9828982898289828,0.6318631863186318,2.0,0.0,0.5,2.5,,,,,0.0,
