match_id,raw_match_id,season_start_year,matchday,gameweek,kickoff_at,home_team_id,away_team_id,home_team,away_team,home_matches_played_before,away_matches_played_before,home_previous_season_matches,away_previous_season_matches,home_has_prior_pl_history,away_has_prior_pl_history,home_points_last_5,home_points_per_game_last_5,home_goals_for_avg_last_5,home_goals_against_avg_last_5,home_xg_for_avg_last_5,home_xg_against_avg_last_5,away_points_last_5,away_points_per_game_last_5,away_goals_for_avg_last_5,away_goals_against_avg_last_5,away_xg_for_avg_last_5,away_xg_against_avg_last_5,home_points_last_10,home_points_per_game_last_10,home_goals_for_avg_last_10,home_goals_against_avg_last_10,home_xg_for_avg_last_10,home_xg_against_avg_last_10,away_points_last_10,away_points_per_game_last_10,away_goals_for_avg_last_10,away_goals_against_avg_last_10,away_xg_for_avg_last_10,away_xg_against_avg_last_10,home_goals_for_avg_home_last_5,home_goals_against_avg_home_last_5,home_xg_for_avg_home_last_5,home_xg_against_avg_home_last_5,away_goals_for_avg_away_last_5,away_goals_against_avg_away_last_5,away_xg_for_avg_away_last_5,away_xg_against_avg_away_last_5,home_rest_days,away_rest_days,home_matches_last_14_days,away_matches_last_14_days,home_table_position,away_table_position,home_points_per_game,away_points_per_game,home_total_points_before,away_total_points_before,home_attack_strength,home_defence_strength,away_attack_strength,away_defence_strength,h2h_matches,h2h_home_team_win_rate,h2h_draw_rate,h2h_avg_total_goals,home_goals,away_goals,home_xg,away_xg,is_completed,outcome
38e81ac7-f296-4449-bfac-e1f3063f18c2,d2c17110-6b9a-40ea-b9ff-ae67e320d0a2,2024,1,1,2024-08-16T19:00:00+00:00,48fc005c-cbfc-4e4d-b7f1-459dce6cf940,b552a1a6-4302-43ca-884c-0f91ac4f984b,Manchester United FC,Fulham FC,0,0,0,0,0.0,0.0,0.0,0.0,0.0,0.0,0.0,0.0,0.0,0.0,0.0,0.0,0.0,0.0,0.0,0.0,0.0,0.0,0.0,0.0,0.0,0.0,0.0,0.0,0.0,0.0,0.0,0.0,0.0,0.0,0.0,0.0,0.0,0.0,7.0,7.0,0,0,0.0,0.0,0.0,0.0,0.0,0.0,1.0,1.0,1.0,1.0,0.0,0.0,0.0,0.0,1,0,2.0427,0.4187,1.0,H
82b3ec87-affd-4701-ba71-11cb50ebb306,46e118a1-cb11-49b3-82ff-1f3182f6b1f3,2024,1,1,2024-08-17T11:30:00+00:00,67d3236c-6589-4978-b178-f6dcf50166d4,54ed0f97-ad19-421c-a5c2-9b9d3fcbc72d,Ipswich Town FC,Liverpool FC,0,0,0,0,0.0,0.0,0.0,0.0,0.0,0.0,0.0,0.0,0.0,0.0,0.0,0.0,0.0,0.0,0.0,0.0,0.0,0.0,0.0,0.0,0.0,0.0,0.0,0.0,0.0,0.0,0.0,0.0,0.0,0.0,0.0,0.0,0.0,0.0,7.0,7.0,0,0,0.0,0.0,0.0,0.0,0.0,0.0,2.7,2.7,2.7,2.7,0.0,0.0,0.0,0.0,0,2,0.3426,3.9291,1.0,A
7d8c4daa-e001-4e41-ad9e-75335bf2943e,d36d2511-6944-4474-9fc3-950387d30fe0,2024,1,1,2024-08-17T14:00:00+00:00,c4045d6d-a715-4821-a800-cd9b505ad54b,f5c6f090-f823-4206-a821-17c11d35de43,Newcastle United FC,Southampton FC,0,0,0,0,0.0,0.0,0.0,0.0,0.0,0.0,0.0,0.0,0.0,0.0,0.0,0.0,0.0,0.0,0.0,0.0,0.0,0.0,0.0,0.0,0.0,0.0,0.0,0.0,0.0,0.0,0.0,0.0,0.0,0.0,0.0,0.0,0.0,0.0,7.0,7.0,0,0,0.0,0.0,0.0,0.0,0.0,0.0,1.8,1.8,1.8,1.8,0.0,0.0,0.0,0.0,1,0,0.4335,1.9548,1.0,H
e7d9bf2c-fc8f-4730-b1bb-783d462058b0,bb87bfb3-8c45-44f5-9289-f5bbd8a6069e,2024,1,1,2024-08-17T14:00:00+00:00,ead1bc2e-8799-410a-a809-66a274bbab2c,fbffa344-2426-4b4b-9886-b8cd56ec69a1,Arsenal FC,Wolverhampton Wanderers FC,0,0,0,0,0.0,0.0,0.0,0.0,0.0,0.0,0.0,0.0,0.0,0.0,0.0,0.0,0.0,0.0,0.0,0.0,0.0,0.0,0.0,0.0,0.0,0.0,0.0,0.0,0.0,0.0,0.0,0.0,0.0,0.0,0.0,0.0,0.0,0.0,7.0,7.0,0,0,0.0,0.0,0.0,0.0,0.0,0.0,2.0250000000000004,2.0250000000000004,2.0250000000000004,2.0250000000000004,0.0,0.0,0.0,0.0,2,0,1.6283,0.5758,1.0,H
b364c1d8-6020-45ff-8714-b5fcf210b57a,ceb3679e-edfe-49b2-ad67-cb736a5925c5,2024,1,1,2024-08-17T14:00:00+00:00,60cb8be0-9c1e-4019-8b60-fd9ac2aa9f2d,db14882b-951f-4db5-860b-4ca2b8583311,Everton FC,Brighton & Hove Albion FC,0,0,0,0,0.0,0.0,0.0,0.0,0.0,0.0,0.0,0.0,0.0,0.0,0.0,0.0,0.0,0.0,0.0,0.0,0.0,0.0,0.0,0.0,0.0,0.0,0.0,0.0,0.0,0.0,0.0,0.0,0.0,0.0,0.0,0.0,0.0,0.0,7.0,7.0,0,0,0.0,0.0,0.0,0.0,0.0,0.0,1.8,1.8,1.8,1.8,0.0,0.0,0.0,0.0,0,3,0.4053,1.7908,1.0,A
e9cae05c-0f32-41b0-8489-6611672daccc,ed972b3c-d8d3-4b56-be9f-00c019b65966,2024,1,1,2024-08-17T14:00:00+00:00,5421e81a-b7dd-48b1-9982-42644e8dcf9f,6601a105-9986-4276-89bf-143cdf03198a,Nottingham Forest FC,AFC Bournemouth,0,0,0,0,0.0,0.0,0.0,0.0,0.0,0.0,0.0,0.0,0.0,0.0,0.0,0.0,0.0,0.0,0.0,0.0,0.0,0.0,0.0,0.0,0.0,0.0,0.0,0.0,0.0,0.0,0.0,0.0,0.0,0.0,0.0,0.0,0.0,0.0,7.0,7.0,0,0,0.0,0.0,0.0,0.0,0.0,0.0,1.5,1.5,1.5,1.5,0.0,0.0,0.0,0.0,1,1,1.2441,1.9092,1.0,D
25fff623-abe0-452c-973d-8f07acb9cec2,7782e735-42ac-41b6-8872-a8cd7900be89,2024,1,1,2024-08-17T16:30:00+00:00,21ec0474-e758-4563-97a9-912aab00b4f5,f8f456e7-3e20-4803-ba4e-b1762a31812c,West Ham United FC,Aston Villa FC,0,0,0,0,0.0,0.0,0.0,0.0,0.0,0.0,0.0,0.0,0.0,0.0,0.0,0.0,0.0,0.0,0.0,0.0,0.0,0.0,0.0,0.0,0.0,0.0,0.0,0.0,0.0,0.0,0.0,0.0,0.0,0.0,0.0,0.0,0.0,0.0,7.0,7.0,0,0,0.0,0.0,0.0,0.0,0.0,0.0,1.4727272727272729,1.4727272727272729,1.4727272727272729,1.4727272727272729,0.0,0.0,0.0,0.0,1,2,2.8047,2.6703,1.0,A
37f50c6d-2a20-46ae-a464-36a47ce603e1,2067ad92-2b34-4ce3-8768-57ad2204312d,2024,1,1,2024-08-18T13:00:00+00:00,66a313d1-2e21-49ad-a1c7-6f04cae6be69,74bd08fa-27db-4bb0-8490-f57f6ed6b8e9,Brentford FC,Crystal Palace FC,0,0,0,0,0.0,0.0,0.0,0.0,0.0,0.0,0.0,0.0,0.0,0.0,0.0,0.0,0.0,0.0,0.0,0.0,0.0,0.0,0.0,0.0,0.0,0.0,0.0,0.0,0.0,0.0,0.0,0.0,0.0,0.0,0.0,0.0,0.0,0.0,7.0,7.0,0,0,0.0,0.0,0.0,0.0,0.0,0.0,1.35,1.35,1.35,1.35,0.0,0.0,0.0,0.0,2,1,1.3806,1.1476,1.0,H
1f58fd41-ec31-496e-b93c-62d15bc71649,a22bf934-4ce3-48e4-969a-d8d7fafe20a6,2024,1,1,2024-08-18T15:30:00+00:00,1cb320b2-b42f-4131-8f5f-ef42e7f82540,33d2f100-682f-4a5e-9aa3-5cc57e1e8571,Chelsea FC,Manchester City FC,0,0,0,0,0.0,0.0,0.0,0.0,0.0,0.0,0.0,0.0,0.0,0.0,0.0,0.0,0.0,0.0,0.0,0.0,0.0,0.0,0.0,0.0,0.0,0.0,0.0,0.0,0.0,0.0,0.0,0.0,0.0,0.0,0.0,0.0,0.0,0.0,7.0,7.0,0,0,0.0,0.0,0.0,0.0,0.0,0.0,1.2705882352941178,1.2705882352941178,1.2705882352941178,1.2705882352941178,0.0,0.0,0.0,0.0,0,2,1.0612,1.1804,1.0,A
1808a14e-0931-4204-90be-7289b6c8f528,e2623acf-eec8-4dff-988f-d7813c5e26e5,2024,1,1,2024-08-19T19:00:00+00:00,618e770e-c6ac-4c3f-9994-bd2160f675bc,c23d6b7a-dfaf-44a3-b016-1feb2dddec44,Leicester City FC,Tottenham Hotspur FC,0,0,0,0,0.0,0.0,0.0,0.0,0.0,0.0,0.0,0.0,0.0,0.0,0.0,0.0,0.0,0.0,0.0,0.0,0.0,0.0,0.0,0.0,0.0,0.0,0.0,0.0,0.0,0.0,0.0,0.0,0.0,0.0,0.0,0.0,0.0,0.0,7.0,7.0,0,0,0.0,0.0,0.0,0.0,0.0,0.0,1.2789473684210526,1.2789473684210526,1.2789473684210526,1.2789473684210526,0.0,0.0,0.0,0.0,1,1,1.0261,1.4078,1.0,D
e303732c-ebaa-48e4-b170-9b51c6e2d4ca,fa134513-567b-4a79-ab89-f1ca96a94766,2024,2,2,2024-08-24T11:30:00+00:00,db14882b-951f-4db5-860b-4ca2b8583311,48fc005c-cbfc-4e4d-b7f1-459dce6cf940,Brighton & Hove Albion FC,Manchester United FC,1,1,0,0,0.0,0.0,3.0,3.0,3.0,0.0,1.7908,0.4053,3.0,3.0,1.0,0.0,2.0427,0.4187,3.0,3.0,3.0,0.0,1.7908,0.4053,3.0,3.0,1.0,0.0,2.0427,0.4187,0.0,0.0,0.0,0.0,0.0,0.0,0.0,0.0,6.895833333333333,7.6875,1,1,1.0,7.0,3.0,3.0,3.0,3.0,2.857142857142857,0.0,0.9523809523809523,0.0,0.0,0.0,0.0,0.0,2,1,2.1415,1.2856,1.0,H
ade6af4f-4a1f-4d97-a095-76a7978716f7,3ebb532d-81f9-4f5e-b3b5-b1437a6be3f9,2024,2,2,2024-08-24T14:00:00+00:00,74bd08fa-27db-4bb0-8490-f57f6ed6b8e9,21ec0474-e758-4563-97a9-912aab00b4f5,Crystal Palace FC,West Ham United FC,1,1,0,0,0.0,0.0,0.0,0.0,1.0,2.0,1.1476,1.3806,0.0,0.0,1.0,2.0,2.8047,2.6703,0.0,0.0,1.0,2.0,1.1476,1.3806,0.0,0.0,1.0,2.0,2.8047,2.6703,0.0,0.0,0.0,0.0,0.0,0.0,0.0,0.0,6.041666666666667,6.895833333333333,1,1,14.0,13.0,0.0,0.0,0.0,0.0,0.9166666666666667,1.8333333333333335,0.9166666666666667,1.8333333333333335,0.0,0.0,0.0,0.0,0,2,1.3761,1.5342,1.0,A
f42fc744-b0a2-47f3-be0b-3989c7e1f598,5856558e-3f2c-4042-b247-bd994b359941,2024,2,2,2024-08-24T14:00:00+00:00,b552a1a6-4302-43ca-884c-0f91ac4f984b,618e770e-c6ac-4c3f-9994-bd2160f675bc,Fulham FC,Leicester City FC,1,1,0,0,0.0,0.0,0.0,0.0,0.0,1.0,0.4187,2.0427,1.0,1.0,1.0,1.0,1.0261,1.4078,0.0,0.0,0.0,1.0,0.4187,2.0427,1.0,1.0,1.0,1.0,1.0261,1.4078,0.0,0.0,0.0,0.0,0.0,0.0,0.0,0.0,7.791666666666667,4.791666666666667,1,1,14.0,11.0,0.0,1.0,0.0,1.0,0.0,0.9230769230769231,0.9230769230769231,0.9230769230769231,0.0,0.0,0.0,0.0,2,1,1.9622,0.857,1.0,H
2b5562be-9d84-49cd-b972-5b365ed95855,0d0a1a85-c971-4756-aeca-afade82fe100,2024,2,2,2024-08-24T14:00:00+00:00,f5c6f090-f823-4206-a821-17c11d35de43,5421e81a-b7dd-48b1-9982-42644e8dcf9f,Southampton FC,Nottingham Forest FC,1,1,0,0,0.0,0.0,0.0,0.0,0.0,1.0,1.9548,0.4335,1.0,1.0,1.0,1.0,1.2441,1.9092,0.0,0.0,0.0,1.0,1.9548,0.4335,1.0,1.0,1.0,1.0,1.2441,1.9092,0.0,0.0,0.0,0.0,0.0,0.0,0.0,0.0,7.0,7.0,1,1,15.0,11.0,0.0,1.0,0.0,1.0,0.0,0.896551724137931,0.896551724137931,0.896551724137931,0.0,0.0,0.0,0.0,0,1,0.215,2.8648,1.0,A
d03475a0-74d5-4b38-8c14-56e21652805d,657dbe14-950a-4a73-b120-44b34afc8a27,2024,2,2,2024-08-24T14:00:00+00:00,c23d6b7a-dfaf-44a3-b016-1feb2dddec44,60cb8be0-9c1e-4019-8b60-fd9ac2aa9f2d,Tottenham Hotspur FC,Everton FC,1,1,0,0,0.0,0.0,1.0,1.0,1.0,1.0,1.4078,1.0261,0.0,0.0,0.0,3.0,0.4053,1.7908,1.0,1.0,1.0,1.0,1.4078,1.0261,0.0,0.0,0.0,3.0,0.4053,1.7908,0.0,0.0,0.0,0.0,0.0,0.0,0.0,0.0,4.791666666666667,7.0,1,1,13.0,20.0,1.0,0.0,1.0,0.0,0.9333333333333333,0.9333333333333333,0.0,2.8000000000000003,0.0,0.0,0.0,0.0,4,0,2.6114,0.6489,1.0,H
d7861940-5788-4732-8c0d-c7262bd32814,1d1c1710-29ae-471d-b734-06a80e346d03,2024,2,2,2024-08-24T14:00:00+00:00,33d2f100-682f-4a5e-9aa3-5cc57e1e8571,67d3236c-6589-4978-b178-f6dcf50166d4,Manchester City FC,Ipswich Town FC,1,1,0,0,0.0,0.0,3.0,3.0,2.0,0.0,1.1804,1.0612,0.0,0.0,0.0,2.0,0.3426,3.9291,3.0,3.0,2.0,0.0,1.1804,1.0612,0.0,0.0,0.0,2.0,0.3426,3.9291,0.0,0.0,0.0,0.0,0.0,0.0,0.0,0.0,5.9375,7.104166666666667,1,1,4.0,16.0,3.0,0.0,3.0,0.0,1.7647058823529411,0.0,0.0,1.7647058823529411,0.0,0.0,0.0,0.0,4,1,3.0782,0.48,1.0,H
555eacab-2fa9-482d-8564-81210505768a,febc2086-8f01-4b90-9243-62e907872f23,2024,2,2,2024-08-24T16:30:00+00:00,f8f456e7-3e20-4803-ba4e-b1762a31812c,ead1bc2e-8799-410a-a809-66a274bbab2c,Aston Villa FC,Arsenal FC,1,1,0,0,0.0,0.0,3.0,3.0,2.0,1.0,2.6703,2.8047,3.0,3.0,2.0,0.0,1.6283,0.5758,3.0,3.0,2.0,1.0,2.6703,2.8047,3.0,3.0,2.0,0.0,1.6283,0.5758,0.0,0.0,0.0,0.0,0.0,0.0,0.0,0.0,7.0,7.104166666666667,1,1,9.0,6.0,3.0,3.0,3.0,3.0,1.641025641025641,0.8205128205128205,1.641025641025641,0.0,0.0,0.0,0.0,0.0,0,2,1.3166,1.414,1.0,A
21c15ff6-8a65-4467-9232-56f036743a9d,acc77ec2-9802-421a-97f3-6ca28c3e5661,2024,2,2,2024-08-25T13:00:00+00:00,6601a105-9986-4276-89bf-143cdf03198a,c4045d6d-a715-4821-a800-cd9b505ad54b,AFC Bournemouth,Newcastle United FC,1,1,0,0,0.0,0.0,1.0,1.0,1.0,1.0,1.9092,1.2441,3.0,3.0,1.0,0.0,0.4335,1.9548,1.0,1.0,1.0,1.0,1.9092,1.2441,3.0,3.0,1.0,0.0,0.4335,1.9548,0.0,0.0,0.0,0.0,0.0,0.0,0.0,0.0,7.958333333333333,7.958333333333333,1,1,13.0,9.0,1.0,3.0,1.0,3.0,0.8292682926829269,0.8292682926829269,0.8292682926829269,0.0,0.0,0.0,0.0,0.0,1,1,2.5351,1.8929,1.0,D
01e07bd7-73c5-4be7-96a6-870c5d6617f3,1b0fdb9f-b47b-4cbd-9bc2-7178d545fa83,2024,2,2,2024-08-25T13:00:00+00:00,fbffa344-2426-4b4b-9886-b8cd56ec69a1,1cb320b2-b42f-4131-8f5f-ef42e7f82540,Wolverhampton Wanderers FC,Chelsea FC,1,1,0,0,0.0,0.0,0.0,0.0,0.0,2.0,0.5758,1.6283,0.0,0.0,0.0,2.0,1.0612,1.1804,0.0,0.0,0.0,2.0,0.5758,1.6283,0.0,0.0,0.0,2.0,1.0612,1.1804,0.0,0.0,0.0,0.0,0.0,0.0,0.0,0.0,7.958333333333333,6.895833333333333,1,1,17.0,15.0,0.0,0.0,0.0,0.0,0.0,1.6744186046511629,0.0,1.6744186046511629,0.0,0.0,0.0,0.0,2,6,2.4181,2.0294,1.0,A
7524e7fb-11d2-4e0b-a47d-6c498e455def,103811df-508b-40a7-acd4-1616d90811b8,2024,2,2,2024-08-25T15:30:00+00:00,54ed0f97-ad19-421c-a5c2-9b9d3fcbc72d,66a313d1-2e21-49ad-a1c7-6f04cae6be69,Liverpool FC,Brentford FC,1,1,0,0,0.0,0.0,3.0,3.0,2.0,0.0,3.9291,0.3426,3.0,3.0,2.0,1.0,1.3806,1.1476,3.0,3.0,2.0,0.0,3.9291,0.3426,3.0,3.0,2.0,1.0,1.3806,1.1476,0.0,0.0,0.0,0.0,0.0,0.0,0.0,0.0,8.166666666666666,7.104166666666667,1,1,8.0,10.0,3.0,3.0,3.0,3.0,1.4901960784313726,0.0,1.4901960784313726,0.7450980392156863,0.0,0.0,0.0,0.0,2,0,2.7188,0.4572,1.0,H
ba55c649-fb32-47a6-8cf7-834b93762fcf,3e8aaad6-3c54-49e2-adb5-5d2e3ccfbf4d,2024,3,3,2024-08-31T11:30:00+00:00,ead1bc2e-8799-410a-a809-66a274bbab2c,db14882b-951f-4db5-860b-4ca2b8583311,Arsenal FC,Brighton & Hove Albion FC,2,2,0,0,0.0,0.0,6.0,3.0,2.0,0.0,1.52115,0.9461999999999999,6.0,3.0,2.5,0.5,1.96615,0.84545,6.0,3.0,2.0,0.0,1.52115,0.9461999999999999,6.0,3.0,2.5,0.5,1.96615,0.84545,2.0,0.0,1.6283,0.5758,3.0,0.0,1.7908,0.4053,6.791666666666667,7.0,2,2,4.0,2.0,3.0,3.0,6.0,6.0,1.509433962264151,0.0,1.8867924528301887,0.37735849056603776,0.0,0.0,0.0,0.0,1,1,2.418,1.8175,1.0,D
6db95455-3685-4f7e-a0ee-48dc04f033aa,4a1ad6fb-a6bb-45a9-ba5f-ce63ae2bf441,2024,3,3,2024-08-31T14:00:00+00:00,66a313d1-2e21-49ad-a1c7-6f04cae6be69,f5c6f090-f823-4206-a821-17c11d35de43,Brentford FC,Southampton FC,2,2,0,0,0.0,0.0,3.0,1.5,1.0,1.5,0.9189,1.9331999999999998,0.0,0.0,0.0,1.0,1.0849,1.64915,3.0,1.5,1.0,1.5,0.9189,1.9331999999999998,0.0,0.0,0.0,1.0,1.0849,1.64915,2.0,1.0,1.3806,1.1476,0.0,1.0,1.9548,0.4335,5.9375,7.0,2,2,12.0,16.0,1.5,0.0,3.0,0.0,0.7636363636363637,1.1454545454545455,0.0,0.7636363636363637,0.0,0.0,0.0,0.0,3,1,3.8628,1.6471,1.0,H
fb1e570e-348e-4691-b7f6-0515205369c0,8e444d75-7642-45d1-a2eb-dce5fb7dd8e4,2024,3,3,2024-08-31T14:00:00+00:00,60cb8be0-9c1e-4019-8b60-fd9ac2aa9f2d,6601a105-9986-4276-89bf-143cdf03198a,Everton FC,AFC Bournemouth,2,2,0,0,0.0,0.0,0.0,0.0,0.0,3.5,0.5271,2.2011000000000003,2.0,1.0,1.0,1.0,2.22215,1.5685,0.0,0.0,0.0,3.5,0.5271,2.2011000000000003,2.0,1.0,1.0,1.0,2.22215,1.5685,0.0,3.0,0.4053,1.7908,1.0,1.0,1.9092,1.2441,7.0,6.041666666666667,2,2,20.0,14.0,0.0,1.0,0.0,2.0,0.0,2.610169491525424,0.7457627118644068,0.7457627118644068,0.0,0.0,0.0,0.0,2,3,2.5563,2.9569,1.0,A
05a3438e-2ff1-43d0-88e8-25f1345a5b0f,d6ffb426-8098-422c-8aee-4f878385de6f,2024,3,3,2024-08-31T14:00:00+00:00,618e770e-c6ac-4c3f-9994-bd2160f675bc,f8f456e7-3e20-4803-ba4e-b1762a31812c,Leicester City FC,Aston Villa FC,2,2,0,0,0.0,0.0,1.0,0.5,1.0,1.5,0.94155,1.685,3.0,1.5,1.0,1.5,1.9934500000000002,2.10935,1.0,0.5,1.0,1.5,0.94155,1.685,3.0,1.5,1.0,1.5,1.9934500000000002,2.10935,1.0,1.0,1.0261,1.4078,2.0,1.0,2.6703,2.8047,7.0,6.895833333333333,2,2,15.0,14.0,0.5,1.5,1.0,3.0,0.71875,1.078125,0.71875,1.078125,0.0,0.0,0.0,0.0,1,2,0.7747,2.1639,1.0,A
02839e68-4dd4-4b1d-a4e3-7cffc4be07ff,37f507f7-d95f-4bba-97cb-6130a221a991,2024,3,3,2024-08-31T14:00:00+00:00,5421e81a-b7dd-48b1-9982-42644e8dcf9f,fbffa344-2426-4b4b-9886-b8cd56ec69a1,Nottingham Forest FC,Wolverhampton Wanderers FC,2,2,0,0,0.0,0.0,4.0,2.0,1.0,0.5,2.05445,1.0621,0.0,0.0,1.0,4.0,1.49695,1.82885,4.0,2.0,1.0,0.5,2.05445,1.0621,0.0,0.0,1.0,4.0,1.49695,1.82885,1.0,1.0,1.2441,1.9092,0.0,2.0,0.5758,1.6283,7.0,6.041666666666667,2,2,9.0,19.0,2.0,0.0,4.0,0.0,0.7164179104477613,0.35820895522388063,0.7164179104477613,2.865671641791045,0.0,0.0,0.0,0.0,1,1,1.4107,0.9376,1.0,D
ec652366-c884-4257-b8a5-cfb8a78c24a7,46dbe01f-8121-4ada-88a2-e964edbae37f,2024,3,3,2024-08-31T14:00:00+00:00,67d3236c-6589-4978-b178-f6dcf50166d4,b552a1a6-4302-43ca-884c-0f91ac4f984b,Ipswich Town FC,Fulham FC,2,2,0,0,0.0,0.0,0.0,0.0,0.5,3.0,0.4113,3.50365,3.0,1.5,1.0,1.0,1.19045,1.44985,0.0,0.0,0.5,3.0,0.4113,3.50365,3.0,1.5,1.0,1.0,1.19045,1.44985,0.0,2.0,0.3426,3.9291,0.0,1.0,0.4187,2.0427,7.0,7.0,1,1,19.0,14.0,0.0,1.5,0.0,3.0,0.3623188405797102,2.173913043478261,0.7246376811594204,0.7246376811594204,0.0,0.0,0.0,0.0,1,1,0.707,1.1888,1.0,D
891c0c1a-99ce-494d-a357-b3b431ce0e63,3681b388-5f14-49b8-94ec-1b081c5cbf8a,2024,3,3,2024-08-31T16:30:00+00:00,21ec0474-e758-4563-97a9-912aab00b4f5,33d2f100-682f-4a5e-9aa3-5cc57e1e8571,West Ham United FC,Manchester City FC,2,2,0,0,0.0,0.0,3.0,1.5,1.5,1.0,2.16945,2.0232,6.0,3.0,3.0,0.5,2.1292999999999997,0.7706,3.0,1.5,1.5,1.0,2.16945,2.0232,6.0,3.0,3.0,0.5,2.1292999999999997,0.7706,1.0,2.0,2.8047,2.6703,2.0,0.0,1.1804,1.0612,7.104166666666667,7.104166666666667,2,2,13.0,3.0,1.5,3.0,3.0,6.0,1.0985915492957745,0.7323943661971831,2.197183098591549,0.36619718309859156,0.0,0.0,0.0,0.0,1,3,0.9472,3.193,1.0,A
9077ce7d-ca02-409c-91d9-ef55885cf08f,3c0fb095-dc0c-40a9-9d0d-3013d905a4c5,2024,3,3,2024-09-01T12:30:00+00:00,c4045d6d-a715-4821-a800-cd9b505ad54b,c23d6b7a-dfaf-44a3-b016-1feb2dddec44,Newcastle United FC,Tottenham Hotspur FC,2,2,0,0,0.0,0.0,4.0,2.0,1.0,0.5,1.1632,2.2449500000000002,4.0,2.0,2.5,0.5,2.0096,0.8375,4.0,2.0,1.0,0.5,1.1632,2.2449500000000002,4.0,2.0,2.5,0.5,2.0096,0.8375,1.0,0.0,0.4335,1.9548,1.0,1.0,1.4078,1.0261,6.979166666666667,7.9375,1,2,10.0,9.0,2.0,2.0,4.0,4.0,0.72,0.36,1.8,0.36,0.0,0.0,0.0,0.0,2,1,1.5869,1.633,1.0,H
7785b7b6-d6f5-4e95-bede-954152db34ef,6cdbb023-dbad-4139-8fd3-380f528a0ca9,2024,3,3,2024-09-01T12:30:00+00:00,1cb320b2-b42f-4131-8f5f-ef42e7f82540,74bd08fa-27db-4bb0-8490-f57f6ed6b8e9,Chelsea FC,Crystal Palace FC,2,2,0,0,0.0,0.0,3.0,1.5,3.0,2.0,1.5453,1.7992499999999998,0.0,0.0,0.5,2.0,1.26185,1.4574,3.0,1.5,3.0,2.0,1.5453,1.7992499999999998,0.0,0.0,0.5,2.0,1.26185,1.4574,0.0,2.0,1.0612,1.1804,1.0,2.0,1.1476,1.3806,6.979166666666667,7.9375,2,2,12.0,18.0,1.5,0.0,3.0,0.0,2.1538461538461537,1.435897435897436,0.358974358974359,1.435897435897436,0.0,0.0,0.0,0.0,1,1,2.9774,0.4597,1.0,D
4d775288-c18b-4f3f-8231-808a47874e66,15bc89c8-7a19-492d-aeb1-4efd131081af,2024,3,3,2024-09-01T15:00:00+00:00,48fc005c-cbfc-4e4d-b7f1-459dce6cf940,54ed0f97-ad19-421c-a5c2-9b9d3fcbc72d,Manchester United FC,Liverpool FC,2,2,0,0,0.0,0.0,3.0,1.5,1.0,1.0,1.66415,1.2801,6.0,3.0,2.0,0.0,3.32395,0.39990000000000003,3.0,1.5,1.0,1.0,1.66415,1.2801,6.0,3.0,2.0,0.0,3.32395,0.39990000000000003,1.0,0.0,2.0427,0.4187,2.0,0.0,3.9291,0.3426,8.145833333333334,6.979166666666667,1,1,13.0,5.0,1.5,3.0,3.0,6.0,0.725,0.725,1.45,0.0,0.0,0.0,0.0,0.0,0,3,1.5009,2.104,1.0,A
ffcbc3b9-10e0-498c-a635-b73c9238b956,f68b6aae-b30b-4f22-be75-f929fe5abfc8,2024,4,4,2024-09-14T11:30:00+00:00,f5c6f090-f823-4206-a821-17c11d35de43,48fc005c-cbfc-4e4d-b7f1-459dce6cf940,Southampton FC,Manchester United FC,3,3,0,0,0.0,0.0,0.0,0.0,0.3333333333333333,1.6666666666666667,1.2723,2.387033333333333,3.0,1.0,0.6666666666666666,1.6666666666666667,1.6097333333333335,1.5547333333333333,0.0,0.0,0.3333333333333333,1.6666666666666667,1.2723,2.387033333333333,3.0,1.0,0.6666666666666666,1.6666666666666667,1.6097333333333335,1.5547333333333333,0.0,1.0,0.215,2.8648,1.0,2.0,1.2856,2.1415,13.895833333333334,12.854166666666666,1,1,19.0,14.0,0.0,1.0,0.0,3.0,0.24096385542168675,1.2048192771084338,0.4819277108433735,1.2048192771084338,0.0,0.0,0.0,0.0,0,3,1.3559,3.0269,1.0,A
c463267f-fbca-4765-b414-b0edccddff25,0dbd6eb3-afa8-49c0-814e-ceb9d7ea16e1,2024,4,4,2024-09-14T14:00:00+00:00,74bd08fa-27db-4bb0-8490-f57f6ed6b8e9,618e770e-c6ac-4c3f-9994-bd2160f675bc,Crystal Palace FC,Leicester City FC,3,3,0,0,0.0,0.0,1.0,0.3333333333333333,0.6666666666666666,1.6666666666666667,0.9944666666666667,1.9640666666666666,1.0,0.3333333333333333,1.0,1.6666666666666667,0.8859333333333334,1.8446333333333333,1.0,0.3333333333333333,0.6666666666666666,1.6666666666666667,0.9944666666666667,1.9640666666666666,1.0,0.3333333333333333,1.0,1.6666666666666667,0.8859333333333334,1.8446333333333333,0.0,2.0,1.3761,1.5342,1.0,2.0,0.857,1.9622,13.0625,14.0,1,1,16.0,15.0,0.3333333333333333,0.3333333333333333,1.0,1.0,0.48062015503875966,1.2015503875968991,0.7209302325581395,1.2015503875968991,0.0,0.0,0.0,0.0,2,2,2.8872,1.6519,1.0,D
a50e844f-1721-4941-92c4-1c7fb1c31b70,dc467fc5-c209-4d65-84da-fce556a473dc,2024,4,4,2024-09-14T14:00:00+00:00,b552a1a6-4302-43ca-884c-0f91ac4f984b,21ec0474-e758-4563-97a9-912aab00b4f5,Fulham FC,West Ham United FC,3,3,0,0,0.0,0.0,4.0,1.3333333333333333,1.0,1.0,1.1899,1.2022333333333333,3.0,1.0,1.3333333333333333,1.6666666666666667,1.7620333333333333,2.413133333333333,4.0,1.3333333333333333,1.0,1.0,1.1899,1.2022333333333333,3.0,1.0,1.3333333333333333,1.6666666666666667,1.7620333333333333,2.413133333333333,2.0,1.0,1.9622,0.857,2.0,0.0,1.5342,1.3761,14.0,13.895833333333334,1,1,13.0,14.0,1.3333333333333333,1.0,4.0,3.0,0.7111111111111111,0.7111111111111111,0.9481481481481481,1.1851851851851853,0.0,0.0,0.0,0.0,1,1,2.886,0.6827,1.0,D
c2251bf0-d53f-4518-b706-b6c6d8f237bc,af067e25-44e8-4b28-b1aa-0a1e350f1479,2024,4,4,2024-09-14T14:00:00+00:00,54ed0f97-ad19-421c-a5c2-9b9d3fcbc72d,5421e81a-b7dd-48b1-9982-42644e8dcf9f,Liverpool FC,Nottingham Forest FC,3,3,0,0,0.0,0.0,9.0,3.0,2.3333333333333335,0.0,2.9172999999999996,0.7669,5.0,1.6666666666666667,1.0,0.6666666666666666,1.8398666666666665,1.0206,9.0,3.0,2.3333333333333335,0.0,2.9172999999999996,0.7669,5.0,1.6666666666666667,1.0,0.6666666666666666,1.8398666666666665,1.0206,2.0,0.0,2.7188,0.4572,1.0,0.0,2.8648,0.215,12.958333333333334,14.0,1,1,2.0,10.0,3.0,1.6666666666666667,9.0,5.0,1.6739130434782608,0.0,0.717391304347826,0.47826086956521735,0.0,0.0,0.0,0.0,0,1,1.1704,0.5895,1.0,A
fbd1ddc1-a34c-4f48-a2ab-276a2b3073f9,b4fe6113-2df7-4744-8566-a4c2f4032257,2024,4,4,2024-09-14T14:00:00+00:00,33d2f100-682f-4a5e-9aa3-5cc57e1e8571,66a313d1-2e21-49ad-a1c7-6f04cae6be69,Manchester City FC,Brentford FC,3,3,0,0,0.0,0.0,9.0,3.0,3.0,0.6666666666666666,2.4838666666666667,0.8294666666666667,6.0,2.0,1.6666666666666667,1.3333333333333333,1.9002,1.8378333333333332,9.0,3.0,3.0,0.6666666666666666,2.4838666666666667,0.8294666666666667,6.0,2.0,1.6666666666666667,1.3333333333333333,1.9002,1.8378333333333332,4.0,1.0,3.0782,0.48,0.0,2.0,0.4572,2.7188,13.895833333333334,14.0,1,1,1.0,7.0,3.0,2.0,9.0,6.0,2.193548387096774,0.4874551971326164,1.2186379928315412,0.9749103942652328,0.0,0.0,0.0,0.0,2,1,1.5528,1.0509,1.0,H
a7a292f0-f60e-4c6a-b7b2-6734f72c8d1a,5f5b7b9d-994d-4f33-97d8-064b2ae52b4f,2024,4,4,2024-09-14T14:00:00+00:00,db14882b-951f-4db5-860b-4ca2b8583311,67d3236c-6589-4978-b178-f6dcf50166d4,Brighton & Hove Albion FC,Ipswich Town FC,3,3,0,0,0.0,0.0,7.0,2.3333333333333335,2.0,0.6666666666666666,1.9166,1.3696333333333335,1.0,0.3333333333333333,0.6666666666666666,2.3333333333333335,0.5098666666666666,2.7320333333333333,7.0,2.3333333333333335,2.0,0.6666666666666666,1.9166,1.3696333333333335,1.0,0.3333333333333333,0.6666666666666666,2.3333333333333335,0.5098666666666666,2.7320333333333333,2.0,1.0,2.1415,1.2856,1.0,4.0,0.48,3.0782,14.104166666666666,14.0,0,1,4.0,17.0,2.3333333333333335,0.3333333333333333,7.0,1.0,1.4583333333333333,0.4861111111111111,0.4861111111111111,1.701388888888889,0.0,0.0,0.0,0.0,0,0,1.757,0.7213,1.0,D
b63dbc61-bae2-4899-9368-8518a4a7faf3,b454cd12-3c91-4df5-8f88-65a739896eb4,2024,4,4,2024-09-14T16:30:00+00:00,f8f456e7-3e20-4803-ba4e-b1762a31812c,60cb8be0-9c1e-4019-8b60-fd9ac2aa9f2d,Aston Villa FC,Everton FC,3,3,0,0,0.0,0.0,6.0,2.0,1.3333333333333333,1.3333333333333333,2.050266666666667,1.6644666666666668,0.0,0.0,0.6666666666666666,3.3333333333333335,1.2035,2.4530333333333334,6.0,2.0,1.3333333333333333,1.3333333333333333,2.050266666666667,1.6644666666666668,0.0,0.0,0.6666666666666666,3.3333333333333335,1.2035,2.4530333333333334,0.0,2.0,1.3166,1.414,0.0,4.0,0.6489,2.6114,14.104166666666666,14.104166666666666,0,0,9.0,20.0,2.0,0.0,6.0,0.0,1.0,1.0,0.5,2.5000000000000004,0.0,0.0,0.0,0.0,3,2,3.1588,0.8522,1.0,H
2e542127-67e6-448f-8202-855c088b5c01,082f188c-ef71-4443-84c4-788c696251d3,2024,4,4,2024-09-14T19:00:00+00:00,6601a105-9986-4276-89bf-143cdf03198a,1cb320b2-b42f-4131-8f5f-ef42e7f82540,AFC Bournemouth,Chelsea FC,3,3,0,0,0.0,0.0,5.0,1.6666666666666667,1.6666666666666667,1.3333333333333333,2.4670666666666667,1.8977666666666666,4.0,1.3333333333333333,2.3333333333333335,1.6666666666666667,2.0226666666666664,1.3527333333333331,5.0,1.6666666666666667,1.6666666666666667,1.3333333333333333,2.4670666666666667,1.8977666666666666,4.0,1.3333333333333333,2.3333333333333335,1.6666666666666667,2.0226666666666664,1.3527333333333331,1.0,1.0,2.5351,1.8929,6.0,2.0,2.0294,2.4181,14.208333333333334,13.270833333333334,0,1,10.0,13.0,1.6666666666666667,1.3333333333333333,5.0,4.0,1.221122112211221,0.9768976897689768,1.7095709570957096,1.221122112211221,0.0,0.0,0.0,0.0,0,1,1.5373,0.9327,1.0,A
c49d5fb3-c9b1-4946-8653-ffcf4a8ecc33,95116ca8-11e6-4d65-a85f-fbee374d2da4,2024,4,4,2024-09-15T13:00:00+00:00,c23d6b7a-dfaf-44a3-b016-1feb2dddec44,ead1bc2e-8799-410a-a809-66a274bbab2c,Tottenham Hotspur FC,Arsenal FC,3,3,0,0,0.0,0.0,4.0,1.3333333333333333,2.0,1.0,1.8840666666666668,1.0873,7.0,2.3333333333333335,1.6666666666666667,0.3333333333333333,1.8201,1.2366333333333333,4.0,1.3333333333333333,2.0,1.0,1.8840666666666668,1.0873,7.0,2.3333333333333335,1.6666666666666667,0.3333333333333333,1.8201,1.2366333333333333,4.0,0.0,2.6114,0.6489,2.0,0.0,1.414,1.3166,14.020833333333334,15.0625,0,0,13.0,6.0,1.3333333333333333,2.3333333333333335,4.0,7.0,1.4901960784313726,0.7450980392156863,1.2418300653594772,0.24836601307189543,0.0,0.0,0.0,0.0,0,1,0.7926,1.1209,1.0,A
00fd55e0-57cc-4358-b7b5-f8bde5e1e8cd,7f0ed3ec-22fb-4cdd-a616-6416a10fc4f7,2024,4,4,2024-09-15T15:30:00+00:00,fbffa344-2426-4b4b-9886-b8cd56ec69a1,c4045d6d-a715-4821-a800-cd9b505ad54b,Wolverhampton Wanderers FC,Newcastle United FC,3,3,0,0,0.0,0.0,1.0,0.3333333333333333,1.0,3.0,1.3105,1.689466666666667,7.0,2.3333333333333335,1.3333333333333333,0.6666666666666666,1.3044333333333333,2.0409666666666664,1.0,0.3333333333333333,1.0,3.0,1.3105,1.689466666666667,7.0,2.3333333333333335,1.3333333333333333,0.6666666666666666,1.3044333333333333,2.0409666666666664,2.0,6.0,2.4181,2.0294,1.0,1.0,1.8929,2.5351,15.0625,14.125,0,0,18.0,8.0,0.3333333333333333,2.3333333333333335,1.0,7.0,0.7572815533980582,2.2718446601941746,1.0097087378640777,0.5048543689320388,0.0,0.0,0.0,0.0,1,2,1.4697,1.4834,1.0,A
8964e229-3c20-43b0-8abe-dae0805e9aea,14e09104-296e-4597-bf40-155564cc2f3d,2024,5,5,2024-09-21T11:30:00+00:00,21ec0474-e758-4563-97a9-912aab00b4f5,1cb320b2-b42f-4131-8f5f-ef42e7f82540,West Ham United FC,Chelsea FC,4,4,0,0,0.0,0.0,4.0,1.0,1.25,1.5,1.4922,2.53135,7.0,1.75,2.0,1.25,1.7501749999999998,1.3988749999999999,4.0,1.0,1.25,1.5,1.4922,2.53135,7.0,1.75,2.0,1.25,1.7501749999999998,1.3988749999999999,1.0,2.5,1.87595,2.9316500000000003,3.5,1.0,1.48105,1.9777,6.895833333333333,6.6875,1,1,14.0,8.0,1.0,1.75,4.0,7.0,0.9433962264150944,1.1320754716981132,1.509433962264151,0.9433962264150944,0.0,0.0,0.0,0.0,0,3,0.7583,2.3973,1.0,A
4cbfd128-a686-4e7b-8bb5-6792441fb397,17d8d3d1-a4b0-4289-b5e3-f7066dea799c,2024,5,5,2024-09-21T14:00:00+00:00,f8f456e7-3e20-4803-ba4e-b1762a31812c,fbffa344-2426-4b4b-9886-b8cd56ec69a1,Aston Villa FC,Wolverhampton Wanderers FC,4,4,0,0,0.0,0.0,9.0,2.25,1.75,1.5,2.3274,1.4614,1.0,0.25,1.0,2.75,1.3503,1.63795,9.0,2.25,1.75,1.5,2.3274,1.4614,1.0,0.25,1.0,2.75,1.3503,1.63795,1.5,2.0,2.2377,1.1331,0.5,1.5,0.7566999999999999,1.5195,6.895833333333333,5.9375,1,1,6.0,18.0,2.25,0.25,9.0,1.0,1.31651376146789,1.128440366972477,0.7522935779816513,2.068807339449541,0.0,0.0,0.0,0.0,3,1,2.3735,0.5201,1.0,H
19c349ac-b247-4522-8713-45a529b9cfbe,df33acca-384e-4a87-8fd1-28500aa009f8,2024,5,5,2024-09-21T14:00:00+00:00,b552a1a6-4302-43ca-884c-0f91ac4f984b,c4045d6d-a715-4821-a800-cd9b505ad54b,Fulham FC,Newcastle United FC,4,4,0,0,0.0,0.0,5.0,1.25,1.0,1.0,1.613925,1.07235,10.0,2.5,1.5,0.75,1.349175,1.89815,5.0,1.25,1.0,1.0,1.613925,1.07235,10.0,2.5,1.5,0.75,1.349175,1.89815,1.5,1.0,2.4241,0.7698499999999999,1.5,1.0,1.68815,2.0023999999999997,7.0,5.9375,1,1,12.0,5.0,1.25,2.5,5.0,10.0,0.743362831858407,0.743362831858407,1.1150442477876106,0.5575221238938053,0.0,0.0,0.0,0.0,3,1,3.2114,1.0977,1.0,H
09a2bc69-a319-45b5-9a33-3dd7e8f492eb,f0d5c090-f62d-4574-8240-736ebaa41b65,2024,5,5,2024-09-21T14:00:00+00:00,618e770e-c6ac-4c3f-9994-bd2160f675bc,60cb8be0-9c1e-4019-8b60-fd9ac2aa9f2d,Leicester City FC,Everton FC,4,4,0,0,0.0,0.0,2.0,0.5,1.25,1.75,1.077425,2.105275,0.0,0.0,1.0,3.25,1.115675,2.6294750000000002,2.0,0.5,1.25,1.75,1.077425,2.105275,0.0,0.0,1.0,3.25,1.115675,2.6294750000000002,1.0,1.5,0.9004000000000001,1.78585,1.0,3.5,0.75055,2.8851,7.0,6.895833333333333,1,1,15.0,20.0,0.5,0.0,2.0,0.0,0.9188034188034189,1.2863247863247864,0.7350427350427351,2.388888888888889,0.0,0.0,0.0,0.0,1,1,1.3379,1.8238,1.0,D
510c5743-f615-4402-80e3-d66631a31c5b,84281ad8-b750-4184-a90b-078aa1e9dfba,2024,5,5,2024-09-21T14:00:00+00:00,54ed0f97-ad19-421c-a5c2-9b9d3fcbc72d,6601a105-9986-4276-89bf-143cdf03198a,Liverpool FC,AFC Bournemouth,4,4,0,0,0.0,0.0,9.0,2.25,1.75,0.25,2.480575,0.72255,5.0,1.25,1.25,1.25,2.234625,1.6564999999999999,9.0,2.25,1.75,0.25,2.480575,0.72255,5.0,1.25,1.25,1.25,2.234625,1.6564999999999999,1.0,0.5,1.9445999999999999,0.52335,2.0,1.5,2.43305,1.9002,7.0,6.791666666666667,1,1,6.0,12.0,2.25,1.25,9.0,5.0,1.2941176470588236,0.18487394957983194,0.9243697478991596,0.9243697478991596,0.0,0.0,0.0,0.0,3,0,2.4373,1.4698,1.0,H
b8aa06c0-510d-445c-b76f-dd8181530468,9002ccd9-80fe-4c86-8221-b98b4e6ff1e1,2024,5,5,2024-09-21T14:00:00+00:00,c23d6b7a-dfaf-44a3-b016-1feb2dddec44,66a313d1-2e21-49ad-a1c7-6f04cae6be69,Tottenham Hotspur FC,Brentford FC,4,4,0,0,0.0,0.0,4.0,1.0,1.5,1.0,1.6112,1.0957,6.0,1.5,1.5,1.5,1.687875,1.766575,4.0,1.0,1.5,1.0,1.6112,1.0957,6.0,1.5,1.5,1.5,1.687875,1.766575,2.0,0.5,1.702,0.8849,0.5,2.0,0.75405,2.1357999999999997,6.041666666666667,7.0,1,1,13.0,10.0,1.0,1.5,4.0,6.0,1.1065573770491803,0.7377049180327868,1.1065573770491803,1.1065573770491803,0.0,0.0,0.0,0.0,3,1,3.8948,0.8936,1.0,H
fb9795b0-7c47-4b19-b896-40f329d01d1e,1e391958-58b2-4aef-acbb-b8d841b8adea,2024,5,5,2024-09-21T14:00:00+00:00,f5c6f090-f823-4206-a821-17c11d35de43,67d3236c-6589-4978-b178-f6dcf50166d4,Southampton FC,Ipswich Town FC,4,4,0,0,0.0,0.0,0.0,0.0,0.25,2.0,1.2932000000000001,2.5469999999999997,2.0,0.5,0.5,1.75,0.562725,2.488275,0.0,0.0,0.25,2.0,1.2932000000000001,2.5469999999999997,2.0,0.5,0.5,1.75,0.562725,2.488275,0.0,2.0,0.7854500000000001,2.94585,0.5,2.0,0.60065,2.4175999999999997,7.104166666666667,7.0,1,1,20.0,17.0,0.0,0.5,0.0,2.0,0.18253968253968253,1.4603174603174602,0.36507936507936506,1.2777777777777777,0.0,0.0,0.0,0.0,1,1,2.8981,1.645,1.0,D
faa3bb37-0090-4010-8511-e92dbcb24617,e7602e82-5a4b-4eee-bc56-2e87c2287e8c,2024,5,5,2024-09-21T16:30:00+00:00,74bd08fa-27db-4bb0-8490-f57f6ed6b8e9,48fc005c-cbfc-4e4d-b7f1-459dce6cf940,Crystal Palace FC,Manchester United FC,4,4,0,0,0.0,0.0,2.0,0.5,1.0,1.75,1.46765,1.886025,6.0,1.5,1.25,1.25,1.964025,1.505025,2.0,0.5,1.0,1.75,1.46765,1.886025,6.0,1.5,1.25,1.25,1.964025,1.505025,1.0,2.0,2.13165,1.5930499999999999,2.0,1.0,2.15625,1.7487000000000001,7.104166666666667,7.208333333333333,1,1,17.0,11.0,0.5,1.5,2.0,6.0,0.734375,1.28515625,0.91796875,0.91796875,0.0,0.0,0.0,0.0,0,0,1.6693,2.3506,1.0,D
0a4591c0-a900-4683-8436-035566566008,f48e1038-f81d-4251-a1e7-70efdd3d360e,2024,5,5,2024-09-22T13:00:00+00:00,db14882b-951f-4db5-860b-4ca2b8583311,5421e81a-b7dd-48b1-9982-42644e8dcf9f,Brighton & Hove Albion FC,Nottingham Forest FC,4,4,0,0,0.0,0.0,8.0,2.0,1.5,0.5,1.8767,1.2075500000000001,8.0,2.0,1.0,0.5,1.527275,1.05805,8.0,2.0,1.5,0.5,1.8767,1.2075500000000001,8.0,2.0,1.0,0.5,1.527275,1.05805,1.0,0.5,1.9492500000000001,1.00345,1.0,0.0,1.72715,0.6927000000000001,7.958333333333333,7.958333333333333,1,1,7.0,9.0,2.0,2.0,8.0,8.0,1.125,0.375,0.75,0.375,0.0,0.0,0.0,0.0,2,2,1.5684,1.3692,1.0,D
1f39d5a1-de64-4fd8-9855-f750583a8e74,45dfa6d4-ba3b-4dec-a255-84171aafe358,2024,5,5,2024-09-22T15:30:00+00:00,33d2f100-682f-4a5e-9aa3-5cc57e1e8571,ead1bc2e-8799-410a-a809-66a274bbab2c,Manchester City FC,Arsenal FC,4,4,0,0,0.0,0.0,12.0,3.0,2.75,0.75,2.2511,0.884825,10.0,2.5,1.5,0.25,1.6453,1.1256249999999999,12.0,3.0,2.75,0.75,2.2511,0.884825,10.0,2.5,1.5,0.25,1.6453,1.1256249999999999,3.0,1.0,2.3155,0.76545,1.5,0.0,1.26745,1.0546,8.0625,7.104166666666667,1,1,2.0,5.0,3.0,2.5,12.0,10.0,2.041666666666667,0.5568181818181819,1.1136363636363638,0.1856060606060606,0.0,0.0,0.0,0.0,2,2,2.7559,1.2841,1.0,D
ae31404a-97b6-4808-8c78-ffbcb7fb64b3,7107a98f-1927-4cd6-9ae7-f7f26af313c3,2024,6,6,2024-09-28T11:30:00+00:00,c4045d6d-a715-4821-a800-cd9b505ad54b,33d2f100-682f-4a5e-9aa3-5cc57e1e8571,Newcastle United FC,Manchester City FC,5,5,0,0,0.0,0.0,10.0,2.0,1.4,1.2,1.29888,2.1608,13.0,2.6,2.6,1.0,2.35206,0.9646799999999999,10.0,2.0,1.4,1.2,1.29888,2.1608,13.0,2.6,2.6,1.0,2.35206,0.9646799999999999,1.5,0.5,1.0102,1.7939,2.5,0.5,2.1867,1.0042,6.895833333333333,5.833333333333333,2,2,6.0,1.0,2.0,2.6,10.0,13.0,1.0294117647058822,0.8823529411764705,1.9117647058823528,0.7352941176470588,0.0,0.0,0.0,0.0,1,1,1.3434,1.2652,1.0,D
24b77d7d-610c-4b6e-a78c-c74855a7bf2e,d8daa36b-8f90-426e-8817-be33b8dc8796,2024,6,6,2024-09-28T14:00:00+00:00,ead1bc2e-8799-410a-a809-66a274bbab2c,618e770e-c6ac-4c3f-9994-bd2160f675bc,Arsenal FC,Leicester City FC,5,5,0,0,0.0,0.0,11.0,2.2,1.6,0.6,1.5730600000000001,1.45168,3.0,0.6,1.2,1.6,1.1295199999999999,2.04898,11.0,2.2,1.6,0.6,1.5730600000000001,1.45168,3.0,0.6,1.2,1.6,1.1295199999999999,2.04898,1.5,0.5,2.0231500000000002,1.19665,1.5,2.0,1.2544499999999998,2.4247,5.9375,7.0,2,2,4.0,15.0,2.2,0.6,11.0,3.0,1.182608695652174,0.44347826086956516,0.8869565217391303,1.182608695652174,0.0,0.0,0.0,0.0,4,2,6.0531,0.3379,1.0,H
1ff437e4-84aa-4088-aab2-cdf920e41ee6,3521b28e-13d7-4c16-a136-c317b6cea772,2024,6,6,2024-09-28T14:00:00+00:00,66a313d1-2e21-49ad-a1c7-6f04cae6be69,21ec0474-e758-4563-97a9-912aab00b4f5,Brentford FC,West Ham United FC,5,5,0,0,0.0,0.0,6.0,1.2,1.4,1.8,1.52902,2.19222,4.0,0.8,1.0,1.8,1.34542,2.50454,6.0,1.2,1.4,1.8,1.52902,2.19222,4.0,0.8,1.0,1.8,1.34542,2.50454,2.5,1.0,2.6217,1.3973499999999999,1.5,0.5,1.10845,2.13105,7.0,7.104166666666667,2,2,12.0,14.0,1.2,0.8,6.0,4.0,1.011111111111111,1.3,0.7222222222222222,1.3,0.0,0.0,0.0,0.0,1,1,0.3702,0.8786,1.0,D
119895d9-99c9-4a44-8538-7be32657285e,e88866dd-dbe5-4489-b5cb-1a57c07e98da,2024,6,6,2024-09-28T14:00:00+00:00,1cb320b2-b42f-4131-8f5f-ef42e7f82540,db14882b-951f-4db5-860b-4ca2b8583311,Chelsea FC,Brighton & Hove Albion FC,5,5,0,0,0.0,0.0,10.0,2.0,2.2,1.0,1.8796,1.27076,9.0,1.8,1.6,0.8,1.8150400000000002,1.23988,10.0,2.0,2.2,1.0,1.8796,1.27076,9.0,1.8,1.6,0.8,1.8150400000000002,1.23988,0.5,1.5,2.0193,0.82005,2.0,0.5,1.80415,1.41165,7.104166666666667,6.041666666666667,2,2,6.0,7.0,2.0,1.8,10.0,9.0,1.597260273972603,0.726027397260274,1.1616438356164385,0.5808219178082192,0.0,0.0,0.0,0.0,4,2,3.6584,1.2071,1.0,H
d01c7974-52ff-41ce-a6b2-fe706255d19c,c512a530-6cf3-42f9-8cdf-f93f8dc47f84,2024,6,6,2024-09-28T14:00:00+00:00,60cb8be0-9c1e-4019-8b60-fd9ac2aa9f2d,74bd08fa-27db-4bb0-8490-f57f6ed6b8e9,Everton FC,Crystal Palace FC,5,5,0,0,0.0,0.0,1.0,0.2,1.0,2.8,1.2573,2.37116,3.0,0.6,0.8,1.4,1.50798,1.9789400000000001,1.0,0.2,1.0,2.8,1.2573,2.37116,3.0,0.6,0.8,1.4,1.50798,1.9789400000000001,1.0,3.0,1.4808,2.37385,1.0,1.5,0.80365,2.179,7.0,6.895833333333333,2,2,19.0,15.0,0.2,0.6,1.0,3.0,0.7105263157894737,1.989473684210526,0.5684210526315789,0.994736842105263,0.0,0.0,0.0,0.0,2,1,1.1096,1.1236,1.0,H
03046fb9-7ab1-42c0-98d2-c664a6be5295,bda35e87-6327-4286-a4a0-a1702881b21a,2024,6,6,2024-09-28T14:00:00+00:00,5421e81a-b7dd-48b1-9982-42644e8dcf9f,b552a1a6-4302-43ca-884c-0f91ac4f984b,Nottingham Forest FC,Fulham FC,5,5,0,0,0.0,0.0,9.0,1.8,1.2,0.8,1.49566,1.16012,8.0,1.6,1.4,1.0,1.93342,1.07742,9.0,1.8,1.2,0.8,1.49566,1.16012,8.0,1.6,1.4,1.0,1.93342,1.07742,1.0,1.0,1.3274,1.4234,0.5,1.0,0.8037500000000001,1.37485,6.041666666666667,7.0,2,2,8.0,9.0,1.8,1.6,9.0,8.0,0.8516129032258064,0.567741935483871,0.9935483870967741,0.7096774193548386,0.0,0.0,0.0,0.0,0,1,0.6144,1.4359,1.0,A
92b2cd54-5df2-40cc-a42a-20e591ba5600,2a744e5f-3390-4741-afbf-d45b122743d4,2024,6,6,2024-09-28T16:30:00+00:00,fbffa344-2426-4b4b-9886-b8cd56ec69a1,54ed0f97-ad19-421c-a5c2-9b9d3fcbc72d,Wolverhampton Wanderers FC,Liverpool FC,5,5,0,0,0.0,0.0,1.0,0.2,1.0,2.8,1.1842599999999999,1.78506,12.0,2.4,2.0,0.2,2.47192,0.8720000000000001,1.0,0.2,1.0,2.8,1.1842599999999999,1.78506,12.0,2.4,2.0,0.2,2.47192,0.8720000000000001,1.5,4.0,1.9439,1.7564,2.5,0.0,3.01655,0.92175,7.104166666666667,7.104166666666667,2,1,20.0,4.0,0.2,2.4,1.0,12.0,0.717948717948718,2.01025641025641,1.435897435897436,0.1435897435897436,0.0,0.0,0.0,0.0,1,2,0.7489,2.1172,1.0,A
1b1a5c43-9953-4649-a7a5-8b094c3c4d09,28dc4b05-adde-4e5d-a1dc-52f58b1a0de4,2024,6,6,2024-09-29T13:00:00+00:00,67d3236c-6589-4978-b178-f6dcf50166d4,f8f456e7-3e20-4803-ba4e-b1762a31812c,Ipswich Town FC,Aston Villa FC,5,5,0,0,0.0,0.0,3.0,0.6,0.6,1.6,0.77918,2.57024,12.0,2.4,2.0,1.4,2.33662,1.2731400000000002,3.0,0.6,0.6,1.6,0.77918,2.57024,12.0,2.4,2.0,1.4,2.33662,1.2731400000000002,0.5,1.5,0.5247999999999999,2.5589500000000003,2.0,1.0,2.4171,1.7897,7.958333333333333,7.958333333333333,1,1,18.0,5.0,0.6,2.4,3.0,12.0,0.43018867924528303,1.147169811320755,1.4339622641509435,1.0037735849056604,0.0,0.0,0.0,0.0,2,2,1.8461,1.1449,1.0,D
7416af62-64b3-4368-a0ec-b7a760fd32db,5523824e-e89b-4d99-94b8-9fa7f49f777b,2024,6,6,2024-09-29T15:30:00+00:00,48fc005c-cbfc-4e4d-b7f1-459dce6cf940,c23d6b7a-dfaf-44a3-b016-1feb2dddec44,Manchester United FC,Tottenham Hotspur FC,5,5,0,0,0.0,0.0,7.0,1.4,1.0,1.0,2.04134,1.53788,7.0,1.4,1.8,1.0,2.06792,1.05528,7.0,1.4,1.0,1.0,2.04134,1.53788,7.0,1.4,1.8,1.0,2.06792,1.05528,0.5,1.5,1.7717999999999998,1.26135,1.0,1.5,1.5204,1.3065,7.958333333333333,8.0625,1,1,11.0,10.0,1.4,1.4,7.0,7.0,0.7116564417177914,0.7116564417177914,1.2809815950920247,0.7116564417177914,0.0,0.0,0.0,0.0,0,3,0.6007,5.4072,1.0,A
4da65d4f-6c2e-409b-9585-9b3ea392443a,fdc9b235-00e3-4f8b-92fc-564684f39a03,2024,6,6,2024-09-30T19:00:00+00:00,6601a105-9986-4276-89bf-143cdf03198a,f5c6f090-f823-4206-a821-17c11d35de43,AFC Bournemouth,Southampton FC,5,5,0,0,0.0,0.0,5.0,1.0,1.0,1.6,2.0816600000000003,1.81266,1.0,0.2,0.4,1.8,1.61418,2.3666,5.0,1.0,1.0,1.6,2.0816600000000003,1.81266,1.0,0.2,0.4,1.8,1.61418,2.3666,0.5,1.0,2.0362,1.4128,0.5,2.0,1.80095,2.1481500000000002,9.208333333333334,9.208333333333334,1,1,13.0,19.0,1.0,0.2,5.0,1.0,0.7108433734939759,1.1373493975903615,0.28433734939759037,1.2795180722891566,0.0,0.0,0.0,0.0,3,1,1.4422,0.6961,1.0,H
6c65a9eb-03ab-45bf-a5d0-3a4cfc056815,832f956e-c739-4338-b7ab-22d1715a7fca,2024,7,7,2024-10-05T11:30:00+00:00,74bd08fa-27db-4bb0-8490-f57f6ed6b8e9,54ed0f97-ad19-421c-a5c2-9b9d3fcbc72d,Crystal Palace FC,Liverpool FC,6,6,0,0,0.0,0.0,3.0,0.6,0.8,1.4,1.50318,1.92474,12.0,2.4,2.0,0.4,2.10954,0.95326,3.0,0.5,0.8333333333333334,1.5,1.4439166666666665,1.8340500000000002,15.0,2.5,2.0,0.3333333333333333,2.4128000000000003,0.8514833333333334,0.6666666666666666,1.3333333333333333,1.9775333333333334,1.8455666666666666,2.3333333333333335,0.3333333333333333,2.7167666666666666,0.8641333333333333,6.895833333333333,6.791666666666667,2,2,18.0,1.0,0.5,2.5,3.0,15.0,0.5882352941176471,1.0588235294117647,1.4117647058823528,0.2352941176470588,0.0,0.0,0.0,0.0,0,1,0.6095,2.0733,1.0,A
86e8dbd4-936c-4bb9-9ec6-04eac876dab7,780a658c-6c81-406c-8258-a7040d175e6d,2024,7,7,2024-10-05T14:00:00+00:00,ead1bc2e-8799-410a-a809-66a274bbab2c,f5c6f090-f823-4206-a821-17c11d35de43,Arsenal FC,Southampton FC,6,6,0,0,0.0,0.0,11.0,2.2,2.0,1.0,2.45802,1.4041000000000001,1.0,0.2,0.6,2.2,1.3624399999999999,2.56834,14.0,2.3333333333333335,2.0,0.8333333333333334,2.319733333333333,1.26605,1.0,0.16666666666666666,0.5,2.0,1.4611666666666665,2.2125333333333335,2.3333333333333335,1.0,3.3664666666666663,0.9104,0.6666666666666666,2.3333333333333335,1.4326666666666668,1.9128333333333334,7.0,4.791666666666667,2,2,3.0,19.0,2.3333333333333335,0.16666666666666666,14.0,1.0,1.4269005847953218,0.594541910331384,0.35672514619883045,1.4269005847953218,0.0,0.0,0.0,0.0,3,1,3.2517,1.2731,1.0,H
e7f601fb-3236-4d67-84cf-d36bd1c92f43,17698c74-10fe-4b64-90f9-99dc4d12e33d,2024,7,7,2024-10-05T14:00:00+00:00,66a313d1-2e21-49ad-a1c7-6f04cae6be69,fbffa344-2426-4b4b-9886-b8cd56ec69a1,Brentford FC,Wolverhampton Wanderers FC,6,6,0,0,0.0,0.0,4.0,0.8,1.2,1.8,1.32694,2.13842,1.0,0.2,1.2,2.8,1.21888,1.8828399999999998,7.0,1.1666666666666667,1.3333333333333333,1.6666666666666667,1.3358833333333333,1.9732833333333335,1.0,0.16666666666666666,1.0,2.6666666666666665,1.1117,1.8404166666666668,2.0,1.0,1.8712,1.2244333333333335,0.6666666666666666,2.0,0.6778333333333334,1.8041666666666665,7.0,6.895833333333333,2,2,12.0,19.0,1.1666666666666667,0.16666666666666666,7.0,1.0,0.9447619047619047,1.180952380952381,0.7085714285714285,1.8895238095238094,0.0,0.0,0.0,0.0,5,3,4.1351,0.6963,1.0,H
53b5ebfb-6815-437c-8c1d-4164440257ff,d2e7f695-0f77-4a7e-a01a-025848633c47,2024,7,7,2024-10-05T14:00:00+00:00,618e770e-c6ac-4c3f-9994-bd2160f675bc,6601a105-9986-4276-89bf-143cdf03198a,Leicester City FC,AFC Bournemouth,6,6,0,0,0.0,0.0,2.0,0.4,1.4,2.2,0.9918800000000001,2.97804,7.0,1.4,1.4,1.6,1.98826,1.70306,3.0,0.5,1.3333333333333333,2.0,0.9975833333333334,2.716333333333333,8.0,1.3333333333333333,1.3333333333333333,1.5,1.9750833333333333,1.6265666666666665,1.0,1.3333333333333333,1.0462333333333333,1.7985,1.3333333333333333,2.0,2.111966666666667,2.0792333333333333,7.0,4.791666666666667,2,2,17.0,12.0,0.5,1.3333333333333333,3.0,8.0,0.9180327868852459,1.3770491803278688,0.9180327868852459,1.0327868852459017,0.0,0.0,0.0,0.0,1,0,0.9121,1.9496,1.0,H
c92b4955-8541-4998-8b02-6682d347ac9a,9740e39a-4e81-47f6-a25c-f9ad9a3d6ffc,2024,7,7,2024-10-05T14:00:00+00:00,33d2f100-682f-4a5e-9aa3-5cc57e1e8571,b552a1a6-4302-43ca-884c-0f91ac4f984b,Manchester City FC,Fulham FC,6,6,0,0,0.0,0.0,11.0,2.2,2.4,1.2,2.36902,1.02112,11.0,2.2,1.6,0.8,2.13686,0.7917599999999999,14.0,2.3333333333333335,2.3333333333333335,1.0,2.1709166666666664,1.0278,11.0,1.8333333333333333,1.3333333333333333,0.8333333333333334,1.8505,1.00025,2.6666666666666665,1.3333333333333333,2.4623,0.9383333333333334,0.6666666666666666,0.6666666666666666,1.0144666666666666,1.1213666666666666,7.104166666666667,7.0,2,2,3.0,6.0,2.3333333333333335,1.8333333333333333,14.0,11.0,1.6231884057971016,0.6956521739130435,0.9275362318840579,0.5797101449275363,0.0,0.0,0.0,0.0,3,2,1.3668,2.7585,1.0,H
995dcdd3-350b-420b-9f28-2943454d5178,cafc60dc-7b3e-436e-ae62-328641a2fd6b,2024,7,7,2024-10-05T14:00:00+00:00,21ec0474-e758-4563-97a9-912aab00b4f5,67d3236c-6589-4978-b178-f6dcf50166d4,West Ham United FC,Ipswich Town FC,6,6,0,0,0.0,0.0,5.0,1.0,1.0,1.6,0.9602,2.04452,4.0,0.8,1.0,1.6,1.07988,2.0134,5.0,0.8333333333333334,1.0,1.6666666666666667,1.2676166666666666,2.148816666666667,4.0,0.6666666666666666,0.8333333333333334,1.6666666666666667,0.957,2.332683333333333,0.6666666666666666,2.6666666666666665,1.5034,2.7535333333333334,0.6666666666666666,1.6666666666666667,0.9487666666666668,2.5777666666666668,7.0,6.041666666666667,1,2,15.0,16.0,0.8333333333333334,0.6666666666666666,5.0,4.0,0.6878306878306879,1.146384479717813,0.5731922398589065,1.146384479717813,0.0,0.0,0.0,0.0,4,1,4.394,1.1846,1.0,H
b1ae2e47-b190-49a9-845e-73dd54821c78,86686635-8a32-4349-8926-ac5be8bf75f0,2024,7,7,2024-10-05T16:30:00+00:00,60cb8be0-9c1e-4019-8b60-fd9ac2aa9f2d,c4045d6d-a715-4821-a800-cd9b505ad54b,Everton FC,Newcastle United FC,6,6,0,0,0.0,0.0,4.0,0.8,1.4,2.4,1.39816,2.2377200000000004,8.0,1.6,1.4,1.4,1.48086,2.02288,4.0,0.6666666666666666,1.1666666666666667,2.5,1.2326833333333334,2.1632333333333333,11.0,1.8333333333333333,1.3333333333333333,1.1666666666666667,1.3063,2.0115333333333334,1.3333333333333333,2.3333333333333335,1.3570666666666664,1.9570999999999998,1.3333333333333333,1.6666666666666667,1.4913333333333334,2.4053999999999998,7.104166666666667,7.208333333333333,1,1,16.0,7.0,0.6666666666666666,1.8333333333333333,4.0,11.0,0.7938144329896908,1.7010309278350515,0.9072164948453607,0.7938144329896908,0.0,0.0,0.0,0.0,0,0,0.6922,1.7905,1.0,D
c7f4e4f0-aeaf-44ee-b373-30acbe54f871,c172f170-2e16-46fc-a9c9-1255b872cc67,2024,7,7,2024-10-06T13:00:00+00:00,f8f456e7-3e20-4803-ba4e-b1762a31812c,48fc005c-cbfc-4e4d-b7f1-459dce6cf940,Aston Villa FC,Manchester United FC,6,6,0,0,0.0,0.0,10.0,2.0,2.0,1.6,2.03154,1.08142,4.0,0.8,0.8,1.6,1.75294,2.53558,13.0,2.1666666666666665,2.0,1.5,2.138,1.3686333333333334,7.0,1.1666666666666667,0.8333333333333334,1.3333333333333333,1.8012333333333332,2.1827666666666667,2.0,1.6666666666666667,2.2829666666666664,0.9287666666666666,1.3333333333333333,0.6666666666666666,2.221033333333333,1.7222333333333335,7.0,6.895833333333333,1,1,5.0,14.0,2.1666666666666665,1.1666666666666667,13.0,7.0,1.3814432989690721,1.0360824742268042,0.5756013745704468,0.9209621993127147,0.0,0.0,0.0,0.0,0,0,0.5328,0.4485,1.0,D
b5e9dbf3-09bf-4af8-a172-c04f8a653a2d,fb048e39-86f7-485e-bd9e-c08eafb21aaf,2024,7,7,2024-10-06T13:00:00+00:00,1cb320b2-b42f-4131-8f5f-ef42e7f82540,5421e81a-b7dd-48b1-9982-42644e8dcf9f,Chelsea FC,Nottingham Forest FC,6,6,0,0,0.0,0.0,13.0,2.6,3.0,1.0,2.39904,1.2761,8.0,1.6,1.0,0.8,1.3697199999999998,1.06546,13.0,2.1666666666666665,2.5,1.1666666666666667,2.176066666666667,1.26015,9.0,1.5,1.0,0.8333333333333334,1.3487833333333334,1.2060833333333334,1.6666666666666667,1.6666666666666667,2.5656666666666665,0.9490666666666666,1.3333333333333333,0.6666666666666666,1.6078333333333334,0.9846,7.958333333333333,7.958333333333333,1,2,5.0,11.0,2.1666666666666665,1.5,13.0,9.0,1.7525773195876289,0.8178694158075601,0.7010309278350515,0.584192439862543,0.0,0.0,0.0,0.0,1,1,2.2775,1.6665,1.0,D
05bf0c39-f3d8-465f-a5d4-2a118c037a6e,8f0c0622-34e5-4325-96fd-9ef2764f3c53,2024,7,7,2024-10-06T15:30:00+00:00,db14882b-951f-4db5-860b-4ca2b8583311,c23d6b7a-dfaf-44a3-b016-1feb2dddec44,Brighton & Hove Albion FC,Tottenham Hotspur FC,6,6,0,0,0.0,0.0,6.0,1.2,1.4,1.6,1.6983000000000001,1.8905,9.0,1.8,2.2,0.8,2.8678,0.9702,9.0,1.5,1.6666666666666667,1.3333333333333333,1.7137166666666666,1.642966666666667,10.0,1.6666666666666667,2.0,0.8333333333333334,2.6244666666666667,0.9795166666666667,1.3333333333333333,1.0,1.8223,1.1253666666666666,1.6666666666666667,1.0,2.8160000000000003,1.0712333333333335,8.0625,7.0,1,1,11.0,8.0,1.5,1.6666666666666667,9.0,10.0,1.1734693877551021,0.9387755102040816,1.4081632653061225,0.5867346938775511,0.0,0.0,0.0,0.0,3,2,1.9722,1.0928,1.0,H
e1a08b3a-3bc7-46ae-a676-76580c805f5f,5aa4a65b-d24e-4431-83a5-221f78dc668a,2024,8,8,2024-10-19T11:30:00+00:00,c23d6b7a-dfaf-44a3-b016-1feb2dddec44,21ec0474-e758-4563-97a9-912aab00b4f5,Tottenham Hotspur FC,West Ham United FC,7,7,0,0,0.0,0.0,6.0,1.2,1.8,1.4,2.5640799999999997,1.2348599999999998,5.0,1.0,1.4,1.8,1.53216,2.00622,10.0,1.4285714285714286,2.0,1.1428571428571428,2.405657142857143,1.1213285714285715,8.0,1.1428571428571428,1.4285714285714286,1.5714285714285714,1.7142428571428572,2.011071428571429,2.3333333333333335,0.6666666666666666,2.432933333333333,0.8878,1.3333333333333333,0.6666666666666666,1.0318333333333334,1.5441,12.833333333333334,13.895833333333334,1,1,9.0,12.0,1.4285714285714286,1.1428571428571428,10.0,8.0,1.3930348258706469,0.7960199004975124,0.9950248756218906,1.0945273631840795,0.0,0.0,0.0,0.0,4,1,1.4405,0.8588,1.0,H
5a07caec-94e1-4911-b923-ae11942b1b6a,dc58a30b-fb36-49f6-a187-84842b71149a,2024,8,8,2024-10-19T14:00:00+00:00,b552a1a6-4302-43ca-884c-0f91ac4f984b,f8f456e7-3e20-4803-ba4e-b1762a31812c,Fulham FC,Aston Villa FC,7,7,0,0,0.0,0.0,8.0,1.6,1.6,1.2,2.29612,0.8937199999999998,11.0,2.2,2.0,1.2,1.87478,0.88832,11.0,1.5714285714285714,1.4285714285714286,1.1428571428571428,1.9802142857142857,1.0526142857142857,14.0,2.0,1.7142857142857142,1.2857142857142858,1.908685714285714,1.237185714285714,2.0,1.0,2.686533333333333,0.8791333333333333,2.0,1.3333333333333333,1.9930333333333332,1.8085000000000002,14.0,13.041666666666666,1,1,9.0,5.0,1.5714285714285714,2.0,11.0,14.0,0.984743411927878,0.7877947295423022,1.1816920943134535,0.8862690707350902,0.0,0.0,0.0,0.0,1,3,2.6307,1.436,1.0,A
c6b8e133-8243-4313-8e9f-410a7b92a7ad,2d93ef59-a276-4e29-a068-d61a8b8ba067,2024,8,8,2024-10-19T14:00:00+00:00,c4045d6d-a715-4821-a800-cd9b505ad54b,db14882b-951f-4db5-860b-4ca2b8583311,Newcastle United FC,Brighton & Hove Albion FC,7,7,0,0,0.0,0.0,8.0,1.6,1.2,1.2,1.46038,1.6542999999999999,6.0,1.2,1.6,1.8,1.6644400000000001,1.8519400000000001,12.0,1.7142857142857142,1.1428571428571428,1.0,1.3754714285714285,1.823057142857143,12.0,1.7142857142857142,1.8571428571428572,1.4285714285714286,1.7506428571428572,1.5643714285714285,1.3333333333333333,0.6666666666666666,1.1212666666666666,1.6176666666666666,2.0,1.6666666666666667,1.6051333333333335,2.1605666666666665,13.895833333333334,12.9375,1,1,8.0,7.0,1.7142857142857142,1.7142857142857142,12.0,12.0,0.7836734693877551,0.6857142857142857,1.2734693877551022,0.979591836734694,0.0,0.0,0.0,0.0,0,1,1.9366,1.6779,1.0,A
90ccaf6b-67fd-441c-b418-9dbe86842130,a6f6e535-c7a6-4c09-a1e9-320a446ec515,2024,8,8,2024-10-19T14:00:00+00:00,f5c6f090-f823-4206-a821-17c11d35de43,618e770e-c6ac-4c3f-9994-bd2160f675bc,Southampton FC,Leicester City FC,7,7,0,0,0.0,0.0,1.0,0.2,0.8,2.6,1.57406,2.64572,5.0,1.0,1.4,1.8,1.0029,2.97552,1.0,0.14285714285714285,0.5714285714285714,2.142857142857143,1.4343000000000001,2.3609857142857145,6.0,0.8571428571428571,1.2857142857142858,1.7142857142857142,0.9853714285714286,2.6068,0.3333333333333333,1.6666666666666667,1.4896666666666667,2.512233333333333,1.6666666666666667,2.6666666666666665,0.9489333333333333,3.6341666666666668,14.0,14.0,1,1,19.0,15.0,0.14285714285714285,0.8571428571428571,1.0,6.0,0.39539607312119157,1.4827352742044684,0.8896411645226812,1.1861882193635747,0.0,0.0,0.0,0.0,2,3,2.4278,2.8383,1.0,A
a17de415-634b-4301-b698-88ee959d63b8,71f74ca3-549e-427e-b8e1-c25093cbc03b,2024,8,8,2024-10-19T14:00:00+00:00,67d3236c-6589-4978-b178-f6dcf50166d4,60cb8be0-9c1e-4019-8b60-fd9ac2aa9f2d,Ipswich Town FC,Everton FC,7,7,0,0,0.0,0.0,4.0,0.8,1.0,1.6,1.2208,2.27656,5.0,1.0,1.4,1.6,1.40682,2.07354,4.0,0.5714285714285714,0.8571428571428571,2.0,0.9895142857142858,2.627157142857143,5.0,0.7142857142857143,1.0,2.142857142857143,1.1554714285714287,2.109985714285714,1.0,1.6666666666666667,0.9652333333333334,2.0876,1.0,2.6666666666666665,1.1083,2.3693666666666666,14.0,13.895833333333334,1,1,17.0,16.0,0.5714285714285714,0.7142857142857143,4.0,5.0,0.5873015873015873,1.3703703703703705,0.6851851851851852,1.4682539682539681,0.0,0.0,0.0,0.0,0,2,1.174,1.608,1.0,A
b2923d33-9403-46af-bf82-3fb0efeb0b16,7bdd7204-ba6a-4470-a5d5-f286bf115395,2024,8,8,2024-10-19T14:00:00+00:00,48fc005c-cbfc-4e4d-b7f1-459dce6cf940,66a313d1-2e21-49ad-a1c7-6f04cae6be69,Manchester United FC,Brentford FC,7,7,0,0,0.0,0.0,5.0,1.0,0.6,1.2,1.58552,2.2138400000000003,7.0,1.4,2.2,2.0,2.06252,1.7339200000000001,8.0,1.1428571428571428,0.7142857142857143,1.1428571428571428,1.6079857142857144,1.9470571428571428,10.0,1.4285714285714286,1.8571428571428572,1.8571428571428572,1.7357714285714287,1.7908571428571427,0.3333333333333333,2.0,1.381433333333333,2.6433,0.6666666666666666,2.3333333333333335,0.8005666666666666,2.7221333333333333,13.041666666666666,14.0,1,1,14.0,11.0,1.1428571428571428,1.4285714285714286,8.0,10.0,0.49148099606815204,0.7863695937090431,1.2778505897771952,1.2778505897771952,0.0,0.0,0.0,0.0,2,1,1.7656,0.8928,1.0,H
af649362-6e1a-4ec8-95d2-f23791b22745,fd0e8c45-1830-45a1-b896-9e50ff29dd30,2024,8,8,2024-10-19T16:30:00+00:00,6601a105-9986-4276-89bf-143cdf03198a,ead1bc2e-8799-410a-a809-66a274bbab2c,AFC Bournemouth,Arsenal FC,7,7,0,0,0.0,0.0,6.0,1.2,1.2,1.6,1.8711600000000002,1.5069,11.0,2.2,2.2,1.2,2.8255600000000003,1.3954,8.0,1.1428571428571428,1.1428571428571428,1.4285714285714286,1.9714428571428573,1.5245,17.0,2.4285714285714284,2.142857142857143,0.8571428571428571,2.4528714285714286,1.2670571428571427,1.3333333333333333,1.0,1.8381999999999998,1.1739,1.6666666666666667,0.6666666666666666,1.273,1.6217,14.104166666666666,14.104166666666666,0,0,14.0,3.0,1.1428571428571428,2.4285714285714284,8.0,17.0,0.7860374919198448,0.982546864899806,1.473820297349709,0.5895281189398835,0.0,0.0,0.0,0.0,2,0,2.1842,0.7408,1.0,H
dc607d1d-cd7f-4fd8-aa26-90535d66c079,b392d1a3-5cad-4641-879b-fa0fddc42f27,2024,8,8,2024-10-20T13:00:00+00:00,fbffa344-2426-4b4b-9886-b8cd56ec69a1,33d2f100-682f-4a5e-9aa3-5cc57e1e8571,Wolverhampton Wanderers FC,Manchester City FC,7,7,0,0,0.0,0.0,1.0,0.2,1.4,2.6,0.8745200000000001,2.30398,11.0,2.2,2.2,1.4,2.02674,1.47682,1.0,0.14285714285714285,1.2857142857142858,3.0,1.052357142857143,2.1682285714285716,17.0,2.4285714285714284,2.4285714285714284,1.1428571428571428,2.0560428571428573,1.2750428571428571,1.3333333333333333,3.3333333333333335,1.5455666666666668,1.8766666666666667,2.0,0.6666666666666666,1.8795333333333335,1.1172666666666666,14.958333333333334,14.958333333333334,0,0,19.0,2.0,0.14285714285714285,2.4285714285714284,1.0,17.0,0.8878923766816145,2.071748878923767,1.6771300448430493,0.7892376681614349,0.0,0.0,0.0,0.0,1,2,0.7612,1.3657,1.0,A
4f10616e-da86-4058-bfcf-7b328346b5c7,7f1529bf-9b9f-4d23-9955-53c7733f6a60,2024,8,8,2024-10-20T15:30:00+00:00,54ed0f97-ad19-421c-a5c2-9b9d3fcbc72d,1cb320b2-b42f-4131-8f5f-ef42e7f82540,Liverpool FC,Chelsea FC,7,7,0,0,0.0,0.0,12.0,2.4,1.8,0.4,1.9804400000000002,0.9837199999999999,11.0,2.2,2.0,0.8,2.44866,1.12578,18.0,2.5714285714285716,1.8571428571428572,0.2857142857142857,2.3643,0.8169142857142857,14.0,2.0,2.2857142857142856,1.1428571428571428,2.1905571428571426,1.3181999999999998,1.6666666666666667,0.3333333333333333,2.1088333333333336,0.8388333333333334,3.3333333333333335,0.6666666666666666,1.7864666666666666,1.5712333333333335,15.166666666666666,14.104166666666666,0,0,2.0,6.0,2.5714285714285716,2.0,18.0,14.0,1.281921618204804,0.19721871049304676,1.577749683944374,0.788874841972187,0.0,0.0,0.0,0.0,2,1,2.2252,1.339,1.0,H
70f2e3e7-b966-4fdf-915a-44cf9f2e84fd,92426d47-983f-4c7d-9c15-443ca50f4c36,2024,8,8,2024-10-21T19:00:00+00:00,5421e81a-b7dd-48b1-9982-42644e8dcf9f,74bd08fa-27db-4bb0-8490-f57f6ed6b8e9,Nottingham Forest FC,Crystal Palace FC,7,7,0,0,0.0,0.0,6.0,1.2,1.0,1.0,1.1300599999999998,1.47796,3.0,0.6,0.8,1.2,1.34986,2.03256,10.0,1.4285714285714286,1.0,0.8571428571428571,1.3941714285714286,1.359142857142857,3.0,0.42857142857142855,0.7142857142857143,1.4285714285714286,1.3247142857142857,1.8682285714285716,0.6666666666666666,1.0,1.0897333333333334,1.4275666666666667,1.0,1.6666666666666667,0.9103,1.8225333333333333,15.25,16.3125,0,0,12.0,18.0,1.4285714285714286,0.42857142857142855,10.0,3.0,0.6899563318777293,0.5913911416094823,0.4928259513412352,0.9856519026824704,0.0,0.0,0.0,0.0,1,0,1.8857,0.835,1.0,H
2ea3edae-22c7-4933-9f63-68fb913e204d,91cc55c1-3b9f-45dc-a2da-ad55d978d4d3,2024,9,9,2024-10-25T19:00:00+00:00,618e770e-c6ac-4c3f-9994-bd2160f675bc,5421e81a-b7dd-48b1-9982-42644e8dcf9f,Leicester City FC,Nottingham Forest FC,8,8,0,0,0.0,0.0,8.0,1.6,1.8,1.8,1.41562,3.0283,8.0,1.6,1.0,0.8,1.22506,1.45744,9.0,1.125,1.5,1.75,1.2169874999999999,2.584425,13.0,1.625,1.0,0.75,1.4556125,1.293625,1.0,1.0,1.0127000000000002,1.836275,1.25,0.75,1.6225,1.307825,6.208333333333333,4.0,1,1,14.0,8.0,1.125,1.625,9.0,13.0,1.0434782608695652,1.2173913043478262,0.6956521739130435,0.5217391304347826,0.0,0.0,0.0,0.0,1,3,0.8324,2.5449,1.0,A
364067fe-9651-4a82-bc20-2c6ca7a18a75,a0a779a2-5b7d-48dc-adcd-71e59958c7e1,2024,9,9,2024-10-26T14:00:00+00:00,f8f456e7-3e20-4803-ba4e-b1762a31812c,6601a105-9986-4276-89bf-143cdf03198a,Aston Villa FC,AFC Bournemouth,8,8,0,0,0.0,0.0,11.0,2.2,2.2,1.2,1.7291999999999998,1.25952,6.0,1.2,1.0,1.2,1.71662,1.1438000000000001,17.0,2.125,1.875,1.25,1.8496,1.411375,11.0,1.375,1.25,1.25,1.9980375000000001,1.4265375,1.5,1.25,1.8454249999999999,0.8087,1.0,1.75,2.071375,1.78745,7.0,6.895833333333333,1,1,4.0,11.0,2.125,1.375,17.0,11.0,1.2980769230769231,0.8653846153846154,0.8653846153846154,0.8653846153846154,0.0,0.0,0.0,0.0,1,1,1.974,0.3287,1.0,D
a26ce02f-ef92-4fb3-a0dc-89335fda99b2,34d3de9d-0e9d-4899-91d7-4e56dbe9198f,2024,9,9,2024-10-26T14:00:00+00:00,db14882b-951f-4db5-860b-4ca2b8583311,fbffa344-2426-4b4b-9886-b8cd56ec69a1,Brighton & Hove Albion FC,Wolverhampton Wanderers FC,8,8,0,0,0.0,0.0,8.0,1.6,1.6,1.6,1.6365200000000002,1.75566,0.0,0.0,1.4,2.8,0.83924,2.29498,15.0,1.875,1.75,1.25,1.74155,1.6109,1.0,0.125,1.25,2.875,1.0159625,2.0679125000000003,1.75,1.25,1.859775,1.117225,1.25,2.75,0.68245,2.3869000000000002,7.0,6.041666666666667,1,1,6.0,20.0,1.875,0.125,15.0,1.0,1.2161016949152543,0.8686440677966102,0.8686440677966102,1.9978813559322035,0.0,0.0,0.0,0.0,2,2,1.5135,1.1107,1.0,D
84513619-8249-4d94-b2a7-aff8e071dd8c,6b1c6283-57a8-496c-948a-751af5f61048,2024,9,9,2024-10-26T14:00:00+00:00,33d2f100-682f-4a5e-9aa3-5cc57e1e8571,f5c6f090-f823-4206-a821-17c11d35de43,Manchester City FC,Southampton FC,8,8,0,0,0.0,0.0,11.0,2.2,2.0,1.4,1.66128,1.4396200000000001,1.0,0.2,1.0,2.6,1.7302,2.44082,20.0,2.5,2.375,1.125,1.96975,1.2108125,1.0,0.125,0.75,2.25,1.5584875,2.4206499999999997,2.75,1.5,2.188425,1.393375,0.75,2.5,1.392775,2.24755,6.041666666666667,7.0,1,1,2.0,20.0,2.5,0.125,20.0,1.0,1.6427083333333334,0.778125,0.51875,1.55625,0.0,0.0,0.0,0.0,1,0,3.1629,0.37,1.0,H
a8daa543-2cd4-4f0a-a71e-e63801cba054,d825b14c-71d1-48fa-93d8-76c0d601baf8,2024,9,9,2024-10-26T14:00:00+00:00,66a313d1-2e21-49ad-a1c7-6f04cae6be69,67d3236c-6589-4978-b178-f6dcf50166d4,Brentford FC,Ipswich Town FC,8,8,0,0,0.0,0.0,4.0,0.8,1.8,2.2,1.46852,1.75762,3.0,0.6,0.8,1.8,1.3142,2.3604,10.0,1.25,1.75,1.875,1.6304,1.7877,4.0,0.5,0.75,2.0,1.012575,2.4997625,2.75,1.5,2.4371750000000003,1.0924,0.75,2.25,1.007725,3.031825,7.0,7.0,1,1,13.0,17.0,1.25,0.5,10.0,4.0,1.2199170124481327,1.3070539419087137,0.5228215767634855,1.3941908713692945,0.0,0.0,0.0,0.0,4,3,4.0966,1.657,1.0,H
1ff43e1d-b922-4787-8918-0fd0bbf2308c,66901484-d04c-4e03-b2dd-53d55cbdad06,2024,9,9,2024-10-26T16:30:00+00:00,60cb8be0-9c1e-4019-8b60-fd9ac2aa9f2d,b552a1a6-4302-43ca-884c-0f91ac4f984b,Everton FC,Fulham FC,8,8,0,0,0.0,0.0,8.0,1.6,1.4,1.0,1.21716,1.7169599999999998,7.0,1.4,1.6,1.6,2.5845,1.03952,8.0,1.0,1.125,1.875,1.2120375,1.9929875,11.0,1.375,1.375,1.375,2.061525,1.1005375,1.0,1.75,1.19085,1.9154499999999999,1.0,1.25,1.450475,1.182725,7.104166666666667,7.104166666666667,1,1,16.0,12.0,1.0,1.375,8.0,11.0,0.7711693548387097,1.2852822580645162,0.9425403225806452,0.9425403225806452,0.0,0.0,0.0,0.0,1,1,0.8848,1.4953,1.0,D
93368694-a8ce-4160-af2c-1496ae0e5da8,cc1b888e-aac9-4ec7-8f13-cf364c4e9bf3,2024,9,9,2024-10-27T14:00:00+00:00,1cb320b2-b42f-4131-8f5f-ef42e7f82540,c4045d6d-a715-4821-a800-cd9b505ad54b,Chelsea FC,Newcastle United FC,8,8,0,0,0.0,0.0,10.0,2.0,2.0,1.0,2.12098,1.47888,5.0,1.0,0.8,1.2,1.5303200000000001,1.6632799999999999,14.0,1.75,2.125,1.25,2.0841125,1.431575,12.0,1.5,1.0,1.0,1.4456125,1.8049125,1.5,1.5,2.4936249999999998,1.128425,1.0,1.25,1.566125,1.9770999999999999,6.9375,8.0,1,1,7.0,12.0,1.75,1.5,14.0,12.0,1.4620000000000002,0.8600000000000001,0.6880000000000001,0.6880000000000001,0.0,0.0,0.0,0.0,2,1,1.6179,1.7423,1.0,H
27bdc0e5-f54d-450a-8500-9a26db36e778,0a5cc425-f1cd-420f-8123-e357d3c23cbe,2024,9,9,2024-10-27T14:00:00+00:00,21ec0474-e758-4563-97a9-912aab00b4f5,48fc005c-cbfc-4e4d-b7f1-459dce6cf940,West Ham United FC,Manchester United FC,8,8,0,0,0.0,0.0,5.0,1.0,1.4,2.0,1.51448,1.65572,8.0,1.6,1.0,0.8,1.6384599999999998,1.9716,8.0,1.0,1.375,1.875,1.6073125,1.93975,11.0,1.375,0.875,1.125,1.6276875,1.815275,1.5,2.25,2.22605,2.3613,1.0,0.5,1.7779,1.4248750000000001,8.104166666666666,8.0,1,1,16.0,13.0,1.0,1.375,8.0,11.0,0.9456521739130435,1.2895256916996047,0.6017786561264822,0.7737154150197628,0.0,0.0,0.0,0.0,2,1,2.9931,2.626,1.0,H
61de4c1b-5c27-4f71-b48e-8d7845bf0fad,05cc6e68-97aa-4cd2-8600-c4eaa99c3260,2024,9,9,2024-10-27T14:00:00+00:00,74bd08fa-27db-4bb0-8490-f57f6ed6b8e9,c23d6b7a-dfaf-44a3-b016-1feb2dddec44,Crystal Palace FC,Tottenham Hotspur FC,8,8,0,0,0.0,0.0,2.0,0.4,0.6,1.2,1.42492,1.81422,9.0,1.8,2.4,1.2,2.52558,1.08924,3.0,0.375,0.625,1.375,1.2635,1.8704125,13.0,1.625,2.25,1.125,2.2850125,1.0885125,0.5,1.25,1.6355250000000001,1.9025,1.75,1.5,2.3851999999999998,1.296475,5.791666666666667,8.104166666666666,1,1,18.0,8.0,0.375,1.625,3.0,13.0,0.4296875,0.9453125,1.546875,0.7734375,0.0,0.0,0.0,0.0,1,0,0.9786,1.0192,1.0,H
5b0bc4c0-6518-480c-967d-fa11fce67668,812b7fd7-9e72-4c21-9b71-e26b707eb6c3,2024,9,9,2024-10-27T16:30:00+00:00,ead1bc2e-8799-410a-a809-66a274bbab2c,54ed0f97-ad19-421c-a5c2-9b9d3fcbc72d,Arsenal FC,Liverpool FC,8,8,0,0,0.0,0.0,10.0,2.0,2.0,1.4,2.49012,1.46874,12.0,2.4,1.6,0.6,2.00468,0.9513400000000001,17.0,2.125,1.875,1.0,2.2388625,1.3817,21.0,2.625,1.875,0.375,2.3469125,0.882175,2.5,1.0,3.337775,1.001075,2.0,0.25,2.5559000000000003,0.800475,8.0,7.041666666666667,1,1,5.0,2.0,2.125,2.625,17.0,21.0,1.2986381322957197,0.6926070038910506,1.2986381322957197,0.25972762645914393,0.0,0.0,0.0,0.0,2,2,1.0883,1.3535,1.0,D
7462ac5a-9c2e-44f0-b017-84d758059501,85bebf2c-42b7-489c-b63a-2cd9dd256f39,2024,10,10,2024-11-02T12:30:00+00:00,c4045d6d-a715-4821-a800-cd9b505ad54b,ead1bc2e-8799-410a-a809-66a274bbab2c,Newcastle United FC,Arsenal FC,9,9,0,0,0.0,0.0,2.0,0.4,0.6,1.4,1.5821,1.6929199999999998,8.0,1.6,2.2,1.8,2.4836,1.58092,12.0,1.3333333333333333,1.0,1.1111111111111112,1.4785777777777778,1.7841333333333331,18.0,2.0,1.8888888888888888,1.1111111111111112,2.111022222222222,1.3785666666666667,1.0,0.75,1.3251,1.632725,1.25,1.0,1.13995,1.7623250000000001,5.9375,5.833333333333333,2,2,12.0,3.0,1.3333333333333333,2.0,12.0,18.0,0.6896551724137931,0.7662835249042146,1.3026819923371649,0.7662835249042146,0.0,0.0,0.0,0.0,1,0,0.8597,0.9113,1.0,H
30c104d3-36ac-4d89-84ee-0924a90ebb17,7d9756ec-8326-4c2d-9ce5-0ad338a566aa,2024,10,10,2024-11-02T15:00:00+00:00,5421e81a-b7dd-48b1-9982-42644e8dcf9f,21ec0474-e758-4563-97a9-912aab00b4f5,Nottingham Forest FC,West Ham United FC,9,9,0,0,0.0,0.0,8.0,1.6,1.4,1.0,1.6161400000000001,1.38984,7.0,1.4,1.6,2.0,1.9765599999999999,1.6037199999999998,16.0,1.7777777777777777,1.2222222222222223,0.7777777777777778,1.5766444444444445,1.2423777777777778,11.0,1.2222222222222223,1.4444444444444444,1.7777777777777777,1.761288888888889,2.016,0.75,0.75,1.288725,1.279425,1.25,1.5,0.988575,1.5182,7.833333333333333,6.041666666666667,2,1,7.0,13.0,1.7777777777777777,1.2222222222222223,16.0,11.0,0.8490245971162003,0.5402883799830365,1.003392705682782,1.2349448685326547,0.0,0.0,0.0,0.0,3,0,2.3501,0.1323,1.0,H
11e02a34-cd94-4180-a776-eaf23f1124e5,036272f9-3353-417c-baf4-55c2618922d2,2024,10,10,2024-11-02T15:00:00+00:00,6601a105-9986-4276-89bf-143cdf03198a,33d2f100-682f-4a5e-9aa3-5cc57e1e8571,AFC Bournemouth,Manchester City FC,9,9,0,0,0.0,0.0,7.0,1.4,1.2,1.2,1.4749,1.35206,11.0,2.2,1.8,1.2,1.9832999999999998,1.30344,12.0,1.3333333333333333,1.2222222222222223,1.2222222222222223,1.8125555555555555,1.4873666666666667,23.0,2.5555555555555554,2.2222222222222223,1.0,2.102322222222222,1.1173888888888888,1.5,0.75,1.9247,1.065625,2.0,0.75,1.751075,1.0282499999999999,7.041666666666667,7.041666666666667,2,2,12.0,1.0,1.3333333333333333,2.5555555555555554,12.0,23.0,0.8486373165618449,0.8486373165618449,1.5429769392033543,0.6943396226415094,0.0,0.0,0.0,0.0,2,1,2.4493,2.3527,1.0,H
0a62f9ea-cd1b-4123-91a3-eb2042f23912,cbd8e252-1095-4662-9d33-1abd8c7c38d5,2024,10,10,2024-11-02T15:00:00+00:00,54ed0f97-ad19-421c-a5c2-9b9d3fcbc72d,db14882b-951f-4db5-860b-4ca2b8583311,Liverpool FC,Brighton & Hove Albion FC,9,9,0,0,0.0,0.0,13.0,2.6,2.0,0.8,2.0413,1.0511,8.0,1.6,2.0,2.0,1.58782,1.83354,22.0,2.4444444444444446,1.8888888888888888,0.5555555555555556,2.2365333333333335,0.9050777777777778,16.0,1.7777777777777777,1.7777777777777777,1.3333333333333333,1.7162111111111111,1.5553222222222223,1.75,0.5,2.137925,0.963875,1.75,1.25,1.623325,2.104575,5.9375,7.041666666666667,2,1,2.0,7.0,2.4444444444444446,1.7777777777777777,22.0,16.0,1.3109452736318408,0.3855721393034826,1.2338308457711442,0.9253731343283581,0.0,0.0,0.0,0.0,2,1,1.8104,1.0157,1.0,H
f0c9f51d-6074-4b4f-b7d7-f53f3bfbeb5f,6bccc766-d4ee-4fc6-a191-9afce816a31e,2024,10,10,2024-11-02T15:00:00+00:00,f5c6f090-f823-4206-a821-17c11d35de43,60cb8be0-9c1e-4019-8b60-fd9ac2aa9f2d,Southampton FC,Everton FC,9,9,0,0,0.0,0.0,1.0,0.2,1.0,2.2,1.53302,2.46802,9.0,1.8,1.2,0.6,1.22368,1.38426,1.0,0.1111111111111111,0.6666666666666666,2.111111111111111,1.4264333333333332,2.5031222222222222,9.0,1.0,1.1111111111111112,1.7777777777777777,1.1756777777777776,1.9376888888888888,0.75,2.0,1.7242,2.59375,1.25,2.0,1.233225,2.070525,7.041666666666667,6.9375,1,1,20.0,16.0,0.1111111111111111,1.0,1.0,9.0,0.46248462484624847,1.4645346453464536,0.7708077080770809,1.2332923329233292,0.0,0.0,0.0,0.0,1,0,0.5403,1.7858,1.0,H
4ffc0dcb-583e-4345-89d2-85324083ecb4,3727d114-e7bf-496c-8b5b-6f41994cf249,2024,10,10,2024-11-02T15:00:00+00:00,67d3236c-6589-4978-b178-f6dcf50166d4,618e770e-c6ac-4c3f-9994-bd2160f675bc,Ipswich Town FC,Leicester City FC,9,9,0,0,0.0,0.0,2.0,0.4,1.4,2.6,1.5013400000000001,2.82832,7.0,1.4,1.6,2.0,1.25172,2.95984,4.0,0.4444444444444444,1.0,2.2222222222222223,1.0841777777777777,2.677188888888889,9.0,1.0,1.4444444444444444,1.8888888888888888,1.1742555555555556,2.580033333333333,0.75,1.75,1.017425,1.9677,2.0,2.5,1.4212749999999998,3.332575,7.041666666666667,7.833333333333333,1,1,18.0,15.0,0.4444444444444444,1.0,4.0,9.0,0.6985294117647058,1.5522875816993464,1.0089869281045751,1.3194444444444444,0.0,0.0,0.0,0.0,1,1,1.3362,2.3386,1.0,D
df9e69e0-9d86-4100-8423-f962bdf50d7f,1273d8f6-eb64-41cd-b343-a496c26245f0,2024,10,10,2024-11-02T17:30:00+00:00,fbffa344-2426-4b4b-9886-b8cd56ec69a1,74bd08fa-27db-4bb0-8490-f57f6ed6b8e9,Wolverhampton Wanderers FC,Crystal Palace FC,9,9,0,0,0.0,0.0,1.0,0.2,1.6,2.8,0.76744,2.301,4.0,0.8,0.4,0.8,1.0432000000000001,1.6876799999999998,2.0,0.2222222222222222,1.3333333333333333,2.7777777777777777,1.026488888888889,2.006311111111111,6.0,0.6666666666666666,0.6666666666666666,1.2222222222222223,1.2318444444444445,1.7758333333333334,1.25,3.0,1.349475,1.7489249999999998,0.75,1.5,0.891475,1.838325,7.145833333333333,6.145833333333333,2,2,20.0,17.0,0.2222222222222222,0.6666666666666666,2.0,6.0,0.9343065693430657,1.9464720194647203,0.46715328467153283,0.856447688564477,0.0,0.0,0.0,0.0,2,2,1.6502,2.6485,1.0,D
0ca1de03-f020-4e93-80ce-b74e261c6f1f,0fea99eb-8de2-473c-95f6-8de59c6f5304,2024,10,10,2024-11-03T14:00:00+00:00,c23d6b7a-dfaf-44a3-b016-1feb2dddec44,f8f456e7-3e20-4803-ba4e-b1762a31812c,Tottenham Hotspur FC,Aston Villa FC,9,9,0,0,0.0,0.0,9.0,1.8,2.4,1.2,2.5709,1.0607799999999998,9.0,1.8,1.8,1.0,1.49224,1.15482,13.0,1.4444444444444444,2.0,1.1111111111111112,2.1443666666666665,1.0763,18.0,2.0,1.7777777777777777,1.2222222222222223,1.8634222222222223,1.2910777777777778,2.75,0.75,2.184825,0.8805499999999999,2.25,1.25,1.853775,2.01405,7.0,8.0,1,1,10.0,5.0,1.4444444444444444,2.0,13.0,18.0,1.39568345323741,0.7753796962430056,1.2406075139888089,0.8529176658673062,0.0,0.0,0.0,0.0,4,1,2.0975,2.4875,1.0,H
618b2179-e299-4e6d-b041-1821077d5478,a0015509-ee70-4ed5-bf61-56a22be12cdf,2024,10,10,2024-11-03T16:30:00+00:00,48fc005c-cbfc-4e4d-b7f1-459dce6cf940,1cb320b2-b42f-4131-8f5f-ef42e7f82540,Manchester United FC,Chelsea FC,9,9,0,0,0.0,0.0,5.0,1.0,0.6,1.2,1.55828,2.29904,10.0,2.0,2.2,1.2,2.2580199999999997,1.5198800000000001,11.0,1.2222222222222223,0.8888888888888888,1.2222222222222223,1.738611111111111,1.9461444444444445,17.0,1.8888888888888888,2.111111111111111,1.2222222222222223,2.0323111111111114,1.4661,0.75,1.75,1.477475,2.205675,2.75,1.0,1.6745999999999999,1.734725,7.104166666666667,7.104166666666667,1,1,13.0,6.0,1.2222222222222223,1.8888888888888888,11.0,17.0,0.6156262269336473,0.8464860620337652,1.4621122889674125,0.8464860620337652,0.0,0.0,0.0,0.0,1,1,2.1605,1.2107,1.0,D
364b3438-9b56-408f-898a-b13e04544b12,eb1865e2-f41d-47c7-94d3-5f7beddec089,2024,10,10,2024-11-04T20:00:00+00:00,b552a1a6-4302-43ca-884c-0f91ac4f984b,66a313d1-2e21-49ad-a1c7-6f04cae6be69,Fulham FC,Brentford FC,9,9,0,0,0.0,0.0,7.0,1.4,1.6,1.6,2.30636,1.0799400000000001,7.0,1.4,2.4,2.4,2.07766,1.7784600000000002,12.0,1.3333333333333333,1.3333333333333333,1.3333333333333333,1.9986111111111111,1.0765666666666667,13.0,1.4444444444444444,2.0,2.0,1.9044222222222222,1.7731777777777777,1.75,1.5,2.672575,1.0183499999999999,0.75,2.25,0.8236249999999999,2.483,9.145833333333334,9.25,1,1,12.0,11.0,1.3333333333333333,1.4444444444444444,12.0,13.0,0.9263157894736841,0.9263157894736841,1.3894736842105262,1.3894736842105262,0.0,0.0,0.0,0.0,2,1,1.4302,0.7392,1.0,H
607aa843-9a0e-4468-9d65-3dbd42fefba0,04c0fc8b-15fd-4234-b598-63bce2946ade,2024,11,11,2024-11-09T15:00:00+00:00,74bd08fa-27db-4bb0-8490-f57f6ed6b8e9,b552a1a6-4302-43ca-884c-0f91ac4f984b,Crystal Palace FC,Fulham FC,10,10,0,0,0.0,0.0,4.0,0.8,0.8,1.2,1.23904,1.5475999999999999,7.0,1.4,1.4,1.6,1.95012,1.00824,7.0,0.7,0.8,1.3,1.37351,1.76327,15.0,1.5,1.4,1.3,1.94177,1.04283,0.6,1.0,1.50414,1.7258400000000003,1.0,1.2,1.45944,1.12314,6.895833333333333,4.791666666666667,2,2,17.0,9.0,0.7,1.5,7.0,15.0,0.5555555555555556,0.9027777777777778,0.9722222222222222,0.9027777777777778,0.0,0.0,0.0,0.0,0,2,1.9604,2.2533,1.0,A
dd4b433f-4bcc-4b81-bb0e-a1184260e836,58f4c613-ff3f-4914-bf16-ca7cd5683b49,2024,11,11,2024-11-09T15:00:00+00:00,66a313d1-2e21-49ad-a1c7-6f04cae6be69,6601a105-9986-4276-89bf-143cdf03198a,Brentford FC,AFC Bournemouth,10,10,0,0,0.0,0.0,7.0,1.4,2.4,2.2,2.04678,1.28554,10.0,2.0,1.6,0.8,1.6707999999999998,1.33514,13.0,1.3,1.9,2.0,1.7879,1.73888,15.0,1.5,1.3,1.2,1.87623,1.5739,3.0,1.8,2.76906,1.20532,1.0,1.6,1.7228400000000001,1.82476,4.791666666666667,7.0,1,1,12.0,10.0,1.3,1.5,13.0,15.0,1.323448275862069,1.3931034482758622,0.9055172413793104,0.8358620689655173,0.0,0.0,0.0,0.0,3,2,1.5647,2.4923,1.0,H
7a1953fc-85bd-4b0e-a19a-ed2a3cc18cd1,494b5e8f-10ec-480b-b03f-a9f52983e0b8,2024,11,11,2024-11-09T15:00:00+00:00,21ec0474-e758-4563-97a9-912aab00b4f5,60cb8be0-9c1e-4019-8b60-fd9ac2aa9f2d,West Ham United FC,Everton FC,10,10,0,0,0.0,0.0,7.0,1.4,1.6,2.0,1.8513600000000001,1.59428,8.0,1.6,1.0,0.6,1.21608,1.22474,11.0,1.1,1.3,1.9,1.59839,2.04941,9.0,0.9,1.0,1.7,1.2366899999999998,1.7979500000000002,1.6,2.0,2.37946,2.4142400000000004,1.0,1.8,1.34374,1.76448,7.0,7.0,2,2,14.0,16.0,1.1,0.9,11.0,9.0,0.8989830508474577,1.3138983050847457,0.6915254237288135,1.175593220338983,0.0,0.0,0.0,0.0,0,0,1.1237,0.866,1.0,D
29119bb0-9120-482d-b3fa-0c41d822192f,78eb87fe-8035-4995-91ae-4e8f1f9e3889,2024,11,11,2024-11-09T15:00:00+00:00,fbffa344-2426-4b4b-9886-b8cd56ec69a1,f5c6f090-f823-4206-a821-17c11d35de43,Wolverhampton Wanderers FC,Southampton FC,10,10,0,0,0.0,0.0,2.0,0.4,1.8,2.6,0.99346,2.3560000000000003,3.0,0.6,1.0,2.0,1.0614599999999998,2.49618,3.0,0.3,1.4,2.7,1.08886,2.07053,4.0,0.4,0.7,1.9,1.33782,2.43139,1.4,2.8,1.4096199999999999,1.9288399999999999,0.6,2.2,1.18822,2.4306200000000002,6.895833333333333,7.0,1,1,20.0,19.0,0.3,0.4,3.0,4.0,0.9776271186440677,1.8854237288135594,0.48881355932203385,1.326779661016949,0.0,0.0,0.0,0.0,2,0,0.9128,0.7927,1.0,H
820c43f2-0825-4638-a8c8-70f230fe3716,b2bed21b-b34b-41c6-a474-261204b74e68,2024,11,11,2024-11-09T17:30:00+00:00,db14882b-951f-4db5-860b-4ca2b8583311,33d2f100-682f-4a5e-9aa3-5cc57e1e8571,Brighton & Hove Albion FC,Manchester City FC,10,10,0,0,0.0,0.0,7.0,1.4,1.8,2.0,1.47728,1.92178,10.0,2.0,1.6,1.2,1.9026600000000002,1.53648,16.0,1.6,1.7,1.4,1.64616,1.5808300000000002,23.0,2.3,2.1,1.1,2.12736,1.25058,1.8,1.4,1.7905200000000001,1.11592,1.8,1.0,1.8714,1.31246,7.104166666666667,7.104166666666667,1,1,9.0,2.0,1.6,2.3,16.0,23.0,1.1905723905723906,0.9804713804713804,1.4707070707070706,0.7703703703703704,0.0,0.0,0.0,0.0,2,1,2.8712,2.6033,1.0,H
f88b581a-154c-41a0-81fa-7afda2afc3a6,ec0ef348-9ced-422f-a174-2450af305236,2024,11,11,2024-11-09T20:00:00+00:00,54ed0f97-ad19-421c-a5c2-9b9d3fcbc72d,f8f456e7-3e20-4803-ba4e-b1762a31812c,Liverpool FC,Aston Villa FC,10,10,0,0,0.0,0.0,13.0,2.6,1.8,1.0,1.9159199999999998,0.96028,6.0,1.2,1.4,1.6,1.51504,1.4703000000000002,25.0,2.5,1.9,0.6,2.19392,0.9161400000000001,18.0,1.8,1.7,1.5,1.92583,1.37172,1.8,0.6,2.07242,0.97424,2.0,1.8,1.9805199999999998,2.03074,7.208333333333333,6.25,2,1,1.0,8.0,2.5,1.8,25.0,18.0,1.3299999999999998,0.42,1.19,1.05,0.0,0.0,0.0,0.0,2,0,2.682,1.6634,1.0,H
f0da2b58-7f6c-4637-a768-e5bd4e32ccb8,38fe26ba-ff26-4df2-8e2e-7fa74b111dfc,2024,11,11,2024-11-10T14:00:00+00:00,5421e81a-b7dd-48b1-9982-42644e8dcf9f,c4045d6d-a715-4821-a800-cd9b505ad54b,Nottingham Forest FC,Newcastle United FC,10,10,0,0,0.0,0.0,10.0,2.0,1.6,0.6,1.8123200000000002,1.10262,5.0,1.0,0.6,0.8,1.5345,1.2329,19.0,1.9,1.4,0.7,1.6539899999999998,1.13137,15.0,1.5,1.0,1.0,1.41669,1.69685,1.2,0.6,1.501,1.05,1.0,1.4,1.6013600000000001,1.9052599999999997,7.958333333333333,8.0625,1,2,3.0,12.0,1.9,1.5,19.0,15.0,0.9827814569536423,0.49139072847682114,0.7019867549668874,0.7019867549668874,0.0,0.0,0.0,0.0,1,3,1.1785,1.869,1.0,A
5e7c91c8-d468-4f57-960d-d3914269084c,f9835498-337c-4b44-940a-554bfa78574f,2024,11,11,2024-11-10T14:00:00+00:00,48fc005c-cbfc-4e4d-b7f1-459dce6cf940,618e770e-c6ac-4c3f-9994-bd2160f675bc,Manchester United FC,Leicester City FC,10,10,0,0,0.0,0.0,5.0,1.0,0.8,1.4,1.52026,2.20732,7.0,1.4,1.6,2.0,1.45186,2.86232,12.0,1.2,0.9,1.2,1.7808,1.8725999999999998,10.0,1.0,1.4,1.8,1.2906900000000001,2.45565,0.8,1.6,1.61408,2.0066800000000002,1.8,2.2,1.60474,2.9333,6.895833333333333,7.958333333333333,2,1,13.0,15.0,1.2,1.0,12.0,10.0,0.6294117647058823,0.8392156862745097,0.9790849673202613,1.2588235294117647,0.0,0.0,0.0,0.0,3,0,1.2369,0.4173,1.0,H
9fc062da-8fb9-47d4-867c-fed469bdecf2,277a12ae-3c67-43c3-ae1f-d960f7b3f2bf,2024,11,11,2024-11-10T14:00:00+00:00,c23d6b7a-dfaf-44a3-b016-1feb2dddec44,67d3236c-6589-4978-b178-f6dcf50166d4,Tottenham Hotspur FC,Ipswich Town FC,10,10,0,0,0.0,0.0,9.0,1.8,2.6,1.2,2.21144,1.3795600000000001,2.0,0.4,1.4,2.6,1.43958,2.7164200000000003,16.0,1.6,2.2,1.1,2.13968,1.21742,5.0,0.5,1.0,2.1,1.10938,2.6433299999999997,3.0,0.8,2.16736,1.20194,1.2,2.6,1.13758,3.24478,7.0,7.958333333333333,2,1,10.0,19.0,1.6,0.5,16.0,5.0,1.537864077669903,0.7689320388349515,0.6990291262135923,1.4679611650485438,0.0,0.0,0.0,0.0,1,2,1.7509,2.1839,1.0,A
3fc229da-d40d-490d-a319-66b4d24ec8c0,6e64979c-a8fb-45f9-8ee8-768538e76d8d,2024,11,11,2024-11-10T16:30:00+00:00,1cb320b2-b42f-4131-8f5f-ef42e7f82540,ead1bc2e-8799-410a-a809-66a274bbab2c,Chelsea FC,Arsenal FC,10,10,0,0,0.0,0.0,8.0,1.6,1.8,1.4,2.0207,1.80032,7.0,1.4,1.8,1.6,2.40904,1.20168,18.0,1.8,2.0,1.2,1.95015,1.53554,18.0,1.8,1.7,1.1,1.99105,1.32668,1.6,1.4,2.31848,1.2512,1.0,1.0,1.09422,1.5817999999999999,7.0,8.166666666666666,1,2,5.0,6.0,1.8,1.8,18.0,18.0,1.3974358974358974,0.8384615384615384,1.1878205128205128,0.7685897435897436,0.0,0.0,0.0,0.0,1,1,1.2407,1.9605,1.0,D
63faa128-188d-4157-ac5e-82d9c0bc652e,9cd277a7-bdaa-47bc-b3a3-18a198958434,2024,12,12,2024-11-23T12:30:00+00:00,618e770e-c6ac-4c3f-9994-bd2160f675bc,1cb320b2-b42f-4131-8f5f-ef42e7f82540,Leicester City FC,Chelsea FC,11,11,0,0,0.0,0.0,7.0,1.4,1.2,1.8,1.46774,1.89908,6.0,1.2,1.2,1.2,1.5371599999999999,1.9509999999999998,9.0,0.9,1.3,2.0,1.22981,2.43856,19.0,1.9,2.1,1.1,1.9681000000000002,1.61355,1.0,1.4,0.9766400000000001,1.9780000000000002,2.4,1.0,1.58182,1.81988,12.9375,12.833333333333334,1,1,15.0,3.0,0.9090909090909091,1.7272727272727273,10.0,19.0,0.910828025477707,1.4012738853503186,1.4713375796178345,0.7707006369426752,0.0,0.0,0.0,0.0,1,2,0.968,2.8166,1.0,A
dc3d6b65-2897-4909-a6ef-a5ed2dac012b,8851ac63-6cb4-4090-a6c6-4082549f9d23,2024,12,12,2024-11-23T15:00:00+00:00,6601a105-9986-4276-89bf-143cdf03198a,db14882b-951f-4db5-860b-4ca2b8583311,AFC Bournemouth,Brighton & Hove Albion FC,11,11,0,0,0.0,0.0,7.0,1.4,1.4,1.2,1.88082,1.5088599999999999,10.0,2.0,1.8,1.4,1.8100999999999998,1.71076,14.0,1.4,1.4,1.4,1.9345400000000001,1.60596,16.0,1.6,1.6,1.5,1.7542000000000002,1.80063,1.6,0.8,2.02962,1.32304,1.6,1.4,1.5018,2.04574,14.0,13.895833333333334,1,1,12.0,6.0,1.3636363636363635,1.7272727272727273,15.0,19.0,0.9804416403785488,0.9804416403785488,1.1205047318611987,1.0504731861198737,0.0,0.0,0.0,0.0,1,2,1.9116,1.2306,1.0,A
29e066cb-1e23-4daf-9cca-8482e58e5761,3f3e2f4d-3fb1-42e9-a29c-5aaa80719689,2024,12,12,2024-11-23T15:00:00+00:00,ead1bc2e-8799-410a-a809-66a274bbab2c,5421e81a-b7dd-48b1-9982-42644e8dcf9f,Arsenal FC,Nottingham Forest FC,11,11,0,0,0.0,0.0,5.0,1.0,1.2,1.4,1.5905200000000002,1.38224,10.0,2.0,1.8,1.0,1.92514,1.18924,16.0,1.6,1.6,1.2,2.02427,1.39317,18.0,1.8,1.4,0.9,1.64743,1.12735,2.4,1.2,2.88788,1.0715599999999998,1.6,0.8,1.80698,1.21274,12.9375,13.041666666666666,1,1,5.0,6.0,1.7272727272727273,1.7272727272727273,19.0,19.0,1.12,0.84,0.9799999999999999,0.63,0.0,0.0,0.0,0.0,3,0,1.6602,0.4031,1.0,H
dbc45181-92f6-473d-b7b9-3923926fb005,02c464da-837e-4625-9810-527e4f14a901,2024,12,12,2024-11-23T15:00:00+00:00,60cb8be0-9c1e-4019-8b60-fd9ac2aa9f2d,66a313d1-2e21-49ad-a1c7-6f04cae6be69,Everton FC,Brentford FC,11,11,0,0,0.0,0.0,6.0,1.2,0.6,0.4,1.16736,1.22476,9.0,1.8,2.8,2.4,2.28568,1.60828,10.0,1.0,1.0,1.4,1.2827600000000001,1.7312400000000001,13.0,1.3,2.0,2.1,1.8063099999999999,1.8733499999999998,1.0,1.6,1.12964,1.83142,0.8,2.2,0.8067399999999999,2.27244,14.0,14.0,1,1,15.0,11.0,0.9090909090909091,1.4545454545454546,10.0,16.0,0.6996904024767803,0.9795665634674923,1.3993808049535605,1.4693498452012386,0.0,0.0,0.0,0.0,0,0,1.5951,1.3431,1.0,D
d7ff56b5-c11b-4935-9c46-2bb8ac852458,17fc6dda-4584-4b5e-ac8f-7352b8f462d3,2024,12,12,2024-11-23T15:00:00+00:00,b552a1a6-4302-43ca-884c-0f91ac4f984b,fbffa344-2426-4b4b-9886-b8cd56ec69a1,Fulham FC,Wolverhampton Wanderers FC,11,11,0,0,0.0,0.0,7.0,1.4,1.6,1.6,2.1136,1.27744,5.0,1.0,2.0,2.2,1.02624,2.0911,18.0,1.8,1.6,1.2,2.1252299999999997,1.0346,6.0,0.6,1.6,2.5,1.12256,1.9869700000000001,1.8,1.4,2.4241,0.9625199999999999,1.4,2.6,0.7681,2.21222,14.0,14.0,1,1,7.0,19.0,1.6363636363636365,0.5454545454545454,18.0,6.0,1.1294117647058823,0.8470588235294116,1.1294117647058823,1.7647058823529411,0.0,0.0,0.0,0.0,1,4,0.7172,1.339,1.0,A
d98117a8-762d-45b8-a87a-6aad5691f0c3,a34f4508-dc5e-4c45-a6c0-ee6263aa09c4,2024,12,12,2024-11-23T15:00:00+00:00,f8f456e7-3e20-4803-ba4e-b1762a31812c,74bd08fa-27db-4bb0-8490-f57f6ed6b8e9,Aston Villa FC,Crystal Palace FC,11,11,0,0,0.0,0.0,5.0,1.0,1.0,1.6,1.61874,1.63748,4.0,0.8,0.6,1.2,1.4064,1.77634,15.0,1.5,1.5,1.6,1.82514,1.35945,7.0,0.7,0.7,1.3,1.45479,1.8505399999999999,1.4,1.2,1.87114,0.7127,1.0,1.6,1.24288,1.8006999999999997,13.791666666666666,14.0,1,1,9.0,19.0,1.6363636363636365,0.6363636363636364,18.0,7.0,1.0518292682926829,1.1219512195121952,0.49085365853658536,0.9115853658536586,0.0,0.0,0.0,0.0,2,2,3.0446,1.6144,1.0,D
61c0e6da-68eb-448e-8e8b-eff8ddfd523d,02127ee1-e41e-47cd-95ae-b16b05c73732,2024,12,12,2024-11-23T17:30:00+00:00,33d2f100-682f-4a5e-9aa3-5cc57e1e8571,c23d6b7a-dfaf-44a3-b016-1feb2dddec44,Manchester City FC,Tottenham Hotspur FC,11,11,0,0,0.0,0.0,9.0,1.8,1.6,1.4,2.17028,1.8420400000000001,6.0,1.2,2.2,1.6,1.48018,1.6962,20.0,2.0,2.0,1.3,2.26965,1.4315799999999999,15.0,1.5,2.2,1.2,2.17399,1.3332,2.4,1.2,2.38332,1.1887,1.4,1.4,2.1119999999999997,1.2329,14.0,13.145833333333334,1,1,2.0,11.0,2.090909090909091,1.4545454545454546,23.0,16.0,1.397590361445783,0.908433734939759,1.5373493975903614,0.8385542168674698,0.0,0.0,0.0,0.0,0,4,2.159,3.3045,1.0,A
91c207d5-3210-44b8-8964-ac6b58bc2c58,c2361a27-d80c-4d18-b99b-c50849fa2cf4,2024,12,12,2024-11-24T14:00:00+00:00,f5c6f090-f823-4206-a821-17c11d35de43,54ed0f97-ad19-421c-a5c2-9b9d3fcbc72d,Southampton FC,Liverpool FC,11,11,0,0,0.0,0.0,3.0,0.6,0.8,1.8,1.08078,2.3903,13.0,2.6,1.8,0.8,2.02888,1.14318,4.0,0.4,0.7,2.0,1.2216099999999999,2.47932,25.0,2.5,1.9,0.6,2.06921,1.0482200000000002,0.8,1.6,1.48742,2.43216,2.0,0.6,2.31542,0.8580400000000001,14.958333333333334,14.75,0,0,20.0,1.0,0.36363636363636365,2.5454545454545454,4.0,28.0,0.4875,1.3928571428571428,1.3232142857142857,0.4178571428571428,0.0,0.0,0.0,0.0,2,3,1.5399,3.1884,1.0,A
b16471fa-3c7f-41da-8536-3e18f1e26e37,2f7ae886-981a-4033-b038-332e5bff99c8,2024,12,12,2024-11-24T16:30:00+00:00,67d3236c-6589-4978-b178-f6dcf50166d4,48fc005c-cbfc-4e4d-b7f1-459dce6cf940,Ipswich Town FC,Manchester United FC,11,11,0,0,0.0,0.0,4.0,0.8,1.4,2.4,1.5071400000000001,2.8376200000000003,8.0,1.6,1.4,0.8,1.6475000000000002,1.20934,8.0,0.8,1.2,2.0,1.29351,2.42551,12.0,1.2,1.1,1.2,1.7002199999999998,1.8724599999999998,0.8,1.6,1.08118,2.04188,1.0,0.8,1.9475200000000001,1.73852,14.104166666666666,14.104166666666666,0,0,19.0,12.0,0.7272727272727273,1.3636363636363635,8.0,15.0,0.8304985337243402,1.3841642228739004,0.7612903225806452,0.8304985337243402,0.0,0.0,0.0,0.0,1,1,1.9871,1.2691,1.0,D
2f81153b-2668-41a1-9608-5e7e8305ea69,074507d3-ed11-4f88-a747-1d75bc83472a,2024,12,12,2024-11-25T20:00:00+00:00,c4045d6d-a715-4821-a800-cd9b505ad54b,21ec0474-e758-4563-97a9-912aab00b4f5,Newcastle United FC,West Ham United FC,11,11,0,0,0.0,0.0,7.0,1.4,1.0,0.8,1.63962,1.21556,7.0,1.4,1.4,1.8,1.9003800000000002,1.69344,15.0,1.5,1.2,1.1,1.5602399999999998,1.6192199999999999,12.0,1.2,1.2,1.7,1.43029,1.8689799999999999,1.0,0.6,1.23202,1.48844,1.0,1.8,0.8173199999999999,1.68458,15.25,16.208333333333332,0,0,9.0,14.0,1.6363636363636365,1.0909090909090908,18.0,12.0,0.8326530612244898,0.763265306122449,0.8326530612244898,1.1795918367346938,0.0,0.0,0.0,0.0,0,2,1.4978,0.9428,1.0,A
f49072ea-c06f-4be5-80a4-295ba27c4b9d,f6c9aa65-f37a-4346-b2d7-1ff443625d35,2024,13,13,2024-11-29T20:00:00+00:00,db14882b-951f-4db5-860b-4ca2b8583311,f5c6f090-f823-4206-a821-17c11d35de43,Brighton & Hove Albion FC,Southampton FC,12,12,0,0,0.0,0.0,10.0,2.0,1.6,1.2,1.6617799999999998,1.87452,3.0,0.6,1.0,1.8,1.13414,2.37764,16.0,1.6,1.6,1.5,1.66311,1.8632300000000002,4.0,0.4,0.9,2.2,1.3541,2.51168,1.8,1.4,1.9364599999999998,1.37946,0.6,2.4,0.9558,2.5264800000000003,6.208333333333333,5.25,1,1,5.0,20.0,1.8333333333333333,0.3333333333333333,22.0,4.0,1.1130434782608696,1.0434782608695652,0.6260869565217392,1.5304347826086957,0.0,0.0,0.0,0.0,1,1,1.8699,0.935,1.0,D
50666917-8e0e-4d9e-b77e-8a626418e8dd,2e0e4e8e-5fb1-419b-9ab3-43b2f562d021,2024,13,13,2024-11-30T15:00:00+00:00,66a313d1-2e21-49ad-a1c7-6f04cae6be69,618e770e-c6ac-4c3f-9994-bd2160f675bc,Brentford FC,Leicester City FC,12,12,0,0,0.0,0.0,7.0,1.4,1.8,1.8,1.72728,1.78804,4.0,0.8,1.2,2.2,1.47892,2.07248,14.0,1.4,2.0,1.9,1.8948999999999998,1.76098,9.0,0.9,1.3,2.0,1.24091,2.524,3.2,2.0,2.80588,1.4742600000000001,1.6,2.4,1.5168,2.78824,7.0,7.104166666666667,1,1,11.0,16.0,1.4166666666666667,0.8333333333333334,17.0,10.0,1.3948126801152738,1.32507204610951,0.906628242074928,1.3948126801152738,0.0,0.0,0.0,0.0,4,1,2.2189,0.9076,1.0,H
f82c1319-1261-4e66-ac3c-69dbf0affec5,71633e5e-49a8-4923-883a-7bc6ee748392,2024,13,13,2024-11-30T15:00:00+00:00,74bd08fa-27db-4bb0-8490-f57f6ed6b8e9,c4045d6d-a715-4821-a800-cd9b505ad54b,Crystal Palace FC,Newcastle United FC,12,12,0,0,0.0,0.0,5.0,1.0,1.0,1.4,1.6073799999999998,1.9706,6.0,1.2,1.0,1.2,1.58108,1.2656800000000001,8.0,0.8,0.9,1.3,1.4786199999999998,2.0015799999999997,14.0,1.4,1.1,1.2,1.52073,1.45999,0.6,1.0,1.621,1.86966,1.4,1.4,1.5965799999999999,1.6339400000000002,7.0,4.791666666666667,1,1,19.0,11.0,0.6666666666666666,1.5,8.0,18.0,0.6238636363636364,0.9011363636363636,0.7625000000000001,0.8318181818181818,0.0,0.0,0.0,0.0,1,1,2.296,0.021,1.0,D
d049d516-65b2-4582-976c-463617a19995,7f6c9d85-3c6e-4330-b9e3-f9b561eded7a,2024,13,13,2024-11-30T15:00:00+00:00,fbffa344-2426-4b4b-9886-b8cd56ec69a1,6601a105-9986-4276-89bf-143cdf03198a,Wolverhampton Wanderers FC,AFC Bournemouth,12,12,0,0,0.0,0.0,8.0,1.6,2.2,1.4,1.15478,1.4075199999999999,7.0,1.4,1.6,1.4,1.8732199999999999,1.57256,9.0,0.9,1.8,2.0,1.01465,1.85575,13.0,1.3,1.4,1.5,1.8721900000000002,1.53973,1.4,1.6,1.10856,1.6814999999999998,1.2,2.0,1.83946,1.88888,7.0,7.0,1,1,18.0,13.0,0.75,1.25,9.0,15.0,1.2508474576271187,1.3898305084745763,0.9728813559322034,1.0423728813559323,0.0,0.0,0.0,0.0,2,4,0.866,3.079,1.0,A
65df3200-c163-41be-a651-5291b7484509,efdf2fe8-f288-47b2-800b-691ee2131d57,2024,13,13,2024-11-30T15:00:00+00:00,5421e81a-b7dd-48b1-9982-42644e8dcf9f,67d3236c-6589-4978-b178-f6dcf50166d4,Nottingham Forest FC,Ipswich Town FC,12,12,0,0,0.0,0.0,9.0,1.8,1.6,1.4,1.6724599999999998,1.06578,5.0,1.0,1.4,1.8,1.66764,2.21264,15.0,1.5,1.3,1.2,1.4012600000000002,1.27187,9.0,0.9,1.2,1.7,1.44422,2.2445999999999997,1.2,1.0,1.48788,1.04196,1.4,2.0,1.47836,2.97932,7.0,5.9375,1,1,8.0,19.0,1.5833333333333333,0.75,19.0,9.0,0.8955555555555555,0.8266666666666667,0.8266666666666667,1.171111111111111,0.0,0.0,0.0,0.0,1,0,1.7659,0.4628,1.0,H
f5b41100-7fd2-47e2-9013-b4b28ddf6c45,846bc0dd-c9d1-45ee-97e7-6edf6588c9b5,2024,13,13,2024-11-30T17:30:00+00:00,21ec0474-e758-4563-97a9-912aab00b4f5,ead1bc2e-8799-410a-a809-66a274bbab2c,West Ham United FC,Arsenal FC,12,12,0,0,0.0,0.0,7.0,1.4,1.0,1.6,1.21014,1.75608,5.0,1.0,1.2,1.2,1.27222,1.20824,12.0,1.2,1.2,1.7,1.37115,1.8811499999999999,16.0,1.6,1.7,1.2,2.04889,1.30182,1.4,1.6,2.04326,2.0533799999999998,0.8,1.2,1.20352,1.56662,4.895833333333333,7.104166666666667,1,1,14.0,5.0,1.25,1.8333333333333333,15.0,22.0,0.8310249307479224,1.1772853185595569,1.1772853185595569,0.8310249307479224,0.0,0.0,0.0,0.0,2,5,1.2354,3.9994,1.0,A
cbba31e1-cccd-4704-bd24-436ddb619445,3a94b90c-ee6b-4414-b8c0-3a9b2b61795a,2024,13,13,2024-12-01T13:30:00+00:00,48fc005c-cbfc-4e4d-b7f1-459dce6cf940,60cb8be0-9c1e-4019-8b60-fd9ac2aa9f2d,Manchester United FC,Everton FC,12,12,0,0,0.0,0.0,8.0,1.6,1.6,1.0,1.81162,1.5002,6.0,1.2,0.6,0.4,1.34794,1.13528,13.0,1.3,1.1,1.1,1.6985700000000001,1.85702,11.0,1.1,1.0,1.0,1.37738,1.6044100000000001,1.2,1.6,1.45292,2.0064,1.0,1.0,1.3871600000000002,1.46694,6.875,7.9375,1,1,13.0,15.0,1.3333333333333333,0.9166666666666666,16.0,11.0,0.7532608695652175,0.7532608695652175,0.6847826086956522,0.6847826086956522,0.0,0.0,0.0,0.0,4,0,1.7616,0.7667,1.0,H
9f465780-b208-48db-ac7a-69314c2b3c13,94555781-d38c-4a46-a4f6-c5db5a3f5ff0,2024,13,13,2024-12-01T13:30:00+00:00,c23d6b7a-dfaf-44a3-b016-1feb2dddec44,b552a1a6-4302-43ca-884c-0f91ac4f984b,Tottenham Hotspur FC,Fulham FC,12,12,0,0,0.0,0.0,9.0,1.8,2.6,1.0,1.92252,1.73356,7.0,1.4,1.4,1.8,1.70534,1.27188,15.0,1.5,2.2,1.2,2.2433,1.48421,15.0,1.5,1.5,1.5,2.00073,1.0828,2.4,1.2,1.99526,1.50894,1.4,1.0,1.82636,1.10668,7.833333333333333,7.9375,1,1,8.0,13.0,1.5833333333333333,1.5,19.0,18.0,1.5021505376344086,0.8193548387096774,1.0241935483870968,1.0241935483870968,0.0,0.0,0.0,0.0,1,1,1.0109,1.5727,1.0,D
0e02d57c-8851-4164-984f-24763ebec3da,307ba55d-eb49-469c-9826-827c5b947aad,2024,13,13,2024-12-01T13:30:00+00:00,1cb320b2-b42f-4131-8f5f-ef42e7f82540,f8f456e7-3e20-4803-ba4e-b1762a31812c,Chelsea FC,Aston Villa FC,12,12,0,0,0.0,0.0,8.0,1.6,1.4,1.2,1.6449799999999999,1.8113,5.0,1.0,1.4,2.0,2.1210999999999998,1.8706600000000002,19.0,1.9,1.7,1.0,2.04682,1.46854,16.0,1.6,1.7,1.6,1.9979399999999998,1.37949,1.8,1.2,2.35438,1.4072200000000001,1.6,2.0,1.77914,2.0062,8.041666666666666,7.9375,1,1,5.0,10.0,1.8333333333333333,1.5833333333333333,22.0,19.0,1.1636363636363636,0.6844919786096256,1.1636363636363636,1.095187165775401,0.0,0.0,0.0,0.0,3,0,1.9494,0.8754,1.0,H
9c262e08-73ba-464a-91fa-d679c8e6e2fb,b75626a5-ba15-4fe9-800c-b401659fca46,2024,13,13,2024-12-01T16:00:00+00:00,54ed0f97-ad19-421c-a5c2-9b9d3fcbc72d,33d2f100-682f-4a5e-9aa3-5cc57e1e8571,Liverpool FC,Manchester City FC,12,12,0,0,0.0,0.0,13.0,2.6,2.2,1.2,2.2519,1.32926,6.0,1.2,1.0,1.8,2.3287199999999997,1.9512399999999999,25.0,2.5,2.0,0.8,2.11617,1.15649,17.0,1.7,1.6,1.6,2.17773,1.71403,1.8,0.6,2.06506,1.21548,1.6,1.4,2.15598,1.6744599999999998,7.083333333333333,7.9375,1,1,1.0,4.0,2.5833333333333335,1.9166666666666667,31.0,23.0,1.3687002652519895,0.5474801061007958,1.0949602122015916,1.0949602122015916,0.0,0.0,0.0,0.0,2,0,3.7005,0.745,1.0,H
87c2d3fa-2bdb-40df-b4b0-4011973c01a5,7bb8af41-3477-43a6-b1c6-7ed3a6159f83,2024,14,14,2024-12-03T19:30:00+00:00,67d3236c-6589-4978-b178-f6dcf50166d4,74bd08fa-27db-4bb0-8490-f57f6ed6b8e9,Ipswich Town FC,Crystal Palace FC,13,13,0,0,0.0,0.0,5.0,1.0,1.4,1.6,1.5253999999999999,2.24422,6.0,1.2,1.2,1.4,1.8995799999999998,1.5976599999999999,8.0,0.8,1.1,1.7,1.4198,2.30231,8.0,0.8,0.9,1.3,1.6622499999999998,1.70594,1.0,1.4,1.41008,1.50988,1.2,1.6,1.3362399999999999,2.1335,3.1875,3.1875,2,2,19.0,17.0,0.6923076923076923,0.6923076923076923,9.0,9.0,0.7546174142480212,1.16622691292876,0.6174142480211082,0.8918205804749341,0.0,0.0,0.0,0.0,0,1,0.4717,1.6542,1.0,A
c06dbcde-6b9e-4f38-9127-d5f5b74b9c0c,45f7ecc0-8523-4a48-a9e1-34dcb4e75d1a,2024,14,14,2024-12-03T20:15:00+00:00,618e770e-c6ac-4c3f-9994-bd2160f675bc,21ec0474-e758-4563-97a9-912aab00b4f5,Leicester City FC,West Ham United FC,13,13,0,0,0.0,0.0,1.0,0.2,0.8,2.6,1.0927799999999999,2.0307000000000004,7.0,1.4,1.2,1.8,1.28546,2.2678599999999998,9.0,0.9,1.3,2.2,1.2542,2.5295,12.0,1.2,1.3,1.9,1.3999700000000002,1.96179,1.0,1.6,0.96502,2.25976,1.0,1.8,0.69904,1.7089199999999998,3.21875,3.1145833333333335,2,2,17.0,14.0,0.7692307692307693,1.1538461538461537,10.0,15.0,0.8963157894736843,1.516842105263158,0.8963157894736843,1.31,0.0,0.0,0.0,0.0,3,1,2.7806,2.8772,1.0,H
8b77baf9-5aa3-4972-8ea6-aef42925c3b5,3d5a6c09-8b39-4f73-805d-ad464cd82476,2024,14,14,2024-12-04T19:30:00+00:00,60cb8be0-9c1e-4019-8b60-fd9ac2aa9f2d,fbffa344-2426-4b4b-9886-b8cd56ec69a1,Everton FC,Wolverhampton Wanderers FC,13,13,0,0,0.0,0.0,3.0,0.6,0.2,1.2,1.17968,1.2528000000000001,8.0,1.6,2.4,1.8,1.17574,1.7501799999999998,11.0,1.1,0.8,1.1,1.19842,1.48488,8.0,0.8,1.9,2.3,1.00749,2.02258,1.0,1.0,1.3676,1.74188,2.2,2.4,0.92074,2.0300000000000002,3.25,4.1875,2,2,17.0,18.0,0.8461538461538461,0.6923076923076923,11.0,9.0,0.55,0.7562500000000001,1.30625,1.5812499999999998,0.0,0.0,0.0,0.0,4,0,1.499,0.8477,1.0,H
1bbd932d-c622-48dd-b272-4798831f0689,30e7d5e2-cc94-4ac9-80cf-325c13bef080,2024,14,14,2024-12-04T19:30:00+00:00,33d2f100-682f-4a5e-9aa3-5cc57e1e8571,5421e81a-b7dd-48b1-9982-42644e8dcf9f,Manchester City FC,Nottingham Forest FC,13,13,0,0,0.0,0.0,3.0,0.6,0.6,2.0,2.20458,2.5391,9.0,1.8,1.6,1.4,1.6484999999999999,0.9913399999999999,14.0,1.4,1.3,1.7,1.93293,1.98936,17.0,1.7,1.3,1.1,1.4367800000000002,1.22439,1.6,1.8,2.19948,1.7536,1.4,1.4,1.31464,1.50178,3.1458333333333335,4.1875,2,2,5.0,6.0,1.7692307692307692,1.6923076923076923,23.0,22.0,0.8912371134020619,1.165463917525773,0.8912371134020619,0.7541237113402063,0.0,0.0,0.0,0.0,3,0,3.2017,0.8022,1.0,H
c4dffdab-81f0-44de-8b43-d3902c6f1305,725cf46e-11eb-4375-a8a2-ffd80c64f56c,2024,14,14,2024-12-04T19:30:00+00:00,c4045d6d-a715-4821-a800-cd9b505ad54b,54ed0f97-ad19-421c-a5c2-9b9d3fcbc72d,Newcastle United FC,Liverpool FC,13,13,0,0,0.0,0.0,7.0,1.4,1.2,1.2,1.19796,1.3893,13.0,2.6,2.2,1.0,2.54696,1.2104599999999999,12.0,1.2,1.0,1.2,1.36414,1.52629,25.0,2.5,1.9,0.8,2.27582,1.0809000000000002,0.8,1.0,1.44488,1.28604,2.2,1.0,2.1672800000000003,1.0975,4.1875,3.1458333333333335,2,2,11.0,1.0,1.4615384615384615,2.6153846153846154,19.0,34.0,0.6854219948849105,0.8225063938618926,1.3023017902813299,0.5483375959079284,0.0,0.0,0.0,0.0,3,3,1.5206,2.2277,1.0,D
18ff8664-3b4e-4fd2-af2a-6b606e2db35d,0fe06f71-8c72-4f8f-8bff-3bb467d5d4c2,2024,14,14,2024-12-04T19:30:00+00:00,f5c6f090-f823-4206-a821-17c11d35de43,1cb320b2-b42f-4131-8f5f-ef42e7f82540,Southampton FC,Chelsea FC,13,13,0,0,0.0,0.0,4.0,0.8,0.8,1.4,0.83558,2.18396,11.0,2.2,1.8,0.8,1.76706,1.54134,5.0,0.5,0.9,2.0,1.28289,2.3123899999999997,21.0,2.1,1.9,0.9,1.94402,1.51011,1.2,2.0,1.7524000000000002,2.49688,1.6,0.8,1.7392600000000003,1.52986,4.979166666666667,3.25,2,2,20.0,3.0,0.38461538461538464,1.9230769230769231,5.0,25.0,0.6120906801007557,1.3602015113350125,1.292191435768262,0.6120906801007557,0.0,0.0,0.0,0.0,1,5,1.9101,5.8331,1.0,A
ae206075-5f28-47aa-b234-3dac5c01472d,a2cb600c-0a70-4513-8e3f-8c508b6367df,2024,14,14,2024-12-04T20:15:00+00:00,ead1bc2e-8799-410a-a809-66a274bbab2c,48fc005c-cbfc-4e4d-b7f1-459dce6cf940,Arsenal FC,Manchester United FC,13,13,0,0,0.0,0.0,8.0,1.6,2.2,1.2,1.92394,1.0184799999999998,8.0,1.6,2.0,0.8,1.81082,1.47498,18.0,1.8,2.1,1.3,2.20703,1.2436099999999999,16.0,1.6,1.5,0.8,1.7246400000000002,1.72329,2.6,1.2,2.89426,1.0370199999999998,1.0,0.6,1.94422,1.70764,4.114583333333333,3.28125,2,2,4.0,10.0,1.9230769230769231,1.4615384615384615,25.0,19.0,1.4173697270471464,0.8774193548387097,1.0124069478908189,0.5399503722084368,0.0,0.0,0.0,0.0,2,0,2.9668,0.2561,1.0,H
7f4a1ec4-24d2-4591-9953-456f75354fef,9c1aef60-cfaf-4ecb-92b0-f96fbb4dfd82,2024,14,14,2024-12-04T20:15:00+00:00,f8f456e7-3e20-4803-ba4e-b1762a31812c,66a313d1-2e21-49ad-a1c7-6f04cae6be69,Aston Villa FC,Brentford FC,13,13,0,0,0.0,0.0,2.0,0.4,0.8,2.4,2.00898,1.7344000000000002,10.0,2.0,2.4,1.6,1.9925000000000002,1.61644,13.0,1.3,1.5,1.8,1.86909,1.49696,14.0,1.4,2.1,1.9,1.73051,1.68703,1.8,1.2,2.21674,0.75278,0.8,1.8,0.98392,2.0477,3.28125,4.21875,2,2,12.0,8.0,1.4615384615384615,1.5384615384615385,19.0,20.0,1.0148148148148148,1.2177777777777778,1.4207407407407409,1.2854320987654322,0.0,0.0,0.0,0.0,3,1,3.2167,1.1327,1.0,H
dbaf715f-8dcc-4b0a-a3f3-f97dd1e6cfa1,0d83c340-312d-4e19-9c42-ca83aac81998,2024,14,14,2024-12-05T19:30:00+00:00,b552a1a6-4302-43ca-884c-0f91ac4f984b,db14882b-951f-4db5-860b-4ca2b8583311,Fulham FC,Brighton & Hove Albion FC,13,13,0,0,0.0,0.0,8.0,1.6,1.4,1.4,1.49374,1.1868599999999998,8.0,1.6,1.6,1.4,1.70018,1.6742000000000001,15.0,1.5,1.5,1.5,2.03912,1.11319,16.0,1.6,1.6,1.5,1.6683499999999998,1.71493,1.6,2.0,2.1751,1.05892,1.4,1.6,1.38976,2.347,4.25,5.979166666666667,2,2,12.0,5.0,1.4615384615384615,1.7692307692307692,19.0,23.0,1.0122249388753057,1.0122249388753057,1.0797066014669927,1.0122249388753057,0.0,0.0,0.0,0.0,3,1,0.6666,1.0994,1.0,H
640ebc34-356a-453a-8557-7902dc16b056,d56487c8-ae6e-451d-9639-af774d58752f,2024,14,14,2024-12-05T20:15:00+00:00,6601a105-9986-4276-89bf-143cdf03198a,c23d6b7a-dfaf-44a3-b016-1feb2dddec44,AFC Bournemouth,Tottenham Hotspur FC,13,13,0,0,0.0,0.0,7.0,1.4,2.0,1.8,2.05218,1.5976,7.0,1.4,2.0,1.0,1.8366,1.8763400000000001,13.0,1.3,1.5,1.5,1.8844,1.3707,16.0,1.6,2.2,1.1,2.18109,1.48279,1.6,1.0,1.90492,1.19058,2.0,1.2,2.49134,1.4594799999999999,5.21875,4.28125,2,2,13.0,9.0,1.3846153846153846,1.5384615384615385,18.0,20.0,1.009685230024213,1.009685230024213,1.4808716707021792,0.7404358353510896,0.0,0.0,0.0,0.0,1,0,3.2772,0.6239,1.0,H
a22ea86a-1cf4-4bc3-a1cd-f34e96e087ea,61a84fc2-8eea-458a-b236-47c9f2ee79f2,2024,15,15,2024-12-07T15:00:00+00:00,74bd08fa-27db-4bb0-8490-f57f6ed6b8e9,33d2f100-682f-4a5e-9aa3-5cc57e1e8571,Crystal Palace FC,Manchester City FC,14,14,0,0,0.0,0.0,6.0,1.2,1.2,1.4,2.0347,1.48816,3.0,0.6,1.0,2.0,2.21234,2.62554,10.0,1.0,0.8,1.1,1.53895,1.58792,14.0,1.4,1.4,1.6,2.09782,1.96449,0.4,0.8,1.5027599999999999,1.5434800000000002,1.0,1.6,1.6663799999999998,2.22512,3.8125,2.8125,3,3,17.0,4.0,0.8571428571428571,1.8571428571428572,12.0,26.0,0.5410628019323671,0.7439613526570048,0.9468599033816424,1.0821256038647342,0.0,0.0,0.0,0.0,2,2,1.2148,1.5846,1.0,D
5b275964-d811-42c2-8744-b3c1f549e34c,eff75b0f-5cad-4378-b52c-c24a9c619352,2024,15,15,2024-12-07T15:00:00+00:00,f8f456e7-3e20-4803-ba4e-b1762a31812c,f5c6f090-f823-4206-a821-17c11d35de43,Aston Villa FC,Southampton FC,14,14,0,0,0.0,0.0,4.0,0.8,1.2,2.4,2.25752,1.8952000000000002,4.0,0.8,1.0,2.2,1.1436,2.718,13.0,1.3,1.5,1.7,1.8748799999999999,1.52501,5.0,0.5,1.0,2.2,1.3383099999999999,2.59301,1.8,1.0,2.22832,0.80888,0.6,2.0,0.8133800000000001,2.1279,2.78125,2.8125,3,3,8.0,20.0,1.5714285714285714,0.35714285714285715,22.0,5.0,1.0119617224880382,1.14688995215311,0.6746411483253588,1.4842105263157896,0.0,0.0,0.0,0.0,1,0,2.5134,0.3858,1.0,H
18a4e8b7-ea33-46ce-b7ee-2b754bc349b5,a971e0d1-bc69-447f-ae56-231f3cbfb104,2024,15,15,2024-12-07T15:00:00+00:00,66a313d1-2e21-49ad-a1c7-6f04cae6be69,c4045d6d-a715-4821-a800-cd9b505ad54b,Brentford FC,Newcastle United FC,14,14,0,0,0.0,0.0,7.0,1.4,1.8,1.6,1.3997199999999999,1.92838,8.0,1.6,1.6,1.4,1.1536199999999999,1.51126,14.0,1.4,2.1,2.0,1.73869,1.8534199999999998,10.0,1.0,1.1,1.4,1.3678599999999999,1.60209,3.4,2.0,2.4771,1.32636,1.2,1.4,1.3041,1.7992000000000001,2.78125,2.8125,3,3,11.0,12.0,1.4285714285714286,1.4285714285714286,20.0,20.0,1.4233890214797138,1.3556085918854417,0.745584725536993,0.948926014319809,0.0,0.0,0.0,0.0,4,2,1.746,1.9565,1.0,H
1e99992d-44ec-4ef0-a47c-684022edb357,78f91c33-ceb6-4285-839d-6f5274fb74d5,2024,15,15,2024-12-07T17:30:00+00:00,48fc005c-cbfc-4e4d-b7f1-459dce6cf940,5421e81a-b7dd-48b1-9982-42644e8dcf9f,Manchester United FC,Nottingham Forest FC,14,14,0,0,0.0,0.0,8.0,1.6,1.8,0.8,1.33684,1.4697200000000001,6.0,1.2,1.0,1.8,1.29996,1.4652,13.0,1.3,1.2,1.0,1.44756,1.8843800000000002,14.0,1.4,1.2,1.4,1.45805,1.42752,2.0,1.0,1.5050599999999998,1.73894,1.2,2.0,1.35718,1.9080400000000002,2.8854166666666665,2.9166666666666665,3,2,13.0,9.0,1.3571428571428572,1.5714285714285714,19.0,22.0,0.8075294117647058,0.6729411764705883,0.8075294117647058,0.9421176470588235,0.0,0.0,0.0,0.0,2,3,1.4697,0.6512,1.0,A
ed8c9e8f-7eb5-4045-af85-419674e14040,28c53bf1-5de6-4843-88c1-9f68a842cc37,2024,15,15,2024-12-08T14:00:00+00:00,b552a1a6-4302-43ca-884c-0f91ac4f984b,ead1bc2e-8799-410a-a809-66a274bbab2c,Fulham FC,Arsenal FC,14,14,0,0,0.0,0.0,10.0,2.0,1.8,1.4,1.3279999999999998,1.2297799999999999,10.0,2.0,2.2,0.8,2.29964,0.799,17.0,1.7,1.7,1.5,1.81718,1.15486,18.0,1.8,2.2,1.3,2.39162,1.18996,2.0,2.0,1.73122,1.1422599999999998,1.6,1.6,1.77922,1.65518,2.7708333333333335,3.7395833333333335,2,2,9.0,3.0,1.5714285714285714,2.0,22.0,28.0,1.1386046511627907,1.0046511627906975,1.4734883720930234,0.8706976744186047,0.0,0.0,0.0,0.0,1,1,0.151,2.4333,1.0,D
5988c8c9-c951-4ac2-bc1e-69b01ff55737,9cfbd534-4566-4805-9eb7-487fb35f2c6f,2024,15,15,2024-12-08T14:00:00+00:00,67d3236c-6589-4978-b178-f6dcf50166d4,6601a105-9986-4276-89bf-143cdf03198a,Ipswich Town FC,AFC Bournemouth,14,14,0,0,0.0,0.0,5.0,1.0,0.8,1.0,1.28834,1.75574,9.0,1.8,2.0,1.6,2.64188,1.32758,7.0,0.7,1.1,1.8,1.3948399999999999,2.29203,16.0,1.6,1.6,1.4,2.05839,1.33982,0.8,1.4,1.3630200000000001,1.60296,1.4,2.0,1.86388,1.55082,4.770833333333333,2.7395833333333335,3,2,18.0,10.0,0.6428571428571429,1.5,9.0,21.0,0.7384259259259259,1.2083333333333333,1.074074074074074,0.9398148148148147,0.0,0.0,0.0,0.0,1,2,1.5668,3.4913,1.0,A
a7867139-8025-4ceb-bd86-52c8682a3f75,3f73a2c8-1554-49d2-86ab-c86fb3cec580,2024,15,15,2024-12-08T14:00:00+00:00,618e770e-c6ac-4c3f-9994-bd2160f675bc,db14882b-951f-4db5-860b-4ca2b8583311,Leicester City FC,Brighton & Hove Albion FC,14,14,0,0,0.0,0.0,4.0,0.8,1.2,2.2,1.48242,2.09716,7.0,1.4,1.4,1.6,1.6173600000000001,1.58538,11.0,1.1,1.4,2.1,1.36707,2.5285,15.0,1.5,1.7,1.8,1.60259,1.70946,1.4,1.4,1.3662,2.40242,1.4,2.0,1.24614,1.9967199999999998,4.739583333333333,2.7708333333333335,2,2,17.0,9.0,0.9285714285714286,1.6428571428571428,13.0,23.0,0.9397701149425286,1.4096551724137931,1.1411494252873562,1.2082758620689655,0.0,0.0,0.0,0.0,2,2,1.4244,1.1218,1.0,D
3e30bbff-d912-40e1-98d5-2259d7b0d312,d858c4ea-08e1-4744-b5d6-a9a8ccc2b8cd,2024,15,15,2024-12-08T16:30:00+00:00,c23d6b7a-dfaf-44a3-b016-1feb2dddec44,1cb320b2-b42f-4131-8f5f-ef42e7f82540,Tottenham Hotspur FC,Chelsea FC,14,14,0,0,0.0,0.0,7.0,1.4,2.0,1.0,1.7575399999999999,2.33606,11.0,2.2,2.4,0.8,2.6101,1.5749,16.0,1.6,2.2,1.1,2.16422,1.69842,21.0,2.1,2.3,1.0,2.4340599999999997,1.54739,2.6,1.2,2.03892,1.5993,2.4,1.0,2.71934,1.60442,2.84375,3.875,2,2,11.0,3.0,1.4285714285714286,2.0,20.0,28.0,1.473348519362187,0.7366742596810935,1.5403189066059224,0.6697038724373576,0.0,0.0,0.0,0.0,3,4,3.2549,2.5733,1.0,A
f393cf4e-2656-4a2b-b36e-488a1db70237,49ed6d65-5111-4a54-8fa1-4de994cc47d5,2024,15,15,2024-12-09T20:00:00+00:00,21ec0474-e758-4563-97a9-912aab00b4f5,fbffa344-2426-4b4b-9886-b8cd56ec69a1,West Ham United FC,Wolverhampton Wanderers FC,14,14,0,0,0.0,0.0,4.0,0.8,1.0,2.2,1.26228,2.29878,7.0,1.4,2.0,2.2,1.1231399999999998,1.74728,11.0,1.1,1.3,2.1,1.6194200000000003,1.95125,8.0,0.8,1.8,2.5,0.94529,2.02414,1.6,2.0,2.1009,2.21466,2.0,3.0,0.90276,2.04766,5.989583333333333,5.020833333333333,3,2,14.0,19.0,1.0714285714285714,0.6428571428571429,15.0,9.0,0.862780269058296,1.3937219730941703,1.1946188340807176,1.6591928251121075,0.0,0.0,0.0,0.0,2,1,1.1981,1.4757,1.0,H
9c2a4acc-5c33-4ffc-be80-b84926fd8cab,bafa4db2-2caf-477f-8128-0fcbb3e175b1,2024,16,16,2024-12-14T15:00:00+00:00,ead1bc2e-8799-410a-a809-66a274bbab2c,60cb8be0-9c1e-4019-8b60-fd9ac2aa9f2d,Arsenal FC,Everton FC,15,14,0,0,0.0,0.0,11.0,2.2,2.4,0.8,2.60404,0.65726,5.0,1.0,0.8,1.0,1.30252,1.1232799999999998,18.0,1.8,2.1,1.2,2.50654,0.92947,14.0,1.4,1.0,0.8,1.2631000000000001,1.2537699999999998,2.8,1.0,3.0040199999999997,0.7247399999999999,0.6,1.2,1.37006,1.1875,6.041666666666667,9.8125,3,2,3.0,15.0,1.9333333333333333,1.0,29.0,14.0,1.3937639198218263,0.796436525612472,0.6636971046770601,0.5309576837416481,0.0,0.0,0.0,0.0,0,0,1.3087,0.1322,1.0,D
f0017024-2920-4092-be56-6e7896a13d62,a27a8dae-11c4-40a7-afa6-d1d043d8c429,2024,16,16,2024-12-14T15:00:00+00:00,54ed0f97-ad19-421c-a5c2-9b9d3fcbc72d,b552a1a6-4302-43ca-884c-0f91ac4f984b,Liverpool FC,Fulham FC,14,15,0,0,0.0,0.0,13.0,2.6,2.4,1.2,2.7218,1.29692,8.0,1.6,1.6,1.4,1.0721599999999998,1.5686,26.0,2.6,2.2,1.0,2.38155,1.17401,15.0,1.5,1.5,1.5,1.51114,1.28842,2.2,0.4,2.57108,1.24658,1.4,1.0,1.90314,1.16746,9.8125,6.041666666666667,2,3,1.0,10.0,2.5,1.5333333333333334,35.0,23.0,1.469933184855234,0.6681514476614699,1.0022271714922049,1.0022271714922049,0.0,0.0,0.0,0.0,2,2,2.097,1.2862,1.0,D
7c2871dc-4476-498b-adef-21a05427ade4,15738b00-877e-4108-b7a5-e469081cf138,2024,16,16,2024-12-14T15:00:00+00:00,c4045d6d-a715-4821-a800-cd9b505ad54b,618e770e-c6ac-4c3f-9994-bd2160f675bc,Newcastle United FC,Leicester City FC,15,15,0,0,0.0,0.0,5.0,1.0,1.8,2.2,1.3729799999999999,1.6782,4.0,0.8,1.4,2.4,1.2995800000000002,2.05428,10.0,1.0,1.2,1.5,1.45374,1.4555500000000001,11.0,1.1,1.5,2.2,1.37572,2.4583000000000004,1.0,1.4,1.4316200000000001,1.40498,1.4,2.8,1.36794,2.65458,7.0,6.041666666666667,3,3,12.0,16.0,1.3333333333333333,0.9333333333333333,20.0,14.0,0.7999999999999999,1.0,1.0,1.4666666666666668,0.0,0.0,0.0,0.0,4,0,3.9546,0.1868,1.0,H
3ed5bfae-ba54-4de0-9374-9a7f84f37c6a,2898e88d-0e3c-49b2-9a52-c5b703d0cf17,2024,16,16,2024-12-14T15:00:00+00:00,fbffa344-2426-4b4b-9886-b8cd56ec69a1,67d3236c-6589-4978-b178-f6dcf50166d4,Wolverhampton Wanderers FC,Ipswich Town FC,15,15,0,0,0.0,0.0,6.0,1.2,1.8,2.2,1.08824,1.4572,4.0,0.8,0.8,1.2,1.33446,1.98628,8.0,0.8,1.8,2.4,1.04085,1.9065999999999999,6.0,0.6,1.1,1.9,1.3870200000000001,2.35135,1.6,2.0,0.9878199999999999,2.00062,1.4,2.2,1.42666,2.9811,4.791666666666667,6.041666666666667,3,3,19.0,18.0,0.6,0.6,9.0,9.0,1.1973741794310722,1.596498905908096,0.7317286652078775,1.2638949671772428,0.0,0.0,0.0,0.0,1,2,1.2375,1.7335,1.0,A
e9f21cf7-bfae-4fba-b86f-b9996f10b350,f71c7f45-b56e-4ba4-ad37-a4f0bdf8499d,2024,16,16,2024-12-14T17:30:00+00:00,5421e81a-b7dd-48b1-9982-42644e8dcf9f,f8f456e7-3e20-4803-ba4e-b1762a31812c,Nottingham Forest FC,Aston Villa FC,15,15,0,0,0.0,0.0,6.0,1.2,1.0,2.2,0.96018,1.7326799999999998,7.0,1.4,1.2,1.6,2.2626999999999997,1.5528600000000001,16.0,1.6,1.3,1.4,1.38625,1.41765,13.0,1.3,1.3,1.6,1.88887,1.51158,1.2,0.8,1.55892,0.9470000000000001,1.2,2.4,1.52144,2.24114,7.0,7.104166666666667,2,3,5.0,6.0,1.6666666666666667,1.6666666666666667,25.0,25.0,0.8647826086956522,0.931304347826087,0.8647826086956522,1.0643478260869565,0.0,0.0,0.0,0.0,2,1,2.2861,0.3894,1.0,H
f31bbaba-6ea6-4461-9a5a-80cd7d11e1e1,84a6a22e-5a71-4f88-9734-9f40d30589c0,2024,16,16,2024-12-15T14:00:00+00:00,db14882b-951f-4db5-860b-4ca2b8583311,74bd08fa-27db-4bb0-8490-f57f6ed6b8e9,Brighton & Hove Albion FC,Crystal Palace FC,15,15,0,0,0.0,0.0,8.0,1.6,1.6,1.6,1.63858,1.5081799999999999,6.0,1.2,1.2,1.4,1.7479599999999997,1.47504,15.0,1.5,1.7,1.8,1.55793,1.71498,10.0,1.0,1.0,1.3,1.4934999999999998,1.51132,2.0,1.6,1.95904,1.4222,1.2,1.4,1.57514,1.6323599999999998,7.0,7.958333333333333,2,2,7.0,17.0,1.6,0.8666666666666667,24.0,13.0,1.1308855291576674,1.1974082073434125,0.6652267818574514,0.8647948164146868,0.0,0.0,0.0,0.0,1,3,1.3232,3.0062,1.0,A
dd10a53d-56e4-4de2-a753-49c63b177b07,c84430d4-c622-40ad-b6db-fda9702a1806,2024,16,16,2024-12-15T16:30:00+00:00,33d2f100-682f-4a5e-9aa3-5cc57e1e8571,48fc005c-cbfc-4e4d-b7f1-459dce6cf940,Manchester City FC,Manchester United FC,15,15,0,0,0.0,0.0,4.0,0.8,1.2,2.0,2.05872,2.37864,7.0,1.4,2.0,1.2,1.19868,1.35782,14.0,1.4,1.4,1.6,1.9806899999999998,1.9575600000000002,12.0,1.2,1.4,1.3,1.35947,1.7825700000000002,1.8,1.6,2.52926,1.70386,0.4,1.0,1.3900599999999999,2.02982,8.0625,7.958333333333333,2,2,5.0,13.0,1.8,1.2666666666666666,27.0,19.0,0.9293361884368309,1.0620985010706638,0.9293361884368309,0.8629550321199144,0.0,0.0,0.0,0.0,1,2,0.6381,2.0466,1.0,A
c476b6fd-7c5f-4f40-8aac-aec725363964,eca483c9-b39b-469a-987e-46408bb3ab9e,2024,16,16,2024-12-15T19:00:00+00:00,1cb320b2-b42f-4131-8f5f-ef42e7f82540,66a313d1-2e21-49ad-a1c7-6f04cae6be69,Chelsea FC,Brentford FC,15,15,0,0,0.0,0.0,13.0,2.6,3.0,1.2,2.88262,1.79378,10.0,2.0,2.4,1.6,1.60108,2.03364,21.0,2.1,2.4,1.3,2.45166,1.79705,17.0,1.7,2.4,1.9,1.82393,1.6595900000000001,2.2,1.0,2.14878,1.4903600000000001,0.8,2.0,1.00028,2.38048,7.104166666666667,8.166666666666666,2,2,2.0,10.0,2.066666666666667,1.5333333333333334,31.0,23.0,1.593191489361702,0.8629787234042554,1.593191489361702,1.2612765957446808,0.0,0.0,0.0,0.0,2,1,2.5915,1.6586,1.0,H
f83388ce-d58b-4b8b-beb8-c33580edbeed,e90edc02-ed40-49c3-add8-9579710c2bb2,2024,16,16,2024-12-15T19:00:00+00:00,f5c6f090-f823-4206-a821-17c11d35de43,c23d6b7a-dfaf-44a3-b016-1feb2dddec44,Southampton FC,Tottenham Hotspur FC,15,15,0,0,0.0,0.0,1.0,0.2,0.8,2.4,1.1127,2.8635200000000003,4.0,0.8,1.8,1.6,1.98902,2.35322,4.0,0.4,0.9,2.2,1.0870799999999998,2.67985,13.0,1.3,2.2,1.4,2.10023,1.8663899999999998,1.4,2.4,1.86324,3.0581199999999997,1.8,1.0,2.28952,1.7975400000000001,8.166666666666666,7.104166666666667,2,2,20.0,13.0,0.3333333333333333,1.3333333333333333,5.0,20.0,0.5974630021141649,1.4604651162790698,1.4604651162790698,0.9293868921775897,0.0,0.0,0.0,0.0,0,5,1.2736,3.8932,1.0,A
c64cca39-a497-418b-b9f6-a507b7a379a6,ac3e7026-b6fe-4e9f-ac50-1cd68398c02a,2024,16,16,2024-12-16T20:00:00+00:00,6601a105-9986-4276-89bf-143cdf03198a,21ec0474-e758-4563-97a9-912aab00b4f5,AFC Bournemouth,West Ham United FC,15,15,0,0,0.0,0.0,9.0,1.8,2.0,1.6,2.85028,1.1704,7.0,1.4,1.4,1.8,1.47544,2.1239,19.0,1.9,1.8,1.2,2.2605399999999998,1.25277,14.0,1.4,1.5,1.9,1.6634,1.8590900000000001,1.8,0.8,2.2529,1.12882,1.0,2.2,1.13794,1.68784,8.25,7.0,2,2,7.0,14.0,1.6,1.2,24.0,18.0,1.189958158995816,0.7933054393305439,0.9916317991631799,1.2560669456066944,0.0,0.0,0.0,0.0,1,1,2.0484,1.8183,1.0,D
56e95019-a31b-4250-b63c-56c12c5edff2,704cbec1-9baf-4865-beb9-558191e1355f,2024,17,17,2024-12-21T12:30:00+00:00,f8f456e7-3e20-4803-ba4e-b1762a31812c,33d2f100-682f-4a5e-9aa3-5cc57e1e8571,Aston Villa FC,Manchester City FC,16,16,0,0,0.0,0.0,7.0,1.4,1.4,1.6,2.0079000000000002,1.47368,4.0,0.8,1.2,2.0,1.66568,2.21372,12.0,1.2,1.2,1.6,1.8133199999999998,1.55558,13.0,1.3,1.4,1.7,1.91798,2.02788,1.4,0.8,2.2563,0.7820199999999999,1.2,1.8,1.73026,2.1994,6.791666666666667,5.833333333333333,2,2,7.0,5.0,1.5625,1.6875,25.0,27.0,0.7949999999999999,1.06,0.9274999999999999,1.12625,0.0,0.0,0.0,0.0,2,1,2.0599,1.0963,1.0,H
ff5d5490-9ce7-46c5-b7d5-9bf7d633daaa,b9e15c4e-43f5-4c52-aafd-2a58db0918d6,2024,17,17,2024-12-21T15:00:00+00:00,21ec0474-e758-4563-97a9-912aab00b4f5,db14882b-951f-4db5-860b-4ca2b8583311,West Ham United FC,Brighton & Hove Albion FC,16,16,0,0,0.0,0.0,7.0,1.4,1.6,2.0,1.61436,2.36038,5.0,1.0,1.4,2.0,1.32898,1.5887600000000002,14.0,1.4,1.5,1.9,1.7573699999999999,2.02691,15.0,1.5,1.6,1.7,1.56954,1.6497600000000001,2.0,1.6,2.18886,2.03034,1.4,1.6,1.22908,1.54992,4.791666666666667,6.041666666666667,2,2,14.0,9.0,1.1875,1.5,19.0,24.0,0.9937888198757765,1.25879917184265,1.060041407867495,1.1262939958592133,0.0,0.0,0.0,0.0,1,1,1.2294,1.3438,1.0,D
d59e0682-3f74-4cbb-8f56-39dc32c76e55,e243fe06-5b4e-45ca-8683-d21c956127d3,2024,17,17,2024-12-21T15:00:00+00:00,66a313d1-2e21-49ad-a1c7-6f04cae6be69,5421e81a-b7dd-48b1-9982-42644e8dcf9f,Brentford FC,Nottingham Forest FC,16,16,0,0,0.0,0.0,7.0,1.4,2.0,1.6,1.6198599999999999,2.05348,9.0,1.8,1.2,1.8,1.1817,1.43676,16.0,1.6,2.4,2.0,1.95277,1.83088,19.0,1.9,1.5,1.4,1.55342,1.3130000000000002,4.0,2.2,2.75226,1.5419399999999999,1.4,2.0,1.2135799999999999,1.8882999999999999,5.833333333333333,6.895833333333333,2,2,11.0,4.0,1.4375,1.75,23.0,28.0,1.5934020618556701,1.327835051546392,0.9958762886597938,0.9294845360824743,0.0,0.0,0.0,0.0,0,2,0.769,0.9649,1.0,A
e833f077-891d-46a7-bc9f-dfd20c3fb292,02bb8d17-6491-4dc8-8764-c1388f861f38,2024,17,17,2024-12-21T15:00:00+00:00,67d3236c-6589-4978-b178-f6dcf50166d4,c4045d6d-a715-4821-a800-cd9b505ad54b,Ipswich Town FC,Newcastle United FC,16,16,0,0,0.0,0.0,4.0,0.8,0.8,1.2,1.24438,1.8836,5.0,1.0,2.0,2.0,1.7901,1.47986,8.0,0.8,1.1,1.8,1.37576,2.36061,12.0,1.2,1.5,1.4,1.7148599999999998,1.34771,0.6,1.4,1.30716,2.07224,1.4,1.6,1.47586,1.50612,7.0,7.0,2,2,18.0,11.0,0.75,1.4375,12.0,23.0,0.7318275154004107,1.1975359342915812,0.997946611909651,0.9314168377823407,0.0,0.0,0.0,0.0,0,4,1.0643,3.2339,1.0,A
98b6e586-f9b2-4884-b7d6-221e0cca576b,63ae3362-a440-4f2a-b40f-6707f1f923b5,2024,17,17,2024-12-21T17:30:00+00:00,74bd08fa-27db-4bb0-8490-f57f6ed6b8e9,ead1bc2e-8799-410a-a809-66a274bbab2c,Crystal Palace FC,Arsenal FC,16,16,0,0,0.0,0.0,9.0,1.8,1.8,1.2,1.9571200000000002,1.28902,11.0,2.2,2.2,0.6,2.47368,0.43556,13.0,1.3,1.2,1.2,1.68176,1.53268,16.0,1.6,1.7,1.0,2.0321000000000002,0.9089,0.8,1.2,1.4118600000000001,1.3902800000000002,1.4,1.4,2.00906,1.1342,6.145833333333333,7.104166666666667,1,2,15.0,4.0,1.0,1.875,16.0,30.0,0.7967413441955193,0.7967413441955193,1.1287169042769858,0.6639511201629328,0.0,0.0,0.0,0.0,1,5,1.6052,3.0543,1.0,A
7571b2c4-57ee-44c6-bc29-61d3493b5ed1,aba93edb-dd28-459c-85f4-df43a4c46571,2024,17,17,2024-12-22T14:00:00+00:00,b552a1a6-4302-43ca-884c-0f91ac4f984b,f5c6f090-f823-4206-a821-17c11d35de43,Fulham FC,Southampton FC,16,16,0,0,0.0,0.0,6.0,1.2,1.6,1.8,0.87874,1.59592,1.0,0.2,0.8,3.0,1.2088800000000002,3.4596000000000005,13.0,1.3,1.6,1.7,1.49617,1.43668,4.0,0.4,0.8,2.4,1.14483,2.92495,1.6,2.0,1.11914,1.40938,0.4,1.6,0.75132,2.3421399999999997,7.958333333333333,6.791666666666667,2,1,10.0,20.0,1.5,0.3125,24.0,5.0,1.0559356136820928,1.1219315895372233,0.5279678068410464,1.5839034205231388,0.0,0.0,0.0,0.0,0,0,1.2526,0.28,1.0,D
58720d21-994c-4b3c-8103-4de6a88ec12f,6d66e4e4-3302-4c79-8aef-679961e03bba,2024,17,17,2024-12-22T14:00:00+00:00,618e770e-c6ac-4c3f-9994-bd2160f675bc,fbffa344-2426-4b4b-9886-b8cd56ec69a1,Leicester City FC,Wolverhampton Wanderers FC,16,16,0,0,0.0,0.0,4.0,0.8,1.4,2.6,1.2534800000000001,2.59782,3.0,0.6,1.6,2.6,1.15318,1.6453600000000002,11.0,1.1,1.3,2.2,1.3606099999999999,2.24845,8.0,0.8,1.8,2.4,1.08971,1.86823,1.6,1.6,1.3835000000000002,2.26202,2.0,2.8,1.09388,1.81258,7.958333333333333,7.958333333333333,2,2,17.0,19.0,0.875,0.5625,14.0,9.0,0.8631790744466801,1.460764587525151,1.1951710261569417,1.5935613682092555,0.0,0.0,0.0,0.0,0,3,0.7887,1.1353,1.0,A
db42dd4d-0fe6-421b-ba51-f959e5cb5784,2767369a-9f4e-4d5d-b64a-6a23f8b522d2,2024,17,17,2024-12-22T14:00:00+00:00,48fc005c-cbfc-4e4d-b7f1-459dce6cf940,6601a105-9986-4276-89bf-143cdf03198a,Manchester United FC,AFC Bournemouth,16,16,0,0,0.0,0.0,7.0,1.4,1.8,1.4,1.3606200000000002,1.40198,10.0,2.0,1.8,1.2,2.7615000000000003,1.22112,15.0,1.5,1.6,1.1,1.50406,1.30566,17.0,1.7,1.6,1.2,2.32116,1.3649900000000001,2.4,1.0,1.6788599999999998,0.7877400000000001,1.8,1.6,2.26818,1.37672,6.895833333333333,5.75,1,2,13.0,8.0,1.375,1.5625,22.0,25.0,1.0624,0.7304,1.0624,0.7968,0.0,0.0,0.0,0.0,0,3,2.2853,1.8283,1.0,A
71f747bf-8eab-4715-8e54-b67770bdab4c,282a85f5-f926-4ce8-a5d1-15898f08883f,2024,17,17,2024-12-22T14:00:00+00:00,60cb8be0-9c1e-4019-8b60-fd9ac2aa9f2d,1cb320b2-b42f-4131-8f5f-ef42e7f82540,Everton FC,Chelsea FC,15,16,0,0,0.0,0.0,6.0,1.2,0.8,0.8,0.9718,1.27696,15.0,3.0,3.2,1.2,3.15278,1.7334,14.0,1.4,0.9,0.7,1.0939400000000001,1.25085,21.0,2.1,2.2,1.2,2.34497,1.8422,1.4,0.4,1.1561400000000002,1.32004,2.6,1.6,2.75454,2.1037399999999997,7.958333333333333,6.791666666666667,1,2,16.0,2.0,1.0,2.125,15.0,34.0,0.5976143141153082,0.4648111332007952,1.4608349900596422,0.7968190854870776,0.0,0.0,0.0,0.0,0,0,1.0708,1.5159,1.0,D
44193c9a-8145-4983-a750-65712a3d39da,a1569899-cb47-42a3-bdb5-e6d2dc9daadb,2024,17,17,2024-12-22T16:30:00+00:00,c23d6b7a-dfaf-44a3-b016-1feb2dddec44,54ed0f97-ad19-421c-a5c2-9b9d3fcbc72d,Tottenham Hotspur FC,Liverpool FC,16,15,0,0,0.0,0.0,7.0,1.4,2.6,1.2,2.4174800000000003,2.17116,11.0,2.2,2.4,1.4,2.77912,1.3510199999999999,13.0,1.3,2.4,1.4,1.9488299999999998,1.93368,24.0,2.4,2.1,1.2,2.3475200000000003,1.15565,2.6,1.8,1.91094,1.9352399999999998,2.2,1.6,2.1920200000000003,1.10144,6.895833333333333,8.0625,2,1,11.0,1.0,1.4375,2.4,23.0,36.0,1.6031809145129223,0.9351888667992047,1.4027833001988073,0.8015904572564612,0.0,0.0,0.0,0.0,3,6,1.2025,5.2021,1.0,A
53f56256-f352-40c2-85db-3d7fd9a3c6e5,281ca865-6902-4c26-8f7b-c4bb26568ccc,2024,18,18,2024-12-26T12:30:00+00:00,33d2f100-682f-4a5e-9aa3-5cc57e1e8571,60cb8be0-9c1e-4019-8b60-fd9ac2aa9f2d,Manchester City FC,Everton FC,17,16,0,0,0.0,0.0,4.0,0.8,1.4,1.6,1.45314,1.9647999999999999,6.0,1.2,0.8,0.8,1.01276,1.3554,10.0,1.0,1.2,1.7,1.8909300000000002,1.95802,12.0,1.2,0.7,0.6,1.09006,1.2900800000000001,1.6,1.6,2.1056999999999997,1.85636,0.4,1.0,1.03174,1.18166,5.0,3.9375,2,2,7.0,15.0,1.588235294117647,1.0,27.0,16.0,0.7921875,1.122265625,0.462109375,0.39609375,0.0,0.0,0.0,0.0,1,1,2.5197,0.6533,1.0,D
022420f7-5861-49ac-9c47-bdfb1746d447,4904f153-aa77-4910-aacd-e6852057d910,2024,18,18,2024-12-26T15:00:00+00:00,1cb320b2-b42f-4131-8f5f-ef42e7f82540,b552a1a6-4302-43ca-884c-0f91ac4f984b,Chelsea FC,Fulham FC,17,17,0,0,0.0,0.0,13.0,2.6,2.8,1.0,2.89264,1.75396,7.0,1.4,1.4,1.0,0.98582,1.38412,21.0,2.1,2.1,1.1,2.2688099999999998,1.78263,14.0,1.4,1.4,1.4,1.34558,1.3279999999999998,1.8,0.8,1.9354,1.58066,1.6,1.4,1.8732,1.4639799999999998,4.041666666666667,4.041666666666667,2,2,2.0,9.0,2.0588235294117645,1.4705882352941178,35.0,25.0,1.389105058365759,0.727626459143969,0.9260700389105058,0.9260700389105058,0.0,0.0,0.0,0.0,1,2,1.5563,1.7793,1.0,A
ba8e4306-d793-40a8-af9e-750ce6655631,7694e271-f352-4c3b-8677-ee8d9d6ac044,2024,18,18,2024-12-26T15:00:00+00:00,c4045d6d-a715-4821-a800-cd9b505ad54b,f8f456e7-3e20-4803-ba4e-b1762a31812c,Newcastle United FC,Aston Villa FC,17,17,0,0,0.0,0.0,8.0,1.6,2.8,1.6,2.13732,1.50416,9.0,1.8,1.4,1.4,1.8109600000000001,1.37006,14.0,1.4,1.9,1.4,1.8592,1.38492,14.0,1.4,1.4,1.7,1.96603,1.6203600000000002,1.6,1.2,1.95386,1.1893,1.0,2.4,1.3703400000000001,2.3291399999999998,5.0,5.104166666666667,2,2,9.0,8.0,1.5294117647058822,1.6470588235294117,26.0,28.0,1.2568665377176014,0.9261121856866537,0.9261121856866537,1.1245647969052224,0.0,0.0,0.0,0.0,3,0,2.8287,0.2255,1.0,H
3242a933-0fbf-4b1d-970e-dc96102d7721,ac27955d-cca9-412c-9bcc-2858fef6cefe,2024,18,18,2024-12-26T15:00:00+00:00,5421e81a-b7dd-48b1-9982-42644e8dcf9f,c23d6b7a-dfaf-44a3-b016-1feb2dddec44,Nottingham Forest FC,Tottenham Hotspur FC,17,17,0,0,0.0,0.0,12.0,2.4,1.6,1.2,1.29406,1.25852,4.0,0.8,2.4,2.4,1.99708,2.7797799999999997,21.0,2.1,1.6,1.3,1.48326,1.16215,13.0,1.3,2.5,1.7,1.9598,2.25667,1.6,0.8,1.8932600000000002,0.7377,2.2,1.0,1.98672,1.93212,5.0,3.9375,2,2,4.0,11.0,1.8235294117647058,1.3529411764705883,31.0,23.0,1.0584615384615386,0.86,1.6538461538461537,1.1246153846153846,0.0,0.0,0.0,0.0,1,0,1.3002,1.0576,1.0,H
ea0559b4-9e9d-4dbe-8c21-1a494b5a2d16,466a5b6e-7aa0-40f8-bdae-854a63e9e35e,2024,18,18,2024-12-26T15:00:00+00:00,f5c6f090-f823-4206-a821-17c11d35de43,21ec0474-e758-4563-97a9-912aab00b4f5,Southampton FC,West Ham United FC,17,17,0,0,0.0,0.0,2.0,0.4,0.4,2.4,0.9569000000000001,3.07244,5.0,1.0,1.4,2.2,1.6716799999999998,2.32958,5.0,0.5,0.7,2.1,1.04552,2.72504,12.0,1.2,1.2,1.9,1.4409100000000001,2.04283,1.2,3.2,1.53834,3.50776,1.0,2.2,1.3258800000000002,2.02348,4.041666666666667,5.0,2,2,20.0,14.0,0.35294117647058826,1.1764705882352942,6.0,20.0,0.46487523992322455,1.3946257197696736,0.7969289827255278,1.2618042226487522,0.0,0.0,0.0,0.0,0,1,2.1983,1.9011,1.0,A
49dc2a11-0ce8-4db5-828e-858e9839b854,a178fb27-13c8-46aa-a0b3-033d52d5a52a,2024,18,18,2024-12-26T15:00:00+00:00,6601a105-9986-4276-89bf-143cdf03198a,74bd08fa-27db-4bb0-8490-f57f6ed6b8e9,AFC Bournemouth,Crystal Palace FC,17,17,0,0,0.0,0.0,13.0,2.6,2.2,0.8,2.74484,1.4320599999999999,8.0,1.6,1.6,1.8,1.9552800000000001,1.2909599999999999,20.0,2.0,1.9,1.1,2.30903,1.50231,13.0,1.3,1.3,1.6,1.7813299999999999,1.6307800000000001,1.4,0.8,2.3741399999999997,1.3532600000000001,1.6,1.2,1.95166,1.67508,4.041666666666667,4.895833333333333,2,2,6.0,16.0,1.6470588235294117,0.9411764705882353,28.0,16.0,1.2666666666666666,0.7333333333333334,0.8666666666666667,1.0666666666666667,0.0,0.0,0.0,0.0,0,0,1.2019,0.5001,1.0,D
c23fd32a-806d-472f-b059-eb4cae15d67a,1351465a-d49c-485c-8e53-7e52177aa89a,2024,18,18,2024-12-26T17:30:00+00:00,fbffa344-2426-4b4b-9886-b8cd56ec69a1,48fc005c-cbfc-4e4d-b7f1-459dce6cf940,Wolverhampton Wanderers FC,Manchester United FC,17,17,0,0,0.0,0.0,3.0,0.6,1.4,2.4,1.1124399999999999,1.6596600000000001,6.0,1.2,1.6,1.8,1.56386,1.3702200000000002,11.0,1.1,1.8,1.9,1.13361,1.53359,14.0,1.4,1.6,1.4,1.6877400000000002,1.43521,1.6,2.0,1.08554,1.92388,0.8,1.2,1.32926,1.8235800000000002,4.145833333333333,4.145833333333333,2,2,18.0,14.0,0.7058823529411765,1.2941176470588236,12.0,22.0,1.2068965517241381,1.2739463601532568,1.0727969348659006,0.9386973180076629,0.0,0.0,0.0,0.0,2,0,0.8265,0.3589,1.0,H
d664215e-1e55-4b91-9924-9f8eb8605104,e6e0f354-33fe-4766-b911-11c0ac6e4dcc,2024,18,18,2024-12-26T20:00:00+00:00,54ed0f97-ad19-421c-a5c2-9b9d3fcbc72d,618e770e-c6ac-4c3f-9994-bd2160f675bc,Liverpool FC,Leicester City FC,16,17,0,0,0.0,0.0,11.0,2.2,3.2,2.0,3.2831400000000004,1.25884,4.0,0.8,1.2,2.8,1.21762,2.2615600000000002,24.0,2.4,2.5,1.4,2.6560099999999998,1.20101,8.0,0.8,1.2,2.5,1.3482699999999999,2.16702,2.0,0.8,2.5030200000000002,1.20986,1.0,2.8,1.33772,2.23488,4.145833333333333,4.25,2,2,1.0,18.0,2.4375,0.8235294117647058,39.0,14.0,1.6793893129770994,0.9404580152671755,0.8061068702290076,1.6793893129770994,0.0,0.0,0.0,0.0,3,1,1.8994,0.221,1.0,H
494dc197-0f46-4728-96f5-2b0ce1aaf47a,922d83bd-8b52-4150-8091-0bb202a1a379,2024,18,18,2024-12-27T19:30:00+00:00,db14882b-951f-4db5-860b-4ca2b8583311,66a313d1-2e21-49ad-a1c7-6f04cae6be69,Brighton & Hove Albion FC,Brentford FC,17,17,0,0,0.0,0.0,3.0,0.6,1.2,2.0,1.35162,1.45232,6.0,1.2,2.0,2.0,1.50504,1.92744,13.0,1.3,1.4,1.6,1.5067,1.66342,13.0,1.3,1.9,1.9,1.61616,1.8577400000000002,1.8,1.8,1.9100000000000001,1.7496000000000003,0.8,1.8,1.15328,2.11982,6.1875,6.1875,2,2,10.0,12.0,1.4705882352941178,1.3529411764705883,25.0,23.0,0.9386363636363636,1.0727272727272728,1.2738636363636362,1.2738636363636362,0.0,0.0,0.0,0.0,0,0,1.3354,0.9612,1.0,D
733f891a-8dc7-4214-b0c5-c648ee87d4c2,943f28e0-6efe-4f0c-b872-9712240a50ce,2024,18,18,2024-12-27T20:15:00+00:00,ead1bc2e-8799-410a-a809-66a274bbab2c,67d3236c-6589-4978-b178-f6dcf50166d4,Arsenal FC,Ipswich Town FC,17,17,0,0,0.0,0.0,11.0,2.2,2.6,0.8,2.7525,0.67598,3.0,0.6,0.6,1.8,1.05982,2.27656,16.0,1.6,1.9,1.0,2.01236,0.9421099999999999,8.0,0.8,1.0,1.8,1.3637299999999999,2.2445999999999997,2.0,0.6,2.05514,0.6836,1.6,2.2,1.44436,2.64898,6.114583333333333,6.21875,2,2,4.0,19.0,1.9411764705882353,0.7058823529411765,33.0,12.0,1.281060606060606,0.6742424242424242,0.6742424242424242,1.2136363636363636,0.0,0.0,0.0,0.0,1,0,2.1646,0.0783,1.0,H
be1d0c62-eee0-4144-86dc-0f15261f2ebd,841d399a-1498-4405-8af6-f76979b381f4,2024,19,19,2024-12-29T14:30:00+00:00,618e770e-c6ac-4c3f-9994-bd2160f675bc,33d2f100-682f-4a5e-9aa3-5cc57e1e8571,Leicester City FC,Manchester City FC,18,18,0,0,0.0,0.0,4.0,0.8,1.2,2.6,1.0803,2.19766,5.0,1.0,1.6,1.4,1.80808,1.35536,5.0,0.5,1.0,2.6,1.08654,2.11418,8.0,0.8,1.1,1.7,2.0063299999999997,1.94723,1.4,2.2,1.3588200000000001,2.0991600000000004,1.0,2.0,1.67638,2.45914,2.7708333333333335,3.0833333333333335,2,3,18.0,7.0,0.7777777777777778,1.5555555555555556,14.0,28.0,0.6767485822306238,1.759546313799622,0.7444234404536862,1.1504725897920605,0.0,0.0,0.0,0.0,0,2,1.8421,1.58,1.0,A
7ef16a99-1ea4-4149-984b-e80a49f25739,eb6e067b-d2c1-437d-9dd5-51bbc378632e,2024,19,19,2024-12-29T15:00:00+00:00,c23d6b7a-dfaf-44a3-b016-1feb2dddec44,fbffa344-2426-4b4b-9886-b8cd56ec69a1,Tottenham Hotspur FC,Wolverhampton Wanderers FC,18,18,0,0,0.0,0.0,3.0,0.6,2.2,2.4,2.00642,2.72528,6.0,1.2,1.4,1.6,1.10454,1.11564,10.0,1.0,2.1,1.7,1.92151,2.30081,14.0,1.4,1.9,1.7,1.1401400000000002,1.4329100000000001,2.4,2.8,1.8633400000000002,2.8038999999999996,2.0,1.8,1.18168,1.1433,3.0,2.8958333333333335,3,2,12.0,17.0,1.2777777777777777,0.8333333333333334,23.0,15.0,1.423728813559322,1.1525423728813557,1.2881355932203389,1.1525423728813557,0.0,0.0,0.0,0.0,2,2,2.2843,0.6407,1.0,D
cef2dda1-c0b1-4e1c-bada-2e0318ae1a37,10d0463d-d222-42d7-a0c6-f471a622b969,2024,19,19,2024-12-29T15:00:00+00:00,74bd08fa-27db-4bb0-8490-f57f6ed6b8e9,f5c6f090-f823-4206-a821-17c11d35de43,Crystal Palace FC,Southampton FC,18,18,0,0,0.0,0.0,8.0,1.6,1.4,1.6,1.5961,1.52714,1.0,0.2,0.2,2.4,1.2095600000000002,3.07868,14.0,1.4,1.3,1.5,1.74784,1.5624,5.0,0.5,0.5,1.9,1.02257,2.6313199999999997,1.0,2.0,1.611,1.5864800000000001,0.2,1.0,0.5527,1.9423199999999998,3.0,3.0,2,3,16.0,20.0,0.9444444444444444,0.3333333333333333,17.0,6.0,0.8796261682242991,1.0149532710280373,0.3383177570093458,1.285607476635514,0.0,0.0,0.0,0.0,2,1,3.0542,1.2185,1.0,H
919415ea-85dc-4879-866c-5d8cbcb40fad,435a7de8-f40b-4564-8c0e-36237942540f,2024,19,19,2024-12-29T15:00:00+00:00,60cb8be0-9c1e-4019-8b60-fd9ac2aa9f2d,5421e81a-b7dd-48b1-9982-42644e8dcf9f,Everton FC,Nottingham Forest FC,17,18,0,0,0.0,0.0,6.0,1.2,1.0,1.0,0.8244,1.59072,12.0,2.4,1.6,1.2,1.20092,1.37748,12.0,1.2,0.8,0.7,1.08617,1.363,21.0,2.1,1.6,1.3,1.42471,1.1844100000000002,1.0,0.2,1.14838,1.3984999999999999,1.6,1.8,1.0732599999999999,1.5866,3.1041666666666665,3.0,2,2,16.0,4.0,1.0,1.8888888888888888,17.0,34.0,0.5412639405204461,0.4736059479553903,1.0825278810408923,0.8795539033457249,0.0,0.0,0.0,0.0,0,2,0.6152,2.0275,1.0,A
db561cef-1236-4833-922c-350252839e29,1647df4b-db30-4073-8aff-4abd246b8603,2024,19,19,2024-12-29T15:00:00+00:00,b552a1a6-4302-43ca-884c-0f91ac4f984b,6601a105-9986-4276-89bf-143cdf03198a,Fulham FC,AFC Bournemouth,18,18,0,0,0.0,0.0,9.0,1.8,1.6,1.0,1.02714,1.4932,11.0,2.2,1.4,0.4,2.36942,1.3588799999999999,17.0,1.7,1.5,1.2,1.26044,1.34003,18.0,1.8,1.7,1.1,2.2108,1.47824,1.4,1.4,0.84352,1.17818,2.4,1.4,2.24392,1.65136,3.0,3.0,2,3,8.0,7.0,1.5555555555555556,1.6111111111111112,28.0,29.0,1.0166666666666666,0.8133333333333332,1.152222222222222,0.7455555555555555,0.0,0.0,0.0,0.0,2,2,0.9616,1.7069,1.0,D
2e3044a8-67fd-45e2-98ae-dba34f0179f2,1d9470b5-73d8-4811-8f35-551db50670ef,2024,19,19,2024-12-29T17:15:00+00:00,21ec0474-e758-4563-97a9-912aab00b4f5,54ed0f97-ad19-421c-a5c2-9b9d3fcbc72d,West Ham United FC,Liverpool FC,18,17,0,0,0.0,0.0,8.0,1.6,1.2,1.2,1.80482,1.96936,11.0,2.2,3.2,1.8,3.02534,0.99506,15.0,1.5,1.2,1.5,1.54514,2.11861,24.0,2.4,2.7,1.5,2.63862,1.16216,1.4,1.6,1.55594,2.06218,3.0,2.0,2.809,1.1921599999999999,3.09375,2.8854166666666665,3,2,13.0,1.0,1.2777777777777777,2.4705882352941178,23.0,42.0,0.8117647058823529,1.0147058823529413,1.8264705882352943,1.0147058823529413,0.0,0.0,0.0,0.0,0,5,0.5183,3.2987,1.0,A
e51ff55e-f61f-46d7-a0f7-786e10c6430e,9a81c4e3-d5fe-4974-b876-4620f74e999d,2024,19,19,2024-12-30T19:45:00+00:00,67d3236c-6589-4978-b178-f6dcf50166d4,1cb320b2-b42f-4131-8f5f-ef42e7f82540,Ipswich Town FC,Chelsea FC,18,18,0,0,0.0,0.0,3.0,0.6,0.6,1.8,0.98292,2.3563,10.0,2.0,2.4,1.4,2.81402,1.9347400000000001,8.0,0.8,1.0,1.7,1.2541600000000002,2.30026,21.0,2.1,2.1,1.1,2.29054,1.7380400000000003,0.6,1.8,1.28522,2.39742,2.4,1.2,2.78992,1.87286,2.9791666666666665,4.197916666666667,2,2,19.0,4.0,0.6666666666666666,1.9444444444444444,12.0,35.0,0.6739526411657559,1.145719489981785,1.4153005464480874,0.7413479052823316,0.0,0.0,0.0,0.0,2,0,1.5009,1.6062,1.0,H
84840e2e-9bc3-496c-b7c3-065c15cdb0a0,e21aba52-5648-49ab-9fb5-176f666c6407,2024,19,19,2024-12-30T19:45:00+00:00,f8f456e7-3e20-4803-ba4e-b1762a31812c,db14882b-951f-4db5-860b-4ca2b8583311,Aston Villa FC,Brighton & Hove Albion FC,18,18,0,0,0.0,0.0,9.0,1.8,1.4,1.4,1.68098,1.54592,3.0,0.6,1.0,1.8,1.2447199999999998,1.4575600000000002,11.0,1.1,1.1,1.9,1.84498,1.6401599999999998,11.0,1.1,1.3,1.6,1.4724499999999998,1.5658800000000002,1.8,1.0,2.56172,0.9115800000000001,1.4,1.8,1.16226,1.40848,4.197916666666667,3.0104166666666665,2,2,9.0,10.0,1.5555555555555556,1.4444444444444444,28.0,26.0,0.7426497277676951,1.282758620689655,0.8776769509981851,1.0802177858439201,0.0,0.0,0.0,0.0,2,2,1.88,0.938,1.0,D
a1e72bb8-7643-4919-b0ad-4134837dc665,a89601f7-df50-4cf1-af73-06c68b3313df,2024,19,19,2024-12-30T20:00:00+00:00,48fc005c-cbfc-4e4d-b7f1-459dce6cf940,c4045d6d-a715-4821-a800-cd9b505ad54b,Manchester United FC,Newcastle United FC,18,18,0,0,0.0,0.0,3.0,0.6,0.8,2.2,1.28332,1.38218,10.0,2.0,3.2,1.4,2.6988600000000003,1.09006,11.0,1.1,1.4,1.5,1.5470700000000002,1.42858,17.0,1.7,2.2,1.3,1.9484100000000002,1.23968,2.0,1.4,1.7828,0.97484,2.2,1.6,1.7645399999999998,1.5805399999999998,4.104166666666667,4.208333333333333,2,2,14.0,7.0,1.2222222222222223,1.6111111111111112,22.0,29.0,0.9434234234234234,1.010810810810811,1.4825225225225227,0.8760360360360361,0.0,0.0,0.0,0.0,0,2,1.0007,2.2424,1.0,A
3e06935c-99eb-4d80-82bd-f9ce016a1902,499f5db6-034b-46fa-9059-a01fecbd5e1f,2024,19,19,2025-01-01T17:30:00+00:00,66a313d1-2e21-49ad-a1c7-6f04cae6be69,ead1bc2e-8799-410a-a809-66a274bbab2c,Brentford FC,Arsenal FC,18,18,0,0,0.0,0.0,4.0,0.8,1.2,1.8,1.2535,2.013,11.0,2.2,1.8,0.4,2.3855399999999998,0.44455999999999996,14.0,1.4,1.8,1.7,1.623,1.8147199999999999,19.0,1.9,2.0,0.8,2.15474,0.73152,3.0,2.0,2.07904,1.59566,2.4,1.2,2.47176,1.0184,4.916666666666667,4.885416666666667,2,2,12.0,3.0,1.3333333333333333,2.0,24.0,36.0,1.21508078994614,1.147576301615799,1.3500897666068221,0.5400359066427289,0.0,0.0,0.0,0.0,1,3,0.2726,1.9985,1.0,A
a13eb054-a25a-48b5-81eb-bdf6cff71d13,70ab4cfa-8639-4738-9414-c5083d7c45fe,2024,20,20,2025-01-04T12:30:00+00:00,c23d6b7a-dfaf-44a3-b016-1feb2dddec44,c4045d6d-a715-4821-a800-cd9b505ad54b,Tottenham Hotspur FC,Newcastle United FC,19,19,0,0,0.0,0.0,4.0,0.8,2.6,2.6,2.3385000000000002,2.1979800000000003,12.0,2.4,3.0,0.8,2.84322,0.84466,11.0,1.1,2.3,1.8,2.04802,2.26702,20.0,2.0,2.3,1.1,1.99842,1.1779600000000001,2.0,3.0,1.9006999999999998,2.4345399999999997,2.4,1.2,1.8645600000000002,1.4571,5.895833333333333,4.6875,3,3,11.0,5.0,1.263157894736842,1.6842105263157894,24.0,32.0,1.5497326203208555,1.2128342245989305,1.5497326203208555,0.7411764705882353,1.0,0.0,0.0,3.0,1,2,1.0033,2.4296,1.0,A
a763ca77-e95f-4fa8-a66b-fce14fbe04f7,c14e7378-b45e-440f-8bca-4e9510b77ba0,2024,20,20,2025-01-04T15:00:00+00:00,6601a105-9986-4276-89bf-143cdf03198a,60cb8be0-9c1e-4019-8b60-fd9ac2aa9f2d,AFC Bournemouth,Everton FC,19,18,0,0,0.0,0.0,9.0,1.8,1.6,0.8,2.05536,1.4264199999999998,6.0,1.2,1.0,0.6,0.7941,1.6439,18.0,1.8,1.8,1.2,2.34862,1.377,9.0,0.9,0.6,0.9,0.98689,1.44835,1.0,0.8,2.17768,1.30512,0.2,1.2,0.8408,1.4507999999999999,6.0,6.0,3,3,7.0,16.0,1.5789473684210527,0.9444444444444444,30.0,17.0,1.2127659574468086,0.8085106382978723,0.40425531914893614,0.6063829787234043,1.0,1.0,0.0,5.0,1,0,2.6185,0.561,1.0,H
f215f11f-5908-43de-9685-101ef957a21d,3444b64d-bbf5-4427-9b1a-e22c88cd9889,2024,20,20,2025-01-04T15:00:00+00:00,f5c6f090-f823-4206-a821-17c11d35de43,66a313d1-2e21-49ad-a1c7-6f04cae6be69,Southampton FC,Brentford FC,19,19,0,0,0.0,0.0,1.0,0.2,0.2,1.8,1.07124,2.5229,4.0,0.8,1.2,1.8,1.08148,1.76936,5.0,0.5,0.6,2.0,1.1074199999999998,2.62045,11.0,1.1,1.5,1.7,1.2406000000000001,1.8488699999999998,0.8,2.8,1.49244,3.32032,0.6,1.4,1.16696,2.0337799999999997,6.0,2.8958333333333335,3,3,20.0,12.0,0.3157894736842105,1.263157894736842,6.0,24.0,0.4056637168141593,1.352212389380531,1.0141592920353983,1.1493805309734513,1.0,0.0,0.0,4.0,0,5,0.2496,5.5487,1.0,A
77deec8f-0fd6-44bf-a940-e8986de07d20,5b1bc025-294a-4df8-8110-e333692ba77e,2024,20,20,2025-01-04T15:00:00+00:00,74bd08fa-27db-4bb0-8490-f57f6ed6b8e9,1cb320b2-b42f-4131-8f5f-ef42e7f82540,Crystal Palace FC,Chelsea FC,19,19,0,0,0.0,0.0,8.0,1.6,1.6,1.8,1.8760999999999999,1.6765,7.0,1.4,1.4,1.6,1.96864,1.8529,14.0,1.4,1.4,1.6,1.9553999999999998,1.58233,18.0,1.8,1.9,1.2,2.28937,1.7139,1.2,2.2,2.0261199999999997,1.6263400000000001,2.2,1.4,2.86902,1.7409399999999997,6.0,4.802083333333333,3,3,15.0,4.0,1.0526315789473684,1.8421052631578947,20.0,35.0,0.9431578947368421,1.0778947368421052,1.28,0.8084210526315789,1.0,0.0,1.0,2.0,1,1,1.2766,1.5154,1.0,D
599cfa84-83bc-4140-9c0d-8ff1c933603d,dfc220d4-3192-4a16-bb9d-ee1b7fe3ffe9,2024,20,20,2025-01-04T15:00:00+00:00,f8f456e7-3e20-4803-ba4e-b1762a31812c,618e770e-c6ac-4c3f-9994-bd2160f675bc,Aston Villa FC,Leicester City FC,19,19,0,0,0.0,0.0,7.0,1.4,1.2,1.6,1.41364,1.50698,1.0,0.2,0.6,2.8,0.8926000000000001,1.93822,11.0,1.1,1.2,2.0,1.8355799999999998,1.70109,5.0,0.5,0.9,2.5,1.18751,2.01769,2.0,1.2,2.5429199999999996,1.0334400000000001,0.6,3.0,0.81426,2.1292,4.802083333333333,6.020833333333333,2,3,9.0,19.0,1.5263157894736843,0.7368421052631579,29.0,14.0,0.8097902097902098,1.3496503496503498,0.6073426573426574,1.687062937062937,1.0,1.0,0.0,3.0,2,1,2.3456,0.8155,1.0,H
d10ba339-72ac-4851-ae4a-eacabd0f27df,1c80bad3-010f-4f0d-92c4-764ce6517c68,2024,20,20,2025-01-04T15:00:00+00:00,33d2f100-682f-4a5e-9aa3-5cc57e1e8571,21ec0474-e758-4563-97a9-912aab00b4f5,Manchester City FC,West Ham United FC,19,19,0,0,0.0,0.0,5.0,1.0,1.4,1.4,1.48374,1.56334,8.0,1.6,1.0,1.6,1.33304,2.0729800000000003,8.0,0.8,1.2,1.7,1.84804,2.09444,12.0,1.2,1.0,1.9,1.29766,2.18588,1.2,1.4,2.33628,1.4353200000000002,1.0,1.4,1.53434,2.17504,6.020833333333333,5.90625,2,3,8.0,13.0,1.631578947368421,1.2105263157894737,31.0,23.0,0.8097391304347825,1.1471304347826086,0.6747826086956521,1.282086956521739,1.0,1.0,0.0,4.0,4,1,1.9799,1.5329,1.0,H
5837b9ff-3291-404f-b9ff-52323f3ec91a,7f9c469e-d91a-4302-8c6f-106322e07e23,2024,20,20,2025-01-04T17:30:00+00:00,db14882b-951f-4db5-860b-4ca2b8583311,ead1bc2e-8799-410a-a809-66a274bbab2c,Brighton & Hove Albion FC,Arsenal FC,19,19,0,0,0.0,0.0,4.0,0.8,1.2,1.6,1.21244,1.7002400000000002,11.0,2.2,2.0,0.6,2.1918800000000003,0.44786000000000004,11.0,1.1,1.3,1.6,1.4148999999999998,1.64281,21.0,2.1,2.1,0.7,2.2457599999999998,0.62343,1.2,1.4,1.78264,1.7232800000000001,3.0,1.2,2.6892,0.90098,4.90625,3.0,2,3,11.0,2.0,1.4210526315789473,2.0526315789473686,27.0,39.0,0.8741379310344828,1.0758620689655172,1.4120689655172414,0.47068965517241373,1.0,0.0,1.0,2.0,1,1,1.7651,1.8114,1.0,D
4f11e88f-ac73-4d6d-8630-a3e25048fe4c,5a77766c-36c9-4c1e-a336-47b7cda965f6,2024,20,20,2025-01-05T14:00:00+00:00,b552a1a6-4302-43ca-884c-0f91ac4f984b,67d3236c-6589-4978-b178-f6dcf50166d4,Fulham FC,Ipswich Town FC,19,19,0,0,0.0,0.0,7.0,1.4,1.4,1.2,1.0861399999999999,1.6146999999999998,6.0,1.2,1.0,1.6,1.1887599999999998,2.3467,17.0,1.7,1.6,1.3,1.20707,1.42224,11.0,1.1,0.9,1.3,1.23855,2.05122,1.4,1.6,0.7497999999999999,1.37172,1.4,1.6,1.2231,2.2031,6.958333333333333,5.760416666666667,3,2,9.0,18.0,1.5263157894736843,0.7894736842105263,29.0,15.0,1.07766323024055,0.8756013745704468,0.6061855670103093,0.8756013745704468,1.0,0.0,1.0,2.0,2,2,2.6547,1.4434,1.0,D
6fd9424f-f815-41d9-b04f-920d33ab2bcc,1535543f-248b-41bd-89f3-d964e8c2d401,2024,20,20,2025-01-05T16:30:00+00:00,54ed0f97-ad19-421c-a5c2-9b9d3fcbc72d,48fc005c-cbfc-4e4d-b7f1-459dce6cf940,Liverpool FC,Manchester United FC,18,19,0,0,0.0,0.0,11.0,2.2,3.8,1.8,2.94498,0.9497199999999999,3.0,0.6,0.8,2.2,1.43224,1.2372999999999998,24.0,2.4,3.0,1.4,2.74597,1.08009,11.0,1.1,1.3,1.5,1.3845399999999999,1.35351,2.2,0.8,2.4378599999999997,0.98626,0.8,1.6,1.31134,1.88232,6.96875,5.854166666666667,3,2,1.0,14.0,2.5,1.1578947368421053,45.0,22.0,2.0170648464163823,0.941296928327645,0.8740614334470991,1.0085324232081911,1.0,1.0,0.0,3.0,2,2,2.862,1.6747,1.0,D
54f723d7-f5de-43c9-8184-183108fe963f,a44c4758-0e6e-4d9f-b144-296285c4bf8a,2024,20,20,2025-01-06T20:00:00+00:00,fbffa344-2426-4b4b-9886-b8cd56ec69a1,5421e81a-b7dd-48b1-9982-42644e8dcf9f,Wolverhampton Wanderers FC,Nottingham Forest FC,19,19,0,0,0.0,0.0,7.0,1.4,1.8,1.2,1.06314,1.2727,15.0,3.0,2.0,0.6,1.44598,0.8601800000000001,14.0,1.4,1.9,1.7,1.09314,1.50999,21.0,2.1,1.5,1.2,1.37297,1.16269,1.8,1.6,1.0986,1.72252,1.4,1.6,0.9697799999999999,1.5431599999999999,8.208333333333334,8.208333333333334,2,2,17.0,3.0,0.8421052631578947,1.9473684210526316,16.0,37.0,1.2752542372881357,1.1410169491525424,1.0067796610169493,0.8054237288135593,1.0,0.0,1.0,2.0,0,3,1.9046,2.5723,1.0,A
dbf7e820-bd9a-4889-9812-54c2a64fc575,a3740020-c30d-46b3-8ba1-611e760dc1a0,2024,21,21,2025-01-14T19:30:00+00:00,1cb320b2-b42f-4131-8f5f-ef42e7f82540,6601a105-9986-4276-89bf-143cdf03198a,Chelsea FC,AFC Bournemouth,20,20,0,0,0.0,0.0,5.0,1.0,0.8,1.2,1.7570599999999998,1.45724,9.0,1.8,1.4,0.6,1.8808,1.22526,18.0,1.8,1.9,1.2,2.31984,1.6255099999999998,18.0,1.8,1.7,1.1,2.36554,1.19783,1.8,1.0,1.79116,1.6032199999999999,2.6,1.6,2.51956,1.44888,10.1875,10.1875,1,1,4.0,7.0,1.8,1.65,36.0,33.0,1.275210792580101,0.8053962900505902,1.1409780775716696,0.7382799325463745,1.0,1.0,0.0,1.0,2,2,2.5381,1.1485,1.0,D
c4e1cdcf-01e4-4732-99db-0e8602e6388b,f00c4bc4-c46e-42c7-8f09-df7f652b431e,2024,21,21,2025-01-14T19:30:00+00:00,21ec0474-e758-4563-97a9-912aab00b4f5,b552a1a6-4302-43ca-884c-0f91ac4f984b,West Ham United FC,Fulham FC,20,20,0,0,0.0,0.0,5.0,1.0,0.8,2.2,1.4,2.17382,7.0,1.4,1.6,1.4,1.58688,1.4167200000000002,12.0,1.2,1.1,2.0,1.43772,2.14886,15.0,1.5,1.6,1.4,1.32952,1.49266,1.0,2.4,1.06098,2.19672,1.6,1.0,1.6773600000000002,1.5018799999999999,10.1875,9.229166666666666,1,1,14.0,9.0,1.15,1.5,23.0,30.0,0.7370184254606366,1.340033500837521,1.0720268006700169,0.9380234505862647,1.0,0.0,1.0,2.0,3,2,0.9373,2.8358,1.0,H
71d4a20b-321e-4fe5-988f-9faf918f64df,c5229302-49e7-4454-80fd-aa6dad9b4e24,2024,21,21,2025-01-14T19:30:00+00:00,66a313d1-2e21-49ad-a1c7-6f04cae6be69,33d2f100-682f-4a5e-9aa3-5cc57e1e8571,Brentford FC,Manchester City FC,20,20,0,0,0.0,0.0,4.0,0.8,1.4,1.4,1.8420200000000002,1.42798,7.0,1.4,1.8,1.2,1.5628,1.62696,14.0,1.4,1.9,1.5,1.72155,1.73081,11.0,1.1,1.5,1.6,1.8107600000000001,2.0027999999999997,2.4,2.0,1.31424,1.66396,1.2,1.6,1.52184,2.3377,10.1875,10.1875,2,1,11.0,6.0,1.35,1.7,27.0,34.0,1.2687707641196013,1.0016611295681064,1.0016611295681064,1.0684385382059802,1.0,0.0,0.0,3.0,2,2,2.3909,2.6532,1.0,D
ba0bfb85-56de-48c0-9242-4c8ceb361591,7a43606f-081f-4b47-b3da-16323e18af64,2024,21,21,2025-01-14T20:00:00+00:00,5421e81a-b7dd-48b1-9982-42644e8dcf9f,54ed0f97-ad19-421c-a5c2-9b9d3fcbc72d,Nottingham Forest FC,Liverpool FC,20,19,0,0,0.0,0.0,15.0,3.0,2.0,0.2,1.8302,0.94716,11.0,2.2,3.6,1.6,3.07184,0.9805400000000001,21.0,2.1,1.5,1.2,1.39519,1.33992,24.0,2.4,3.0,1.4,2.89682,1.13873,1.6,0.8,1.7761600000000002,0.78222,3.8,2.0,3.05408,1.17392,8.0,9.145833333333334,1,1,3.0,1.0,2.0,2.4210526315789473,40.0,46.0,1.0,0.7999999999999999,2.0,0.9333333333333332,1.0,1.0,0.0,1.0,1,1,0.5292,2.7229,1.0,D
0846f11a-630f-4970-b80d-cb29d927b48f,3889ff10-a4a0-4ce9-96b4-6ebf1c06779c,2024,21,21,2025-01-15T19:30:00+00:00,618e770e-c6ac-4c3f-9994-bd2160f675bc,74bd08fa-27db-4bb0-8490-f57f6ed6b8e9,Leicester City FC,Crystal Palace FC,20,20,0,0,0.0,0.0,0.0,0.0,0.4,2.8,0.77082,2.1829799999999997,8.0,1.6,1.4,1.6,1.8884599999999998,1.66266,4.0,0.4,0.9,2.6,1.0352000000000001,2.11863,14.0,1.4,1.3,1.5,1.8182099999999999,1.5688499999999999,1.2,2.0,1.5607600000000001,1.9061800000000002,1.6,1.0,1.8846800000000001,1.53832,11.1875,11.1875,1,1,19.0,15.0,0.7,1.05,14.0,21.0,0.6009868421052632,1.7361842105263159,0.8680921052631579,1.0016447368421053,1.0,0.0,1.0,4.0,0,2,2.099,2.2647,1.0,A
ccb3cc04-5272-4cfa-895d-bffdfba3cd01,4c04f7c5-298b-41fe-a633-186c3fa9b7c7,2024,21,21,2025-01-15T19:30:00+00:00,c4045d6d-a715-4821-a800-cd9b505ad54b,fbffa344-2426-4b4b-9886-b8cd56ec69a1,Newcastle United FC,Wolverhampton Wanderers FC,20,20,0,0,0.0,0.0,15.0,3.0,3.0,0.2,2.93784,0.69612,7.0,1.4,1.6,1.4,1.14892,1.5475400000000001,20.0,2.0,2.4,1.2,2.1554100000000003,1.18716,13.0,1.3,1.7,1.8,1.1185800000000001,1.50237,2.2,1.0,2.13228,0.89882,2.0,1.8,1.08768,1.29746,11.291666666666666,8.979166666666666,1,1,5.0,17.0,1.75,0.8,35.0,16.0,1.605245901639344,0.802622950819672,1.1370491803278688,1.2039344262295082,1.0,1.0,0.0,3.0,3,0,2.1333,1.4743,1.0,H
94804662-585e-4fae-9411-eafa85431301,9adf2792-59f7-47b6-9f1b-6e85937b5321,2024,21,21,2025-01-15T19:30:00+00:00,60cb8be0-9c1e-4019-8b60-fd9ac2aa9f2d,f8f456e7-3e20-4803-ba4e-b1762a31812c,Everton FC,Aston Villa FC,19,20,0,0,0.0,0.0,3.0,0.6,0.2,0.8,0.6065,1.99806,7.0,1.4,1.4,1.8,1.38008,1.59292,8.0,0.8,0.5,0.9,0.95451,1.56067,14.0,1.4,1.3,1.7,1.8213899999999998,1.57289,1.0,0.6,1.13298,1.4459,0.4,2.8,1.12824,2.36874,11.1875,11.1875,1,1,16.0,8.0,0.8947368421052632,1.6,17.0,32.0,0.33442088091353994,0.601957585644372,0.869494290375204,1.1370309951060358,1.0,0.0,0.0,5.0,0,1,1.2313,1.2852,1.0,A
2bc77b60-b158-4618-a9af-4b71b08cecff,a6b1be42-860b-4915-aab9-4bd9fffaf7d6,2024,21,21,2025-01-15T20:00:00+00:00,ead1bc2e-8799-410a-a809-66a274bbab2c,c23d6b7a-dfaf-44a3-b016-1feb2dddec44,Arsenal FC,Tottenham Hotspur FC,20,20,0,0,0.0,0.0,11.0,2.2,2.0,0.6,2.0675,0.7706799999999999,4.0,0.8,2.2,2.2,1.8881800000000002,2.16924,22.0,2.2,2.2,0.7,2.33577,0.71397,8.0,0.8,2.0,1.9,1.9385999999999999,2.2612300000000003,1.6,0.4,1.8377200000000002,0.44464,1.8,0.6,1.97968,1.79772,11.104166666666666,11.3125,1,1,3.0,13.0,2.0,1.2,40.0,24.0,1.4762214983713355,0.46970684039087945,1.3420195439739413,1.2749185667752443,1.0,1.0,0.0,1.0,2,1,2.255,0.7771,1.0,H
5ebbed01-499e-4f33-a380-494e80d062e5,41abc604-7eed-476d-83ae-61dbad71f7c5,2024,21,21,2025-01-16T19:30:00+00:00,67d3236c-6589-4978-b178-f6dcf50166d4,db14882b-951f-4db5-860b-4ca2b8583311,Ipswich Town FC,Brighton & Hove Albion FC,20,20,0,0,0.0,0.0,7.0,1.4,1.2,1.6,1.16408,2.17938,4.0,0.8,1.0,1.4,1.3411,1.7776399999999999,11.0,1.1,1.0,1.4,1.2492699999999999,2.08283,12.0,1.2,1.3,1.5,1.4898399999999998,1.64291,0.8,1.6,1.31816,2.25094,1.6,1.8,1.14672,1.4224,11.229166666666666,12.083333333333334,1,1,17.0,11.0,0.8,1.4,16.0,28.0,0.6709886547811994,0.939384116693679,0.8722852512155592,1.006482982171799,1.0,0.0,1.0,0.0,0,2,0.2681,1.0634,1.0,A
1e68cbd5-6f2e-46e0-b050-445fbfd30fd1,6061a479-7eb3-47d2-a985-51be32e35b69,2024,21,21,2025-01-16T20:00:00+00:00,48fc005c-cbfc-4e4d-b7f1-459dce6cf940,f5c6f090-f823-4206-a821-17c11d35de43,Manchester United FC,Southampton FC,20,20,0,0,0.0,0.0,4.0,0.8,0.8,2.0,1.47324,1.67946,1.0,0.2,0.2,2.6,1.044,3.12996,11.0,1.1,1.4,1.6,1.33596,1.51864,2.0,0.2,0.5,2.5,1.07835,2.99674,1.8,1.6,1.55084,1.18118,0.4,1.2,0.7224,1.92058,11.145833333333334,12.208333333333334,1,1,15.0,20.0,1.15,0.3,23.0,6.0,0.9408723747980614,1.0752827140549275,0.3360258481421648,1.680129240710824,1.0,1.0,0.0,3.0,3,1,3.1085,1.3671,1.0,H
0885144e-66f9-4f94-b6f9-3df14a8f2fa3,05b9250c-b86b-4b84-a0e2-8b083610e960,2024,22,22,2025-01-18T12:30:00+00:00,c4045d6d-a715-4821-a800-cd9b505ad54b,6601a105-9986-4276-89bf-143cdf03198a,Newcastle United FC,AFC Bournemouth,21,21,0,0,0.0,0.0,15.0,3.0,2.8,0.2,2.57358,0.9536199999999999,9.0,1.8,1.6,0.8,1.7008200000000002,1.3692199999999999,20.0,2.0,2.4,1.1,2.1818400000000002,1.2167400000000002,19.0,1.9,1.7,1.0,2.23116,1.2951700000000002,2.6,1.0,2.387,1.01142,2.6,1.4,2.2508,1.6435600000000001,2.7083333333333335,3.7083333333333335,2,2,4.0,8.0,1.8095238095238095,1.619047619047619,38.0,34.0,1.6102728731942215,0.7380417335473516,1.140609951845907,0.6709470304975923,1.0,0.0,1.0,2.0,1,4,0.8378,2.7017,1.0,A
838d1166-3ee4-4768-ab31-09a138feb128,5b6daebb-27d9-46b9-90f4-a4f7cc6ea5b4,2024,22,22,2025-01-18T15:00:00+00:00,618e770e-c6ac-4c3f-9994-bd2160f675bc,b552a1a6-4302-43ca-884c-0f91ac4f984b,Leicester City FC,Fulham FC,21,21,0,0,0.0,0.0,0.0,0.0,0.4,2.4,1.15326,1.845,6.0,1.2,1.6,1.6,1.8968,1.18478,4.0,0.4,0.9,2.5,1.20337,2.22141,12.0,1.2,1.6,1.7,1.38777,1.39035,1.0,2.0,1.78696,1.7957999999999998,1.8,1.4,1.94546,1.5123799999999998,2.8125,3.8125,2,2,19.0,10.0,0.6666666666666666,1.4285714285714286,14.0,30.0,0.6019108280254777,1.6719745222929936,1.070063694267516,1.1369426751592355,1.0,0.0,0.0,3.0,0,2,0.6769,2.3682,1.0,A
dc99e952-050a-4f9c-9d4a-4bf4b793593b,ed9e2a04-d70d-443a-9574-760859ef3d8f,2024,22,22,2025-01-18T15:00:00+00:00,21ec0474-e758-4563-97a9-912aab00b4f5,74bd08fa-27db-4bb0-8490-f57f6ed6b8e9,West Ham United FC,Crystal Palace FC,21,21,0,0,0.0,0.0,7.0,1.4,1.2,2.4,1.2238,2.3313,8.0,1.6,1.2,1.4,1.74016,1.81782,14.0,1.4,1.4,2.2,1.41908,2.34584,17.0,1.7,1.5,1.3,1.84864,1.55342,1.6,2.8,1.0237,2.59068,1.6,0.6,1.80792,1.62808,3.8125,2.8125,2,2,13.0,15.0,1.2380952380952381,1.1428571428571428,26.0,24.0,0.9377777777777777,1.4736507936507939,1.0047619047619047,0.8707936507936508,1.0,1.0,0.0,2.0,0,2,0.2211,1.6256,1.0,A
e8852609-4b96-4541-a96c-e84286bf742a,f00a524d-59b6-4044-a2f9-624e0fca70ac,2024,22,22,2025-01-18T15:00:00+00:00,66a313d1-2e21-49ad-a1c7-6f04cae6be69,54ed0f97-ad19-421c-a5c2-9b9d3fcbc72d,Brentford FC,Liverpool FC,21,20,0,0,0.0,0.0,5.0,1.0,1.6,1.4,1.9884799999999998,1.44032,11.0,2.2,3.4,1.4,3.1970199999999998,0.82914,12.0,1.2,1.8,1.5,1.8041699999999998,1.7469000000000001,22.0,2.2,2.9,1.4,2.98807,1.09008,2.2,2.0,1.4794800000000001,1.6961400000000002,3.6,1.8,3.32796,1.0621,3.8125,3.7916666666666665,2,2,11.0,1.0,1.3333333333333333,2.35,28.0,47.0,1.207594936708861,1.0063291139240507,1.9455696202531647,0.9392405063291139,1.0,0.0,0.0,2.0,0,2,1.2002,4.1625,1.0,A
2e46f7b9-0f06-473d-b360-607b9f5aa043,dfb9a7db-ceec-4f34-8e05-51d945653335,2024,22,22,2025-01-18T17:30:00+00:00,ead1bc2e-8799-410a-a809-66a274bbab2c,f8f456e7-3e20-4803-ba4e-b1762a31812c,Arsenal FC,Aston Villa FC,21,21,0,0,0.0,0.0,13.0,2.6,2.4,0.8,2.25676,0.8996599999999999,10.0,2.0,1.4,1.4,1.55924,1.3819599999999999,24.0,2.4,2.3,0.7,2.36522,0.66761,17.0,1.7,1.4,1.5,1.7835699999999999,1.42782,1.6,0.2,2.07106,0.32936,0.4,2.0,0.88778,2.1955,2.8958333333333335,2.9166666666666665,2,1,2.0,8.0,2.0476190476190474,1.6666666666666667,43.0,35.0,1.5454258675078865,0.4703470031545741,0.9406940063091482,1.0078864353312302,1.0,1.0,0.0,2.0,2,2,1.6446,1.206,1.0,D
9875a78e-a02b-4121-bc3e-f99611644f62,b330e56c-eab7-4495-b607-5458db749ade,2024,22,22,2025-01-19T14:00:00+00:00,48fc005c-cbfc-4e4d-b7f1-459dce6cf940,db14882b-951f-4db5-860b-4ca2b8583311,Manchester United FC,Brighton & Hove Albion FC,21,21,0,0,0.0,0.0,4.0,0.8,1.0,2.0,1.6856200000000001,1.82526,7.0,1.4,1.2,0.8,1.28914,1.2300200000000001,11.0,1.1,1.4,1.7,1.52312,1.6136199999999998,12.0,1.2,1.3,1.4,1.30906,1.40939,1.8,1.8,1.92516,1.37114,1.6,1.6,1.11328,1.0937,2.75,2.7708333333333335,2,1,13.0,10.0,1.2380952380952381,1.4761904761904763,26.0,31.0,0.9391849529780563,1.1404388714733542,0.8721003134796238,0.9391849529780563,1.0,0.0,0.0,3.0,1,3,1.3182,2.1717,1.0,A
1827751b-8281-47f8-b5b8-dc8944c608f7,0d8c4d86-4476-45ec-964c-65f98197c262,2024,22,22,2025-01-19T14:00:00+00:00,5421e81a-b7dd-48b1-9982-42644e8dcf9f,f5c6f090-f823-4206-a821-17c11d35de43,Nottingham Forest FC,Southampton FC,21,21,0,0,0.0,0.0,13.0,2.6,1.8,0.2,1.47882,1.4138600000000001,1.0,0.2,0.4,2.2,1.0627,2.97302,22.0,2.2,1.5,1.0,1.33026,1.42531,2.0,0.2,0.6,2.6,1.13579,3.21631,1.2,1.0,1.41198,1.30034,0.6,1.4,0.83728,2.35972,4.75,2.75,2,1,3.0,20.0,1.9523809523809523,0.2857142857142857,41.0,6.0,1.0046728971962617,0.6697819314641744,0.40186915887850466,1.7414330218068534,1.0,1.0,0.0,1.0,3,2,2.3642,1.2592,1.0,H
c17dfd42-af71-418d-9955-ede25ddee16c,b23c16f4-7cef-4977-a6bd-b100578a1a26,2024,22,22,2025-01-19T14:00:00+00:00,60cb8be0-9c1e-4019-8b60-fd9ac2aa9f2d,c23d6b7a-dfaf-44a3-b016-1feb2dddec44,Everton FC,Tottenham Hotspur FC,20,21,0,0,0.0,0.0,2.0,0.4,0.2,1.0,0.8263199999999999,1.9933599999999998,1.0,0.2,1.4,2.6,1.2649599999999999,2.36552,8.0,0.8,0.5,0.9,0.8990600000000001,1.6351600000000002,8.0,0.8,2.0,1.9,1.8412199999999999,2.26834,0.8,0.6,1.20228,1.40388,2.0,0.8,1.93126,2.053,3.7708333333333335,3.75,1,1,16.0,15.0,0.85,1.1428571428571428,17.0,24.0,0.33384853168469864,0.6009273570324576,1.3353941267387945,1.2686244204018546,1.0,0.0,0.0,4.0,3,2,2.5609,1.3572,1.0,H
160aadd1-4161-4018-b67c-cb8d372dba56,9aafdcba-03e2-4abd-a568-852a9f25ce16,2024,22,22,2025-01-19T16:30:00+00:00,67d3236c-6589-4978-b178-f6dcf50166d4,33d2f100-682f-4a5e-9aa3-5cc57e1e8571,Ipswich Town FC,Manchester City FC,21,21,0,0,0.0,0.0,4.0,0.8,0.8,1.8,0.8709999999999999,2.14456,8.0,1.6,2.0,1.2,1.9658200000000001,1.6958199999999999,8.0,0.8,0.8,1.5,1.05769,2.01408,12.0,1.2,1.6,1.6,1.81575,1.95477,0.6,1.8,0.9743600000000001,2.2098,1.4,1.6,1.5318200000000002,2.24164,2.875,4.875,1,1,18.0,8.0,0.7619047619047619,1.6666666666666667,16.0,35.0,0.5325153374233129,0.9984662576687117,1.0650306748466258,1.0650306748466258,1.0,0.0,0.0,5.0,0,6,0.7956,3.2023,1.0,A
a5b6dba1-fb75-465c-a217-fb7336b7efb4,b4645057-622a-40ea-8f46-ae88be861ebb,2024,22,22,2025-01-20T20:00:00+00:00,1cb320b2-b42f-4131-8f5f-ef42e7f82540,fbffa344-2426-4b4b-9886-b8cd56ec69a1,Chelsea FC,Wolverhampton Wanderers FC,21,21,0,0,0.0,0.0,3.0,0.6,0.8,1.4,1.7463799999999998,1.3552199999999999,7.0,1.4,1.4,1.6,1.19628,1.6275,18.0,1.8,2.0,1.3,2.44958,1.5443099999999998,10.0,1.0,1.5,2.1,1.1747299999999998,1.63643,1.8,1.2,1.9751999999999998,1.48446,1.2,2.2,1.1147399999999998,1.58068,6.020833333333333,5.020833333333333,1,2,6.0,17.0,1.7619047619047619,0.7619047619047619,37.0,16.0,1.325227963525836,0.8613981762917934,0.993920972644377,1.3914893617021278,1.0,1.0,0.0,8.0,3,1,3.1488,1.0673,1.0,H
03da5e03-7a22-4bab-ba48-46e20ac96cff,a5f01708-c768-4b2f-aa5b-c5df17f5fe1b,2024,23,23,2025-01-25T15:00:00+00:00,6601a105-9986-4276-89bf-143cdf03198a,5421e81a-b7dd-48b1-9982-42644e8dcf9f,AFC Bournemouth,Nottingham Forest FC,22,22,0,0,0.0,0.0,9.0,1.8,1.8,1.0,1.8755000000000002,1.07972,13.0,2.6,2.0,0.6,1.75868,1.5119,22.0,2.2,2.0,0.9,2.3101700000000003,1.25589,25.0,2.5,1.8,0.9,1.52637,1.38521,0.8,0.6,2.21152,0.9467800000000001,2.0,1.0,1.4036199999999999,1.5920400000000001,7.104166666666667,6.041666666666667,2,2,7.0,3.0,1.6818181818181819,2.0,37.0,44.0,1.3232628398791542,0.5954682779456194,1.1909365558912388,0.5954682779456194,1.0,0.0,1.0,2.0,5,0,2.8254,0.9962,1.0,H
af65b193-900e-41e6-aba6-549c59345b51,3a522a9c-01cc-4145-9772-e3d5f82f9f54,2024,23,23,2025-01-25T15:00:00+00:00,fbffa344-2426-4b4b-9886-b8cd56ec69a1,ead1bc2e-8799-410a-a809-66a274bbab2c,Wolverhampton Wanderers FC,Arsenal FC,22,22,0,0,0.0,0.0,4.0,0.8,1.0,2.2,1.18268,2.09952,11.0,2.2,1.8,1.0,1.97482,0.81982,7.0,0.7,1.2,2.3,1.14756,1.8795899999999999,22.0,2.2,2.2,0.9,2.3636600000000003,0.7479,1.4,1.8,1.14948,1.7072800000000001,3.0,1.2,2.65938,1.00586,4.791666666666667,6.895833333333333,2,2,17.0,2.0,0.7272727272727273,2.0,16.0,44.0,0.7916041979010494,1.5172413793103448,1.451274362818591,0.5937031484257871,1.0,0.0,0.0,2.0,0,1,0.5147,0.8874,1.0,A
67cb325a-d926-4659-8fbb-85b726487402,5ed3fa44-84b1-467b-973a-2a7f22375789,2024,23,23,2025-01-25T15:00:00+00:00,db14882b-951f-4db5-860b-4ca2b8583311,60cb8be0-9c1e-4019-8b60-fd9ac2aa9f2d,Brighton & Hove Albion FC,Everton FC,22,21,0,0,0.0,0.0,9.0,1.8,1.6,0.8,1.45472,1.2477800000000001,4.0,0.8,0.8,1.4,1.1243400000000001,1.96162,12.0,1.2,1.4,1.4,1.4031699999999998,1.35005,10.0,1.0,0.8,1.1,1.06855,1.6585100000000002,1.0,1.2,1.83296,1.86342,0.2,1.2,0.59584,1.86644,6.041666666666667,6.041666666666667,2,2,9.0,16.0,1.5454545454545454,0.9523809523809523,34.0,20.0,0.9263473053892215,0.9263473053892215,0.5293413173652695,0.7278443113772456,1.0,1.0,0.0,3.0,0,1,0.6438,0.8709,1.0,A
4c4689db-48ef-4bde-b754-933a641b64b2,f3fcb1d8-0920-4414-8c62-d0cc3aba6e6f,2024,23,23,2025-01-25T15:00:00+00:00,f5c6f090-f823-4206-a821-17c11d35de43,c4045d6d-a715-4821-a800-cd9b505ad54b,Southampton FC,Newcastle United FC,22,22,0,0,0.0,0.0,0.0,0.0,0.8,2.8,1.25854,3.19534,12.0,2.4,2.2,1.0,2.09436,1.2811,2.0,0.2,0.6,2.6,1.10772,3.13389,20.0,2.0,2.5,1.3,2.11584,1.39263,0.6,3.8,1.4343,4.0729,2.2,1.2,1.97668,1.4220599999999999,6.041666666666667,7.104166666666667,2,2,20.0,7.0,0.2727272727272727,1.7272727272727273,6.0,38.0,0.3982062780269058,1.725560538116592,1.6591928251121075,0.862780269058296,1.0,0.0,0.0,1.0,1,3,0.8256,3.0832,1.0,A
3bbb7700-39e7-4e63-a986-0e223265f958,97065600-dabe-4227-97b7-84999bdb4049,2024,23,23,2025-01-25T15:00:00+00:00,54ed0f97-ad19-421c-a5c2-9b9d3fcbc72d,67d3236c-6589-4978-b178-f6dcf50166d4,Liverpool FC,Ipswich Town FC,21,22,0,0,0.0,0.0,11.0,2.2,2.6,0.8,2.9890999999999996,0.82868,4.0,0.8,0.8,2.2,0.8172599999999999,2.13824,22.0,2.2,2.9,1.4,3.13612,1.04376,7.0,0.7,0.7,2.0,0.93854,2.2074000000000003,2.2,1.0,2.64818,1.11806,1.2,1.2,1.18038,1.9147200000000002,7.0,5.9375,2,2,1.0,18.0,2.380952380952381,0.7272727272727273,50.0,16.0,1.9218424962852896,0.9277860326894501,0.4638930163447251,1.325408618127786,1.0,1.0,0.0,2.0,4,1,2.1681,0.8047,1.0,H
64a9c52b-8aa9-4793-8c48-acdf918be2ae,42feb85a-e655-4f46-bd9d-a914550a64ca,2024,23,23,2025-01-25T17:30:00+00:00,33d2f100-682f-4a5e-9aa3-5cc57e1e8571,1cb320b2-b42f-4131-8f5f-ef42e7f82540,Manchester City FC,Chelsea FC,22,22,0,0,0.0,0.0,11.0,2.2,3.0,0.8,2.38702,1.4429599999999998,5.0,1.0,1.4,1.6,2.07296,1.35452,15.0,1.5,2.2,1.2,1.92008,1.7038799999999998,18.0,1.8,2.1,1.3,2.4828,1.55424,1.8,1.6,2.09968,1.6679000000000002,2.0,1.4,2.6087800000000003,1.80266,6.041666666666667,4.895833333333333,2,2,7.0,5.0,1.7272727272727273,1.8181818181818181,38.0,40.0,1.4536873156342183,0.7929203539823009,1.3876106194690265,0.8589970501474926,1.0,1.0,0.0,2.0,3,1,2.2321,1.4984,1.0,H
6851e969-4587-4be4-a505-e2151d860965,ade52503-4edb-4251-ab86-0e2bd6f23a42,2024,23,23,2025-01-26T14:00:00+00:00,74bd08fa-27db-4bb0-8490-f57f6ed6b8e9,66a313d1-2e21-49ad-a1c7-6f04cae6be69,Crystal Palace FC,Brentford FC,22,22,0,0,0.0,0.0,11.0,2.2,1.4,0.4,1.74424,1.2511800000000002,5.0,1.0,1.6,1.4,2.07472,2.07984,19.0,1.9,1.5,1.1,1.8497599999999998,1.2710700000000001,11.0,1.1,1.8,1.7,1.7898800000000001,2.00364,1.4,2.0,1.88936,1.4787599999999999,1.4,1.0,2.1288600000000004,1.7976599999999998,7.958333333333333,7.958333333333333,2,2,12.0,11.0,1.2272727272727273,1.2727272727272727,27.0,28.0,0.9897360703812317,0.7258064516129032,1.187683284457478,1.1217008797653958,1.0,0.0,0.0,3.0,1,2,1.2318,1.9204,1.0,A
409f036c-2f18-40be-a529-702d2c81ddd2,0b12478d-2c9f-4438-8faf-c7f6d7adb2c4,2024,23,23,2025-01-26T14:00:00+00:00,c23d6b7a-dfaf-44a3-b016-1feb2dddec44,618e770e-c6ac-4c3f-9994-bd2160f675bc,Tottenham Hotspur FC,Leicester City FC,22,22,0,0,0.0,0.0,1.0,0.2,1.2,2.0,1.2959,1.8372800000000002,0.0,0.0,0.4,2.2,1.1309,2.09158,5.0,0.5,1.8,2.2,1.64649,2.30853,4.0,0.4,0.8,2.5,1.17426,2.17657,2.0,3.0,1.7511800000000002,2.48368,0.6,3.2,0.50964,2.33108,7.0,7.958333333333333,2,2,15.0,19.0,1.0909090909090908,0.6363636363636364,24.0,14.0,1.1877372262773722,1.4516788321167884,0.5278832116788321,1.6496350364963503,1.0,0.0,1.0,2.0,1,2,1.2748,1.4047,1.0,A
e935d130-083e-4ee8-9884-fcef9bb37ad6,91ec9985-b38b-4551-ae27-2dffc6d43d57,2024,23,23,2025-01-26T16:30:00+00:00,f8f456e7-3e20-4803-ba4e-b1762a31812c,21ec0474-e758-4563-97a9-912aab00b4f5,Aston Villa FC,West Ham United FC,22,22,0,0,0.0,0.0,8.0,1.6,1.4,1.6,1.3884599999999998,1.49162,6.0,1.2,1.0,2.6,1.0221399999999998,2.38766,17.0,1.7,1.4,1.5,1.59971,1.4308400000000001,11.0,1.1,1.2,2.4,1.34691,2.35862,2.0,1.0,2.40312,0.8736599999999999,1.2,1.6,1.81446,2.101,7.958333333333333,8.0625,2,2,8.0,14.0,1.6363636363636365,1.1818181818181819,36.0,26.0,0.9238372093023255,0.9898255813953488,0.791860465116279,1.583720930232558,1.0,1.0,0.0,3.0,1,1,0.9079,1.6789,1.0,D
09a9c6c8-f0c5-4baf-a9ce-826d84763c89,eb6a88d8-aa65-4fad-846f-6f1a9c54bd5b,2024,23,23,2025-01-26T19:00:00+00:00,b552a1a6-4302-43ca-884c-0f91ac4f984b,48fc005c-cbfc-4e4d-b7f1-459dce6cf940,Fulham FC,Manchester United FC,22,22,0,0,0.0,0.0,8.0,1.6,2.0,1.6,2.11992,1.26416,4.0,0.8,1.2,2.0,1.4922,1.89394,15.0,1.5,1.7,1.3,1.55287,1.32414,10.0,1.0,1.4,1.9,1.52803,1.6320799999999998,1.6,1.2,1.1373,1.3926,1.0,1.6,1.12108,1.8561,8.166666666666666,7.208333333333333,2,2,10.0,14.0,1.5,1.1818181818181819,33.0,26.0,1.1234782608695653,0.8591304347826088,0.9252173913043478,1.2556521739130435,1.0,0.0,0.0,1.0,0,1,0.5606,0.202,1.0,A
1e472392-f454-4b3e-8094-0abacc3d8367,2bdececc-ac8c-44d0-9633-0c337ae4d600,2024,24,24,2025-02-01T12:30:00+00:00,5421e81a-b7dd-48b1-9982-42644e8dcf9f,db14882b-951f-4db5-860b-4ca2b8583311,Nottingham Forest FC,Brighton & Hove Albion FC,23,23,0,0,0.0,0.0,10.0,2.0,1.8,1.6,1.69788,1.8654600000000001,8.0,1.6,1.6,1.0,1.3164,1.22972,22.0,2.2,1.7,1.4,1.4494,1.62147,11.0,1.1,1.3,1.4,1.28056,1.3436400000000002,1.6,0.8,1.64912,1.1783800000000002,2.0,1.2,1.32774,1.2240199999999999,6.895833333333333,6.895833333333333,2,2,3.0,9.0,1.9130434782608696,1.4782608695652173,44.0,34.0,1.1267727930535456,0.927930535455861,0.8616497829232996,0.927930535455861,1.0,0.0,1.0,4.0,7,0,4.0677,0.7563,1.0,H
2c78652f-59a0-4756-b3f7-619f8f1433a3,28478379-a067-4ae9-a213-4be5dac274fc,2024,24,24,2025-02-01T15:00:00+00:00,c4045d6d-a715-4821-a800-cd9b505ad54b,b552a1a6-4302-43ca-884c-0f91ac4f984b,Newcastle United FC,Fulham FC,23,23,0,0,0.0,0.0,12.0,2.4,2.2,1.2,2.14526,1.4011200000000001,5.0,1.0,1.6,1.6,1.8761800000000002,0.9933,22.0,2.2,2.7,1.3,2.42206,1.24559,14.0,1.4,1.6,1.3,1.45166,1.24325,2.8,1.4,2.255,1.3632,1.8,1.4,1.96844,1.25568,7.0,5.833333333333333,1,2,5.0,10.0,1.7826086956521738,1.434782608695652,41.0,33.0,1.7793696275071635,0.8567335243553009,1.0544412607449858,0.8567335243553009,1.0,0.0,0.0,4.0,1,2,1.2272,1.6088,1.0,A
2599ef94-9f2b-4a2c-a650-91c24b75ec78,16324379-93ce-4e6c-90e5-21ca496484b2,2024,24,24,2025-02-01T15:00:00+00:00,60cb8be0-9c1e-4019-8b60-fd9ac2aa9f2d,618e770e-c6ac-4c3f-9994-bd2160f675bc,Everton FC,Leicester City FC,22,23,0,0,0.0,0.0,6.0,1.2,0.8,1.2,1.1678600000000001,1.58644,3.0,0.6,0.6,1.8,1.3676400000000002,1.9666599999999999,12.0,1.2,0.9,1.1,0.99613,1.5885799999999999,7.0,0.7,0.9,2.2,1.22397,2.08216,1.4,1.0,1.39544,1.4067,1.0,2.8,0.70712,2.33866,7.0,6.041666666666667,2,2,16.0,17.0,1.0454545454545454,0.7391304347826086,23.0,17.0,0.5931526390870185,0.7249643366619116,0.5931526390870185,1.4499286733238232,1.0,0.0,1.0,2.0,4,0,3.1126,0.4471,1.0,H
780777f0-b280-46d1-ba21-7427fc1fa008,6cc5959f-0f97-444b-91f7-cf9caf092aef,2024,24,24,2025-02-01T15:00:00+00:00,6601a105-9986-4276-89bf-143cdf03198a,54ed0f97-ad19-421c-a5c2-9b9d3fcbc72d,AFC Bournemouth,Liverpool FC,23,22,0,0,0.0,0.0,11.0,2.2,2.8,1.0,2.2002,1.17894,11.0,2.2,2.8,0.8,3.04284,0.94542,22.0,2.2,2.1,0.7,2.2848100000000002,1.26891,22.0,2.2,3.0,1.3,3.03409,0.9702399999999999,1.6,0.2,2.39428,0.8999,3.4,1.4,3.52278,0.9941599999999999,7.0,7.0,1,2,7.0,1.0,1.7391304347826086,2.409090909090909,40.0,53.0,1.3821276595744683,0.460709219858156,1.974468085106383,0.8556028368794326,1.0,0.0,0.0,3.0,0,2,1.6527,2.7219,1.0,A
9b0262a2-593a-4dbf-b028-8a3dc133b88c,b3f7eebf-30ef-4e00-ba41-cb4cae0faff4,2024,24,24,2025-02-01T15:00:00+00:00,67d3236c-6589-4978-b178-f6dcf50166d4,f5c6f090-f823-4206-a821-17c11d35de43,Ipswich Town FC,Southampton FC,23,23,0,0,0.0,0.0,4.0,0.8,1.0,2.8,0.96254,2.1389400000000003,0.0,0.0,1.0,3.2,0.984,3.4317599999999997,7.0,0.7,0.8,2.3,0.97273,2.24762,1.0,0.1,0.6,2.8,1.09678,3.25522,0.6,2.8,1.03914,2.51942,0.8,1.8,0.90212,2.45858,7.0,7.0,2,2,19.0,20.0,0.6956521739130435,0.2608695652173913,16.0,6.0,0.5272984441301274,1.515983026874116,0.3954738330975955,1.8455445544554456,1.0,0.0,1.0,2.0,1,2,1.9485,1.1757,1.0,A
49db1802-e77a-4910-9c57-481faafcc6e5,985784f9-dcb9-417b-bc9f-3665a6b3bf3c,2024,24,24,2025-02-01T17:30:00+00:00,fbffa344-2426-4b4b-9886-b8cd56ec69a1,f8f456e7-3e20-4803-ba4e-b1762a31812c,Wolverhampton Wanderers FC,Aston Villa FC,23,23,0,0,0.0,0.0,1.0,0.2,0.6,2.4,1.12032,2.2052199999999997,9.0,1.8,1.6,1.2,1.52494,1.26166,7.0,0.7,1.0,2.0,1.11243,1.6604299999999999,18.0,1.8,1.5,1.3,1.60296,1.40379,1.0,2.0,1.06986,1.72622,0.8,2.0,0.7963,1.98802,7.104166666666667,6.041666666666667,2,2,18.0,8.0,0.6956521739130435,1.608695652173913,16.0,37.0,0.6591549295774648,1.3183098591549296,0.9887323943661972,0.8569014084507043,1.0,0.0,0.0,4.0,2,0,2.0015,0.7428,1.0,H
282cf0fe-dbe2-4d3c-9df0-0f43a70264c6,145f6fe8-5f68-444f-8ad6-434a45fa482b,2024,24,24,2025-02-02T14:00:00+00:00,66a313d1-2e21-49ad-a1c7-6f04cae6be69,c23d6b7a-dfaf-44a3-b016-1feb2dddec44,Brentford FC,Tottenham Hotspur FC,23,23,0,0,0.0,0.0,7.0,1.4,2.0,1.6,2.26656,2.05912,1.0,0.2,1.4,2.2,1.33934,1.8581800000000002,11.0,1.1,1.6,1.7,1.76003,2.03606,4.0,0.4,1.8,2.3,1.67288,2.2917300000000003,1.4,2.2,1.2757399999999999,2.34712,1.6,1.4,1.5418,2.13338,7.0,7.0,1,2,11.0,16.0,1.3478260869565217,1.0434782608695652,31.0,24.0,1.056179775280899,1.122191011235955,1.1882022471910112,1.518258426966292,1.0,0.0,0.0,4.0,0,2,1.6648,0.9454,1.0,A
b89d3d80-6766-4308-83f3-407fe48fc744,997c1ada-19d9-463a-a2f4-aaa223467d06,2024,24,24,2025-02-02T14:00:00+00:00,48fc005c-cbfc-4e4d-b7f1-459dce6cf940,74bd08fa-27db-4bb0-8490-f57f6ed6b8e9,Manchester United FC,Crystal Palace FC,23,23,0,0,0.0,0.0,7.0,1.4,1.4,1.6,1.46082,1.84076,10.0,2.0,1.6,0.8,1.89058,1.3948800000000001,10.0,1.0,1.1,1.9,1.3720700000000001,1.61147,18.0,1.8,1.5,1.2,1.74334,1.4610100000000001,1.2,2.4,1.83648,1.65214,1.6,0.2,1.8101600000000002,1.06338,6.791666666666667,7.0,2,1,12.0,14.0,1.2608695652173914,1.173913043478261,29.0,27.0,0.727170868347339,1.2560224089635854,0.9915966386554622,0.7932773109243697,1.0,0.0,1.0,0.0,0,2,1.5071,2.4463,1.0,A
a96a31a4-ccbb-4caa-86a8-f19a3ac51020,55d90111-5729-4e29-9caa-8e1dbe2efeed,2024,24,24,2025-02-02T16:30:00+00:00,ead1bc2e-8799-410a-a809-66a274bbab2c,33d2f100-682f-4a5e-9aa3-5cc57e1e8571,Arsenal FC,Manchester City FC,23,23,0,0,0.0,0.0,11.0,2.2,1.8,1.0,1.71938,0.9071,13.0,2.6,3.4,0.8,2.3295000000000003,1.6119799999999997,22.0,2.2,1.8,0.7,2.05246,0.67583,18.0,1.8,2.5,1.1,2.06879,1.48367,1.4,0.6,2.06794,0.48994,2.6,1.2,2.02328,1.66066,8.0625,7.958333333333333,1,2,2.0,4.0,2.0434782608695654,1.7826086956521738,47.0,41.0,1.1916201117318437,0.4634078212290503,1.655027932960894,0.7282122905027933,1.0,0.0,1.0,4.0,5,1,1.532,0.7432,1.0,H
6efb8c4e-4091-4828-9b67-8a7d10ceb0f5,972ebe97-6dc0-4c8a-a386-ce193451ae96,2024,24,24,2025-02-03T20:00:00+00:00,1cb320b2-b42f-4131-8f5f-ef42e7f82540,21ec0474-e758-4563-97a9-912aab00b4f5,Chelsea FC,West Ham United FC,23,23,0,0,0.0,0.0,5.0,1.0,1.4,1.8,2.06138,1.44508,4.0,0.8,1.0,2.8,0.9776999999999999,2.12958,15.0,1.5,1.9,1.6,2.4377,1.68991,12.0,1.2,1.1,2.0,1.39126,2.0494700000000003,2.2,1.2,2.35682,1.30582,1.0,1.8,1.96168,1.9830200000000002,9.104166666666666,8.145833333333334,2,1,6.0,15.0,1.7391304347826086,1.173913043478261,40.0,27.0,1.2526315789473683,1.054847645429363,0.7252077562326871,1.3185595567867037,1.0,1.0,0.0,3.0,2,1,1.3907,1.1868,1.0,H
386676c9-e4f3-4739-9ba4-0a7fd095ceb6,2b3e0757-eed5-4da8-b43d-3f45af9edf40,2024,15,15,2025-02-12T19:30:00+00:00,60cb8be0-9c1e-4019-8b60-fd9ac2aa9f2d,54ed0f97-ad19-421c-a5c2-9b9d3fcbc72d,Everton FC,Liverpool FC,23,23,0,0,0.0,0.0,9.0,1.8,1.6,0.8,1.66734,1.27036,11.0,2.2,2.2,0.8,2.92748,1.1723000000000001,15.0,1.5,1.3,0.7,1.23072,1.4571299999999998,22.0,2.2,3.0,1.3,2.93623,1.06101,1.4,1.0,1.71816,1.3265799999999999,3.2,0.8,3.62162,1.02058,11.1875,11.1875,1,1,16.0,1.0,1.1304347826086956,2.4347826086956523,26.0,56.0,0.857103448275862,0.46151724137931033,1.9779310344827585,0.857103448275862,0.0,0.0,0.0,0.0,2,2,0.9105,0.9291,1.0,D
1da466dd-c7d1-4741-bf22-03cf04370817,867e5020-3254-4ff3-b4e2-208e28879f0b,2024,25,25,2025-02-14T20:00:00+00:00,db14882b-951f-4db5-860b-4ca2b8583311,1cb320b2-b42f-4131-8f5f-ef42e7f82540,Brighton & Hove Albion FC,Chelsea FC,24,24,0,0,0.0,0.0,7.0,1.4,1.2,2.0,1.28006,1.66726,8.0,1.6,1.8,1.6,2.01828,1.38226,11.0,1.1,1.2,1.8,1.24625,1.6837500000000003,15.0,1.5,1.6,1.6,1.99346,1.6175799999999998,0.6,1.2,1.3874799999999998,1.51694,1.2,1.8,1.7418400000000003,1.86706,13.3125,11.0,1,1,10.0,4.0,1.4166666666666667,1.7916666666666667,34.0,43.0,0.7901234567901234,1.1851851851851851,1.0534979423868314,1.0534979423868314,1.0,0.0,0.0,6.0,3,0,2.0689,0.6498,1.0,H
58eebc5e-8245-4d04-acdd-278341faedeb,39e0ede7-8a14-4ae1-bbeb-37f6aa382ad8,2024,25,25,2025-02-15T12:30:00+00:00,618e770e-c6ac-4c3f-9994-bd2160f675bc,ead1bc2e-8799-410a-a809-66a274bbab2c,Leicester City FC,Arsenal FC,24,24,0,0,0.0,0.0,3.0,0.6,0.6,2.2,1.08864,2.27318,11.0,2.2,2.2,1.0,1.62608,1.00122,4.0,0.4,0.6,2.5,0.9906200000000001,2.1056999999999997,22.0,2.2,2.1,0.8,1.9089800000000001,0.72454,0.4,2.2,1.36622,1.6939999999999997,2.2,0.8,2.03698,0.86172,13.895833333333334,12.833333333333334,1,1,18.0,2.0,0.7083333333333334,2.0833333333333335,17.0,50.0,0.3950819672131148,1.6461748633879782,1.3827868852459018,0.5267759562841531,1.0,0.0,0.0,6.0,0,2,0.2332,1.75,1.0,A
3814a952-f2a7-4598-a248-c0cc915e1172,c9980982-6e03-4a9e-8f7e-d1ac5048debd,2024,25,25,2025-02-15T15:00:00+00:00,f5c6f090-f823-4206-a821-17c11d35de43,6601a105-9986-4276-89bf-143cdf03198a,Southampton FC,AFC Bournemouth,24,24,0,0,0.0,0.0,3.0,0.6,1.2,3.0,0.9754400000000001,3.21062,10.0,2.0,2.4,1.0,2.1893599999999998,1.5310000000000001,4.0,0.4,0.7,2.4,1.02334,2.86676,19.0,1.9,2.0,0.9,2.12236,1.47871,0.4,3.8,1.2914400000000001,4.05186,2.6,1.2,2.17534,1.63792,14.0,14.0,1,1,20.0,7.0,0.375,1.6666666666666667,9.0,40.0,0.46158038147138963,1.5825613079019074,1.3188010899182563,0.5934604904632153,1.0,0.0,0.0,4.0,1,3,0.9744,2.0872,1.0,A
3169d8fc-5abf-4021-aa6a-0b4bcbc7206b,355366f0-647f-4d7f-b96d-67837fc9f2af,2024,25,25,2025-02-15T15:00:00+00:00,33d2f100-682f-4a5e-9aa3-5cc57e1e8571,c4045d6d-a715-4821-a800-cd9b505ad54b,Manchester City FC,Newcastle United FC,24,24,0,0,0.0,0.0,10.0,2.0,3.2,1.8,2.16214,1.54996,9.0,1.8,2.0,1.6,1.94222,1.5227400000000002,15.0,1.5,2.3,1.6,1.8229399999999998,1.5566499999999999,21.0,2.1,2.5,1.2,2.3927199999999997,1.1837,2.4,1.0,2.1143,1.30668,2.6,1.2,2.5891200000000003,1.12798,12.9375,14.0,1,1,6.0,7.0,1.7083333333333333,1.7083333333333333,41.0,41.0,1.5146341463414632,1.053658536585366,1.646341463414634,0.7902439024390243,1.0,0.0,1.0,2.0,4,0,2.12,0.1572,1.0,H
a58a5567-4137-4d14-8664-fef263ac551c,a07203df-a244-4974-8bd4-76236cda43ee,2024,25,25,2025-02-15T15:00:00+00:00,b552a1a6-4302-43ca-884c-0f91ac4f984b,5421e81a-b7dd-48b1-9982-42644e8dcf9f,Fulham FC,Nottingham Forest FC,24,24,0,0,0.0,0.0,7.0,1.4,1.6,1.4,2.00562,0.8973599999999999,10.0,2.0,2.8,1.6,2.1059200000000002,1.8936800000000003,14.0,1.4,1.5,1.3,1.54588,1.25603,25.0,2.5,2.4,1.1,1.77595,1.3769300000000002,1.0,1.2,1.1160999999999999,1.21312,2.0,1.4,1.4424199999999998,1.51678,14.0,14.104166666666666,1,0,10.0,3.0,1.5,1.9583333333333333,36.0,47.0,0.9865229110512129,0.8549865229110513,1.5784366576819406,0.7234501347708896,1.0,1.0,0.0,1.0,2,1,2.2099,0.3313,1.0,H
76bc057b-4a3a-431c-8368-b118177eb3ee,7bb6df10-0fc3-4841-99ae-6810ee544fb3,2024,25,25,2025-02-15T15:00:00+00:00,f8f456e7-3e20-4803-ba4e-b1762a31812c,67d3236c-6589-4978-b178-f6dcf50166d4,Aston Villa FC,Ipswich Town FC,24,24,0,0,0.0,0.0,8.0,1.6,1.2,1.2,1.2974999999999999,1.4743600000000001,1.0,0.2,0.8,3.2,1.05206,2.05284,15.0,1.5,1.2,1.4,1.35557,1.4906700000000002,7.0,0.7,0.9,2.4,1.1204100000000001,2.19977,1.6,1.0,1.94136,0.9829000000000001,1.0,1.8,0.9045400000000001,1.99816,13.895833333333334,14.0,1,1,10.0,19.0,1.5416666666666667,0.6666666666666666,37.0,16.0,0.7892617449664429,0.9208053691275168,0.5919463087248322,1.5785234899328857,1.0,0.0,1.0,4.0,1,1,2.8984,0.3329,1.0,D
dc028e0f-96c9-4101-a32d-85bdd51b3b49,a8457d00-b78b-43af-a375-729c323a1963,2024,25,25,2025-02-15T15:00:00+00:00,21ec0474-e758-4563-97a9-912aab00b4f5,66a313d1-2e21-49ad-a1c7-6f04cae6be69,West Ham United FC,Brentford FC,24,24,0,0,0.0,0.0,4.0,0.8,1.2,2.2,1.1114000000000002,1.74798,7.0,1.4,1.8,1.4,2.545,1.8485,12.0,1.2,1.1,1.9,1.22222,1.9104800000000002,11.0,1.1,1.5,1.6,1.81324,1.8089299999999997,1.2,2.2,0.8208399999999999,2.11592,1.8,1.2,2.24432,1.725,11.791666666666666,13.041666666666666,1,1,16.0,11.0,1.125,1.2916666666666667,27.0,31.0,0.7244979919678716,1.2514056224899597,0.9879518072289156,1.0538152610441767,1.0,0.0,1.0,2.0,0,1,0.6735,1.965,1.0,A
8e0d0420-2e94-4e23-a24f-a6bd0f0b5dbc,c5f6f2b4-167e-4360-bc09-b4b4b8260421,2024,25,25,2025-02-15T17:30:00+00:00,74bd08fa-27db-4bb0-8490-f57f6ed6b8e9,60cb8be0-9c1e-4019-8b60-fd9ac2aa9f2d,Crystal Palace FC,Everton FC,24,24,0,0,0.0,0.0,10.0,2.0,1.6,0.6,1.7689999999999997,1.4526000000000001,10.0,2.0,2.0,1.0,1.73724,0.93248,18.0,1.8,1.6,1.2,1.8225500000000001,1.56455,13.0,1.3,1.1,0.9,1.17187,1.4652699999999999,1.4,2.2,1.67652,1.85864,0.4,1.2,0.59682,1.77046,13.145833333333334,2.9166666666666665,1,1,12.0,15.0,1.25,1.125,30.0,27.0,1.0566844919786096,0.7925133689839572,0.7264705882352941,0.5943850267379679,1.0,0.0,0.0,3.0,1,2,2.3065,1.0157,1.0,A
7c990c0d-a114-4a9b-ab0f-d1a4c6a3a067,02ea4078-d796-4f63-8205-36a02c7dc7c7,2024,25,25,2025-02-16T14:00:00+00:00,54ed0f97-ad19-421c-a5c2-9b9d3fcbc72d,fbffa344-2426-4b4b-9886-b8cd56ec69a1,Liverpool FC,Wolverhampton Wanderers FC,24,24,0,0,0.0,0.0,11.0,2.2,2.2,0.8,2.5408999999999997,1.01946,3.0,0.6,0.6,2.0,1.39248,1.8969200000000002,22.0,2.2,2.9,1.2,2.8063700000000003,1.0,10.0,1.0,1.2,1.6,1.22781,1.58481,2.6,1.2,2.5454,0.94632,1.4,2.0,1.15866,1.9106400000000001,3.7708333333333335,14.854166666666666,1,0,1.0,17.0,2.375,0.7916666666666666,57.0,19.0,1.9153129161118507,0.7925432756324899,0.7925432756324899,1.0567243675099867,1.0,1.0,0.0,3.0,2,1,1.8676,1.0533,1.0,H
dda4b6ae-860b-4f60-8cf8-e5ec9efb1381,d43ebbc5-ca35-4570-bc48-fdeea1cb1ee4,2024,25,25,2025-02-16T16:30:00+00:00,c23d6b7a-dfaf-44a3-b016-1feb2dddec44,48fc005c-cbfc-4e4d-b7f1-459dce6cf940,Tottenham Hotspur FC,Manchester United FC,24,24,0,0,0.0,0.0,3.0,0.6,1.4,1.8,1.07156,2.063,7.0,1.4,1.4,1.6,1.5621,1.88154,7.0,0.7,2.0,2.2,1.70503,2.13049,10.0,1.0,1.1,1.9,1.4971700000000001,1.55942,2.0,3.2,1.80396,2.4500800000000003,1.0,1.4,0.9076600000000001,1.5708,14.104166666666666,14.104166666666666,0,0,15.0,14.0,1.125,1.2083333333333333,27.0,29.0,1.3209549071618039,1.4530503978779843,0.7265251989389921,1.2549071618037135,1.0,1.0,0.0,3.0,1,0,1.9711,1.4265,1.0,H
f7e02bca-06eb-4675-a125-41f7a1665fdf,936b7b97-1a8b-4833-93aa-f741a1df7e11,2024,29,29,2025-02-19T19:30:00+00:00,f8f456e7-3e20-4803-ba4e-b1762a31812c,54ed0f97-ad19-421c-a5c2-9b9d3fcbc72d,Aston Villa FC,Liverpool FC,25,25,0,0,0.0,0.0,6.0,1.2,1.0,1.2,1.40806,1.3778400000000002,13.0,2.6,2.4,0.8,2.36984,1.12428,13.0,1.3,1.2,1.5,1.39407,1.48538,24.0,2.4,2.9,1.1,2.78343,0.97671,1.6,1.2,2.01836,0.9723200000000001,2.4,0.6,2.76702,0.96218,4.1875,3.2291666666666665,1,2,9.0,1.0,1.52,2.4,38.0,60.0,0.7947019867549668,0.9933774834437086,1.9205298013245033,0.728476821192053,1.0,0.0,0.0,2.0,2,2,1.0227,2.0428,1.0,D
68bba3fa-9f2b-4f68-af2e-87a5362aee1d,2f1ad0d6-3ec6-48f6-a65a-986d000e0162,2024,26,26,2025-02-21T20:00:00+00:00,618e770e-c6ac-4c3f-9994-bd2160f675bc,66a313d1-2e21-49ad-a1c7-6f04cae6be69,Leicester City FC,Brentford FC,25,25,0,0,0.0,0.0,3.0,0.6,0.4,2.2,0.97218,2.15406,7.0,1.4,1.0,1.4,1.8282599999999998,1.9332799999999999,3.0,0.3,0.4,2.5,0.8714999999999999,2.16852,11.0,1.1,1.2,1.4,1.8351400000000002,1.68063,0.0,2.2,1.12798,1.8196400000000001,1.8,0.6,2.41078,1.2163599999999999,6.3125,6.208333333333333,1,1,19.0,11.0,0.68,1.36,17.0,34.0,0.26455862977602107,1.6534914361001318,0.7936758893280632,0.9259552042160737,1.0,0.0,0.0,5.0,0,4,0.7279,2.0347,1.0,A
48324b45-09ed-4b89-9a98-ae97fa763dd2,fbc785dd-9fef-4ea2-b863-ab55a09fa12e,2024,26,26,2025-02-22T12:30:00+00:00,60cb8be0-9c1e-4019-8b60-fd9ac2aa9f2d,48fc005c-cbfc-4e4d-b7f1-459dce6cf940,Everton FC,Manchester United FC,25,25,0,0,0.0,0.0,13.0,2.6,2.4,1.0,1.6941200000000003,1.13674,6.0,1.2,1.0,1.4,1.5124600000000001,1.70336,15.0,1.5,1.3,1.0,1.26022,1.5650499999999998,10.0,1.0,0.9,1.7,1.49285,1.69141,1.8,1.4,1.6861000000000002,1.20922,1.0,1.2,1.14174,1.3716599999999999,6.791666666666667,5.833333333333333,2,1,14.0,15.0,1.2,1.16,30.0,29.0,0.8587155963302753,0.6605504587155964,0.5944954128440367,1.1229357798165138,1.0,0.0,0.0,4.0,2,2,2.1044,0.6457,1.0,D
342b2fc7-8c3e-48db-8591-074c693a8be5,06bcb502-cd14-4c86-aa4f-44301428989b,2024,26,26,2025-02-22T15:00:00+00:00,b552a1a6-4302-43ca-884c-0f91ac4f984b,74bd08fa-27db-4bb0-8490-f57f6ed6b8e9,Fulham FC,Crystal Palace FC,25,25,0,0,0.0,0.0,9.0,1.8,1.6,1.2,1.9166599999999998,0.67494,9.0,1.8,1.6,0.8,1.97498,1.35266,16.0,1.6,1.6,1.3,1.75177,1.04583,17.0,1.7,1.5,1.2,1.9317199999999999,1.50766,1.2,1.2,1.5278800000000001,0.79272,1.8,0.2,1.96858,1.2704600000000001,7.0,6.895833333333333,1,1,8.0,14.0,1.56,1.2,39.0,30.0,1.0555410691003912,0.8576271186440679,0.9895697522816167,0.7916558018252934,1.0,1.0,0.0,2.0,0,2,0.2343,1.462,1.0,A
1edede2f-8d8d-4895-b831-e103eba97da4,a5d2857d-a6fc-4863-b0d5-74e574abf79b,2024,26,26,2025-02-22T15:00:00+00:00,ead1bc2e-8799-410a-a809-66a274bbab2c,21ec0474-e758-4563-97a9-912aab00b4f5,Arsenal FC,West Ham United FC,25,25,0,0,0.0,0.0,13.0,2.6,2.4,0.8,1.6138,0.69484,4.0,0.8,1.0,1.6,0.9395200000000001,1.7449999999999999,24.0,2.4,2.2,0.7,1.8406500000000001,0.73276,9.0,0.9,0.9,1.9,1.16976,1.95941,2.0,0.8,1.78098,0.58736,1.0,1.6,1.6236000000000002,1.70504,7.104166666666667,7.0,1,1,2.0,16.0,2.12,1.08,53.0,27.0,1.4533159947984398,0.46241872561768527,0.5945383615084525,1.2551365409622885,1.0,1.0,0.0,7.0,0,1,1.3726,1.0268,1.0,A
01bd7a90-a477-45e3-8aa2-3891e6c3e050,d090027b-d680-4826-8987-7dc68d81f28c,2024,26,26,2025-02-22T15:00:00+00:00,6601a105-9986-4276-89bf-143cdf03198a,fbffa344-2426-4b4b-9886-b8cd56ec69a1,AFC Bournemouth,Wolverhampton Wanderers FC,25,25,0,0,0.0,0.0,10.0,2.0,2.8,1.2,2.0831000000000004,1.61368,3.0,0.6,0.8,1.8,1.2222199999999999,1.7559799999999999,19.0,1.9,2.1,0.9,1.98195,1.41947,10.0,1.0,1.2,1.6,1.18557,1.6517600000000001,1.4,0.6,2.0693799999999998,1.3195000000000001,1.4,2.0,1.07418,2.04454,7.0,6.041666666666667,1,1,5.0,17.0,1.72,0.76,43.0,19.0,1.390909090909091,0.5961038961038961,0.7948051948051948,1.0597402597402599,1.0,1.0,0.0,6.0,0,1,0.6297,2.1012,1.0,A
ade6b9b5-817b-4366-bcf3-0eec83333650,309734d2-0623-4f83-b5a8-c0a0e9dd433a,2024,26,26,2025-02-22T15:00:00+00:00,f5c6f090-f823-4206-a821-17c11d35de43,db14882b-951f-4db5-860b-4ca2b8583311,Southampton FC,Brighton & Hove Albion FC,25,25,0,0,0.0,0.0,3.0,0.6,1.4,2.6,1.1204,2.51832,9.0,1.8,1.6,1.8,1.3408200000000001,1.43494,4.0,0.4,0.8,2.6,1.0822,2.82414,13.0,1.3,1.3,1.6,1.34096,1.60629,0.4,3.4,1.1043,3.30268,1.6,2.2,1.25464,1.7526800000000002,7.0,7.791666666666667,1,1,20.0,11.0,0.36,1.48,9.0,37.0,0.5312581063553826,1.7265888456549936,0.8632944228274968,1.0625162127107652,1.0,0.0,1.0,2.0,0,4,0.1541,5.1202,1.0,A
7194c008-0755-47f8-9a15-d238215dfa75,faf80cc3-c132-4e67-bd0a-287d24d2fcc8,2024,26,26,2025-02-22T15:00:00+00:00,67d3236c-6589-4978-b178-f6dcf50166d4,c23d6b7a-dfaf-44a3-b016-1feb2dddec44,Ipswich Town FC,Tottenham Hotspur FC,25,25,0,0,0.0,0.0,1.0,0.2,0.6,3.0,0.82996,2.10158,6.0,1.2,1.4,1.4,1.26512,1.86238,8.0,0.8,0.9,2.3,0.99702,2.14048,10.0,1.0,1.8,1.8,1.57665,2.01581,0.6,2.8,1.11548,2.0563000000000002,2.0,1.2,1.6061,1.8109000000000002,7.0,5.9375,1,1,18.0,14.0,0.68,1.2,17.0,30.0,0.5969032258064516,1.5254193548387096,1.1938064516129032,1.1938064516129032,1.0,1.0,0.0,3.0,1,4,1.1539,1.5874,1.0,A
4fcfb64f-c4c6-43d2-acae-cf9cf7be12f5,c5b3e8fb-c8cb-4f33-b367-5989a9448bd6,2024,26,26,2025-02-22T17:30:00+00:00,f8f456e7-3e20-4803-ba4e-b1762a31812c,1cb320b2-b42f-4131-8f5f-ef42e7f82540,Aston Villa FC,Chelsea FC,26,25,0,0,0.0,0.0,4.0,0.8,1.2,1.6,1.35556,1.54014,7.0,1.4,1.6,2.0,1.84516,1.5407199999999999,14.0,1.4,1.3,1.5,1.4574,1.46105,12.0,1.2,1.2,1.6,1.80111,1.49898,1.6,1.4,1.81092,1.16162,0.4,1.8,1.35714,1.62986,2.9166666666666665,7.895833333333333,2,1,10.0,6.0,1.5,1.72,39.0,43.0,0.86,0.9923076923076923,0.7938461538461538,1.0584615384615386,1.0,0.0,0.0,3.0,2,1,2.6941,2.1742,1.0,H
30b82de2-c2f7-472c-8566-87a87c1ff70b,eeea8f22-5458-4e3e-a011-6b1199fd81ac,2024,26,26,2025-02-23T14:00:00+00:00,c4045d6d-a715-4821-a800-cd9b505ad54b,5421e81a-b7dd-48b1-9982-42644e8dcf9f,Newcastle United FC,Nottingham Forest FC,25,25,0,0,0.0,0.0,6.0,1.2,1.6,2.2,1.48774,1.7460799999999999,7.0,1.4,2.4,2.0,1.65772,1.95474,21.0,2.1,2.3,1.2,2.21279,1.2211,22.0,2.2,2.2,1.1,1.74396,1.4509500000000002,2.4,1.2,2.19632,1.23942,1.6,1.4,1.3784399999999999,1.66482,7.958333333333333,7.958333333333333,1,1,8.0,3.0,1.64,1.88,41.0,47.0,1.5215836526181352,0.7938697318007663,1.4554278416347384,0.7277139208173692,1.0,1.0,0.0,4.0,4,3,3.4586,2.386,1.0,H
44f5d911-a664-4b7d-a8fc-4f4bf1ff4083,15106bf6-65c1-4ee6-a139-0645bf2c880f,2024,26,26,2025-02-23T16:30:00+00:00,33d2f100-682f-4a5e-9aa3-5cc57e1e8571,54ed0f97-ad19-421c-a5c2-9b9d3fcbc72d,Manchester City FC,Liverpool FC,25,26,0,0,0.0,0.0,10.0,2.0,3.2,1.6,2.19016,1.2748199999999998,11.0,2.2,2.4,1.2,1.9459,1.08878,17.0,1.7,2.5,1.4,1.8764800000000001,1.45089,22.0,2.2,2.5,1.0,2.4675000000000002,0.9587299999999999,2.6,1.0,1.89796,1.17768,1.8,1.0,2.51584,1.06306,8.0625,3.875,1,3,4.0,1.0,1.76,2.3461538461538463,44.0,61.0,1.6455696202531647,0.9215189873417722,1.6455696202531647,0.6582278481012659,1.0,0.0,0.0,2.0,0,2,0.5825,0.8071,1.0,A
6568b790-d3e3-4854-a6c6-3008fe8878d9,e596c475-cd9a-42ce-8feb-2368dfcc937b,2024,27,27,2025-02-25T19:30:00+00:00,74bd08fa-27db-4bb0-8490-f57f6ed6b8e9,f8f456e7-3e20-4803-ba4e-b1762a31812c,Crystal Palace FC,Aston Villa FC,26,27,0,0,0.0,0.0,9.0,1.8,1.6,0.8,1.81444,0.97972,6.0,1.2,1.2,1.4,1.65318,1.6460599999999999,17.0,1.7,1.4,1.1,1.7772999999999999,1.39877,14.0,1.4,1.3,1.5,1.52082,1.56884,1.2,2.2,1.89486,1.7448599999999999,0.8,1.8,0.76978,1.99844,3.1875,3.0833333333333335,2,3,13.0,8.0,1.2692307692307692,1.5555555555555556,33.0,42.0,0.9227272727272727,0.7250000000000001,0.8568181818181819,0.9886363636363636,1.0,0.0,1.0,4.0,4,1,4.0252,0.6672,1.0,H
52df2e1d-bc90-44f0-923d-76637df9ea6e,6edb523e-3dac-494c-aaeb-87b656590689,2024,27,27,2025-02-25T19:30:00+00:00,db14882b-951f-4db5-860b-4ca2b8583311,6601a105-9986-4276-89bf-143cdf03198a,Brighton & Hove Albion FC,AFC Bournemouth,26,26,0,0,0.0,0.0,9.0,1.8,2.0,1.8,2.15218,1.4121400000000002,9.0,1.8,2.4,1.0,1.97934,1.5263,16.0,1.6,1.6,1.3,1.7206599999999999,1.32108,18.0,1.8,2.0,0.9,1.84008,1.4477600000000002,1.0,1.0,1.42728,1.4599,2.8,1.2,1.89452,1.51944,3.1875,3.1875,2,2,9.0,6.0,1.5384615384615385,1.6538461538461537,40.0,43.0,1.0519447929736512,0.8547051442910916,1.314930991217064,0.5917189460476788,1.0,1.0,0.0,3.0,2,1,2.5793,1.7017,1.0,H
3a418353-e83a-4c52-8f1e-9f3a77ccbeee,05bbaf28-5056-4df6-b33c-c32136f91f64,2024,27,27,2025-02-25T19:30:00+00:00,fbffa344-2426-4b4b-9886-b8cd56ec69a1,b552a1a6-4302-43ca-884c-0f91ac4f984b,Wolverhampton Wanderers FC,Fulham FC,26,26,0,0,0.0,0.0,6.0,1.2,1.0,1.2,1.3476,1.45526,9.0,1.8,1.2,1.0,1.39636,0.77988,13.0,1.3,1.2,1.4,1.27194,1.54138,15.0,1.5,1.4,1.3,1.6465800000000002,0.9823299999999999,1.0,1.2,1.29696,1.25898,2.0,1.4,1.97566,1.29894,3.1875,3.1875,2,2,17.0,10.0,0.8461538461538461,1.5,22.0,39.0,0.789,0.9205,0.9205,0.8547500000000001,1.0,1.0,0.0,5.0,1,2,0.929,1.4347,1.0,A
f3be5523-94ec-4642-a1b6-1dee98e4c77b,87d3fa99-b0d9-4117-8947-23005d6d6223,2024,27,27,2025-02-25T20:15:00+00:00,1cb320b2-b42f-4131-8f5f-ef42e7f82540,f5c6f090-f823-4206-a821-17c11d35de43,Chelsea FC,Southampton FC,26,26,0,0,0.0,0.0,6.0,1.2,1.4,2.0,1.77238,1.84984,3.0,0.6,1.2,2.8,0.8778,2.92066,9.0,0.9,1.1,1.7,1.7593800000000002,1.6025300000000002,4.0,0.4,0.8,2.5,0.9702500000000001,2.94684,2.0,1.4,2.24508,1.3681,1.2,1.8,1.0600999999999998,2.3456,3.1145833333333335,3.21875,2,2,7.0,20.0,1.6538461538461537,0.34615384615384615,43.0,9.0,0.7232876712328768,1.1178082191780823,0.526027397260274,1.6438356164383563,1.0,1.0,0.0,6.0,4,0,2.9823,0.845,1.0,H
962c2736-ac1a-48e9-9ae3-1da6fbf94292,3fbcde88-c985-4b9c-8e5d-267046247e40,2024,27,27,2025-02-26T19:30:00+00:00,c23d6b7a-dfaf-44a3-b016-1feb2dddec44,33d2f100-682f-4a5e-9aa3-5cc57e1e8571,Tottenham Hotspur FC,Manchester City FC,26,26,0,0,0.0,0.0,9.0,1.8,2.0,1.2,1.42718,1.64216,9.0,1.8,2.8,1.6,1.7760200000000002,0.95806,10.0,1.0,1.7,1.9,1.3460699999999999,2.00384,17.0,1.7,2.4,1.4,1.87092,1.32694,1.6,2.4,1.5472,2.22072,2.4,1.8,1.855,1.7241,4.1875,3.125,2,2,13.0,5.0,1.2692307692307692,1.6923076923076923,33.0,44.0,1.1164807930607188,1.2478314745972738,1.5762081784386617,0.919454770755886,1.0,1.0,0.0,4.0,0,1,1.2843,2.3864,1.0,A
551b0e85-7f3e-4e94-9963-093675ebb14c,62533fe4-b829-4d24-b048-65cf7baf56e5,2024,27,27,2025-02-26T19:30:00+00:00,5421e81a-b7dd-48b1-9982-42644e8dcf9f,ead1bc2e-8799-410a-a809-66a274bbab2c,Nottingham Forest FC,Arsenal FC,26,26,0,0,0.0,0.0,6.0,1.2,2.8,2.6,2.02908,2.1018800000000004,10.0,2.0,2.0,0.8,1.4373200000000002,0.74478,19.0,1.9,2.3,1.4,1.7539500000000001,1.75787,23.0,2.3,2.2,0.8,1.8470400000000002,0.82222,2.8,0.8,2.10948,1.2370800000000002,2.4,0.6,1.90032,0.8781599999999999,3.2291666666666665,4.1875,2,2,4.0,2.0,1.8076923076923077,2.0384615384615383,47.0,53.0,1.5143564356435641,0.9217821782178217,1.4485148514851487,0.5267326732673268,1.0,0.0,0.0,3.0,0,0,0.5086,1.3177,1.0,D
b5dfc5f5-8015-4387-af6b-1b79ecd5772f,b276bc8d-d74b-485e-9dc3-20dfcb00c98e,2024,27,27,2025-02-26T19:30:00+00:00,48fc005c-cbfc-4e4d-b7f1-459dce6cf940,67d3236c-6589-4978-b178-f6dcf50166d4,Manchester United FC,Ipswich Town FC,26,26,0,0,0.0,0.0,4.0,0.8,0.8,1.6,1.0199,1.85082,1.0,0.2,0.8,3.4,1.00712,2.2063800000000002,8.0,0.8,0.9,1.8,1.35276,1.8380400000000001,5.0,0.5,0.8,2.6,0.9390599999999999,2.17547,0.8,2.2,1.8439599999999998,2.01116,1.2,1.8,0.87856,2.22466,4.291666666666667,4.1875,2,2,15.0,18.0,1.1538461538461537,0.6538461538461539,30.0,17.0,0.5948019801980199,1.1896039603960398,0.5287128712871287,1.7183168316831685,1.0,0.0,1.0,2.0,3,2,1.402,1.045,1.0,H
bdca79e3-897e-4efd-922e-68972aad22da,301f901a-0f06-4ef0-8a09-3b73eb57d1e9,2024,27,27,2025-02-26T19:30:00+00:00,66a313d1-2e21-49ad-a1c7-6f04cae6be69,60cb8be0-9c1e-4019-8b60-fd9ac2aa9f2d,Brentford FC,Everton FC,26,26,0,0,0.0,0.0,9.0,1.8,1.4,1.0,1.75702,1.54822,11.0,2.2,2.2,1.0,1.6028200000000001,0.99444,14.0,1.4,1.5,1.2,1.87275,1.49427,15.0,1.5,1.5,1.2,1.36358,1.47803,0.6,2.2,1.2594999999999998,2.1449,0.8,0.6,0.6466200000000001,1.87944,4.979166666666667,4.291666666666667,2,3,11.0,15.0,1.4230769230769231,1.1923076923076923,37.0,31.0,0.9889298892988929,0.7911439114391143,0.9889298892988929,0.7911439114391143,1.0,0.0,1.0,0.0,1,1,1.3401,1.4496,1.0,D
1caf53a1-12ea-4c46-ba01-664e78f44a06,0fea4944-d745-4ff2-8b74-273589a632ed,2024,27,27,2025-02-26T20:15:00+00:00,54ed0f97-ad19-421c-a5c2-9b9d3fcbc72d,c4045d6d-a715-4821-a800-cd9b505ad54b,Liverpool FC,Newcastle United FC,27,26,0,0,0.0,0.0,11.0,2.2,2.0,1.0,1.6737000000000002,1.04434,6.0,1.2,1.8,2.8,1.7528000000000001,1.9284200000000002,22.0,2.2,2.4,0.9,2.35827,0.99488,21.0,2.1,2.3,1.5,2.16319,1.44102,2.6,1.4,2.17882,1.00798,2.2,1.2,2.22926,1.2027800000000002,3.15625,3.2604166666666665,3,2,1.0,6.0,2.3703703703703702,1.6923076923076923,64.0,44.0,1.5842944785276072,0.5941104294478528,1.518282208588957,0.9901840490797545,1.0,0.0,1.0,6.0,2,0,1.4003,0.4588,1.0,H
1aa0e959-1120-4d2b-b0a8-8b5d121e1e3f,5b8b6769-431d-4645-8efa-b6884fc3bbb8,2024,27,27,2025-02-27T20:00:00+00:00,21ec0474-e758-4563-97a9-912aab00b4f5,618e770e-c6ac-4c3f-9994-bd2160f675bc,West Ham United FC,Leicester City FC,26,26,0,0,0.0,0.0,4.0,0.8,0.6,1.2,0.9574199999999999,1.45236,3.0,0.6,0.4,2.6,0.6979599999999999,2.10806,11.0,1.1,0.9,1.8,1.09061,1.8918300000000001,3.0,0.3,0.4,2.5,0.92561,1.97653,0.8,2.2,0.71592,2.21378,0.8,2.8,0.61502,2.5174,5.208333333333333,6.0,2,2,16.0,19.0,1.1538461538461537,0.6538461538461539,30.0,17.0,0.5948592411260709,1.1897184822521418,0.26438188494492043,1.6523867809057526,1.0,0.0,0.0,4.0,2,0,1.7044,0.2896,1.0,H
ae053955-1889-4751-a0ec-f4c31eac08e9,2d04310d-634b-4eee-92ea-f59d2caa0365,2024,28,28,2025-03-08T12:30:00+00:00,5421e81a-b7dd-48b1-9982-42644e8dcf9f,33d2f100-682f-4a5e-9aa3-5cc57e1e8571,Nottingham Forest FC,Manchester City FC,27,27,0,0,0.0,0.0,4.0,0.8,2.2,2.2,1.6579599999999999,2.11358,9.0,1.8,1.8,1.6,1.6128399999999998,1.0558,17.0,1.7,2.1,1.4,1.70832,1.8127400000000002,20.0,2.0,2.4,1.2,1.9999300000000002,1.24938,2.4,0.6,1.7539799999999999,1.4227400000000001,2.4,1.4,2.11302,1.56898,9.708333333333334,9.708333333333334,2,2,3.0,4.0,1.7777777777777777,1.7407407407407407,48.0,47.0,1.3897435897435897,0.9264957264957264,1.5882783882783882,0.7941391941391941,1.0,0.0,0.0,3.0,1,0,0.5015,0.7212,1.0,H
b42a3645-bfa7-4f74-8355-379740cade50,8d865bc4-dc6e-4b4c-be52-139d3276610a,2024,28,28,2025-03-08T15:00:00+00:00,db14882b-951f-4db5-860b-4ca2b8583311,b552a1a6-4302-43ca-884c-0f91ac4f984b,Brighton & Hove Albion FC,Fulham FC,27,27,0,0,0.0,0.0,9.0,1.8,1.8,1.8,2.2337,1.4888400000000002,9.0,1.8,1.2,1.2,1.20966,0.8303,18.0,1.8,1.7,1.3,1.84421,1.36831,17.0,1.7,1.6,1.4,1.66479,1.04723,1.2,0.6,1.6785,1.199,2.0,1.2,2.00536,1.06534,10.8125,10.8125,2,2,8.0,9.0,1.5925925925925926,1.5555555555555556,43.0,42.0,1.1278048780487804,0.862439024390244,1.0614634146341464,0.928780487804878,1.0,0.0,0.0,4.0,2,1,1.9442,0.7082,1.0,H
859eb0bd-9334-4f03-a3fe-5e8d925f82b8,6777f266-03fa-423c-92e4-67d3c9c28716,2024,28,28,2025-03-08T15:00:00+00:00,54ed0f97-ad19-421c-a5c2-9b9d3fcbc72d,f5c6f090-f823-4206-a821-17c11d35de43,Liverpool FC,Southampton FC,28,27,0,0,0.0,0.0,11.0,2.2,2.0,1.0,1.40938,0.80556,3.0,0.6,0.8,3.0,0.79496,3.0442799999999997,22.0,2.2,2.1,0.9,2.16843,0.9889300000000001,3.0,0.3,0.8,2.9,1.02675,3.11981,2.6,1.0,2.03948,0.8425,1.2,2.6,1.1731,2.69154,9.78125,10.78125,2,2,1.0,20.0,2.392857142857143,0.3333333333333333,67.0,9.0,1.393195625759417,0.5970838396111786,0.5307411907654921,1.9239368165249089,1.0,1.0,0.0,5.0,3,1,4.99,0.5116,1.0,H
5701e825-2a9c-48b2-ab96-e9d18085a5d9,6d13e3f5-c456-4cf2-b6ec-8b1bdb237f8c,2024,28,28,2025-03-08T15:00:00+00:00,74bd08fa-27db-4bb0-8490-f57f6ed6b8e9,67d3236c-6589-4978-b178-f6dcf50166d4,Crystal Palace FC,Ipswich Town FC,27,27,0,0,0.0,0.0,9.0,1.8,2.0,1.0,2.29436,1.06894,1.0,0.2,1.2,2.8,1.057,1.84632,20.0,2.0,1.7,0.7,2.0193,1.16006,5.0,0.5,1.0,2.5,0.93713,1.9922799999999998,1.8,1.4,2.37886,1.2674400000000001,1.2,2.2,0.74086,2.2575600000000002,10.8125,9.8125,2,2,12.0,18.0,1.3333333333333333,0.6296296296296297,36.0,17.0,1.1264812575574366,0.4638452237001209,0.6626360338573156,1.656590084643289,1.0,1.0,0.0,1.0,1,0,3.1388,1.6328,1.0,H
d2131d8d-1ed8-4081-bd31-8c4ac061ad6b,5bc8006d-d736-4202-be18-a89bc6e0d70a,2024,28,28,2025-03-08T17:30:00+00:00,66a313d1-2e21-49ad-a1c7-6f04cae6be69,f8f456e7-3e20-4803-ba4e-b1762a31812c,Brentford FC,Aston Villa FC,27,28,0,0,0.0,0.0,10.0,2.0,1.6,0.8,1.7850000000000001,1.00564,5.0,1.0,1.2,2.0,1.60504,2.1153199999999996,15.0,1.5,1.6,1.1,1.9298600000000001,1.5427399999999998,14.0,1.4,1.4,1.6,1.56499,1.6884900000000003,0.8,2.0,1.37372,2.24184,0.8,2.2,0.82534,2.34626,9.916666666666666,10.916666666666666,1,2,12.0,10.0,1.4074074074074074,1.5,38.0,42.0,1.0628019323671498,0.7306763285024156,0.9299516908212561,1.0628019323671498,1.0,0.0,0.0,4.0,0,1,0.6377,1.2964,1.0,A
4a443d0b-002c-472b-90c7-5123cf8ee16c,d08a8188-ade1-4b41-8416-f9b7aa1708bd,2024,28,28,2025-03-08T20:00:00+00:00,fbffa344-2426-4b4b-9886-b8cd56ec69a1,60cb8be0-9c1e-4019-8b60-fd9ac2aa9f2d,Wolverhampton Wanderers FC,Everton FC,27,27,0,0,0.0,0.0,6.0,1.2,1.0,1.0,1.3199400000000001,1.1124399999999999,9.0,1.8,2.2,1.2,1.71856,1.1337000000000002,10.0,1.0,1.0,1.6,1.25131,1.60598,15.0,1.5,1.5,1.2,1.44321,1.36007,1.0,1.2,1.23526,1.19922,1.0,0.8,0.9101000000000001,1.8857199999999998,11.020833333333334,10.020833333333334,1,1,17.0,16.0,0.8148148148148148,1.1851851851851851,22.0,32.0,0.6658624849215923,1.0653799758745477,0.9987937273823885,0.7990349819059107,1.0,0.0,0.0,4.0,1,1,0.8124,1.3672,1.0,D
2b09501f-3ed6-4d3c-9848-7f88999947c3,bd026a5f-6c8e-4777-93ba-fcdfb1b0e0ed,2024,28,28,2025-03-09T14:00:00+00:00,1cb320b2-b42f-4131-8f5f-ef42e7f82540,618e770e-c6ac-4c3f-9994-bd2160f675bc,Chelsea FC,Leicester City FC,27,27,0,0,0.0,0.0,6.0,1.2,1.6,1.8,1.73908,1.8053800000000002,3.0,0.6,0.4,2.6,0.6205,1.9753,11.0,1.1,1.5,1.7,1.9060200000000003,1.57995,3.0,0.3,0.4,2.4,0.8756999999999999,2.0334399999999997,2.4,1.2,2.3232399999999997,1.2053800000000001,0.8,2.4,0.63558,2.06736,11.739583333333334,9.75,1,1,5.0,19.0,1.7037037037037037,0.6296296296296297,46.0,17.0,1.0,1.1333333333333333,0.26666666666666666,1.5999999999999999,1.0,1.0,0.0,3.0,1,0,1.7684,0.1085,1.0,H
163d446c-5d7f-4939-8c5f-90a8227f4e97,c0357161-b6a5-4207-bd71-4afba5704812,2024,28,28,2025-03-09T14:00:00+00:00,c23d6b7a-dfaf-44a3-b016-1feb2dddec44,6601a105-9986-4276-89bf-143cdf03198a,Tottenham Hotspur FC,AFC Bournemouth,27,27,0,0,0.0,0.0,9.0,1.8,1.6,0.8,1.4125999999999999,1.6072600000000001,6.0,1.2,1.8,1.2,1.7793400000000001,1.8745999999999998,10.0,1.0,1.4,1.4,1.35425,1.72227,15.0,1.5,1.8,1.1,1.82742,1.47716,1.0,1.4,1.56356,1.65758,2.4,1.6,1.8692,1.5782399999999999,10.770833333333334,11.770833333333334,1,1,13.0,9.0,1.2222222222222223,1.5925925925925926,33.0,43.0,0.935576923076923,0.935576923076923,1.2028846153846153,0.7350961538461539,1.0,0.0,0.0,1.0,2,2,1.3505,2.2254,1.0,D
4c08144d-2224-48fb-866a-b6bc7643d7c0,e4b0b67d-873e-4e0b-adce-049d688cd979,2024,28,28,2025-03-09T16:30:00+00:00,48fc005c-cbfc-4e4d-b7f1-459dce6cf940,ead1bc2e-8799-410a-a809-66a274bbab2c,Manchester United FC,Arsenal FC,27,27,0,0,0.0,0.0,7.0,1.4,1.2,1.4,1.03666,1.62548,10.0,2.0,1.6,0.4,1.37194,0.6053,11.0,1.1,1.2,1.7,1.26443,1.75971,21.0,2.1,1.7,0.7,1.6733799999999999,0.71256,1.4,2.0,1.6672999999999998,1.8544999999999998,1.4,0.4,1.553,0.65884,10.875,10.875,1,1,15.0,2.0,1.2222222222222223,2.0,33.0,54.0,0.8009569377990431,1.134688995215311,1.134688995215311,0.4672248803827751,1.0,0.0,0.0,2.0,1,1,1.3111,1.83,1.0,D
3d866db0-7a96-4098-adf5-7bfb8d313d66,04a85e5e-e2ca-40a5-8fe6-80d49e1699d5,2024,28,28,2025-03-10T20:00:00+00:00,21ec0474-e758-4563-97a9-912aab00b4f5,c4045d6d-a715-4821-a800-cd9b505ad54b,West Ham United FC,Newcastle United FC,27,27,0,0,0.0,0.0,7.0,1.4,1.0,0.8,1.25408,1.1851600000000002,6.0,1.2,1.6,2.4,1.677,1.66814,13.0,1.3,1.0,1.7,1.13811,1.78641,18.0,1.8,1.9,1.7,1.88568,1.47462,1.0,2.0,0.81092,2.0029399999999997,1.4,1.6,1.67424,1.2699799999999999,11.0,11.989583333333334,1,1,16.0,9.0,1.2222222222222223,1.6296296296296295,33.0,44.0,0.6682577565632458,1.136038186157518,1.269689737470167,1.136038186157518,1.0,1.0,0.0,2.0,0,1,0.824,1.6298,1.0,A
d6012a9f-4821-46f3-bffe-ba8e85044d96,1eaa16fe-a380-4008-825f-ce6cb5f5bd24,2024,29,29,2025-03-15T15:00:00+00:00,60cb8be0-9c1e-4019-8b60-fd9ac2aa9f2d,21ec0474-e758-4563-97a9-912aab00b4f5,Everton FC,West Ham United FC,28,28,0,0,0.0,0.0,7.0,1.4,1.6,1.4,1.36948,1.20676,6.0,1.2,0.8,0.8,1.0831,1.3295400000000002,16.0,1.6,1.6,1.1,1.51841,1.23856,10.0,1.0,0.9,1.8,1.0304,1.72956,2.2,1.4,1.98394,0.93286,1.0,1.4,1.4653,1.56988,6.791666666666667,4.791666666666667,1,1,15.0,16.0,1.1785714285714286,1.1785714285714286,33.0,33.0,1.0717520858164482,0.7368295589988082,0.6028605482717521,1.2057210965435041,1.0,0.0,1.0,0.0,1,1,1.189,0.516,1.0,D
9733e762-e14c-45c4-9283-fe3bfcb31c11,32751e5f-a891-4d22-ab0c-fcc67558af18,2024,29,29,2025-03-15T15:00:00+00:00,33d2f100-682f-4a5e-9aa3-5cc57e1e8571,db14882b-951f-4db5-860b-4ca2b8583311,Manchester City FC,Brighton & Hove Albion FC,28,28,0,0,0.0,0.0,6.0,1.2,1.2,1.6,1.31066,0.85642,12.0,2.4,2.2,1.8,2.49378,1.4563000000000001,19.0,1.9,2.3,1.2,1.8200800000000001,1.2342,20.0,2.0,1.9,1.4,1.90509,1.34301,2.4,1.0,1.88684,0.92978,2.2,2.0,2.00992,1.53762,7.104166666666667,7.0,1,1,5.0,7.0,1.6785714285714286,1.6428571428571428,47.0,46.0,1.542449464922711,0.804756242568371,1.2741973840665874,0.9388822829964328,1.0,0.0,0.0,3.0,2,2,2.0264,2.1112,1.0,D
bb7b0788-83b8-4b7d-a530-28bfb8c3bfc4,0539d80b-a0c3-47fb-8f87-e3241f3e435f,2024,29,29,2025-03-15T15:00:00+00:00,f5c6f090-f823-4206-a821-17c11d35de43,fbffa344-2426-4b4b-9886-b8cd56ec69a1,Southampton FC,Wolverhampton Wanderers FC,28,28,0,0,0.0,0.0,3.0,0.6,0.8,3.0,0.73216,3.42564,7.0,1.4,1.2,1.0,1.37948,1.2084,3.0,0.3,0.9,3.1,0.85808,3.4287,8.0,0.8,0.9,1.7,1.2499,1.7068100000000002,0.4,3.2,0.8804000000000001,3.54808,1.0,2.0,1.26736,2.01274,7.0,6.791666666666667,1,1,20.0,17.0,0.32142857142857145,0.8214285714285714,9.0,23.0,0.6028402366863905,2.076449704142012,0.6028402366863905,1.138698224852071,1.0,0.0,0.0,2.0,1,2,1.2821,0.5407,1.0,A
1b6db626-1b04-41f3-a0c5-96f4ea687665,d9fb26e9-5c80-44cb-a235-4bb2d770a9f7,2024,29,29,2025-03-15T15:00:00+00:00,67d3236c-6589-4978-b178-f6dcf50166d4,5421e81a-b7dd-48b1-9982-42644e8dcf9f,Ipswich Town FC,Nottingham Forest FC,28,28,0,0,0.0,0.0,1.0,0.2,1.0,2.2,1.2226199999999998,2.04046,7.0,1.4,2.4,1.2,1.55902,1.6927400000000001,5.0,0.5,1.0,2.5,1.0925799999999999,2.0896999999999997,17.0,1.7,2.1,1.4,1.6284500000000002,1.7791000000000001,0.8,2.8,1.1334,1.7269999999999999,1.8,2.2,1.66266,2.20274,7.0,7.104166666666667,1,1,18.0,3.0,0.6071428571428571,1.8214285714285714,17.0,51.0,0.6698113207547169,1.6745283018867925,1.4066037735849057,0.9377358490566037,1.0,0.0,0.0,1.0,2,4,0.5208,1.3072,1.0,A
21657d1e-d8f4-4d8b-8d13-88fb8219b656,9b91b1bf-a0c9-4a1c-a22f-1040a735794a,2024,29,29,2025-03-15T17:30:00+00:00,6601a105-9986-4276-89bf-143cdf03198a,66a313d1-2e21-49ad-a1c7-6f04cae6be69,AFC Bournemouth,Brentford FC,28,28,0,0,0.0,0.0,4.0,0.8,1.2,1.6,1.6593399999999998,1.94546,7.0,1.4,1.2,0.8,1.5284600000000002,1.0185600000000001,15.0,1.5,2.0,1.3,1.9297700000000002,1.5622,14.0,1.4,1.6,1.2,1.89751,1.53884,1.2,0.6,1.7856400000000001,1.37608,2.4,0.2,2.4859999999999998,0.84364,6.145833333333333,7.0,1,1,9.0,12.0,1.5714285714285714,1.3571428571428572,44.0,38.0,1.334894613583138,0.8676814988290399,1.0679156908665106,0.8009367681498829,1.0,0.0,0.0,5.0,1,2,2.0271,1.6032,1.0,A
f20ea23f-99ff-4154-a15e-474c1dfe0a47,53b2f77a-aa7f-4626-9d41-06cf35462c98,2024,29,29,2025-03-16T13:30:00+00:00,b552a1a6-4302-43ca-884c-0f91ac4f984b,c23d6b7a-dfaf-44a3-b016-1feb2dddec44,Fulham FC,Tottenham Hotspur FC,28,28,0,0,0.0,0.0,9.0,1.8,1.4,1.4,1.23918,1.17874,10.0,2.0,1.8,0.8,1.42774,1.7713999999999999,14.0,1.4,1.5,1.5,1.55768,1.08602,11.0,1.1,1.6,1.5,1.38354,1.81479,1.2,1.6,1.32422,1.02912,1.8,1.4,1.14494,1.7869599999999999,7.9375,6.979166666666667,1,1,10.0,13.0,1.5,1.2142857142857142,42.0,34.0,1.0011668611435238,1.0011668611435238,1.0679113185530922,1.0011668611435238,1.0,0.0,1.0,2.0,2,0,1.0397,1.4087,1.0,H
81a9f608-99d4-4a65-81c1-d8acf5597548,ed50ea81-95ae-489a-a3f2-d4f31440278c,2024,29,29,2025-03-16T13:30:00+00:00,ead1bc2e-8799-410a-a809-66a274bbab2c,1cb320b2-b42f-4131-8f5f-ef42e7f82540,Arsenal FC,Chelsea FC,28,28,0,0,0.0,0.0,8.0,1.6,1.6,0.6,1.5604600000000002,0.7645799999999999,9.0,1.8,1.6,1.2,1.7930800000000002,1.3806600000000002,19.0,1.9,1.7,0.8,1.63992,0.8358399999999999,14.0,1.4,1.5,1.5,1.9272300000000002,1.41287,2.0,1.0,1.79376,0.76628,0.6,2.2,1.4888,1.95452,6.875,6.979166666666667,1,1,2.0,4.0,1.9642857142857142,1.75,55.0,49.0,1.1359720605355064,0.5345750873108266,1.0023282887077998,1.0023282887077998,1.0,0.0,1.0,2.0,1,0,0.6957,0.286,1.0,H
8f20d77d-6066-4964-b0e4-3c4e8b88277a,a827f88a-90aa-41cd-81f6-5a52a7d79fad,2024,29,29,2025-03-16T19:00:00+00:00,618e770e-c6ac-4c3f-9994-bd2160f675bc,48fc005c-cbfc-4e4d-b7f1-459dce6cf940,Leicester City FC,Manchester United FC,28,28,0,0,0.0,0.0,0.0,0.0,0.0,2.6,0.36126,2.07402,5.0,1.0,1.2,1.6,1.25848,1.8793600000000001,3.0,0.3,0.3,2.2,0.86445,2.02034,12.0,1.2,1.3,1.6,1.35965,1.86006,0.0,2.4,1.11582,1.99952,1.0,1.4,0.8615600000000001,1.66492,7.208333333333333,7.104166666666667,1,1,19.0,15.0,0.6071428571428571,1.2142857142857142,17.0,34.0,0.20093023255813952,1.4734883720930234,0.8706976744186047,1.0716279069767443,1.0,0.0,0.0,3.0,0,3,1.3046,1.1389,1.0,A
9106797d-60e8-4031-af2b-828f87c2a19d,4c5ce94d-fa89-4cdc-bbc4-b313884315d4,2024,30,30,2025-04-01T18:45:00+00:00,ead1bc2e-8799-410a-a809-66a274bbab2c,b552a1a6-4302-43ca-884c-0f91ac4f984b,Arsenal FC,Fulham FC,29,29,0,0,0.0,0.0,8.0,1.6,0.8,0.4,1.3932,0.67314,9.0,1.8,1.4,1.2,1.1253600000000001,1.21504,19.0,1.9,1.5,0.7,1.5096399999999999,0.83718,16.0,1.6,1.5,1.3,1.56549,1.0562,2.0,1.0,1.49998,0.8078199999999999,1.8,1.4,1.79114,1.14292,16.21875,16.21875,0,0,2.0,8.0,2.0,1.5517241379310345,58.0,45.0,1.0046349942062573,0.46882966396292003,1.0046349942062573,0.870683661645423,1.0,0.0,1.0,2.0,2,1,2.3019,1.4421,1.0,H
5e5fc67c-6c39-4d44-8642-ecb61daab672,d95bb77c-648b-4bf9-8142-21b78dc70d87,2024,30,30,2025-04-01T18:45:00+00:00,fbffa344-2426-4b4b-9886-b8cd56ec69a1,21ec0474-e758-4563-97a9-912aab00b4f5,Wolverhampton Wanderers FC,West Ham United FC,29,29,0,0,0.0,0.0,7.0,1.4,1.2,1.2,1.08732,1.31626,7.0,1.4,0.8,0.6,0.94894,1.2892,10.0,1.0,0.9,1.6,1.2399,1.60659,11.0,1.1,1.0,1.4,1.03017,1.51859,0.8,1.4,1.23244,1.40088,1.0,1.6,1.18828,1.36802,17.15625,17.15625,0,0,17.0,16.0,0.896551724137931,1.1724137931034482,26.0,34.0,0.6027713625866051,1.071593533487298,0.6697459584295612,0.9376443418013857,1.0,0.0,0.0,3.0,1,0,1.1036,1.7306,1.0,H
820cdd0c-cec5-4034-be5e-c43c017f5a46,9b1c2ac9-1e6f-449d-a090-b48521d9d096,2024,30,30,2025-04-01T19:00:00+00:00,5421e81a-b7dd-48b1-9982-42644e8dcf9f,48fc005c-cbfc-4e4d-b7f1-459dce6cf940,Nottingham Forest FC,Manchester United FC,29,29,0,0,0.0,0.0,7.0,1.4,1.8,1.6,1.00692,1.6456400000000002,8.0,1.6,1.8,1.2,1.18484,1.6510200000000002,17.0,1.7,2.3,1.6,1.55642,1.76966,15.0,1.5,1.6,1.4,1.37347,1.76628,2.4,0.6,1.59424,1.35546,1.6,1.0,1.01756,1.76054,17.166666666666668,16.0,0,0,3.0,13.0,1.8620689655172413,1.2758620689655173,54.0,37.0,1.5439446366782006,1.0740484429065744,1.0740484429065744,0.9397923875432526,1.0,1.0,0.0,5.0,1,0,0.5121,1.8669,1.0,H
76013358-b280-4a51-95c5-27aacd9d30e5,b3f21926-9dc3-4128-962c-de0c7ea5867d,2024,30,30,2025-04-02T18:45:00+00:00,f5c6f090-f823-4206-a821-17c11d35de43,74bd08fa-27db-4bb0-8490-f57f6ed6b8e9,Southampton FC,Crystal Palace FC,29,28,0,0,0.0,0.0,0.0,0.0,0.6,3.2,0.75344,3.1440799999999998,12.0,2.4,2.0,0.6,2.67576,1.01142,3.0,0.3,0.9,3.1,0.8644400000000001,3.1773499999999997,22.0,2.2,1.8,0.7,2.2831699999999997,1.2031500000000002,0.6,3.4,0.69716,3.276,1.6,0.0,1.65974,1.05268,18.15625,25.15625,0,0,20.0,12.0,0.3103448275862069,1.3928571428571428,9.0,39.0,0.6055299539170508,2.085714285714286,1.2110599078341016,0.47096774193548385,1.0,0.0,0.0,3.0,1,1,0.6873,0.9378,1.0,D
7ca3d73b-c6fa-48a9-9666-13c7c1663173,fdc240d7-c817-4022-a223-cf43854c0511,2024,30,30,2025-04-02T18:45:00+00:00,db14882b-951f-4db5-860b-4ca2b8583311,f8f456e7-3e20-4803-ba4e-b1762a31812c,Brighton & Hove Albion FC,Aston Villa FC,29,29,0,0,0.0,0.0,13.0,2.6,2.6,0.8,2.76476,1.04804,8.0,1.6,1.4,1.6,1.7157600000000002,1.84256,20.0,2.0,1.9,1.4,2.02241,1.35765,16.0,1.6,1.3,1.4,1.50663,1.6584600000000003,1.6,0.8,1.8002600000000002,1.1484,1.0,1.6,1.03952,1.90806,18.15625,25.052083333333332,0,0,7.0,9.0,1.6206896551724137,1.5517241379310345,47.0,45.0,1.2797701149425287,0.9429885057471263,0.875632183908046,0.9429885057471263,1.0,0.0,1.0,4.0,0,3,0.558,1.2072,1.0,A
3783302e-ffe8-4ef3-89ce-3b9f592c6e62,d9dc241e-7744-400e-86ce-afc873247387,2024,30,30,2025-04-02T18:45:00+00:00,33d2f100-682f-4a5e-9aa3-5cc57e1e8571,618e770e-c6ac-4c3f-9994-bd2160f675bc,Manchester City FC,Leicester City FC,29,29,0,0,0.0,0.0,7.0,1.4,1.4,1.0,1.5673,0.97226,0.0,0.0,0.0,2.4,0.53276,1.6792799999999999,17.0,1.7,2.3,1.4,1.8647200000000002,1.26111,3.0,0.3,0.3,2.3,0.8107,1.97623,2.6,1.2,1.78818,1.22136,0.6,2.0,0.61308,2.04116,18.15625,16.989583333333332,0,0,5.0,19.0,1.6551724137931034,0.5862068965517241,48.0,17.0,1.5491408934707904,0.9429553264604811,0.2020618556701031,1.5491408934707904,1.0,1.0,0.0,2.0,2,0,2.0717,0.1047,1.0,H
2104ccf4-363a-47a7-8e48-84971aad207a,9c1094e1-b08b-4201-bb35-568432f5ea3e,2024,30,30,2025-04-02T18:45:00+00:00,c4045d6d-a715-4821-a800-cd9b505ad54b,66a313d1-2e21-49ad-a1c7-6f04cae6be69,Newcastle United FC,Brentford FC,28,29,0,0,0.0,0.0,6.0,1.2,1.2,2.2,1.38632,1.66782,10.0,2.0,1.6,0.6,1.51614,1.2349,18.0,1.8,1.7,1.7,1.7657900000000002,1.53447,17.0,1.7,1.7,1.0,2.03057,1.5417,2.4,1.8,2.09712,1.67926,2.8,0.4,2.6144000000000003,0.9819799999999999,22.947916666666668,18.052083333333332,0,0,7.0,11.0,1.6785714285714286,1.4137931034482758,47.0,41.0,1.1462857142857141,1.1462857142857141,1.1462857142857141,0.6742857142857143,1.0,0.0,0.0,6.0,2,1,2.2658,1.532,1.0,H
a383b031-39f6-4bf6-bee3-76c3a77a5faa,f21bf5e0-8679-48cd-af45-f1662bc6b21d,2024,30,30,2025-04-02T18:45:00+00:00,6601a105-9986-4276-89bf-143cdf03198a,67d3236c-6589-4978-b178-f6dcf50166d4,AFC Bournemouth,Ipswich Town FC,29,29,0,0,0.0,0.0,4.0,0.8,1.4,1.6,1.73422,1.72172,1.0,0.2,1.2,2.6,0.9370799999999999,2.06676,14.0,1.4,1.9,1.3,1.9617900000000001,1.62636,2.0,0.2,1.0,2.9,0.9945700000000001,2.0598,1.4,1.0,1.9506800000000002,1.5967,1.2,2.2,1.05176,2.4524,18.052083333333332,18.15625,0,0,10.0,18.0,1.5172413793103448,0.5862068965517241,44.0,17.0,1.2810933940774487,0.8765375854214124,0.6742596810933941,1.9553530751708428,1.0,1.0,0.0,3.0,1,2,1.9964,1.4126,1.0,A
14dd798b-cb90-4a9d-bfd0-18475140416a,74c1526f-e024-4405-9123-9f56531e077f,2024,30,30,2025-04-02T19:00:00+00:00,54ed0f97-ad19-421c-a5c2-9b9d3fcbc72d,60cb8be0-9c1e-4019-8b60-fd9ac2aa9f2d,Liverpool FC,Everton FC,29,29,0,0,0.0,0.0,13.0,2.6,2.2,0.8,2.22156,0.72578,7.0,1.4,1.4,1.2,1.42518,1.1241400000000001,24.0,2.4,2.2,0.8,2.38123,0.8726200000000001,17.0,1.7,1.7,1.1,1.58121,1.02831,2.6,1.0,2.6576,0.90062,1.0,0.8,1.05288,1.54426,25.166666666666668,18.166666666666668,0,0,1.0,15.0,2.413793103448276,1.1724137931034482,70.0,34.0,1.4833144154370035,0.5393870601589104,1.1461975028376845,0.7416572077185017,1.0,0.0,1.0,4.0,1,0,1.2972,0.8231,1.0,H
d7368835-e733-46e0-bfa5-be59ff5a38c5,08bb906a-05dc-4ca8-af3e-45be67d36728,2024,30,30,2025-04-03T19:00:00+00:00,1cb320b2-b42f-4131-8f5f-ef42e7f82540,c23d6b7a-dfaf-44a3-b016-1feb2dddec44,Chelsea FC,Tottenham Hotspur FC,29,29,0,0,0.0,0.0,6.0,1.2,1.2,1.2,1.5721399999999999,1.28244,7.0,1.4,1.4,1.2,1.5204,1.64638,14.0,1.4,1.5,1.4,1.7952100000000002,1.3323500000000001,10.0,1.0,1.4,1.5,1.29598,1.8546900000000002,2.4,0.8,2.36566,0.8712199999999999,1.8,1.6,1.21516,1.73486,18.229166666666668,18.229166666666668,0,0,6.0,14.0,1.6896551724137931,1.1724137931034482,49.0,34.0,1.0136054421768708,0.946031746031746,0.946031746031746,1.0136054421768708,1.0,1.0,0.0,7.0,1,0,1.3044,1.4027,1.0,H
f0731fef-8539-4eb7-98a5-56a94ab7489d,aa38741b-e681-49b5-8293-b3d8d42fa330,2024,31,31,2025-04-05T11:30:00+00:00,60cb8be0-9c1e-4019-8b60-fd9ac2aa9f2d,ead1bc2e-8799-410a-a809-66a274bbab2c,Everton FC,Arsenal FC,30,30,0,0,0.0,0.0,4.0,0.8,1.0,1.2,1.38666,0.92228,8.0,1.6,0.8,0.6,1.50358,0.9149200000000001,17.0,1.7,1.7,1.1,1.54039,1.02951,21.0,2.1,1.6,0.7,1.55869,0.80488,2.4,1.4,1.97548,0.77902,1.0,0.4,1.5192999999999999,0.86654,2.6875,3.6979166666666665,1,1,15.0,2.0,1.1333333333333333,2.033333333333333,34.0,61.0,1.1513023782559455,0.744960362400906,1.0835787089467723,0.4740656851642129,1.0,0.0,1.0,0.0,1,1,1.2288,1.4031,1.0,D
d547d94d-f4c2-46e5-bdac-8ed2258b5274,06113552-3674-4330-97ae-639cf1eaead8,2024,31,31,2025-04-05T14:00:00+00:00,21ec0474-e758-4563-97a9-912aab00b4f5,6601a105-9986-4276-89bf-143cdf03198a,West Ham United FC,AFC Bournemouth,30,30,0,0,0.0,0.0,7.0,1.4,0.8,0.6,1.16036,1.11692,1.0,0.2,1.0,1.8,1.71606,1.8093599999999999,11.0,1.1,0.9,1.1,1.0499399999999999,1.43096,11.0,1.1,1.9,1.5,1.8995799999999998,1.7115200000000002,1.0,1.2,0.87206,1.6691600000000002,2.4,1.6,1.9728999999999999,1.6560200000000003,3.8020833333333335,2.8020833333333335,1,1,16.0,10.0,1.1333333333333333,1.4666666666666666,34.0,44.0,0.6101694915254237,0.7457627118644068,1.2881355932203389,1.0169491525423728,1.0,0.0,1.0,2.0,2,2,0.9078,1.9487,1.0,D
81291f2d-e9bf-4700-bcc2-1a3f23068783,32c64ea4-67fb-4387-9a4b-3891c6c607a9,2024,31,31,2025-04-05T14:00:00+00:00,74bd08fa-27db-4bb0-8490-f57f6ed6b8e9,db14882b-951f-4db5-860b-4ca2b8583311,Crystal Palace FC,Brighton & Hove Albion FC,29,30,0,0,0.0,0.0,10.0,2.0,1.8,0.8,2.37406,0.8474600000000001,10.0,2.0,2.0,1.4,2.46258,1.15952,20.0,2.0,1.7,0.7,2.07153,1.15003,19.0,1.9,1.8,1.6,1.9017,1.29723,1.6,1.2,2.39578,1.3503,2.2,2.0,2.24456,1.5669,2.8020833333333335,2.8020833333333335,1,1,12.0,8.0,1.3793103448275863,1.5666666666666667,40.0,47.0,1.1511811023622047,0.47401574803149604,1.2188976377952756,1.0834645669291338,1.0,1.0,0.0,4.0,2,1,0.444,1.2723,1.0,H
f7bc7445-9af3-4dc8-b182-622e40c9d7cf,41a67ca3-c7f4-4087-82cb-a743931650d6,2024,31,31,2025-04-05T14:00:00+00:00,67d3236c-6589-4978-b178-f6dcf50166d4,fbffa344-2426-4b4b-9886-b8cd56ec69a1,Ipswich Town FC,Wolverhampton Wanderers FC,30,30,0,0,0.0,0.0,3.0,0.6,1.4,2.6,1.1530200000000002,1.8863599999999998,10.0,2.0,1.2,0.8,1.09738,1.2888600000000001,4.0,0.4,1.0,2.8,0.99149,1.9939699999999998,13.0,1.3,1.0,1.3,1.1598,1.5224199999999999,0.8,3.6,0.9373799999999999,1.6672,1.0,1.8,1.24736,1.8123,2.8020833333333335,3.8020833333333335,1,1,18.0,17.0,0.6666666666666666,0.9666666666666667,20.0,29.0,0.6771300448430493,1.895964125560538,0.6771300448430493,0.8802690582959641,1.0,1.0,0.0,3.0,1,2,0.8724,2.8096,1.0,A
767effa8-2e7a-4cbc-9940-c61f1d35b981,a05a0b80-029a-4926-b748-7bbe17714fef,2024,31,31,2025-04-05T16:30:00+00:00,f8f456e7-3e20-4803-ba4e-b1762a31812c,5421e81a-b7dd-48b1-9982-42644e8dcf9f,Aston Villa FC,Nottingham Forest FC,30,30,0,0,0.0,0.0,10.0,2.0,1.8,1.4,1.37752,1.8875800000000003,10.0,2.0,1.8,1.2,1.04308,1.57704,16.0,1.6,1.4,1.3,1.3927900000000002,1.63271,17.0,1.7,2.1,1.6,1.3504,1.76589,1.6,1.2,1.97374,1.40886,2.2,2.6,1.5186,2.18386,2.90625,3.8958333333333335,1,1,7.0,3.0,1.6,1.9,48.0,57.0,0.9479329608938547,0.8802234636871509,1.4218994413407822,1.0833519553072626,1.0,0.0,0.0,3.0,2,1,2.6335,0.9677,1.0,H
fec0fb22-ba00-4dc0-8186-47699b63b2da,cf726979-6ebd-4aa7-80dc-dbc2868697af,2024,31,31,2025-04-06T13:00:00+00:00,c23d6b7a-dfaf-44a3-b016-1feb2dddec44,f5c6f090-f823-4206-a821-17c11d35de43,Tottenham Hotspur FC,Southampton FC,30,30,0,0,0.0,0.0,4.0,0.8,1.2,1.4,1.40672,1.62196,1.0,0.2,0.6,2.8,0.6960200000000001,2.9142,10.0,1.0,1.3,1.4,1.33592,1.7421700000000002,4.0,0.4,1.0,2.7,0.9082100000000001,2.71626,1.0,1.4,1.3768,1.97452,1.2,2.8,1.03172,3.0787,2.75,3.7604166666666665,1,1,16.0,20.0,1.1333333333333333,0.3333333333333333,34.0,10.0,0.8801781737193765,0.9478841870824053,0.6770601336302895,1.8280623608017819,1.0,1.0,0.0,5.0,3,1,2.648,0.7804,1.0,H
8a1e72e8-823a-453c-8876-8ec1b2c27fc6,c2f76f86-06a5-47ac-b241-75825f0c1240,2024,31,31,2025-04-06T13:00:00+00:00,66a313d1-2e21-49ad-a1c7-6f04cae6be69,1cb320b2-b42f-4131-8f5f-ef42e7f82540,Brentford FC,Chelsea FC,30,30,0,0,0.0,0.0,7.0,1.4,1.6,1.0,1.42954,1.55336,9.0,1.8,1.4,0.6,1.70306,1.1492,14.0,1.4,1.3,1.2,1.6289000000000002,1.74332,16.0,1.6,1.5,1.3,1.7741099999999999,1.34496,0.6,1.6,1.44674,2.10142,0.6,2.0,1.22476,1.79348,3.7604166666666665,2.75,1,1,12.0,4.0,1.3666666666666667,1.7333333333333334,41.0,52.0,0.8791574279379157,0.811529933481153,1.0144124168514412,0.8791574279379157,1.0,0.0,0.0,3.0,0,0,1.3612,1.4783,1.0,D
12df99bb-d511-43fa-a4eb-0eafdb8a41db,f8c93dae-669a-45e4-969e-c5c59e65c31f,2024,31,31,2025-04-06T13:00:00+00:00,b552a1a6-4302-43ca-884c-0f91ac4f984b,54ed0f97-ad19-421c-a5c2-9b9d3fcbc72d,Fulham FC,Liverpool FC,30,30,0,0,0.0,0.0,6.0,1.2,1.2,1.4,0.9718,1.60916,13.0,2.6,2.0,0.6,2.10748,0.67974,15.0,1.5,1.4,1.3,1.44423,1.14205,26.0,2.6,2.2,0.7,2.2386600000000003,0.90201,1.2,1.2,1.3398400000000001,0.9694800000000001,2.0,0.8,2.1326799999999997,1.07372,4.760416666666667,3.75,1,1,10.0,1.0,1.5,2.433333333333333,45.0,73.0,0.9498891352549887,0.8820399113082039,1.4926829268292683,0.4749445676274944,1.0,0.0,1.0,4.0,3,2,1.7276,1.4064,1.0,H
4b0186a7-4be0-40b6-aa3f-97389a3c8e75,0698f6f7-d3f5-4490-9f25-ed53b582e683,2024,31,31,2025-04-06T15:30:00+00:00,48fc005c-cbfc-4e4d-b7f1-459dce6cf940,33d2f100-682f-4a5e-9aa3-5cc57e1e8571,Manchester United FC,Manchester City FC,30,30,0,0,0.0,0.0,8.0,1.6,1.8,1.2,1.27292,1.35922,7.0,1.4,1.0,1.0,1.55764,0.96176,14.0,1.4,1.4,1.3,1.39269,1.5312899999999998,17.0,1.7,2.1,1.3,1.8739000000000001,1.11829,1.6,1.8,1.7293800000000001,1.77202,2.0,1.6,1.9412600000000002,1.30086,4.854166666666667,3.8645833333333335,1,1,14.0,5.0,1.2333333333333334,1.7,37.0,51.0,0.9477398015435501,0.8800441014332966,1.4216097023153254,0.8800441014332966,1.0,1.0,0.0,3.0,0,0,1.2332,0.6879,1.0,D
1c6ab6e3-5faa-40ce-b315-053240cfcecb,10a7f8a6-e168-4302-be16-00dfc3bc5fe3,2024,31,31,2025-04-07T19:00:00+00:00,618e770e-c6ac-4c3f-9994-bd2160f675bc,c4045d6d-a715-4821-a800-cd9b505ad54b,Leicester City FC,Newcastle United FC,30,29,0,0,0.0,0.0,0.0,0.0,0.0,2.4,0.50706,1.74362,9.0,1.8,1.4,2.0,1.5940400000000001,1.65246,3.0,0.3,0.2,2.3,0.73962,1.94884,18.0,1.8,1.7,1.8,1.76813,1.5876000000000001,0.0,2.6,1.0083199999999999,1.9113,1.2,1.6,1.55172,1.2346400000000002,5.010416666666667,5.010416666666667,1,1,19.0,7.0,0.5666666666666667,1.7241379310344827,17.0,50.0,0.135832414553473,1.5620727673649393,1.1545755237045203,1.2224917309812569,1.0,0.0,0.0,4.0,0,3,0.3546,3.4411,1.0,A
f45a13e3-c20d-4c79-8dd7-c92b993d52f5,8e494197-fb8e-48a4-a308-d0b378629f40,2024,32,32,2025-04-12T11:30:00+00:00,33d2f100-682f-4a5e-9aa3-5cc57e1e8571,74bd08fa-27db-4bb0-8490-f57f6ed6b8e9,Manchester City FC,Crystal Palace FC,31,30,0,0,0.0,0.0,8.0,1.6,1.0,0.6,1.5787200000000001,1.04698,13.0,2.6,2.0,0.6,2.00156,0.89878,17.0,1.7,1.9,1.1,1.6773700000000002,1.00252,22.0,2.2,1.8,0.7,1.98827,1.12572,2.2,1.0,1.80654,0.9357200000000001,1.8,0.2,1.74728,0.94976,5.833333333333333,6.895833333333333,2,2,6.0,11.0,1.6774193548387097,1.4333333333333333,52.0,43.0,1.2903296703296703,0.7470329670329672,1.2224175824175825,0.47538461538461535,1.0,0.0,1.0,4.0,5,2,4.5972,1.3381,1.0,H
6972a4cf-016e-43b3-8ae9-d7a4601846b4,3ebf608d-fe1f-4490-89cf-4a372a7cbf8e,2024,32,32,2025-04-12T14:00:00+00:00,f5c6f090-f823-4206-a821-17c11d35de43,f8f456e7-3e20-4803-ba4e-b1762a31812c,Southampton FC,Aston Villa FC,31,31,0,0,0.0,0.0,1.0,0.2,0.8,2.6,0.82128,2.41976,12.0,2.4,1.8,1.2,1.69968,1.67256,4.0,0.4,1.0,2.7,0.84954,2.67021,16.0,1.6,1.5,1.4,1.5276200000000002,1.6063500000000002,0.8,2.6,0.7847000000000001,2.35382,1.4,1.6,1.02392,1.7734,6.041666666666667,6.895833333333333,2,2,20.0,7.0,0.3225806451612903,1.6451612903225807,10.0,51.0,0.6761177753544166,1.825517993456925,1.014176663031625,0.9465648854961831,1.0,0.0,0.0,1.0,0,3,0.4123,2.9993,1.0,A
aebfa12c-493f-4136-9bbb-f0ee0e3aab0f,00d40dd1-d27b-4bae-b7af-820aa03c5f3c,2024,32,32,2025-04-12T14:00:00+00:00,db14882b-951f-4db5-860b-4ca2b8583311,618e770e-c6ac-4c3f-9994-bd2160f675bc,Brighton & Hove Albion FC,Leicester City FC,31,31,0,0,0.0,0.0,7.0,1.4,1.4,1.8,1.693,1.2175,0.0,0.0,0.0,2.2,0.4324,2.0248999999999997,16.0,1.6,1.7,1.8,1.92259,1.31482,3.0,0.3,0.2,2.4,0.56518,2.06648,1.4,1.2,1.55884,1.02756,0.4,2.0,0.47092,1.9863799999999998,7.0,4.791666666666667,2,2,9.0,19.0,1.5161290322580645,0.5483870967741935,47.0,17.0,1.1493478260869565,1.2169565217391305,0.13521739130434782,1.6226086956521737,1.0,0.0,1.0,4.0,2,2,3.6978,1.9844,1.0,D
2bb3389c-719e-4d1f-8334-7871ba125d1a,2e39a1a9-59d4-47e5-87ed-bf20509bbc27,2024,32,32,2025-04-12T14:00:00+00:00,5421e81a-b7dd-48b1-9982-42644e8dcf9f,60cb8be0-9c1e-4019-8b60-fd9ac2aa9f2d,Nottingham Forest FC,Everton FC,31,31,0,0,0.0,0.0,10.0,2.0,1.4,0.8,0.75942,1.41202,4.0,0.8,0.8,1.0,1.2115399999999998,1.07376,16.0,1.6,2.1,1.7,1.39425,1.7569500000000002,15.0,1.5,1.5,1.0,1.4071799999999999,1.0341,2.4,0.4,1.5908200000000001,1.18426,1.0,0.8,1.1053000000000002,1.28,6.895833333333333,7.104166666666667,2,2,3.0,15.0,1.8387096774193548,1.1290322580645162,57.0,35.0,1.4181818181818182,1.148051948051948,1.0129870129870129,0.6753246753246753,1.0,1.0,0.0,2.0,0,1,0.4239,1.2604,1.0,A
226d78e6-4a24-47aa-9da5-7e5b73617431,d93a9675-d881-4d04-a6c7-4970ac2f4ccc,2024,32,32,2025-04-12T16:30:00+00:00,ead1bc2e-8799-410a-a809-66a274bbab2c,66a313d1-2e21-49ad-a1c7-6f04cae6be69,Arsenal FC,Brentford FC,31,31,0,0,0.0,0.0,9.0,1.8,1.0,0.6,1.50968,0.9553200000000001,5.0,1.0,0.8,1.0,1.29484,1.7034399999999998,19.0,1.9,1.5,0.7,1.4735,0.8500499999999999,14.0,1.4,1.1,1.0,1.52593,1.6258299999999999,2.0,1.0,1.50936,0.9408199999999999,2.0,0.8,1.8110600000000001,1.38522,7.208333333333333,6.145833333333333,2,2,2.0,12.0,2.0,1.3548387096774193,62.0,42.0,1.0151351351351352,0.4737297297297297,0.7444324324324325,0.6767567567567567,1.0,1.0,0.0,4.0,1,1,0.7674,0.5886,1.0,D
e1c6157c-1001-4104-98da-0282a4245298,c0d86a93-4f94-4047-a418-8c50fdb4ad18,2024,32,32,2025-04-13T13:00:00+00:00,54ed0f97-ad19-421c-a5c2-9b9d3fcbc72d,21ec0474-e758-4563-97a9-912aab00b4f5,Liverpool FC,West Ham United FC,31,31,0,0,0.0,0.0,12.0,2.4,2.0,0.8,1.9802,0.82072,5.0,1.0,1.0,1.0,1.13656,1.23214,23.0,2.3,2.2,1.0,1.9630500000000002,0.95475,9.0,0.9,0.8,1.1,1.0469899999999999,1.34225,2.4,0.6,2.34464,0.7303,0.8,1.0,1.22782,1.19276,7.0,7.958333333333333,2,2,1.0,16.0,2.3548387096774195,1.1290322580645162,73.0,35.0,1.4903991370010787,0.6774541531823085,0.5419633225458468,0.7451995685005394,1.0,1.0,0.0,5.0,2,1,1.429,1.466,1.0,H
d32480f3-9f42-4f79-8fb2-fac5fe0216e8,ad81e34c-e8f6-49f4-8cde-65b5d997226d,2024,32,32,2025-04-13T13:00:00+00:00,fbffa344-2426-4b4b-9886-b8cd56ec69a1,c23d6b7a-dfaf-44a3-b016-1feb2dddec44,Wolverhampton Wanderers FC,Tottenham Hotspur FC,31,31,0,0,0.0,0.0,10.0,2.0,1.4,1.0,1.2390599999999998,1.3374000000000001,4.0,0.8,1.0,1.4,1.61884,1.54726,16.0,1.6,1.2,1.1,1.2933299999999999,1.39633,13.0,1.3,1.5,1.3,1.52301,1.59471,1.0,0.8,1.07224,1.23254,1.6,1.4,1.34028,1.54474,7.958333333333333,7.0,2,2,17.0,15.0,1.032258064516129,1.1935483870967742,32.0,37.0,0.8129032258064516,0.7451612903225807,1.0161290322580645,0.8806451612903226,1.0,0.0,1.0,4.0,4,2,2.2298,1.6289,1.0,H
24e7e798-f5d8-4e19-81a7-9781cc51471d,09758f18-db18-4095-90d4-c845b37eecaa,2024,32,32,2025-04-13T13:00:00+00:00,1cb320b2-b42f-4131-8f5f-ef42e7f82540,67d3236c-6589-4978-b178-f6dcf50166d4,Chelsea FC,Ipswich Town FC,31,31,0,0,0.0,0.0,10.0,2.0,1.2,0.2,1.56388,0.88262,3.0,0.6,1.4,2.2,1.09672,2.1308,16.0,1.6,1.3,1.1,1.6681300000000001,1.36623,4.0,0.4,1.1,2.8,1.05192,2.16859,2.2,0.4,2.11892,0.9220599999999999,1.2,2.0,1.0455999999999999,2.32074,7.0,7.958333333333333,2,2,6.0,18.0,1.7096774193548387,0.6451612903225806,53.0,20.0,0.8777777777777779,0.7427350427350429,0.7427350427350429,1.8905982905982905,1.0,0.0,0.0,2.0,2,2,2.9076,1.603,1.0,D
8d8aae93-88af-47ac-8147-98d4e01e6199,c69d3d85-35e8-4d8e-bcd4-90f85a5b2df1,2024,32,32,2025-04-13T15:30:00+00:00,c4045d6d-a715-4821-a800-cd9b505ad54b,48fc005c-cbfc-4e4d-b7f1-459dce6cf940,Newcastle United FC,Manchester United FC,30,31,0,0,0.0,0.0,12.0,2.4,2.0,1.2,2.25082,1.29938,8.0,1.6,1.4,0.8,1.39042,1.07592,18.0,1.8,1.8,1.7,1.8692800000000003,1.52273,12.0,1.2,1.1,1.2,1.20516,1.4633699999999998,2.2,2.0,1.9845400000000002,1.94056,1.2,0.8,1.056,1.29056,5.854166666666667,7.0,2,2,7.0,13.0,1.7666666666666666,1.2258064516129032,53.0,38.0,1.2140425531914893,1.146595744680851,0.7419148936170212,0.8093617021276595,1.0,1.0,0.0,2.0,4,1,2.6383,0.7866,1.0,H
91f94507-ed58-42c3-acad-4a1ee653cfcd,7f67733e-d0e7-45b0-beec-9cb500fea4c0,2024,32,32,2025-04-14T19:00:00+00:00,6601a105-9986-4276-89bf-143cdf03198a,b552a1a6-4302-43ca-884c-0f91ac4f984b,AFC Bournemouth,Fulham FC,31,31,0,0,0.0,0.0,2.0,0.4,1.4,2.0,1.97986,1.5706799999999999,9.0,1.8,1.8,1.4,1.2704600000000001,1.59804,11.0,1.1,1.9,1.5,1.9796,1.54849,18.0,1.8,1.5,1.2,1.33341,1.18896,1.4,1.4,1.82626,1.76702,1.6,1.2,1.5124,1.41584,9.208333333333334,8.25,2,2,10.0,8.0,1.4516129032258065,1.5483870967741935,45.0,48.0,1.2787301587301587,1.0095238095238095,1.0095238095238095,0.8076190476190476,1.0,0.0,1.0,4.0,1,0,1.8577,1.072,1.0,H
159c916c-0bf1-4f77-8ce7-982905126cb4,44769d98-f9a0-4322-971e-3a5ba1706206,2024,29,29,2025-04-16T18:30:00+00:00,c4045d6d-a715-4821-a800-cd9b505ad54b,74bd08fa-27db-4bb0-8490-f57f6ed6b8e9,Newcastle United FC,Crystal Palace FC,31,31,0,0,0.0,0.0,12.0,2.4,2.0,0.8,2.08676,0.9795,10.0,2.0,2.0,1.6,1.9767800000000002,1.77136,18.0,1.8,1.9,1.8,1.91978,1.45396,19.0,1.9,1.8,1.2,1.89561,1.37554,2.4,2.2,2.08554,1.80302,1.8,1.2,1.56196,1.4494,3.125,4.291666666666667,3,3,4.0,12.0,1.8064516129032258,1.3870967741935485,56.0,43.0,1.2813953488372092,1.213953488372093,1.213953488372093,0.8093023255813953,1.0,0.0,1.0,2.0,5,0,2.3295,2.3755,1.0,H
59fa7c1b-547d-43fb-bd43-689302fa88ca,19d75a27-ac71-4807-907b-e0156fb1cfb6,2024,33,33,2025-04-19T14:00:00+00:00,74bd08fa-27db-4bb0-8490-f57f6ed6b8e9,6601a105-9986-4276-89bf-143cdf03198a,Crystal Palace FC,AFC Bournemouth,32,32,0,0,0.0,0.0,7.0,1.4,1.2,2.4,1.6468399999999999,2.10382,5.0,1.0,1.4,1.6,2.0110599999999996,1.26922,16.0,1.6,1.6,1.7,1.9706,1.58638,11.0,1.1,1.6,1.4,1.8952000000000002,1.5719100000000001,1.8,1.2,2.22926,1.30168,2.4,1.6,2.13294,1.32996,2.8125,4.791666666666667,3,2,12.0,8.0,1.34375,1.5,43.0,48.0,1.0767613038906416,1.1440588853838065,1.0767613038906416,0.9421661409043113,1.0,0.0,1.0,0.0,0,0,0.3378,0.6641,1.0,D
f984ab6e-3aab-415b-93a7-e01c2336fb8c,9ba40b98-1485-44c7-b34d-14b4fc1d8e69,2024,33,33,2025-04-19T14:00:00+00:00,60cb8be0-9c1e-4019-8b60-fd9ac2aa9f2d,33d2f100-682f-4a5e-9aa3-5cc57e1e8571,Everton FC,Manchester City FC,32,32,0,0,0.0,0.0,6.0,1.2,0.8,0.8,1.1737,0.8905200000000001,8.0,1.6,1.8,1.0,2.02088,1.0577400000000001,15.0,1.5,1.5,1.0,1.44613,1.01211,17.0,1.7,1.8,1.3,1.8168600000000001,1.05677,2.0,1.2,1.7090599999999998,0.7882,1.6,1.2,1.5482,1.06932,7.0,7.104166666666667,1,2,13.0,5.0,1.1875,1.71875,38.0,55.0,1.0126182965299684,0.6750788643533123,1.2151419558359622,0.877602523659306,1.0,0.0,1.0,2.0,0,2,0.8168,1.8799,1.0,A
cfe2dad5-1973-4412-91da-c1292fe37e4b,6cc30b79-0082-4ab0-ad69-f26197be2e5c,2024,33,33,2025-04-19T14:00:00+00:00,21ec0474-e758-4563-97a9-912aab00b4f5,f5c6f090-f823-4206-a821-17c11d35de43,West Ham United FC,Southampton FC,32,32,0,0,0.0,0.0,2.0,0.4,0.8,1.4,1.08888,1.46002,1.0,0.2,0.8,2.4,0.7347400000000001,2.42316,9.0,0.9,0.9,1.1,1.17148,1.3225900000000002,4.0,0.4,0.8,2.7,0.76485,2.73372,0.8,1.2,0.86616,1.49174,1.2,2.8,0.9143800000000001,2.9866,6.041666666666667,7.0,2,2,17.0,20.0,1.09375,0.3125,35.0,10.0,0.6081846799580273,0.7433368310598112,0.5406086044071353,1.8245540398740818,1.0,1.0,0.0,1.0,1,1,0.9842,0.9229,1.0,D
7bf3d10e-34a7-405d-9286-ed3a68b55ff7,cf4e7e99-f88a-4589-b770-877095ad9703,2024,33,33,2025-04-19T14:00:00+00:00,66a313d1-2e21-49ad-a1c7-6f04cae6be69,db14882b-951f-4db5-860b-4ca2b8583311,Brentford FC,Brighton & Hove Albion FC,32,32,0,0,0.0,0.0,5.0,1.0,0.8,1.0,1.14454,1.567,5.0,1.0,1.4,2.0,1.9167,1.27404,15.0,1.5,1.2,0.9,1.4647700000000001,1.28632,14.0,1.4,1.6,1.9,2.0751999999999997,1.38144,0.2,1.2,1.2408,1.86644,2.0,2.4,2.28634,1.6020800000000002,6.895833333333333,7.0,2,2,12.0,10.0,1.34375,1.5,43.0,48.0,0.8117277486910994,0.6087958115183246,1.0823036649214661,1.2852356020942408,1.0,0.0,1.0,0.0,4,2,2.9552,1.2411,1.0,H
6fc681aa-d7a5-423e-94f2-ce0d6dc96298,eab0bdf6-4c4b-4930-8338-0d966f786335,2024,33,33,2025-04-19T16:30:00+00:00,f8f456e7-3e20-4803-ba4e-b1762a31812c,c4045d6d-a715-4821-a800-cd9b505ad54b,Aston Villa FC,Newcastle United FC,32,32,0,0,0.0,0.0,12.0,2.4,2.0,1.0,1.7607199999999998,1.3201800000000001,15.0,3.0,3.0,0.4,2.4609,1.17454,18.0,1.8,1.6,1.2,1.7069500000000002,1.48312,21.0,2.1,2.3,1.4,2.06895,1.42134,1.6,1.2,2.03132,1.4393,1.4,1.4,1.75402,1.1049,7.104166666666667,2.9166666666666665,2,3,7.0,3.0,1.6875,1.84375,54.0,59.0,1.0788761706555672,0.8091571279916753,1.5508844953173775,0.9440166493236212,1.0,0.0,0.0,3.0,4,1,3.0537,1.2718,1.0,H
3fc74387-1956-4eae-8d56-3971a0e8ee0e,b68e2928-e070-4999-9a67-0b79d98a7f41,2024,33,33,2025-04-20T13:00:00+00:00,b552a1a6-4302-43ca-884c-0f91ac4f984b,1cb320b2-b42f-4131-8f5f-ef42e7f82540,Fulham FC,Chelsea FC,32,32,0,0,0.0,0.0,6.0,1.2,1.4,1.4,1.19792,1.7837800000000001,8.0,1.6,0.8,0.6,1.54894,1.03422,15.0,1.5,1.3,1.3,1.2037900000000001,1.30704,14.0,1.4,1.2,1.2,1.6440100000000002,1.4198,1.4,1.2,1.15442,0.96208,0.4,1.8,1.2173399999999999,1.8104,5.75,7.0,2,2,9.0,7.0,1.5,1.6875,48.0,54.0,0.8747412008281574,0.8747412008281574,0.8074534161490683,0.8074534161490683,1.0,1.0,0.0,3.0,1,2,0.3061,0.7517,1.0,A
2682d8ea-f105-4814-9414-0c0b5578294b,d556b79e-e194-4fb1-9b7a-4851ce85c242,2024,33,33,2025-04-20T13:00:00+00:00,48fc005c-cbfc-4e4d-b7f1-459dce6cf940,fbffa344-2426-4b4b-9886-b8cd56ec69a1,Manchester United FC,Wolverhampton Wanderers FC,32,32,0,0,0.0,0.0,5.0,1.0,1.0,1.2,1.2673400000000001,1.39458,13.0,2.6,2.0,1.0,1.49922,1.37624,12.0,1.2,1.1,1.3,1.152,1.51003,19.0,1.9,1.5,1.0,1.40958,1.24434,1.0,1.6,1.35432,1.63618,1.4,1.4,1.5144199999999999,1.56012,6.895833333333333,7.0,2,1,14.0,17.0,1.1875,1.09375,38.0,35.0,0.7401444788441693,0.8747162022703819,1.0092879256965945,0.672858617131063,1.0,0.0,0.0,2.0,0,1,1.1397,0.1878,1.0,A
b9e4c809-1e57-4df4-92e2-4d55a6baaeb2,f3c41e88-aab3-448a-ae39-781c7640a685,2024,33,33,2025-04-20T13:00:00+00:00,67d3236c-6589-4978-b178-f6dcf50166d4,ead1bc2e-8799-410a-a809-66a274bbab2c,Ipswich Town FC,Arsenal FC,32,32,0,0,0.0,0.0,4.0,0.8,1.4,2.0,1.20832,2.43192,9.0,1.8,1.2,0.8,1.39962,0.9713199999999999,5.0,0.5,1.3,2.4,1.13266,2.1391199999999997,19.0,1.9,1.4,0.6,1.38578,0.78831,1.0,3.6,1.05824,2.0164400000000002,1.0,0.4,1.43764,0.75928,7.0,7.854166666666667,1,1,18.0,2.0,0.65625,1.96875,21.0,63.0,0.8764948453608248,1.6181443298969072,0.9439175257731958,0.4045360824742268,1.0,0.0,0.0,1.0,0,4,0.1929,2.8136,1.0,A
d49007c8-fa8c-45e1-adc9-c5e93e12953d,f44aa8c5-3cfd-4ab2-8298-95837f8fac07,2024,33,33,2025-04-20T15:30:00+00:00,618e770e-c6ac-4c3f-9994-bd2160f675bc,54ed0f97-ad19-421c-a5c2-9b9d3fcbc72d,Leicester City FC,Liverpool FC,32,32,0,0,0.0,0.0,1.0,0.2,0.4,2.2,0.7713599999999999,2.4235800000000003,12.0,2.4,2.0,1.0,2.10458,0.99742,4.0,0.4,0.4,2.4,0.6959299999999999,2.19944,23.0,2.3,2.0,1.0,1.88914,1.02088,0.0,2.8,0.65944,2.14658,2.0,1.4,1.58146,1.1792,8.0625,7.104166666666667,2,1,19.0,1.0,0.5625,2.375,18.0,76.0,0.2694045174537988,1.6164271047227925,1.3470225872689938,0.6735112936344969,1.0,0.0,0.0,4.0,0,1,0.2322,4.5271,1.0,A
90c5bf14-ffa2-4864-8841-0f15a0d5c1c2,4fa58ce2-8c36-4047-b7e2-dba29f58b9e6,2024,33,33,2025-04-21T19:00:00+00:00,c23d6b7a-dfaf-44a3-b016-1feb2dddec44,5421e81a-b7dd-48b1-9982-42644e8dcf9f,Tottenham Hotspur FC,Nottingham Forest FC,32,32,0,0,0.0,0.0,4.0,0.8,1.4,2.0,1.6877600000000001,1.51594,9.0,1.8,1.4,1.0,0.7424799999999999,1.40056,13.0,1.3,1.5,1.4,1.55018,1.5615999999999999,13.0,1.3,1.8,1.6,1.20022,1.7570700000000001,1.4,1.2,1.70574,1.64468,1.8,3.0,1.19768,2.3296400000000004,8.25,9.208333333333334,1,1,16.0,6.0,1.15625,1.78125,37.0,57.0,1.0123076923076924,0.9448205128205128,1.2147692307692308,1.079794871794872,1.0,0.0,0.0,1.0,1,2,2.4024,0.5577,1.0,A
8afa6c93-4442-432d-aabf-f6f963d6d75d,3d69cd16-c93e-4f05-8f9c-f472213499b3,2024,34,34,2025-04-22T19:00:00+00:00,33d2f100-682f-4a5e-9aa3-5cc57e1e8571,f8f456e7-3e20-4803-ba4e-b1762a31812c,Manchester City FC,Aston Villa FC,33,33,0,0,0.0,0.0,11.0,2.2,2.2,0.8,2.25262,1.1208,15.0,3.0,2.6,0.4,2.23802,0.7695000000000001,17.0,1.7,1.7,1.2,1.7816400000000001,0.9886100000000001,20.0,2.0,1.9,1.2,1.92153,1.44241,2.6,1.2,2.27956,0.90366,1.6,1.2,1.38258,1.5269400000000002,3.2083333333333335,3.1041666666666665,2,2,5.0,7.0,1.7575757575757576,1.7272727272727273,58.0,57.0,1.1472392638036808,0.8098159509202453,1.2822085889570551,0.8098159509202453,1.0,0.0,0.0,3.0,2,1,1.3623,1.8591,1.0,H
4ccfea86-900f-42d7-930d-815304eefce8,3e67c5bd-f232-4bab-b783-c194cbb6d389,2024,34,34,2025-04-23T19:00:00+00:00,ead1bc2e-8799-410a-a809-66a274bbab2c,74bd08fa-27db-4bb0-8490-f57f6ed6b8e9,Arsenal FC,Crystal Palace FC,33,33,0,0,0.0,0.0,11.0,2.2,1.8,0.6,1.59634,0.74768,5.0,1.0,1.0,2.4,1.08664,1.91008,19.0,1.9,1.7,0.6,1.5784,0.75613,17.0,1.7,1.5,1.5,1.8812000000000002,1.46075,1.8,0.8,1.33392,0.81734,1.4,2.2,1.7119399999999998,1.8710799999999999,3.25,4.208333333333333,2,3,2.0,12.0,2.0,1.3333333333333333,66.0,44.0,1.1471967380224262,0.40489296636085625,1.0122324159021407,1.0122324159021407,1.0,1.0,0.0,6.0,2,2,1.9215,2.5052,1.0,D
965f8ce9-9988-46ca-a9ae-f0555cee0daf,12fe4360-0183-4f62-8701-2219308fa8dc,2024,34,34,2025-04-26T11:30:00+00:00,1cb320b2-b42f-4131-8f5f-ef42e7f82540,60cb8be0-9c1e-4019-8b60-fd9ac2aa9f2d,Chelsea FC,Everton FC,33,33,0,0,0.0,0.0,8.0,1.6,1.0,0.8,1.3456,1.07374,5.0,1.0,0.6,1.0,1.06362,1.10402,17.0,1.7,1.3,1.0,1.56934,1.2272,12.0,1.2,1.1,1.2,1.21655,1.1553900000000001,2.0,0.6,2.0706800000000003,1.0292,1.0,0.8,1.1832,1.2360200000000001,5.9375,6.895833333333333,2,2,6.0,13.0,1.7272727272727273,1.1515151515151516,57.0,38.0,0.8763451776649747,0.6741116751269035,0.741522842639594,0.8089340101522843,1.0,0.0,1.0,0.0,1,0,0.7683,0.9168,1.0,H
e6ba2a84-a150-48b0-a281-1b608790547d,e448e077-50e1-4c74-969e-353d248336ab,2024,34,34,2025-04-26T14:00:00+00:00,db14882b-951f-4db5-860b-4ca2b8583311,21ec0474-e758-4563-97a9-912aab00b4f5,Brighton & Hove Albion FC,West Ham United FC,33,33,0,0,0.0,0.0,2.0,0.4,1.4,2.6,1.7760799999999999,1.72344,3.0,0.6,1.0,1.4,1.12092,1.31864,14.0,1.4,1.8,2.2,2.1349299999999998,1.58987,9.0,0.9,0.9,1.1,1.10201,1.32409,1.8,1.4,2.1696400000000002,1.2502600000000001,0.8,1.2,1.1852399999999998,1.29698,7.0,7.0,2,2,10.0,17.0,1.4545454545454546,1.0909090909090908,48.0,36.0,1.2158215010141988,1.4860040567951318,0.6079107505070994,0.7430020283975659,1.0,0.0,1.0,2.0,3,2,1.2943,1.2413,1.0,H
1b5cb6af-9552-426c-963c-45992e95e90b,0b289bfc-42a6-4e10-bef3-bce5dbbf3aff,2024,34,34,2025-04-26T14:00:00+00:00,f5c6f090-f823-4206-a821-17c11d35de43,b552a1a6-4302-43ca-884c-0f91ac4f984b,Southampton FC,Fulham FC,33,33,0,0,0.0,0.0,2.0,0.4,0.8,2.0,0.817,1.6219999999999999,6.0,1.2,1.4,1.4,1.1175000000000002,1.54528,5.0,0.5,0.8,2.5,0.77458,2.5238199999999997,15.0,1.5,1.4,1.4,1.17834,1.3620100000000002,0.6,2.6,0.70204,2.33704,1.2,1.4,1.25316,1.652,7.0,6.041666666666667,2,2,20.0,10.0,0.3333333333333333,1.4545454545454546,11.0,48.0,0.5392532795156408,1.6851664984863775,0.9436932391523714,0.9436932391523714,1.0,0.0,1.0,0.0,1,2,0.9356,1.9956,1.0,A
17f6e496-dad7-41ee-8552-673da924d5c8,837ea273-d1bc-41c7-9c17-4787aa413ec3,2024,34,34,2025-04-26T14:00:00+00:00,fbffa344-2426-4b4b-9886-b8cd56ec69a1,618e770e-c6ac-4c3f-9994-bd2160f675bc,Wolverhampton Wanderers FC,Leicester City FC,33,33,0,0,0.0,0.0,15.0,3.0,2.0,0.8,1.3743,1.33074,1.0,0.2,0.4,2.2,0.7961,2.97532,22.0,2.2,1.6,0.9,1.37689,1.26957,1.0,0.1,0.2,2.4,0.57868,2.52467,1.8,1.0,1.41526,1.38084,0.4,2.2,0.5868599999999999,2.47098,6.041666666666667,5.9375,2,2,15.0,19.0,1.1515151515151516,0.5454545454545454,38.0,18.0,1.0784708249496981,0.6066398390342052,0.13480885311871227,1.617706237424547,1.0,1.0,0.0,3.0,3,0,2.5767,1.0498,1.0,H
48b691b2-bc47-45fd-9ac3-d7ac909b6df8,eaed84bf-48dd-4ed2-a449-c0839a97e2ca,2024,34,34,2025-04-26T14:00:00+00:00,c4045d6d-a715-4821-a800-cd9b505ad54b,67d3236c-6589-4978-b178-f6dcf50166d4,Newcastle United FC,Ipswich Town FC,33,33,0,0,0.0,0.0,12.0,2.4,3.0,1.2,2.3893,1.62048,4.0,0.8,1.4,2.6,0.92034,2.36688,18.0,1.8,2.1,1.7,1.88781,1.6441500000000002,5.0,0.5,1.2,2.4,1.07148,2.20367,3.2,1.4,2.38388,1.73778,1.4,1.6,1.20526,2.4686399999999997,6.895833333333333,6.041666666666667,3,2,6.0,18.0,1.7878787878787878,0.6363636363636364,59.0,21.0,1.4154463390170513,1.1458375125376128,0.808826479438315,1.61765295887663,1.0,1.0,0.0,4.0,3,0,4.1154,0.1272,1.0,H
754141d9-ed3e-4b6a-a45d-596c9187f01c,c61ac59f-f2f9-4def-8fc5-847b01738640,2024,34,34,2025-04-27T13:00:00+00:00,6601a105-9986-4276-89bf-143cdf03198a,48fc005c-cbfc-4e4d-b7f1-459dce6cf940,AFC Bournemouth,Manchester United FC,33,33,0,0,0.0,0.0,5.0,1.0,1.0,1.2,1.6987999999999999,1.06668,4.0,0.8,0.8,1.2,1.23306,1.06614,9.0,0.9,1.1,1.4,1.67907,1.50607,9.0,0.9,1.0,1.4,1.24577,1.47275,0.6,1.4,1.6327200000000002,1.7821799999999999,1.2,1.6,1.17292,1.7061,7.958333333333333,7.0,2,2,10.0,15.0,1.4848484848484849,1.1515151515151516,49.0,38.0,0.7414000000000001,0.9436,0.674,0.9436,1.0,1.0,0.0,3.0,1,1,0.61,1.9104,1.0,D
3ae4e418-49df-4121-b5af-bb31c5c95b66,e239f221-60f9-45a3-a83f-bf467cb8f867,2024,34,34,2025-04-27T15:30:00+00:00,54ed0f97-ad19-421c-a5c2-9b9d3fcbc72d,c23d6b7a-dfaf-44a3-b016-1feb2dddec44,Liverpool FC,Tottenham Hotspur FC,33,33,0,0,0.0,0.0,12.0,2.4,1.8,1.0,2.72994,0.9521000000000001,3.0,0.6,1.2,2.0,1.8981400000000002,1.1824,23.0,2.3,1.9,1.0,2.06966,0.87883,13.0,1.3,1.5,1.4,1.66294,1.4769,2.0,0.6,2.1968199999999998,0.86256,1.6,1.6,1.3946200000000002,1.47852,7.0,5.854166666666667,1,1,1.0,16.0,2.393939393939394,1.121212121212121,79.0,37.0,1.2818363273453095,0.6746506986027945,1.0119760479041917,0.9445109780439122,1.0,1.0,0.0,9.0,5,1,2.511,0.5128,1.0,H
b0af7bbd-aa51-47f3-b994-1626638fe5a8,25c4d5bd-9c2b-45c9-abe9-a3ac2dc63ba4,2024,34,34,2025-05-01T18:30:00+00:00,5421e81a-b7dd-48b1-9982-42644e8dcf9f,66a313d1-2e21-49ad-a1c7-6f04cae6be69,Nottingham Forest FC,Brentford FC,33,33,0,0,0.0,0.0,9.0,1.8,1.6,1.2,0.75372,1.7368000000000001,8.0,1.6,1.6,1.2,1.6080400000000001,1.55594,16.0,1.6,2.0,1.2,1.1563700000000001,1.7147700000000001,15.0,1.5,1.4,1.0,1.5682500000000001,1.28725,1.8,0.2,1.20276,1.1845,1.8,0.8,1.5447,1.2923399999999998,9.979166666666666,12.1875,1,1,6.0,11.0,1.8181818181818181,1.393939393939394,60.0,46.0,1.3452380952380951,0.807142857142857,0.9416666666666665,0.6726190476190476,1.0,1.0,0.0,2.0,0,2,0.6706,1.5205,1.0,A
65ff22a2-5a3a-4b32-bfd5-cd6fa4dfd401,ec487599-365b-41ea-8cf7-9c8cc4c19d18,2024,35,35,2025-05-02T19:00:00+00:00,33d2f100-682f-4a5e-9aa3-5cc57e1e8571,fbffa344-2426-4b4b-9886-b8cd56ec69a1,Manchester City FC,Wolverhampton Wanderers FC,34,34,0,0,0.0,0.0,13.0,2.6,2.2,0.6,2.1198,1.0703799999999999,15.0,3.0,2.2,0.6,1.7815,1.28428,20.0,2.0,1.8,0.8,1.84355,1.02132,22.0,2.2,1.7,0.9,1.4344100000000002,1.30027,2.2,1.4,2.1280200000000002,1.24404,1.4,0.8,1.33852,1.1583,10.0,6.208333333333333,2,2,4.0,13.0,1.7941176470588236,1.2058823529411764,61.0,41.0,1.2118811881188118,0.5386138613861386,1.1445544554455445,0.6059405940594059,1.0,1.0,0.0,3.0,1,0,0.8595,0.6225,1.0,H
72dddd41-536a-4b1f-b348-8cc8f43376bd,01d2c789-e845-4a8e-b39d-6338683679a0,2024,35,35,2025-05-03T11:30:00+00:00,f8f456e7-3e20-4803-ba4e-b1762a31812c,b552a1a6-4302-43ca-884c-0f91ac4f984b,Aston Villa FC,Fulham FC,34,34,0,0,0.0,0.0,12.0,2.4,2.6,0.8,2.35056,0.91442,6.0,1.2,1.4,1.6,1.30868,1.4506599999999998,20.0,2.0,2.0,1.2,2.03316,1.37849,15.0,1.5,1.4,1.4,1.2170200000000002,1.33285,2.2,1.2,2.46048,1.3578800000000002,1.2,1.4,1.3305200000000001,1.59368,10.6875,6.895833333333333,2,2,7.0,8.0,1.6764705882352942,1.5,57.0,51.0,1.3491592482690404,0.8094955489614243,0.9444114737883283,0.9444114737883283,1.0,1.0,0.0,4.0,1,0,1.2901,0.7028,1.0,H
d31a55b1-0f25-4cf6-b6d1-1a4ce67b7234,92328093-e869-4921-bc09-0bf8c1cfdf39,2024,35,35,2025-05-03T14:00:00+00:00,60cb8be0-9c1e-4019-8b60-fd9ac2aa9f2d,67d3236c-6589-4978-b178-f6dcf50166d4,Everton FC,Ipswich Town FC,34,34,0,0,0.0,0.0,4.0,0.8,0.4,1.0,1.00918,1.15448,4.0,0.8,1.0,2.4,0.84162,2.92852,11.0,1.1,0.9,1.1,1.21718,1.13931,5.0,0.5,1.1,2.5,0.88935,2.4976399999999996,1.2,1.6,1.2499,1.07476,1.2,2.0,1.16412,2.71204,7.104166666666667,7.0,2,2,15.0,18.0,1.1176470588235294,0.6176470588235294,38.0,21.0,0.6083003952569169,0.7434782608695653,0.7434782608695653,1.6897233201581026,1.0,1.0,0.0,2.0,2,2,0.8085,1.1435,1.0,D
458a1cba-d4b8-4518-ab3d-35d3e9012b59,fc3615bb-a984-4259-bf3f-61a4044bc4fd,2024,35,35,2025-05-03T14:00:00+00:00,618e770e-c6ac-4c3f-9994-bd2160f675bc,f5c6f090-f823-4206-a821-17c11d35de43,Leicester City FC,Southampton FC,34,34,0,0,0.0,0.0,1.0,0.2,0.4,2.2,0.74514,3.26288,2.0,0.4,0.8,2.0,0.7477,1.91298,1.0,0.1,0.2,2.3,0.63895,2.4710799999999997,2.0,0.2,0.7,2.6,0.75057,2.52853,0.0,2.6,0.5705,2.57836,1.0,2.4,0.84712,2.7106000000000003,7.0,7.0,2,2,19.0,20.0,0.5294117647058824,0.3235294117647059,18.0,11.0,0.13503937007874017,1.5529527559055116,0.4726377952755905,1.755511811023622,1.0,1.0,0.0,5.0,2,0,1.6074,0.5508,1.0,H
8e5d436e-8e21-46fd-983c-a3569bea73e4,5a358390-f55a-4dfb-a9e7-3f3f383fa352,2024,35,35,2025-05-03T16:30:00+00:00,ead1bc2e-8799-410a-a809-66a274bbab2c,6601a105-9986-4276-89bf-143cdf03198a,Arsenal FC,AFC Bournemouth,34,34,0,0,0.0,0.0,9.0,1.8,2.0,1.0,1.8415,1.19152,6.0,1.2,1.0,1.0,1.41538,1.12812,17.0,1.7,1.4,0.7,1.61735,0.93233,10.0,1.0,1.2,1.3,1.5748,1.42492,1.2,1.0,1.41182,1.16974,1.6,1.4,1.7254200000000002,1.22996,9.895833333333334,6.145833333333333,2,1,2.0,10.0,1.9705882352941178,1.4705882352941178,67.0,50.0,0.9461689587426326,0.4730844793713163,0.8110019646365423,0.8785854616895875,1.0,0.0,0.0,2.0,1,2,2.0548,1.4178,1.0,A
fe58a42f-9d5d-44c0-821b-8d21c8887c03,d76ade3c-50fe-4d77-95ae-dda88722d3dc,2024,35,35,2025-05-04T13:00:00+00:00,66a313d1-2e21-49ad-a1c7-6f04cae6be69,48fc005c-cbfc-4e4d-b7f1-459dce6cf940,Brentford FC,Manchester United FC,34,34,0,0,0.0,0.0,8.0,1.6,1.6,1.0,1.5915,1.28464,2.0,0.4,0.4,1.4,1.38736,0.9272199999999999,18.0,1.8,1.6,0.8,1.55382,1.25977,10.0,1.0,1.1,1.3,1.2861,1.28912,1.0,1.2,1.5918,1.28216,1.4,1.6,1.2697,1.43388,2.7708333333333335,7.0,1,2,11.0,15.0,1.4411764705882353,1.1470588235294117,49.0,39.0,1.0812928501469148,0.5406464250734574,0.7433888344760039,0.8785504407443683,1.0,0.0,0.0,3.0,4,3,3.5874,1.134,1.0,H
e8d304fe-a8f2-49bb-98ce-1f72c65f2478,70f01405-a98e-4c16-8645-99c3adb9a8ef,2024,35,35,2025-05-04T13:00:00+00:00,db14882b-951f-4db5-860b-4ca2b8583311,c4045d6d-a715-4821-a800-cd9b505ad54b,Brighton & Hove Albion FC,Newcastle United FC,34,34,0,0,0.0,0.0,4.0,0.8,1.6,2.6,1.6126999999999998,1.5664200000000001,12.0,2.4,3.2,1.0,2.75922,1.33952,17.0,1.7,2.1,1.7,2.18873,1.3072300000000001,21.0,2.1,2.3,1.5,2.1766300000000003,1.4959900000000002,1.8,1.8,2.0147199999999996,1.36856,1.0,2.0,1.39174,1.5505200000000001,7.958333333333333,7.958333333333333,1,1,11.0,4.0,1.5,1.8235294117647058,51.0,62.0,1.4136186770428016,1.1443579766536964,1.548249027237354,1.009727626459144,1.0,1.0,0.0,1.0,1,1,0.6879,1.6378,1.0,D
adf62baa-6631-46f2-a5b2-46ac1f036dfb,b8d82c1d-a483-4f8d-855d-a62c5581e2ed,2024,35,35,2025-05-04T13:00:00+00:00,21ec0474-e758-4563-97a9-912aab00b4f5,c23d6b7a-dfaf-44a3-b016-1feb2dddec44,West Ham United FC,Tottenham Hotspur FC,34,34,0,0,0.0,0.0,2.0,0.4,1.2,1.8,1.26598,1.3397000000000001,3.0,0.6,1.4,2.6,1.7189600000000003,1.47666,9.0,0.9,1.0,1.2,1.10746,1.3144500000000001,10.0,1.0,1.4,1.9,1.61968,1.56152,1.0,1.0,1.01878,1.3512,1.4,2.6,1.3081,1.64776,7.958333333333333,6.895833333333333,1,2,17.0,16.0,1.0588235294117647,1.088235294117647,36.0,37.0,0.6737864077669903,0.8085436893203883,0.9433009708737863,1.2801941747572814,1.0,0.0,0.0,5.0,1,1,1.1517,0.847,1.0,D
3a7f3c2e-3afb-4b6b-bcb9-d807d85ee0d4,edc3ec2c-062e-4ba4-9140-19efe08ecac3,2024,35,35,2025-05-04T15:30:00+00:00,1cb320b2-b42f-4131-8f5f-ef42e7f82540,54ed0f97-ad19-421c-a5c2-9b9d3fcbc72d,Chelsea FC,Liverpool FC,34,34,0,0,0.0,0.0,11.0,2.2,1.2,0.6,1.4420600000000001,1.11796,12.0,2.4,2.2,1.0,2.23414,0.9523400000000001,17.0,1.7,1.2,0.9,1.5070999999999999,1.2002000000000002,25.0,2.5,2.2,0.9,2.22785,0.8390599999999999,1.8,0.4,1.9462,0.9752000000000001,1.8,1.4,1.9425000000000001,0.8951,8.166666666666666,7.0,1,2,5.0,1.0,1.7647058823529411,2.411764705882353,60.0,82.0,0.8093023255813953,0.6069767441860465,1.4837209302325582,0.6069767441860465,1.0,0.0,0.0,3.0,3,1,3.5194,1.4267,1.0,H
dc8e486a-a959-41a3-b482-e104bd5f5e93,9edef0a5-2801-4bb4-bb26-55e9e164535e,2024,35,35,2025-05-05T19:00:00+00:00,74bd08fa-27db-4bb0-8490-f57f6ed6b8e9,5421e81a-b7dd-48b1-9982-42644e8dcf9f,Crystal Palace FC,Nottingham Forest FC,34,34,0,0,0.0,0.0,5.0,1.0,1.2,2.6,1.40012,2.15692,6.0,1.2,0.8,1.2,0.6264000000000001,1.93674,15.0,1.5,1.5,1.7,1.88709,1.5021900000000001,13.0,1.3,1.3,1.4,0.81666,1.7911899999999998,1.6,0.8,2.05046,1.0504200000000001,2.2,2.2,1.10998,2.2450400000000004,12.0,4.020833333333333,1,2,12.0,6.0,1.3235294117647058,1.7647058823529411,45.0,60.0,1.0106177606177607,1.1453667953667954,0.875868725868726,0.9432432432432433,1.0,0.0,0.0,1.0,1,1,2.3404,0.6368,1.0,D
34288749-38d1-4eda-9479-e60832193de3,1eb986db-ffe7-473f-bfe1-f6cb33287db3,2024,36,36,2025-05-10T14:00:00+00:00,b552a1a6-4302-43ca-884c-0f91ac4f984b,60cb8be0-9c1e-4019-8b60-fd9ac2aa9f2d,Fulham FC,Everton FC,35,35,0,0,0.0,0.0,6.0,1.2,1.2,1.4,1.16082,1.2483,5.0,1.0,0.8,1.2,1.00626,1.12374,12.0,1.2,1.2,1.4,1.06631,1.42873,9.0,0.9,0.9,1.2,1.19646,1.02301,1.6,1.4,1.10352,1.07202,0.6,0.8,1.16342,0.92838,7.104166666666667,7.0,2,1,11.0,14.0,1.457142857142857,1.1142857142857143,51.0,39.0,0.8092485549132947,0.9441233140655105,0.6069364161849711,0.8092485549132947,1.0,0.0,1.0,2.0,1,3,1.2087,1.326,1.0,A
ed4ce866-3cc4-4460-b8c2-8b2b7f5d54ae,cd384979-a88f-4521-9cf8-515985d66ec4,2024,36,36,2025-05-10T14:00:00+00:00,f5c6f090-f823-4206-a821-17c11d35de43,33d2f100-682f-4a5e-9aa3-5cc57e1e8571,Southampton FC,Manchester City FC,35,35,0,0,0.0,0.0,1.0,0.2,0.6,2.2,0.7203999999999999,2.0469,13.0,2.6,2.0,0.6,1.87736,1.17394,2.0,0.2,0.6,2.5,0.70821,2.48055,20.0,2.0,1.5,0.8,1.7175,1.06785,0.6,2.4,0.69428,2.31872,0.8,1.2,1.28372,1.07356,7.0,7.791666666666667,2,1,20.0,3.0,0.3142857142857143,1.8285714285714285,11.0,64.0,0.4042226487523992,1.6842610364683301,1.010556621880998,0.5389635316698657,1.0,0.0,0.0,1.0,0,0,0.137,1.5846,1.0,D
04be1d7b-99dc-4837-aeff-86b5bef15093,d75a512a-1011-4da7-9596-4b8d9e4a05a9,2024,36,36,2025-05-10T14:00:00+00:00,fbffa344-2426-4b4b-9886-b8cd56ec69a1,db14882b-951f-4db5-860b-4ca2b8583311,Wolverhampton Wanderers FC,Brighton & Hove Albion FC,35,35,0,0,0.0,0.0,12.0,2.4,2.0,0.8,1.6852800000000001,1.11006,5.0,1.0,1.8,2.2,1.6386800000000001,1.6525400000000001,22.0,2.2,1.6,0.8,1.39133,1.19946,15.0,1.5,1.9,1.8,2.05063,1.40603,2.0,1.0,1.5303,1.44224,1.8,3.0,2.1002199999999998,1.9294800000000003,7.791666666666667,6.041666666666667,2,2,14.0,10.0,1.1714285714285715,1.4857142857142858,41.0,52.0,1.0809980806142034,0.5404990403071017,1.2836852207293665,1.2161228406909788,1.0,0.0,1.0,4.0,0,2,0.734,1.4125,1.0,A
605055d5-15e2-42af-8f73-77687ccb70c5,036e4317-7da4-4da4-8d69-841b509e930a,2024,36,36,2025-05-10T14:00:00+00:00,67d3236c-6589-4978-b178-f6dcf50166d4,66a313d1-2e21-49ad-a1c7-6f04cae6be69,Ipswich Town FC,Brentford FC,35,35,0,0,0.0,0.0,2.0,0.4,1.0,2.6,0.7878000000000001,2.6909400000000003,11.0,2.2,2.2,1.2,2.00258,1.0582799999999999,5.0,0.5,1.2,2.6,0.97041,2.2886499999999996,18.0,1.8,1.9,1.1,1.71606,1.30582,1.0,3.2,0.9376999999999999,1.9387,2.0,0.8,1.4558,1.29176,7.0,6.041666666666667,2,2,18.0,10.0,0.6285714285714286,1.4857142857142858,22.0,52.0,0.8114942528735632,1.7582375478927206,1.2848659003831417,0.7438697318007664,1.0,0.0,0.0,7.0,0,1,0.7174,1.3208,1.0,A
90168e7f-6c4e-44d8-813a-a16e0ee6aed3,0e891f2b-6deb-4506-9e52-a3468777add6,2024,36,36,2025-05-10T16:30:00+00:00,6601a105-9986-4276-89bf-143cdf03198a,f8f456e7-3e20-4803-ba4e-b1762a31812c,AFC Bournemouth,Aston Villa FC,35,35,0,0,0.0,0.0,9.0,1.8,1.2,0.8,1.29966,1.25656,12.0,2.4,2.2,0.8,2.36714,0.94338,10.0,1.0,1.1,1.3,1.50786,1.53296,22.0,2.2,2.0,1.1,1.8723300000000003,1.41548,0.8,1.2,1.42418,1.6198799999999998,1.8,1.2,1.60584,1.3991,7.0,7.208333333333333,2,1,10.0,7.0,1.5142857142857142,1.7142857142857142,53.0,60.0,0.745263157894737,0.8807655502392345,1.3550239234449761,0.745263157894737,1.0,0.0,1.0,2.0,0,1,1.0227,1.1238,1.0,A
5e470f56-bdc0-47ad-b6d5-0c8bf96c47cd,4e314ab4-0dc6-4e4c-a483-1080071f67cb,2024,36,36,2025-05-11T11:00:00+00:00,c4045d6d-a715-4821-a800-cd9b505ad54b,1cb320b2-b42f-4131-8f5f-ef42e7f82540,Newcastle United FC,Chelsea FC,35,35,0,0,0.0,0.0,10.0,2.0,2.8,1.2,2.3985600000000002,1.40618,11.0,2.2,1.6,0.8,1.88506,1.12276,22.0,2.2,2.4,1.2,2.32469,1.35278,20.0,2.0,1.5,0.7,1.79406,1.13598,3.6,1.0,2.96152,1.44146,0.6,1.4,1.068,1.4252,6.916666666666667,6.8125,1,1,4.0,5.0,1.8,1.8,63.0,63.0,1.6290630975143403,0.8145315487571702,1.0181644359464628,0.47514340344168254,1.0,0.0,0.0,3.0,2,0,1.6703,0.6464,1.0,H
869d95c6-6360-46a9-bb05-5bbd37f82b2f,b91694b8-6c9a-4f6d-91b3-27c127a5a3fa,2024,36,36,2025-05-11T13:15:00+00:00,48fc005c-cbfc-4e4d-b7f1-459dce6cf940,21ec0474-e758-4563-97a9-912aab00b4f5,Manchester United FC,West Ham United FC,35,35,0,0,0.0,0.0,2.0,0.4,1.0,2.0,1.24078,1.54228,3.0,0.6,1.4,1.8,1.1502000000000001,1.28838,10.0,1.0,1.4,1.6,1.25685,1.45075,10.0,1.0,1.1,1.2,1.1552799999999999,1.20265,0.8,1.2,1.31862,1.2394,1.0,1.4,1.19614,1.2777,7.010416666666667,7.010416666666667,1,1,15.0,17.0,1.1142857142857143,1.0571428571428572,39.0,37.0,0.9511450381679388,1.0870229007633587,0.7473282442748092,0.815267175572519,1.0,0.0,0.0,3.0,0,2,2.3129,2.1599,1.0,A
beb897ab-442c-466f-b338-1fa4ac924712,7fda3573-fc09-4b43-8238-f2f7f92320d2,2024,36,36,2025-05-11T13:15:00+00:00,5421e81a-b7dd-48b1-9982-42644e8dcf9f,618e770e-c6ac-4c3f-9994-bd2160f675bc,Nottingham Forest FC,Leicester City FC,35,35,0,0,0.0,0.0,4.0,0.8,0.8,1.4,0.65134,2.03144,4.0,0.8,0.8,1.8,1.04568,2.9587,14.0,1.4,1.3,1.3,0.8472099999999999,1.80424,4.0,0.4,0.4,2.1,0.77637,2.35116,0.4,0.6,0.5233399999999999,1.33734,0.4,2.0,0.7074,2.3638,5.760416666666667,7.96875,2,1,7.0,19.0,1.7428571428571429,0.6,61.0,21.0,0.884,0.884,0.272,1.428,1.0,1.0,0.0,4.0,2,2,1.7691,1.2295,1.0,D
aa29e7c4-5d3f-454a-8508-71dcde86cbff,ea78f50c-9b98-47f4-b76e-33021afbb068,2024,36,36,2025-05-11T13:15:00+00:00,c23d6b7a-dfaf-44a3-b016-1feb2dddec44,74bd08fa-27db-4bb0-8490-f57f6ed6b8e9,Tottenham Hotspur FC,Crystal Palace FC,35,35,0,0,0.0,0.0,4.0,0.8,1.6,2.6,1.6078199999999998,1.44612,3.0,0.6,1.0,2.6,1.7794,2.02982,8.0,0.8,1.4,2.0,1.50727,1.53404,16.0,1.6,1.5,1.6,1.8904799999999997,1.4643000000000002,1.4,1.2,1.93126,1.4752800000000001,1.4,2.6,1.7237200000000001,1.95396,7.010416666666667,5.760416666666667,2,1,17.0,12.0,1.0857142857142856,1.3142857142857143,38.0,46.0,0.9510436432637571,1.3586337760910816,1.0189753320683113,1.0869070208728653,1.0,0.0,0.0,1.0,0,2,0.8068,3.9855,1.0,A
e21bd503-610e-4f01-b3e5-35015f5f6552,434ae226-219e-4b86-83ad-55a8dfb6b6e4,2024,36,36,2025-05-11T15:30:00+00:00,54ed0f97-ad19-421c-a5c2-9b9d3fcbc72d,ead1bc2e-8799-410a-a809-66a274bbab2c,Liverpool FC,Arsenal FC,35,35,0,0,0.0,0.0,9.0,1.8,2.2,1.6,2.26004,1.4916,6.0,1.2,1.8,1.2,1.79208,1.18666,22.0,2.2,2.1,1.1,2.1837600000000004,1.08567,14.0,1.4,1.3,0.9,1.6478300000000001,1.05079,2.6,0.6,2.3255000000000003,0.75446,1.6,0.4,1.82288,0.69492,7.0,7.958333333333333,2,1,1.0,2.0,2.342857142857143,1.9142857142857144,82.0,67.0,1.4278409090909092,0.7479166666666667,0.8839015151515152,0.6119318181818182,1.0,0.0,1.0,4.0,2,2,2.7468,2.188,1.0,D
a4aa42c7-571f-4aac-8194-30ddc1e792f0,5b947603-50a3-44b7-b230-592a3c1ff241,2024,37,37,2025-05-16T18:30:00+00:00,f8f456e7-3e20-4803-ba4e-b1762a31812c,c23d6b7a-dfaf-44a3-b016-1feb2dddec44,Aston Villa FC,Tottenham Hotspur FC,36,36,0,0,0.0,0.0,12.0,2.4,2.0,0.6,2.0652,0.9543800000000001,1.0,0.2,1.0,2.8,1.23958,2.08714,24.0,2.4,1.9,0.9,1.8824400000000001,1.3134700000000001,5.0,0.5,1.0,2.1,1.4292099999999999,1.8172000000000001,2.2,1.0,2.13882,1.43186,0.8,2.6,1.16002,1.64732,6.083333333333333,5.21875,2,2,6.0,17.0,1.75,1.0555555555555556,63.0,38.0,1.290566037735849,0.6113207547169811,0.6792452830188679,1.4264150943396225,1.0,0.0,0.0,5.0,2,0,1.6906,0.523,1.0,H
ea7c7a9f-9060-49bc-b3da-09603d2d411f,3d69acca-e275-41a5-ab02-878983b0b80f,2024,37,37,2025-05-16T19:15:00+00:00,1cb320b2-b42f-4131-8f5f-ef42e7f82540,48fc005c-cbfc-4e4d-b7f1-459dce6cf940,Chelsea FC,Manchester United FC,36,36,0,0,0.0,0.0,10.0,2.0,1.6,1.2,1.7186800000000002,1.18458,1.0,0.2,1.0,2.4,1.45672,1.83668,20.0,2.0,1.4,0.7,1.64128,1.0336,9.0,0.9,1.2,1.6,1.42357,1.4563000000000001,1.6,0.6,2.05362,1.09154,1.6,2.0,1.3673600000000001,1.73048,5.34375,5.25,2,2,6.0,16.0,1.75,1.0833333333333333,63.0,39.0,0.951789077212806,0.475894538606403,0.8158192090395481,1.087758945386064,1.0,0.0,1.0,2.0,1,0,1.2957,0.3376,1.0,H
4309f86b-c3c4-4060-bcc2-c811d5037614,8d6d31f7-ed5f-4b7c-b2cc-7c6ebc946008,2024,37,37,2025-05-18T11:00:00+00:00,60cb8be0-9c1e-4019-8b60-fd9ac2aa9f2d,f5c6f090-f823-4206-a821-17c11d35de43,Everton FC,Southampton FC,36,36,0,0,0.0,0.0,7.0,1.4,1.2,1.2,1.0257,1.08486,2.0,0.4,0.4,1.6,0.59172,1.8342199999999997,11.0,1.1,1.0,1.1,1.11862,1.07931,3.0,0.3,0.6,2.1,0.7065,2.12699,1.2,1.6,1.2295,1.11764,0.6,2.6,0.72214,2.64238,7.875,7.875,1,1,13.0,20.0,1.1666666666666667,0.3333333333333333,42.0,12.0,0.6810912511759173,0.749200376293509,0.40865475070555035,1.4302916274694262,1.0,0.0,0.0,1.0,2,0,2.6779,1.0503,1.0,H
85d11dc6-1f1a-4617-a682-18edec65ec28,da472219-769c-4810-81e4-b30b18c9863f,2024,37,37,2025-05-18T13:15:00+00:00,21ec0474-e758-4563-97a9-912aab00b4f5,5421e81a-b7dd-48b1-9982-42644e8dcf9f,West Ham United FC,Nottingham Forest FC,36,36,0,0,0.0,0.0,5.0,1.0,1.4,1.4,1.40062,1.3612199999999999,5.0,1.0,1.0,1.4,0.8116199999999999,1.75064,10.0,1.0,1.2,1.2,1.26859,1.2966799999999998,15.0,1.5,1.2,1.1,0.78552,1.58133,1.2,1.0,1.11442,1.1276,2.2,2.0,1.1710800000000001,2.27114,7.0,7.0,1,2,15.0,7.0,1.1111111111111112,1.7222222222222223,40.0,62.0,0.8180281690140844,0.8180281690140844,0.8180281690140844,0.7498591549295774,1.0,0.0,0.0,3.0,1,2,0.8505,2.1476,1.0,A
b1926e14-20f2-4037-bf40-3760a8415606,b6ecb841-430c-4c74-bdc6-275c5e452925,2024,37,37,2025-05-18T14:00:00+00:00,66a313d1-2e21-49ad-a1c7-6f04cae6be69,b552a1a6-4302-43ca-884c-0f91ac4f984b,Brentford FC,Fulham FC,36,36,0,0,0.0,0.0,13.0,2.6,2.4,1.2,1.9945,0.9061,3.0,0.6,0.8,1.6,1.0570400000000002,1.23222,18.0,1.8,1.6,1.1,1.64467,1.30477,12.0,1.2,1.3,1.5,1.16375,1.41513,1.8,1.4,1.97632,1.31988,0.8,1.4,1.18414,1.6659,8.0,8.0,1,1,8.0,11.0,1.5277777777777777,1.4166666666666667,55.0,51.0,1.0906367041198504,0.7498127340823971,0.8861423220973784,1.0224719101123596,1.0,0.0,0.0,3.0,2,3,2.4305,1.6174,1.0,A
a29c00d5-c8e5-411a-9580-e700a9b381c1,9a3cbf23-238f-4f95-a8ae-896e978b8e7e,2024,37,37,2025-05-18T14:00:00+00:00,618e770e-c6ac-4c3f-9994-bd2160f675bc,67d3236c-6589-4978-b178-f6dcf50166d4,Leicester City FC,Ipswich Town FC,36,36,0,0,0.0,0.0,5.0,1.0,1.2,1.6,1.22066,2.6243,2.0,0.4,0.8,2.4,0.7567999999999999,2.39318,5.0,0.5,0.6,1.9,0.82653,2.3245999999999998,5.0,0.5,1.1,2.3,0.92676,2.26199,0.4,2.2,0.84534,2.33852,1.2,1.8,1.18382,2.59334,7.03125,8.0,1,1,19.0,18.0,0.6111111111111112,0.6111111111111112,22.0,22.0,0.40820130475302885,1.292637465051258,0.7483690587138864,1.564771668219944,1.0,0.0,1.0,2.0,2,0,0.7885,1.3696,1.0,H
b4420c68-c3af-4dcf-86ce-2d4f3230abe7,69ba9810-2ce2-4de4-8c54-c76d2c16d276,2024,37,37,2025-05-18T15:30:00+00:00,ead1bc2e-8799-410a-a809-66a274bbab2c,c4045d6d-a715-4821-a800-cd9b505ad54b,Arsenal FC,Newcastle United FC,36,36,0,0,0.0,0.0,6.0,1.2,2.0,1.4,1.94906,1.49026,10.0,2.0,2.4,1.0,2.20496,1.37814,15.0,1.5,1.5,1.0,1.72937,1.22279,22.0,2.2,2.2,0.9,2.14586,1.17882,1.4,1.2,1.54826,1.24794,1.2,1.4,1.68786,1.2641,7.0,7.1875,1,1,2.0,3.0,1.8888888888888888,1.8333333333333333,68.0,66.0,1.0213953488372094,0.6809302325581396,1.4980465116279071,0.6128372093023255,1.0,0.0,0.0,1.0,1,0,1.1596,2.2463,1.0,H
80ef96dd-1f46-4588-886f-6f559c8f1402,c548279c-c0d7-4b82-bd45-df14a6e0e1f7,2024,37,37,2025-05-19T19:00:00+00:00,db14882b-951f-4db5-860b-4ca2b8583311,54ed0f97-ad19-421c-a5c2-9b9d3fcbc72d,Brighton & Hove Albion FC,Liverpool FC,36,36,0,0,0.0,0.0,8.0,1.6,2.0,1.8,1.6667200000000002,1.71054,10.0,2.0,2.2,1.4,2.52812,1.58368,15.0,1.5,1.7,1.8,1.6798600000000001,1.46402,22.0,2.2,2.1,1.1,2.2541599999999997,1.2022,1.6,1.8,1.63644,1.35578,1.6,1.6,2.04202,1.4168800000000001,9.208333333333334,8.145833333333334,1,1,9.0,1.0,1.5277777777777777,2.3055555555555554,55.0,83.0,1.1596654275092935,1.2278810408921932,1.4325278810408921,0.7503717472118959,1.0,0.0,0.0,3.0,3,2,2.1779,3.065,1.0,H
6f7cf51f-8d5d-4af8-8cef-d66d3a8ff565,53ac2e92-ad20-4bd0-adca-525137c2fa11,2024,37,37,2025-05-20T19:00:00+00:00,74bd08fa-27db-4bb0-8490-f57f6ed6b8e9,fbffa344-2426-4b4b-9886-b8cd56ec69a1,Crystal Palace FC,Wolverhampton Wanderers FC,36,36,0,0,0.0,0.0,6.0,1.2,1.0,1.6,2.30888,1.2717399999999999,9.0,1.8,1.6,1.0,1.2701600000000002,1.21808,16.0,1.6,1.5,1.6,2.14283,1.52155,19.0,1.9,1.5,1.0,1.25461,1.27774,1.6,0.6,2.0572399999999997,0.97464,1.2,0.6,1.25236,0.9566800000000001,9.239583333333334,10.208333333333334,1,1,12.0,14.0,1.3611111111111112,1.1388888888888888,49.0,41.0,1.0212765957446808,1.0893617021276596,1.0212765957446808,0.6808510638297872,1.0,0.0,1.0,4.0,4,2,1.6845,1.4289,1.0,H
e4c6feba-72c5-4fc3-9c2c-e22531e28580,647f060a-b0fd-4291-9b67-679d2bc5b814,2024,37,37,2025-05-20T19:00:00+00:00,33d2f100-682f-4a5e-9aa3-5cc57e1e8571,6601a105-9986-4276-89bf-143cdf03198a,Manchester City FC,AFC Bournemouth,36,36,0,0,0.0,0.0,13.0,2.6,2.0,0.6,2.0567,0.9547000000000001,8.0,1.6,0.8,0.6,1.11446,1.29976,21.0,2.1,1.5,0.6,1.81771,1.00084,10.0,1.0,1.1,1.3,1.54716,1.43522,2.4,1.0,2.18342,1.2071200000000002,1.4,1.4,1.59154,1.44604,10.208333333333334,10.104166666666666,1,1,6.0,11.0,1.8055555555555556,1.4722222222222223,65.0,53.0,1.0183992640294388,0.4073597056117755,0.7468261269549218,0.8826126954921802,1.0,0.0,0.0,3.0,3,1,1.5978,0.962,1.0,H
3e4fcfa6-4892-4534-a9c3-e8ab37adc149,b3f285ee-5034-442a-b6d5-d28b8c8eba7a,2024,38,38,2025-05-25T15:00:00+00:00,6601a105-9986-4276-89bf-143cdf03198a,618e770e-c6ac-4c3f-9994-bd2160f675bc,AFC Bournemouth,Leicester City FC,37,37,0,0,0.0,0.0,5.0,1.0,0.8,1.2,0.9353199999999999,1.4049200000000002,7.0,1.4,1.2,1.2,0.98148,2.1586600000000002,10.0,1.0,1.1,1.4,1.47319,1.3370700000000002,8.0,0.8,0.8,1.7,0.8764200000000001,2.2911200000000003,0.8,1.2,1.50278,1.4243999999999999,0.8,2.0,0.89538,2.37674,4.833333333333333,7.041666666666667,1,1,11.0,18.0,1.4324324324324325,0.6756756756756757,53.0,25.0,0.7461044912923924,0.9495875343721356,0.542621448212649,1.153070577451879,1.0,0.0,0.0,1.0,2,0,2.7245,0.1567,1.0,H
1c7727de-5f5f-4367-8cd6-e8866dd76966,0d1d015b-f7b3-4581-95c3-06a3d46dfb6c,2024,38,38,2025-05-25T15:00:00+00:00,b552a1a6-4302-43ca-884c-0f91ac4f984b,33d2f100-682f-4a5e-9aa3-5cc57e1e8571,Fulham FC,Manchester City FC,37,37,0,0,0.0,0.0,6.0,1.2,1.4,1.8,1.16612,1.34678,13.0,2.6,1.6,0.4,1.45682,0.87948,12.0,1.2,1.4,1.6,1.18202,1.56528,21.0,2.1,1.7,0.7,1.73885,0.96861,1.4,1.8,0.90328,1.27096,0.6,0.2,1.452,0.7945599999999999,7.041666666666667,4.833333333333333,1,1,11.0,3.0,1.4594594594594594,1.837837837837838,54.0,68.0,0.9504117108874657,1.086184812442818,1.154071363220494,0.47520585544373284,1.0,0.0,0.0,5.0,0,2,2.218,2.4592,1.0,A
58c23063-4d98-4219-9f4b-1eca6936487e,1ffa2513-a62b-41ea-be3c-e95983d76159,2024,38,38,2025-05-25T15:00:00+00:00,54ed0f97-ad19-421c-a5c2-9b9d3fcbc72d,74bd08fa-27db-4bb0-8490-f57f6ed6b8e9,Liverpool FC,Crystal Palace FC,37,37,0,0,0.0,0.0,7.0,1.4,2.2,1.8,2.85532,1.72606,9.0,1.8,1.8,1.0,2.17068,1.09162,19.0,1.9,2.1,1.4,2.47995,1.36174,16.0,1.6,1.5,1.7,1.9087599999999998,1.59772,2.6,1.0,2.5948,1.1003,1.4,2.6,2.22842,2.06846,5.833333333333333,4.833333333333333,2,1,1.0,12.0,2.2432432432432434,1.4054054054054055,83.0,52.0,1.4268493150684933,0.9512328767123288,1.0191780821917809,1.155068493150685,1.0,1.0,0.0,1.0,1,1,1.9212,1.4144,1.0,D
35efe5fd-743c-4bfa-87cb-2a0e4fe78414,252f2c50-24c8-4961-b83e-e67744f6d578,2024,38,38,2025-05-25T15:00:00+00:00,48fc005c-cbfc-4e4d-b7f1-459dce6cf940,f8f456e7-3e20-4803-ba4e-b1762a31812c,Manchester United FC,Aston Villa FC,37,37,0,0,0.0,0.0,1.0,0.2,0.8,1.8,1.36692,1.56816,12.0,2.4,1.8,0.6,1.80346,0.97652,6.0,0.6,0.9,1.5,1.3171300000000001,1.48137,24.0,2.4,1.9,0.8,1.7820900000000002,1.14835,0.8,1.2,1.4797799999999999,1.1821199999999998,1.8,0.4,1.6971599999999998,0.7986000000000001,8.822916666666666,8.854166666666666,1,1,16.0,6.0,1.054054054054054,1.7837837837837838,39.0,66.0,0.6120328167730174,1.0200546946216955,1.2920692798541475,0.5440291704649043,1.0,0.0,1.0,0.0,2,0,2.9626,0.3352,1.0,H
d90d3b6c-7d5d-489c-9bcc-c93008dbd024,5bdbfe0c-9fd6-4a35-8221-d1110f119619,2024,38,38,2025-05-25T15:00:00+00:00,c4045d6d-a715-4821-a800-cd9b505ad54b,60cb8be0-9c1e-4019-8b60-fd9ac2aa9f2d,Newcastle United FC,Everton FC,37,37,0,0,0.0,0.0,7.0,1.4,1.4,1.2,2.18832,1.13496,7.0,1.4,1.4,1.2,1.3092000000000001,1.21014,22.0,2.2,2.2,0.8,2.32461,1.15475,13.0,1.3,1.1,1.0,1.24145,1.05033,3.2,0.4,2.60386,1.09354,1.0,0.8,1.1387,0.9021000000000001,6.979166666666667,7.166666666666667,1,1,4.0,13.0,1.7837837837837838,1.2162162162162162,66.0,45.0,1.4973612374886263,0.5444949954504095,0.7486806187443131,0.6806187443130118,1.0,0.0,1.0,0.0,0,1,1.1591,1.0728,1.0,A
5196e86f-e243-4876-90a7-7c9bc56046d4,fb3c15dc-e00e-4918-bd04-d0606f693d85,2024,38,38,2025-05-25T15:00:00+00:00,5421e81a-b7dd-48b1-9982-42644e8dcf9f,1cb320b2-b42f-4131-8f5f-ef42e7f82540,Nottingham Forest FC,Chelsea FC,37,37,0,0,0.0,0.0,8.0,1.6,1.4,1.4,1.15636,1.6686599999999998,12.0,2.4,1.4,0.8,1.3963,0.9315,17.0,1.7,1.4,1.2,0.9494199999999999,1.53461,20.0,2.0,1.1,0.7,1.47262,0.98286,0.8,1.0,0.7754399999999999,1.3196999999999999,0.6,1.2,1.06732,1.34548,7.072916666666667,8.822916666666666,1,1,7.0,5.0,1.7567567567567568,1.7837837837837838,65.0,66.0,0.9545454545454546,0.8181818181818182,0.7500000000000001,0.4772727272727273,1.0,0.0,1.0,2.0,0,1,1.5801,1.3087,1.0,A
a0003551-4e02-4faa-89e9-63ca4c5647f5,02c6868d-5f72-4800-baaf-8f0f50e8db5f,2024,38,38,2025-05-25T15:00:00+00:00,f5c6f090-f823-4206-a821-17c11d35de43,ead1bc2e-8799-410a-a809-66a274bbab2c,Southampton FC,Arsenal FC,37,37,0,0,0.0,0.0,2.0,0.4,0.4,1.4,0.71932,1.76994,8.0,1.6,2.0,1.2,2.0275000000000003,1.8218,3.0,0.3,0.6,1.9,0.72703,2.0965499999999997,17.0,1.7,1.6,1.0,1.71356,1.39656,0.6,1.6,0.69086,1.6116,1.6,0.8,1.9104800000000002,1.19764,7.166666666666667,6.979166666666667,1,2,20.0,2.0,0.32432432432432434,1.9189189189189189,12.0,71.0,0.40980926430517706,1.297729336966394,1.0928247048138056,0.6830154405086285,1.0,0.0,0.0,4.0,1,2,0.5981,2.4071,1.0,A
5d083a6a-8569-4737-85ee-e5114fbfdb80,dcfde845-88a4-49ee-ac36-ef75b6b97692,2024,38,38,2025-05-25T15:00:00+00:00,c23d6b7a-dfaf-44a3-b016-1feb2dddec44,db14882b-951f-4db5-860b-4ca2b8583311,Tottenham Hotspur FC,Brighton & Hove Albion FC,37,37,0,0,0.0,0.0,1.0,0.2,0.6,2.4,1.0184000000000002,1.9792999999999998,10.0,2.0,2.2,1.8,1.36274,1.92666,5.0,0.5,1.0,2.2,1.35308,1.74762,15.0,1.5,1.8,1.9,1.63972,1.60035,1.2,1.6,1.6984000000000001,1.98708,2.2,1.6,2.2314599999999998,1.26274,8.854166666666666,5.833333333333333,1,1,17.0,8.0,1.027027027027027,1.5675675675675675,38.0,58.0,0.6829710144927535,1.502536231884058,1.2293478260869566,1.2976449275362318,1.0,0.0,0.0,5.0,1,4,1.8527,3.1162,1.0,A
7807f47d-e223-428c-a468-97bc22403fb3,0545a56a-ca67-45ac-bcc8-01b39cc84727,2024,38,38,2025-05-25T15:00:00+00:00,fbffa344-2426-4b4b-9886-b8cd56ec69a1,66a313d1-2e21-49ad-a1c7-6f04cae6be69,Wolverhampton Wanderers FC,Brentford FC,37,37,0,0,0.0,0.0,6.0,1.2,1.2,1.4,1.10998,1.2292,12.0,2.4,2.6,1.6,2.3628799999999996,1.0760999999999998,19.0,1.9,1.6,1.2,1.3046000000000002,1.30272,17.0,1.7,1.7,1.3,1.7537099999999999,1.32155,1.8,1.0,1.4913,1.4378,1.4,0.8,1.31302,1.28966,4.833333333333333,7.041666666666667,1,1,15.0,10.0,1.1081081081081081,1.4864864864864864,41.0,55.0,1.0907123534715961,0.8180342651036969,1.1588818755635708,0.8862037871956718,1.0,0.0,0.0,8.0,1,1,1.1089,1.972,1.0,D
2e9e911a-6fa5-4690-9d78-16b615f28e49,8967b65c-0c65-44e6-abd1-0403070206e9,2024,38,38,2025-05-25T15:00:00+00:00,67d3236c-6589-4978-b178-f6dcf50166d4,21ec0474-e758-4563-97a9-912aab00b4f5,Ipswich Town FC,West Ham United FC,37,37,0,0,0.0,0.0,1.0,0.2,0.4,2.4,0.71012,1.96936,5.0,1.0,1.4,1.4,1.27752,1.50494,5.0,0.5,0.9,2.2,0.95922,2.20064,7.0,0.7,1.1,1.4,1.1832,1.48248,0.8,3.0,0.69148,1.96772,1.2,1.4,1.4227599999999998,1.46576,7.041666666666667,7.072916666666667,1,1,19.0,16.0,0.5945945945945946,1.0810810810810811,22.0,40.0,0.614041404140414,1.500990099009901,0.7504950495049505,0.9551755175517551,1.0,0.0,0.0,5.0,1,3,0.8931,0.9674,1.0,A
